timestamp,load_kw,temperature_c,humidity_pct,is_weekend,season_code,substation_shutdown,load_outlier_flag
2021-01-01 00:00:00,1967.388,18.333,90,0,1,0,0
2021-01-01 01:00:00,1967.388,18.333,90,0,1,0,0
2021-01-01 02:00:00,1967.388,18.333,90,0,1,0,0
2021-01-01 03:00:00,2442.607,25.556,49,0,1,0,0
2021-01-01 04:00:00,2756.206,25.556,49,0,1,0,0
2021-01-01 05:00:00,3203.158,25.556,49,0,1,0,0
2021-01-01 06:00:00,4168.561,28.333,34,0,1,0,0
2021-01-01 07:00:00,5102.705,28.333,34,0,1,0,0
2021-01-01 08:00:00,5214.443,28.333,34,0,1,0,0
2021-01-01 09:00:00,4856.948,27.222,42,0,1,0,0
2021-01-01 10:00:00,4856.948,27.222,42,0,1,0,0
2021-01-01 11:00:00,4646.607,27.222,42,0,1,0,0
2021-01-01 12:00:00,4455.555,21.667,42,0,1,0,0
2021-01-01 13:00:00,4198.824,21.667,87,0,1,0,0
2021-01-01 14:00:00,4022.238,21.667,87,0,1,0,0
2021-01-01 15:00:00,4182.695,19.444,87,0,1,0,0
2021-01-01 16:00:00,3709.637,19.444,87,0,1,0,0
2021-01-01 17:00:00,855.993,19.444,87,0,1,0,0
2021-01-01 18:00:00,824.068,18.889,88,0,1,0,0
2021-01-01 19:00:00,765.206,18.889,88,0,1,0,0
2021-01-01 20:00:00,588.62,18.889,88,0,1,0,0
2021-01-01 21:00:00,490.517,16.667,89,0,1,0,0
2021-01-01 22:00:00,431.655,16.667,89,0,1,0,0
2021-01-01 23:00:00,412.034,16.667,89,0,1,0,0
2021-01-02 00:00:00,1828.916,18.333,90,0,1,0,0
2021-01-02 01:00:00,1828.916,18.333,90,0,1,0,0
2021-01-02 02:00:00,1828.916,18.333,90,0,1,0,0
2021-01-02 03:00:00,1892.266,25.556,48,0,1,0,0
2021-01-02 04:00:00,2532.345,25.556,48,0,1,0,0
2021-01-02 05:00:00,3012.158,25.556,48,0,1,0,0
2021-01-02 06:00:00,4030.526,28.333,32,0,1,0,0
2021-01-02 07:00:00,4778.546,28.333,32,0,1,0,0
2021-01-02 08:00:00,4797.14,28.333,32,0,1,0,0
2021-01-02 09:00:00,4871.514,26.667,38,0,1,0,0
2021-01-02 10:00:00,4919.89,26.667,38,0,1,0,0
2021-01-02 11:00:00,4886.323,26.667,38,0,1,0,0
2021-01-02 12:00:00,4327.364,21.667,73,0,1,0,0
2021-01-02 13:00:00,4294.62,21.667,73,0,1,0,0
2021-01-02 14:00:00,4273.887,21.667,73,0,1,0,0
2021-01-02 15:00:00,4004.363,19.444,88,0,1,0,0
2021-01-02 16:00:00,3720.359,19.444,88,0,1,0,0
2021-01-02 17:00:00,885.58,19.444,88,0,1,0,0
2021-01-02 18:00:00,834.9,18.889,88,0,1,0,0
2021-01-02 19:00:00,776.652,18.889,88,0,1,0,0
2021-01-02 20:00:00,660.154,18.889,88,0,1,0,0
2021-01-02 21:00:00,504.824,16.667,89,0,1,0,0
2021-01-02 22:00:00,446.575,16.667,89,0,1,0,0
2021-01-02 23:00:00,2175.941,16.667,89,0,1,0,0
2021-01-03 00:00:00,2236.757,18.333,92,1,1,0,0
2021-01-03 01:00:00,2236.757,18.333,92,1,1,0,0
2021-01-03 02:00:00,2354.481,18.333,92,1,1,0,0
2021-01-03 03:00:00,2511.446,25.0,52,1,1,0,0
2021-01-03 04:00:00,2805.756,25.0,52,1,1,0,0
2021-01-03 05:00:00,3212.469,25.0,52,1,1,0,0
2021-01-03 06:00:00,4494.131,27.778,33,1,1,0,0
2021-01-03 07:00:00,5497.114,27.778,33,1,1,0,0
2021-01-03 08:00:00,4997.95,27.778,33,1,1,1,0
2021-01-03 09:00:00,5288.602,26.667,41,1,1,0,0
2021-01-03 10:00:00,5155.913,26.667,41,1,1,0,0
2021-01-03 11:00:00,5174.869,26.667,41,1,1,0,0
2021-01-03 12:00:00,4983.651,21.667,76,1,1,0,0
2021-01-03 13:00:00,4983.651,21.667,76,1,1,0,0
2021-01-03 14:00:00,4748.203,21.667,76,1,1,0,0
2021-01-03 15:00:00,4283.292,20.0,85,1,1,0,0
2021-01-03 16:00:00,3461.053,20.0,85,1,1,0,0
2021-01-03 17:00:00,829.389,20.0,85,1,1,0,0
2021-01-03 18:00:00,836.539,17.778,89,1,1,0,0
2021-01-03 19:00:00,758.721,17.778,89,1,1,0,0
2021-01-03 20:00:00,680.904,17.778,89,1,1,0,0
2021-01-03 21:00:00,568.999,19.444,88,1,1,0,0
2021-01-03 22:00:00,431.655,19.444,88,1,1,0,0
2021-01-03 23:00:00,431.655,19.444,88,1,1,0,0
2021-01-04 00:00:00,2260.056,20.0,88,0,1,0,0
2021-01-04 01:00:00,2260.056,20.0,88,0,1,0,0
2021-01-04 02:00:00,2260.056,20.0,88,0,1,0,0
2021-01-04 03:00:00,2555.416,25.0,54,0,1,0,0
2021-01-04 04:00:00,2845.399,25.0,54,0,1,0,0
2021-01-04 05:00:00,3072.043,25.0,54,0,1,0,0
2021-01-04 06:00:00,4872.259,28.333,32,0,1,0,0
2021-01-04 07:00:00,5106.127,28.333,32,0,1,0,0
2021-01-04 08:00:00,5106.127,28.333,32,0,1,0,0
2021-01-04 09:00:00,5242.551,26.667,35,0,1,0,0
2021-01-04 10:00:00,4956.263,26.667,35,0,1,0,0
2021-01-04 11:00:00,4462.149,26.667,35,0,1,0,0
2021-01-04 12:00:00,4324.55,22.222,70,0,1,0,0
2021-01-04 13:00:00,4022.134,22.222,70,0,1,0,0
2021-01-04 14:00:00,4213.664,22.222,70,0,1,0,0
2021-01-04 15:00:00,4252.642,20.0,83,0,1,0,0
2021-01-04 16:00:00,4138.732,20.0,83,0,1,0,0
2021-01-04 17:00:00,818.539,20.0,83,0,1,0,0
2021-01-04 18:00:00,818.539,18.889,88,0,1,0,0
2021-01-04 19:00:00,812.827,18.889,88,0,1,0,0
2021-01-04 20:00:00,654.227,18.889,88,0,1,0,0
2021-01-04 21:00:00,515.451,17.222,87,0,1,0,0
2021-01-04 22:00:00,455.976,17.222,87,0,1,0,0
2021-01-04 23:00:00,2083.647,17.222,87,0,1,0,0
2021-01-05 00:00:00,2062.166,18.889,90,0,1,0,0
2021-01-05 01:00:00,2062.166,18.889,90,0,1,0,0
2021-01-05 02:00:00,2062.166,18.889,90,0,1,0,0
2021-01-05 03:00:00,2294.621,26.667,40,0,1,0,0
2021-01-05 04:00:00,2710.646,26.667,40,0,1,0,0
2021-01-05 05:00:00,3178.549,26.667,40,0,1,0,0
2021-01-05 06:00:00,4321.536,28.333,32,0,1,0,0
2021-01-05 07:00:00,5136.958,28.333,32,0,1,0,0
2021-01-05 08:00:00,5383.38,28.333,32,0,1,0,0
2021-01-05 09:00:00,4706.301,27.222,38,0,1,0,0
2021-01-05 10:00:00,4879.894,27.222,38,0,1,0,0
2021-01-05 11:00:00,4802.741,27.222,38,0,1,0,0
2021-01-05 12:00:00,4688.509,22.222,69,0,1,0,0
2021-01-05 13:00:00,4552.328,22.222,69,0,1,0,0
2021-01-05 14:00:00,4552.328,22.222,69,0,1,0,0
2021-01-05 15:00:00,4375.41,21.667,78,0,1,0,0
2021-01-05 16:00:00,3988.151,21.667,78,0,1,0,0
2021-01-05 17:00:00,790.813,21.667,78,0,1,0,0
2021-01-05 18:00:00,829.389,18.333,88,0,1,0,0
2021-01-05 19:00:00,790.813,18.333,88,0,1,0,0
2021-01-05 20:00:00,622.541,18.333,88,0,1,0,0
2021-01-05 21:00:00,505.814,20.556,85,0,1,0,0
2021-01-05 22:00:00,505.814,20.556,85,0,1,0,0
2021-01-05 23:00:00,2044.54,20.556,85,0,1,0,0
2021-01-06 00:00:00,2001.946,22.778,86,0,1,0,0
2021-01-06 01:00:00,2001.946,22.778,86,0,1,0,0
2021-01-06 02:00:00,2001.946,22.778,86,0,1,0,0
2021-01-06 03:00:00,2171.597,26.667,56,0,1,0,0
2021-01-06 04:00:00,2512.038,26.667,56,0,1,0,0
2021-01-06 05:00:00,3421.999,26.667,56,0,1,0,0
2021-01-06 06:00:00,4473.118,27.222,55,0,1,0,0
2021-01-06 07:00:00,5029.938,27.222,55,0,1,0,0
2021-01-06 08:00:00,5122.741,27.222,55,0,1,0,0
2021-01-06 09:00:00,5004.865,26.667,59,0,1,0,0
2021-01-06 10:00:00,4853.774,26.667,59,0,1,0,0
2021-01-06 11:00:00,4853.774,26.667,59,0,1,0,0
2021-01-06 12:00:00,4702.684,24.444,74,0,1,0,0
2021-01-06 13:00:00,3669.474,24.444,74,0,1,0,0
2021-01-06 14:00:00,3437.303,24.444,74,0,1,0,0
2021-01-06 15:00:00,3437.303,23.333,79,0,1,0,0
2021-01-06 16:00:00,3669.474,23.333,79,0,1,0,0
2021-01-06 17:00:00,768.476,23.333,79,0,1,0,0
2021-01-06 18:00:00,768.476,21.111,83,0,1,0,0
2021-01-06 19:00:00,749.264,21.111,83,0,1,0,0
2021-01-06 20:00:00,614.781,21.111,83,0,1,0,0
2021-01-06 21:00:00,499.51,22.222,89,0,1,0,0
2021-01-06 22:00:00,499.51,22.222,89,0,1,0,0
2021-01-06 23:00:00,1863.555,22.222,89,0,1,0,0
2021-01-07 00:00:00,1942.855,21.667,89,0,1,0,0
2021-01-07 01:00:00,1942.855,21.667,89,0,1,0,0
2021-01-07 02:00:00,1942.855,21.667,89,0,1,0,0
2021-01-07 03:00:00,1942.855,22.222,87,0,1,0,0
2021-01-07 04:00:00,2323.584,22.222,87,0,1,0,0
2021-01-07 05:00:00,3288.222,22.222,87,0,1,0,0
2021-01-07 06:00:00,4196.846,25.0,68,0,1,0,0
2021-01-07 07:00:00,4743.412,25.0,68,0,1,0,0
2021-01-07 08:00:00,4665.331,25.0,68,0,1,0,0
2021-01-07 09:00:00,4704.371,25.556,67,0,1,0,0
2021-01-07 10:00:00,4448.572,25.556,67,0,1,0,0
2021-01-07 11:00:00,1918.073,25.556,67,0,1,0,0
2021-01-07 12:00:00,3445.742,23.333,79,0,1,0,0
2021-01-07 13:00:00,3513.638,23.333,79,0,1,0,0
2021-01-07 14:00:00,3347.292,23.333,79,0,1,0,0
2021-01-07 15:00:00,3475.447,22.778,83,0,1,0,0
2021-01-07 16:00:00,3296.709,22.778,83,0,1,0,0
2021-01-07 17:00:00,834.107,22.778,83,0,1,0,0
2021-01-07 18:00:00,881.295,22.778,84,0,1,0,0
2021-01-07 19:00:00,881.295,22.778,84,0,1,0,0
2021-01-07 20:00:00,761.119,22.778,84,0,1,0,0
2021-01-07 21:00:00,600.883,22.222,86,0,1,0,0
2021-01-07 22:00:00,540.795,22.222,86,0,1,0,0
2021-01-07 23:00:00,1882.767,22.222,86,0,1,0,0
2021-01-08 00:00:00,1863.555,23.333,89,0,1,0,0
2021-01-08 01:00:00,1863.555,23.333,89,0,1,0,0
2021-01-08 02:00:00,1863.555,23.333,89,0,1,0,0
2021-01-08 03:00:00,1863.555,27.222,47,0,1,0,0
2021-01-08 04:00:00,2589.018,27.222,47,0,1,0,0
2021-01-08 05:00:00,3130.006,27.222,47,0,1,0,0
2021-01-08 06:00:00,4250.626,29.444,32,0,1,0,0
2021-01-08 07:00:00,5047.66,29.444,32,0,1,0,0
2021-01-08 08:00:00,4872.259,29.444,32,0,1,0,0
2021-01-08 09:00:00,5134.689,28.333,35,0,1,0,0
2021-01-08 10:00:00,4378.481,28.333,35,0,1,0,0
2021-01-08 11:00:00,4092.697,28.333,35,0,1,0,0
2021-01-08 12:00:00,4112.187,23.889,69,0,1,0,0
2021-01-08 13:00:00,3929.897,23.889,69,0,1,0,0
2021-01-08 14:00:00,3929.897,23.889,69,0,1,0,0
2021-01-08 15:00:00,3910.912,22.222,84,0,1,0,0
2021-01-08 16:00:00,3872.942,22.222,84,0,1,0,0
2021-01-08 17:00:00,892.127,22.222,84,0,1,0,0
2021-01-08 18:00:00,931.778,22.222,84,0,1,0,0
2021-01-08 19:00:00,911.952,22.222,84,0,1,0,0
2021-01-08 20:00:00,892.127,22.222,84,0,1,0,0
2021-01-08 21:00:00,793.002,17.778,87,0,1,0,0
2021-01-08 22:00:00,713.702,17.778,87,0,1,0,0
2021-01-08 23:00:00,1903.205,17.778,87,0,1,0,0
2021-01-09 00:00:00,1982.505,19.444,90,0,1,0,0
2021-01-09 01:00:00,1982.505,19.444,90,0,1,0,0
2021-01-09 02:00:00,2022.155,19.444,90,0,1,0,0
2021-01-09 03:00:00,2024.676,27.222,30,0,1,0,0
2021-01-09 04:00:00,2604.81,27.222,30,0,1,0,0
2021-01-09 05:00:00,3725.766,27.222,30,0,1,0,0
2021-01-09 06:00:00,4558.418,30.556,22,0,1,0,0
2021-01-09 07:00:00,5133.009,30.556,22,0,1,0,0
2021-01-09 08:00:00,5487.172,30.556,22,0,1,0,0
2021-01-09 09:00:00,4791.615,28.889,25,0,1,1,0
2021-01-09 10:00:00,4599.748,28.889,25,0,1,1,0
2021-01-09 11:00:00,5429.209,28.889,25,0,1,0,0
2021-01-09 12:00:00,5249.943,22.778,59,0,1,0,0
2021-01-09 13:00:00,5286.233,22.778,59,0,1,0,0
2021-01-09 14:00:00,5190.468,22.778,59,0,1,0,0
2021-01-09 15:00:00,5190.468,20.556,78,0,1,0,0
2021-01-09 16:00:00,5281.529,20.556,78,0,1,0,0
2021-01-09 17:00:00,3245.932,20.556,78,0,1,0,0
2021-01-09 18:00:00,2575.073,20.556,87,0,1,0,0
2021-01-09 19:00:00,2339.356,20.556,87,0,1,0,0
2021-01-09 20:00:00,2099.272,20.556,87,0,1,0,0
2021-01-09 21:00:00,2022.155,17.778,86,0,1,0,0
2021-01-09 22:00:00,2022.155,17.778,86,0,1,0,0
2021-01-09 23:00:00,1982.505,17.778,86,0,1,0,0
2021-01-10 00:00:00,1922.826,19.444,87,1,1,0,0
2021-01-10 01:00:00,1922.826,19.444,87,1,1,0,0
2021-01-10 02:00:00,1922.826,19.444,87,1,1,0,0
2021-01-10 03:00:00,1922.826,27.778,36,1,1,0,0
2021-01-10 04:00:00,2758.201,27.778,36,1,1,0,0
2021-01-10 05:00:00,3463.88,27.778,36,1,1,0,0
2021-01-10 06:00:00,4104.877,31.111,25,1,1,0,0
2021-01-10 07:00:00,5193.825,31.111,25,1,1,0,0
2021-01-10 08:00:00,5185.843,31.111,25,1,1,0,0
2021-01-10 09:00:00,1967.388,28.889,26,1,1,0,0
2021-01-10 10:00:00,1936.793,28.889,26,1,1,0,0
2021-01-10 11:00:00,4918.47,28.889,26,1,1,0,0
2021-01-10 12:00:00,5265.656,23.333,61,1,1,0,0
2021-01-10 13:00:00,5363.427,23.333,61,1,1,0,0
2021-01-10 14:00:00,4455.389,23.333,61,1,1,1,0
2021-01-10 15:00:00,5065.459,21.667,76,1,1,0,0
2021-01-10 16:00:00,4847.636,21.667,76,1,1,0,0
2021-01-10 17:00:00,3229.43,21.667,76,1,1,0,0
2021-01-10 18:00:00,882.93,18.333,86,1,1,0,0
2021-01-10 19:00:00,902.551,18.333,86,1,1,0,0
2021-01-10 20:00:00,882.93,18.333,86,1,1,0,0
2021-01-10 21:00:00,686.724,18.333,88,1,1,0,0
2021-01-10 22:00:00,529.758,18.333,88,1,1,0,0
2021-01-10 23:00:00,1942.446,18.333,88,1,1,0,0
2021-01-11 00:00:00,1962.68,20.0,87,0,1,0,0
2021-01-11 01:00:00,1962.68,20.0,87,0,1,0,0
2021-01-11 02:00:00,1962.68,20.0,87,0,1,0,0
2021-01-11 03:00:00,1962.68,26.111,49,0,1,0,0
2021-01-11 04:00:00,2923.355,26.111,49,0,1,0,0
2021-01-11 05:00:00,3351.778,26.111,49,0,1,0,0
2021-01-11 06:00:00,4443.5,29.444,27,0,1,0,0
2021-01-11 07:00:00,5268.76,29.444,27,0,1,0,0
2021-01-11 08:00:00,5551.015,29.444,27,0,1,0,0
2021-01-11 09:00:00,4499.447,28.333,43,0,1,0,0
2021-01-11 10:00:00,4810.936,28.333,43,0,1,0,0
2021-01-11 11:00:00,4791.615,28.333,43,0,1,0,0
2021-01-11 12:00:00,4580.091,22.778,71,0,1,0,0
2021-01-11 13:00:00,4154.021,22.778,71,0,1,0,0
2021-01-11 14:00:00,4868.899,22.778,71,0,1,1,0
2021-01-11 15:00:00,4385.873,21.667,76,0,1,0,0
2021-01-11 16:00:00,4290.612,21.667,76,0,1,0,0
2021-01-11 17:00:00,3152.184,21.667,76,0,1,0,0
2021-01-11 18:00:00,951.603,20.0,83,0,1,0,0
2021-01-11 19:00:00,832.652,20.0,83,0,1,0,0
2021-01-11 20:00:00,812.827,20.0,83,0,1,0,0
2021-01-11 21:00:00,654.227,19.444,88,0,1,0,0
2021-01-11 22:00:00,515.451,19.444,88,0,1,0,0
2021-01-11 23:00:00,1982.505,19.444,88,0,1,0,0
2021-01-12 00:00:00,1982.505,20.0,92,0,1,0,0
2021-01-12 01:00:00,1987.882,20.0,92,0,1,0,0
2021-01-12 02:00:00,2046.349,20.0,92,0,1,0,0
2021-01-12 03:00:00,2067.35,25.0,56,0,1,0,0
2021-01-12 04:00:00,3026.177,25.0,56,0,1,0,0
2021-01-12 05:00:00,3405.877,25.0,56,0,1,0,0
2021-01-12 06:00:00,4308.589,27.778,44,0,1,0,0
2021-01-12 07:00:00,5042.956,27.778,44,0,1,0,0
2021-01-12 08:00:00,5486.668,27.778,44,0,1,0,0
2021-01-12 09:00:00,4615.877,27.222,54,0,1,0,0
2021-01-12 10:00:00,4749.948,27.222,54,0,1,0,0
2021-01-12 11:00:00,4735.836,27.222,54,0,1,0,0
2021-01-12 12:00:00,4735.836,20.556,78,0,1,0,0
2021-01-12 13:00:00,4521.456,20.556,78,0,1,0,0
2021-01-12 14:00:00,4560.434,20.556,78,0,1,0,0
2021-01-12 15:00:00,4480.462,21.111,83,0,1,0,0
2021-01-12 16:00:00,4202.911,21.111,83,0,1,0,0
2021-01-12 17:00:00,852.477,21.111,83,0,1,0,0
2021-01-12 18:00:00,832.652,20.556,85,0,1,0,0
2021-01-12 19:00:00,793.002,20.556,85,0,1,0,0
2021-01-12 20:00:00,733.527,20.556,85,0,1,0,0
2021-01-12 21:00:00,614.577,18.889,88,0,1,0,0
2021-01-12 22:00:00,535.276,18.889,88,0,1,0,0
2021-01-12 23:00:00,535.276,18.889,88,0,1,0,0
2021-01-13 00:00:00,1946.047,21.111,87,0,1,0,0
2021-01-13 01:00:00,1946.047,21.111,87,0,1,0,0
2021-01-13 02:00:00,1946.047,21.111,87,0,1,0,0
2021-01-13 03:00:00,2104.816,24.444,63,0,1,0,0
2021-01-13 04:00:00,2241.239,24.444,63,0,1,0,0
2021-01-13 05:00:00,3728.958,24.444,63,0,1,0,0
2021-01-13 06:00:00,4922.326,27.222,48,0,1,0,0
2021-01-13 07:00:00,5362.845,27.222,48,0,1,0,0
2021-01-13 08:00:00,5496.916,27.222,48,0,1,0,0
2021-01-13 09:00:00,5496.916,28.889,32,0,1,0,0
2021-01-13 10:00:00,5324.539,28.889,32,0,1,0,0
2021-01-13 11:00:00,4888.22,28.889,32,0,1,0,0
2021-01-13 12:00:00,4695.01,27.778,71,0,1,0,0
2021-01-13 13:00:00,4695.01,27.778,71,0,1,0,0
2021-01-13 14:00:00,4579.083,27.778,71,0,1,0,0
2021-01-13 15:00:00,4501.799,21.667,82,0,1,0,0
2021-01-13 16:00:00,3806.41,21.667,82,0,1,0,0
2021-01-13 17:00:00,812.827,21.667,82,0,1,0,0
2021-01-13 18:00:00,832.652,20.556,88,0,1,0,0
2021-01-13 19:00:00,773.177,20.556,88,0,1,0,0
2021-01-13 20:00:00,693.877,20.556,88,0,1,0,0
2021-01-13 21:00:00,555.101,17.778,86,0,1,0,0
2021-01-13 22:00:00,555.101,17.778,86,0,1,0,0
2021-01-13 23:00:00,555.101,17.778,86,0,1,0,0
2021-01-14 00:00:00,2005.019,19.444,88,0,1,0,0
2021-01-14 01:00:00,2005.019,19.444,88,0,1,0,0
2021-01-14 02:00:00,1987.882,19.444,88,0,1,0,0
2021-01-14 03:00:00,1987.882,26.667,45,0,1,0,0
2021-01-14 04:00:00,2317.515,26.667,45,0,1,0,0
2021-01-14 05:00:00,3436.287,26.667,45,0,1,0,0
2021-01-14 06:00:00,4045.655,30.0,25,0,1,0,0
2021-01-14 07:00:00,4613.357,30.0,25,0,1,0,0
2021-01-14 08:00:00,4613.357,30.0,25,0,1,0,0
2021-01-14 09:00:00,5050.012,28.333,26,0,1,0,0
2021-01-14 10:00:00,3001.311,28.333,26,0,1,0,0
2021-01-14 11:00:00,4716.347,28.333,26,0,1,0,0
2021-01-14 12:00:00,4714.331,22.222,67,0,1,0,0
2021-01-14 13:00:00,4560.434,22.222,67,0,1,0,0
2021-01-14 14:00:00,4405.194,22.222,67,0,1,0,0
2021-01-14 15:00:00,4499.447,20.0,78,0,1,0,0
2021-01-14 16:00:00,4347.567,20.0,78,0,1,0,0
2021-01-14 17:00:00,662.627,20.0,78,0,1,0,0
2021-01-14 18:00:00,904.224,20.0,87,0,1,0,0
2021-01-14 19:00:00,825.596,20.0,87,0,1,0,0
2021-01-14 20:00:00,687.997,20.0,87,0,1,0,0
2021-01-14 21:00:00,629.025,16.667,87,0,1,0,0
2021-01-14 22:00:00,589.711,16.667,87,0,1,0,0
2021-01-14 23:00:00,2083.647,16.667,87,0,1,0,0
2021-01-15 00:00:00,2083.647,18.889,79,0,1,0,0
2021-01-15 01:00:00,2083.647,18.889,79,0,1,0,0
2021-01-15 02:00:00,2083.647,18.889,79,0,1,0,0
2021-01-15 03:00:00,2143.794,26.111,37,0,1,0,0
2021-01-15 04:00:00,2704.944,26.111,37,0,1,0,0
2021-01-15 05:00:00,3094.556,26.111,37,0,1,0,0
2021-01-15 06:00:00,4213.664,30.0,29,0,1,0,0
2021-01-15 07:00:00,5464.154,30.0,29,0,1,0,0
2021-01-15 08:00:00,5352.26,30.0,29,0,1,0,0
2021-01-15 09:00:00,5203.069,28.333,36,0,1,0,0
2021-01-15 10:00:00,4998.938,28.333,36,0,1,0,0
2021-01-15 11:00:00,4730.795,28.333,36,0,1,0,0
2021-01-15 12:00:00,4327.91,21.111,66,0,1,0,0
2021-01-15 13:00:00,4154.021,21.111,66,0,1,0,0
2021-01-15 14:00:00,4248.61,21.111,66,0,1,0,0
2021-01-15 15:00:00,4309.597,20.0,79,0,1,0,0
2021-01-15 16:00:00,3998.612,20.0,79,0,1,0,0
2021-01-15 17:00:00,707.654,20.0,79,0,1,0,0
2021-01-15 18:00:00,915.985,19.444,84,0,1,0,0
2021-01-15 19:00:00,864.91,19.444,84,0,1,0,0
2021-01-15 20:00:00,793.002,19.444,84,0,1,0,0
2021-01-15 21:00:00,707.654,15.556,87,0,1,0,0
2021-01-15 22:00:00,589.711,15.556,87,0,1,0,0
2021-01-15 23:00:00,2005.019,15.556,87,0,1,0,0
2021-01-16 00:00:00,1987.882,17.222,87,0,1,0,0
2021-01-16 01:00:00,1987.882,17.222,87,0,1,0,0
2021-01-16 02:00:00,2143.794,17.222,87,0,1,0,0
2021-01-16 03:00:00,2299.706,25.556,48,0,1,0,0
2021-01-16 04:00:00,2395.807,25.556,48,0,1,0,0
2021-01-16 05:00:00,3639.073,25.556,48,0,1,0,0
2021-01-16 06:00:00,4501.967,30.0,25,0,1,0,0
2021-01-16 07:00:00,5147.122,30.0,25,0,1,0,0
2021-01-16 08:00:00,5352.26,30.0,25,0,1,0,0
2021-01-16 09:00:00,5137.041,28.333,39,0,1,0,0
2021-01-16 10:00:00,2885.721,28.333,39,0,1,0,0
2021-01-16 11:00:00,4714.331,28.333,39,0,1,1,0
2021-01-16 12:00:00,4558.418,22.222,62,0,1,0,0
2021-01-16 13:00:00,5113.856,22.222,62,0,1,0,0
2021-01-16 14:00:00,4613.357,22.222,62,0,1,0,0
2021-01-16 15:00:00,4986.505,17.778,80,0,1,0,0
2021-01-16 16:00:00,4482.478,17.778,80,0,1,0,0
2021-01-16 17:00:00,3548.685,17.778,80,0,1,0,0
2021-01-16 18:00:00,1011.078,18.333,86,0,1,0,0
2021-01-16 19:00:00,892.127,18.333,86,0,1,0,0
2021-01-16 20:00:00,793.002,18.333,86,0,1,0,0
2021-01-16 21:00:00,713.702,17.222,87,0,1,0,0
2021-01-16 22:00:00,594.752,17.222,87,0,1,0,0
2021-01-16 23:00:00,574.927,17.222,87,0,1,0,0
2021-01-17 00:00:00,2160.931,19.444,88,1,1,0,0
2021-01-17 01:00:00,2141.106,19.444,88,1,1,0,0
2021-01-17 02:00:00,2122.961,19.444,88,1,1,0,0
2021-01-17 03:00:00,2339.356,26.111,50,1,1,0,0
2021-01-17 04:00:00,2923.691,26.111,50,1,1,0,0
2021-01-17 05:00:00,3439.983,26.111,50,1,1,0,0
2021-01-17 06:00:00,4403.178,30.0,30,1,1,0,0
2021-01-17 07:00:00,4922.326,30.0,30,1,1,0,0
2021-01-17 08:00:00,4922.326,30.0,30,1,1,0,0
2021-01-17 09:00:00,5203.573,27.778,35,1,1,0,0
2021-01-17 10:00:00,4794.303,27.778,35,1,1,0,0
2021-01-17 11:00:00,4758.013,27.778,35,1,1,0,0
2021-01-17 12:00:00,4718.363,22.778,63,1,1,0,0
2021-01-17 13:00:00,4347.567,22.778,63,1,1,0,0
2021-01-17 14:00:00,4271.627,22.778,63,1,1,0,0
2021-01-17 15:00:00,4079.593,20.556,79,1,1,0,0
2021-01-17 16:00:00,3975.763,20.556,79,1,1,0,0
2021-01-17 17:00:00,974.452,20.556,79,1,1,0,0
2021-01-17 18:00:00,935.474,18.889,84,1,1,0,0
2021-01-17 19:00:00,877.007,18.889,84,1,1,0,0
2021-01-17 20:00:00,825.596,18.889,84,1,1,0,0
2021-01-17 21:00:00,786.282,17.222,86,1,1,0,0
2021-01-17 22:00:00,707.654,17.222,86,1,1,0,0
2021-01-17 23:00:00,589.711,17.222,86,1,1,0,0
2021-01-18 00:00:00,2162.275,19.444,90,0,1,0,0
2021-01-18 01:00:00,2162.275,19.444,90,0,1,0,0
2021-01-18 02:00:00,2260.56,19.444,90,0,1,0,0
2021-01-18 03:00:00,2357.165,24.444,51,0,1,0,0
2021-01-18 04:00:00,2451.586,24.444,51,0,1,0,0
2021-01-18 05:00:00,3458.464,24.444,51,0,1,0,0
2021-01-18 06:00:00,4366.552,25.556,38,0,1,0,0
2021-01-18 07:00:00,4986.505,25.556,38,0,1,0,0
2021-01-18 08:00:00,5171.315,25.556,38,0,1,0,0
2021-01-18 09:00:00,5301.018,25.0,37,0,1,0,0
2021-01-18 10:00:00,5086.638,25.0,37,0,1,0,0
2021-01-18 11:00:00,4656.367,25.0,37,0,1,0,0
2021-01-18 12:00:00,4656.367,20.556,71,0,1,0,0
2021-01-18 13:00:00,4092.697,20.556,71,0,1,0,0
2021-01-18 14:00:00,3868.91,20.556,71,0,1,0,0
2021-01-18 15:00:00,3868.91,18.333,82,0,1,0,0
2021-01-18 16:00:00,3839.34,18.333,82,0,1,0,0
2021-01-18 17:00:00,746.968,18.333,82,0,1,0,0
2021-01-18 18:00:00,915.985,18.889,86,0,1,0,0
2021-01-18 19:00:00,818.539,18.889,86,0,1,0,0
2021-01-18 20:00:00,773.177,18.889,86,0,1,0,0
2021-01-18 21:00:00,654.227,16.667,91,0,1,0,0
2021-01-18 22:00:00,594.752,16.667,91,0,1,0,0
2021-01-18 23:00:00,2122.961,16.667,91,0,1,0,0
2021-01-19 00:00:00,2166.733,19.444,92,0,1,0,0
2021-01-19 01:00:00,2166.733,19.444,92,0,1,0,0
2021-01-19 02:00:00,2166.733,19.444,92,0,1,0,0
2021-01-19 03:00:00,2148.214,25.0,55,0,1,0,0
2021-01-19 04:00:00,2345.751,25.0,55,0,1,0,0
2021-01-19 05:00:00,2803.927,25.0,55,0,1,0,0
2021-01-19 06:00:00,3341.666,27.778,35,0,1,0,0
2021-01-19 07:00:00,4940.995,27.778,35,0,1,0,0
2021-01-19 08:00:00,5541.665,27.778,35,0,1,0,0
2021-01-19 09:00:00,5442.897,27.222,35,0,1,0,0
2021-01-19 10:00:00,4935.337,27.222,35,0,1,0,0
2021-01-19 11:00:00,4693.217,27.222,35,0,1,0,0
2021-01-19 12:00:00,4632.858,22.778,68,0,1,0,0
2021-01-19 13:00:00,4359.187,22.778,68,0,1,0,0
2021-01-19 14:00:00,4634.402,22.778,68,0,1,0,0
2021-01-19 15:00:00,4006.296,20.0,81,0,1,0,0
2021-01-19 16:00:00,3691.471,20.0,81,0,1,0,0
2021-01-19 17:00:00,768.885,20.0,81,0,1,0,0
2021-01-19 18:00:00,910.522,17.778,87,0,1,0,0
2021-01-19 19:00:00,870.054,17.778,87,0,1,0,0
2021-01-19 20:00:00,789.119,17.778,87,0,1,0,0
2021-01-19 21:00:00,667.716,18.333,90,0,1,0,0
2021-01-19 22:00:00,647.482,18.333,90,0,1,0,0
2021-01-19 23:00:00,2186.796,18.333,90,0,1,0,0
2021-01-20 00:00:00,2142.618,18.889,92,0,1,0,0
2021-01-20 01:00:00,2142.618,18.889,92,0,1,0,0
2021-01-20 02:00:00,2142.618,18.889,92,0,1,0,0
2021-01-20 03:00:00,2434.449,26.667,40,0,1,0,0
2021-01-20 04:00:00,3026.177,26.667,40,0,1,0,0
2021-01-20 05:00:00,3187.969,26.667,40,0,1,0,0
2021-01-20 06:00:00,4307.077,30.0,26,0,1,0,0
2021-01-20 07:00:00,5005.322,30.0,26,0,1,0,0
2021-01-20 08:00:00,4930.054,30.0,26,0,1,0,0
2021-01-20 09:00:00,4788.254,28.333,28,0,1,0,0
2021-01-20 10:00:00,4675.688,28.333,28,0,1,0,0
2021-01-20 11:00:00,4459.629,28.333,28,0,1,0,0
2021-01-20 12:00:00,4137.052,22.222,67,0,1,0,0
2021-01-20 13:00:00,4175.358,22.222,67,0,1,0,0
2021-01-20 14:00:00,4018.774,22.222,67,0,1,0,0
2021-01-20 15:00:00,4231.305,20.556,78,0,1,0,0
2021-01-20 16:00:00,3999.453,20.556,78,0,1,0,0
2021-01-20 17:00:00,734.199,20.556,78,0,1,0,0
2021-01-20 18:00:00,877.007,18.889,86,0,1,0,0
2021-01-20 19:00:00,904.224,18.889,86,0,1,0,0
2021-01-20 20:00:00,786.282,18.889,86,0,1,0,0
2021-01-20 21:00:00,687.997,18.333,92,0,1,0,0
2021-01-20 22:00:00,648.682,18.333,92,0,1,0,0
2021-01-20 23:00:00,604.16,18.333,92,0,1,0,0
2021-01-21 00:00:00,2004.156,20.556,83,0,1,0,0
2021-01-21 01:00:00,2004.156,20.556,83,0,1,0,0
2021-01-21 02:00:00,2004.156,20.556,83,0,1,0,0
2021-01-21 03:00:00,2004.156,25.556,41,0,1,0,0
2021-01-21 04:00:00,2616.921,25.556,41,0,1,0,0
2021-01-21 05:00:00,3067.938,25.556,41,0,1,0,0
2021-01-21 06:00:00,4049.448,28.889,26,0,1,0,0
2021-01-21 07:00:00,4820.834,28.889,26,0,1,0,0
2021-01-21 08:00:00,4933.383,28.889,26,0,1,0,0
2021-01-21 09:00:00,4844.2,27.778,32,0,1,0,0
2021-01-21 10:00:00,4735.929,27.778,32,0,1,0,0
2021-01-21 11:00:00,4601.661,27.778,32,0,1,0,0
2021-01-21 12:00:00,4562.828,22.778,68,0,1,0,0
2021-01-21 13:00:00,3708.511,22.778,68,0,1,0,0
2021-01-21 14:00:00,2912.443,22.778,68,0,1,0,0
2021-01-21 15:00:00,3436.683,22.222,74,0,1,0,0
2021-01-21 16:00:00,3339.602,22.222,74,0,1,0,0
2021-01-21 17:00:00,1762.275,22.222,74,0,1,0,0
2021-01-21 18:00:00,1766.882,19.444,88,0,1,0,0
2021-01-21 19:00:00,1450.627,19.444,88,0,1,0,0
2021-01-21 20:00:00,1386.126,19.444,88,0,1,0,0
2021-01-21 21:00:00,1336.104,17.778,80,0,1,0,0
2021-01-21 22:00:00,1211.05,17.778,80,0,1,0,0
2021-01-21 23:00:00,1059.669,17.778,80,0,1,0,0
2021-01-22 00:00:00,1932.103,19.444,88,0,1,0,0
2021-01-22 01:00:00,1932.103,19.444,88,0,1,0,0
2021-01-22 02:00:00,1915.302,19.444,88,0,1,0,0
2021-01-22 03:00:00,2088.351,27.778,34,0,1,0,0
2021-01-22 04:00:00,2562.976,27.778,34,0,1,0,0
2021-01-22 05:00:00,3640.753,27.778,34,0,1,0,0
2021-01-22 06:00:00,4666.616,30.0,29,0,1,0,0
2021-01-22 07:00:00,5212.309,30.0,29,0,1,0,0
2021-01-22 08:00:00,5080.59,30.0,29,0,1,0,0
2021-01-22 09:00:00,4788.254,28.333,35,0,1,0,0
2021-01-22 10:00:00,4500.287,28.333,35,0,1,0,0
2021-01-22 11:00:00,4192.663,28.333,35,0,1,0,0
2021-01-22 12:00:00,4192.663,22.778,62,0,1,0,0
2021-01-22 13:00:00,4057.416,22.778,62,0,1,0,0
2021-01-22 14:00:00,4092.697,22.778,62,0,1,0,0
2021-01-22 15:00:00,4209.632,21.111,78,0,1,0,0
2021-01-22 16:00:00,3878.318,21.111,78,0,1,0,0
2021-01-22 17:00:00,773.177,21.111,78,0,1,0,0
2021-01-22 18:00:00,852.477,19.444,70,0,1,0,0
2021-01-22 19:00:00,832.652,19.444,70,0,1,0,0
2021-01-22 20:00:00,713.702,19.444,70,0,1,0,0
2021-01-22 21:00:00,634.402,18.333,88,0,1,0,0
2021-01-22 22:00:00,634.402,18.333,88,0,1,0,0
2021-01-22 23:00:00,1948.904,18.333,88,0,1,0,0
2021-01-23 00:00:00,1928.812,20.556,83,0,1,0,0
2021-01-23 01:00:00,1912.184,20.556,83,0,1,0,0
2021-01-23 02:00:00,1912.184,20.556,83,0,1,0,0
2021-01-23 03:00:00,2141.979,27.222,54,0,1,0,0
2021-01-23 04:00:00,2588.598,27.222,54,0,1,0,0
2021-01-23 05:00:00,3499.297,27.222,54,0,1,0,0
2021-01-23 06:00:00,4436.267,30.0,33,0,1,0,0
2021-01-23 07:00:00,4828.847,30.0,33,0,1,0,0
2021-01-23 08:00:00,4665.729,30.0,33,0,1,0,0
2021-01-23 09:00:00,4436.267,28.333,35,0,1,0,0
2021-01-23 10:00:00,4436.267,28.333,35,0,1,0,0
2021-01-23 11:00:00,4378.403,28.333,35,0,1,1,0
2021-01-23 12:00:00,4246.046,23.889,64,0,1,0,0
2021-01-23 13:00:00,4706.467,23.889,64,0,1,0,0
2021-01-23 14:00:00,4651.097,23.889,64,0,1,0,0
2021-01-23 15:00:00,4166.233,21.667,80,0,1,1,0
2021-01-23 16:00:00,4159.582,21.667,80,0,1,0,0
2021-01-23 17:00:00,4273.981,21.667,80,0,1,0,0
2021-01-23 18:00:00,1117.381,19.444,88,0,1,0,0
2021-01-23 19:00:00,957.755,19.444,88,0,1,0,0
2021-01-23 20:00:00,877.942,19.444,88,0,1,0,0
2021-01-23 21:00:00,738.269,18.889,90,0,1,0,0
2021-01-23 22:00:00,638.503,18.889,90,0,1,0,0
2021-01-23 23:00:00,2018.269,18.889,90,0,1,0,0
2021-01-24 00:00:00,2060.316,20.556,91,1,1,0,0
2021-01-24 01:00:00,2060.316,20.556,91,1,1,0,0
2021-01-24 02:00:00,2060.316,20.556,91,1,1,0,0
2021-01-24 03:00:00,2362.794,27.778,37,1,1,0,0
2021-01-24 04:00:00,2800.387,27.778,37,1,1,0,0
2021-01-24 05:00:00,3279.905,27.778,37,1,1,0,0
2021-01-24 06:00:00,4919.094,30.556,27,1,1,0,0
2021-01-24 07:00:00,5418.132,30.556,27,1,1,0,0
2021-01-24 08:00:00,5287.771,30.556,27,1,1,0,0
2021-01-24 09:00:00,4968.997,29.444,30,1,1,0,0
2021-01-24 10:00:00,4883.108,29.444,30,1,1,0,0
2021-01-24 11:00:00,4466.564,29.444,30,1,1,0,0
2021-01-24 12:00:00,4082.95,23.889,69,1,1,0,0
2021-01-24 13:00:00,3859.231,23.889,69,1,1,0,0
2021-01-24 14:00:00,3682.021,23.889,69,1,1,0,0
2021-01-24 15:00:00,3898.611,22.222,76,1,1,0,0
2021-01-24 16:00:00,3264.798,22.222,76,1,1,0,0
2021-01-24 17:00:00,681.001,22.222,76,1,1,0,0
2021-01-24 18:00:00,1041.531,20.556,85,1,1,0,0
2021-01-24 19:00:00,961.413,20.556,85,1,1,0,0
2021-01-24 20:00:00,921.354,20.556,85,1,1,0,0
2021-01-24 21:00:00,801.177,20.0,88,1,1,0,0
2021-01-24 22:00:00,681.001,20.0,88,1,1,0,0
2021-01-24 23:00:00,1762.59,20.0,88,1,1,0,0
2021-01-25 00:00:00,1726.619,21.111,91,0,1,0,0
2021-01-25 01:00:00,1726.619,21.111,91,0,1,0,0
2021-01-25 02:00:00,1726.619,21.111,91,0,1,0,0
2021-01-25 03:00:00,2141.646,28.333,46,0,1,0,0
2021-01-25 04:00:00,2555.343,28.333,46,0,1,0,0
2021-01-25 05:00:00,3047.523,28.333,46,0,1,0,0
2021-01-25 06:00:00,4133.643,31.667,30,0,1,0,0
2021-01-25 07:00:00,5081.754,31.667,30,0,1,0,0
2021-01-25 08:00:00,4727.418,31.667,30,0,1,0,0
2021-01-25 09:00:00,4844.144,30.0,33,0,1,0,0
2021-01-25 10:00:00,4983.651,30.0,33,0,1,0,0
2021-01-25 11:00:00,4630.478,30.0,33,0,1,0,0
2021-01-25 12:00:00,4551.996,25.556,60,0,1,0,0
2021-01-25 13:00:00,4474.511,25.556,60,0,1,0,0
2021-01-25 14:00:00,4279.967,25.556,60,0,1,0,0
2021-01-25 15:00:00,4202.149,22.778,73,0,1,0,0
2021-01-25 16:00:00,3727.928,22.778,73,0,1,0,0
2021-01-25 17:00:00,863.31,22.778,73,0,1,0,0
2021-01-25 18:00:00,922.172,20.556,83,0,1,0,0
2021-01-25 19:00:00,863.31,20.556,83,0,1,0,0
2021-01-25 20:00:00,843.689,20.556,83,0,1,0,0
2021-01-25 21:00:00,686.724,20.0,88,0,1,0,0
2021-01-25 22:00:00,686.724,20.0,88,0,1,0,0
2021-01-25 23:00:00,667.103,20.0,88,0,1,0,0
2021-01-26 00:00:00,2181.932,21.667,89,0,1,0,0
2021-01-26 01:00:00,2181.932,21.667,89,0,1,0,0
2021-01-26 02:00:00,2181.932,21.667,89,0,1,0,0
2021-01-26 03:00:00,2163.283,27.222,40,0,1,0,0
2021-01-26 04:00:00,4598.404,27.222,40,0,1,0,0
2021-01-26 05:00:00,3349.426,27.222,40,0,1,0,0
2021-01-26 06:00:00,4327.91,30.556,24,0,1,0,0
2021-01-26 07:00:00,5353.773,30.556,24,0,1,0,0
2021-01-26 08:00:00,5482.803,30.556,24,0,1,0,0
2021-01-26 09:00:00,5201.892,29.444,30,0,1,0,0
2021-01-26 10:00:00,5008.682,29.444,30,0,1,0,0
2021-01-26 11:00:00,4973.232,29.444,30,0,1,0,0
2021-01-26 12:00:00,4559.762,23.889,67,0,1,0,0
2021-01-26 13:00:00,4443.5,23.889,67,0,1,0,0
2021-01-26 14:00:00,4363.864,23.889,67,0,1,0,0
2021-01-26 15:00:00,4285.236,22.222,74,0,1,0,0
2021-01-26 16:00:00,3897.807,22.222,74,0,1,1,0
2021-01-26 17:00:00,4163.261,22.222,74,0,1,0,0
2021-01-26 18:00:00,971.428,21.667,85,0,1,0,0
2021-01-26 19:00:00,974.452,21.667,85,0,1,0,0
2021-01-26 20:00:00,943.538,21.667,85,0,1,0,0
2021-01-26 21:00:00,793.002,19.444,90,0,1,0,0
2021-01-26 22:00:00,713.702,19.444,90,0,1,0,0
2021-01-26 23:00:00,2143.794,19.444,90,0,1,0,0
2021-01-27 00:00:00,2180.756,21.667,91,0,1,0,0
2021-01-27 01:00:00,2180.756,21.667,91,0,1,0,0
2021-01-27 02:00:00,2181.932,21.667,91,0,1,0,0
2021-01-27 03:00:00,2182.772,26.667,45,0,1,0,0
2021-01-27 04:00:00,2728.465,26.667,45,0,1,0,0
2021-01-27 05:00:00,3477.785,26.667,45,0,1,0,0
2021-01-27 06:00:00,4716.347,29.444,32,0,1,0,0
2021-01-27 07:00:00,5163.922,29.444,32,0,1,0,0
2021-01-27 08:00:00,5505.653,29.444,32,0,1,0,0
2021-01-27 09:00:00,5255.319,27.778,35,0,1,0,0
2021-01-27 10:00:00,4969.704,27.778,35,0,1,0,0
2021-01-27 11:00:00,4143.436,27.778,35,0,1,0,0
2021-01-27 12:00:00,4222.736,23.889,60,0,1,0,0
2021-01-27 13:00:00,4139.74,23.889,60,0,1,0,0
2021-01-27 14:00:00,4403.178,23.889,60,0,1,0,0
2021-01-27 15:00:00,4500.959,22.778,74,0,1,0,0
2021-01-27 16:00:00,4041.287,22.778,74,0,1,0,0
2021-01-27 17:00:00,740.583,22.778,74,0,1,0,0
2021-01-27 18:00:00,935.474,21.111,85,0,1,0,0
2021-01-27 19:00:00,943.538,21.111,85,0,1,0,0
2021-01-27 20:00:00,943.538,21.111,85,0,1,0,0
2021-01-27 21:00:00,786.282,21.111,89,0,1,0,0
2021-01-27 22:00:00,707.654,21.111,89,0,1,0,0
2021-01-27 23:00:00,662.627,21.111,89,0,1,0,0
2021-01-28 00:00:00,2065.838,22.778,81,0,1,0,0
2021-01-28 01:00:00,2065.838,22.778,81,0,1,0,0
2021-01-28 02:00:00,2065.838,22.778,81,0,1,0,0
2021-01-28 03:00:00,2065.838,27.222,48,0,1,0,0
2021-01-28 04:00:00,2980.646,27.222,48,0,1,0,0
2021-01-28 05:00:00,3370.259,27.222,48,0,1,0,0
2021-01-28 06:00:00,4309.429,30.0,37,0,1,0,0
2021-01-28 07:00:00,5197.356,30.0,37,0,1,0,0
2021-01-28 08:00:00,5496.916,30.0,37,0,1,0,0
2021-01-28 09:00:00,4973.232,27.778,41,0,1,0,0
2021-01-28 10:00:00,4916.613,27.778,41,0,1,0,0
2021-01-28 11:00:00,4501.967,27.778,41,0,1,0,0
2021-01-28 12:00:00,4151.165,24.444,69,0,1,0,0
2021-01-28 13:00:00,4170.654,24.444,69,0,1,0,0
2021-01-28 14:00:00,4096.058,24.444,69,0,1,0,0
2021-01-28 15:00:00,4038.095,22.778,76,0,1,0,0
2021-01-28 16:00:00,4064.136,22.778,76,0,1,0,0
2021-01-28 17:00:00,779.561,22.778,76,0,1,0,0
2021-01-28 18:00:00,954.963,22.222,84,0,1,0,0
2021-01-28 19:00:00,982.852,22.222,84,0,1,0,0
2021-01-28 20:00:00,911.952,22.222,84,0,1,0,0
2021-01-28 21:00:00,793.002,20.0,88,0,1,0,0
2021-01-28 22:00:00,713.702,20.0,88,0,1,0,0
2021-01-28 23:00:00,1965.704,20.0,88,0,1,0,0
2021-01-29 00:00:00,1948.904,21.667,91,0,1,0,0
2021-01-29 01:00:00,1948.904,21.667,91,0,1,0,0
2021-01-29 02:00:00,1987.882,21.667,91,0,1,0,0
2021-01-29 03:00:00,2125.313,26.667,59,0,1,0,0
2021-01-29 04:00:00,2885.721,26.667,59,0,1,0,0
2021-01-29 05:00:00,3575.23,26.667,59,0,1,0,0
2021-01-29 06:00:00,4774.814,29.444,36,0,1,0,0
2021-01-29 07:00:00,5203.573,29.444,36,0,1,0,0
2021-01-29 08:00:00,5145.105,29.444,36,0,1,0,0
2021-01-29 09:00:00,4833.281,28.889,33,0,1,1,0
2021-01-29 10:00:00,4758.013,28.889,33,0,1,0,0
2021-01-29 11:00:00,4956.263,28.889,33,0,1,0,0
2021-01-29 12:00:00,4443.836,24.444,67,0,1,0,0
2021-01-29 13:00:00,4268.099,24.444,67,0,1,0,0
2021-01-29 14:00:00,4170.654,24.444,67,0,1,0,0
2021-01-29 15:00:00,4287.588,22.778,79,0,1,0,0
2021-01-29 16:00:00,4147.636,22.778,79,0,1,0,0
2021-01-29 17:00:00,676.236,22.778,79,0,1,0,0
2021-01-29 18:00:00,963.195,21.111,87,0,1,0,0
2021-01-29 19:00:00,963.195,21.111,87,0,1,0,0
2021-01-29 20:00:00,904.224,21.111,87,0,1,0,0
2021-01-29 21:00:00,786.282,21.111,89,0,1,0,0
2021-01-29 22:00:00,668.34,21.111,89,0,1,0,0
2021-01-29 23:00:00,2024.676,21.111,89,0,1,0,0
2021-01-30 00:00:00,2024.676,21.111,62,0,1,0,0
2021-01-30 01:00:00,2024.676,21.111,62,0,1,0,0
2021-01-30 02:00:00,2024.676,21.111,62,0,1,0,0
2021-01-30 03:00:00,2125.313,25.0,34,0,1,0,0
2021-01-30 04:00:00,2885.721,25.0,34,0,1,0,0
2021-01-30 05:00:00,3118.246,25.0,34,0,1,0,0
2021-01-30 06:00:00,4158.557,28.333,32,0,1,0,0
2021-01-30 07:00:00,4638.39,28.333,32,0,1,0,0
2021-01-30 08:00:00,4637.046,28.333,32,0,1,0,0
2021-01-30 09:00:00,4714.331,27.778,35,0,1,0,0
2021-01-30 10:00:00,4714.331,27.778,35,0,1,0,0
2021-01-30 11:00:00,4290.276,27.778,35,0,1,0,0
2021-01-30 12:00:00,4290.276,23.889,64,0,1,0,0
2021-01-30 13:00:00,4173.342,23.889,64,0,1,0,0
2021-01-30 14:00:00,4173.342,23.889,64,0,1,0,0
2021-01-30 15:00:00,4057.416,22.222,72,0,1,0,0
2021-01-30 16:00:00,3400.669,22.222,72,0,1,0,0
2021-01-30 17:00:00,3271.134,22.222,72,0,1,0,0
2021-01-30 18:00:00,963.195,22.222,80,0,1,0,0
2021-01-30 19:00:00,845.253,22.222,80,0,1,0,0
2021-01-30 20:00:00,805.939,22.222,80,0,1,0,0
2021-01-30 21:00:00,648.682,18.889,58,0,1,0,0
2021-01-30 22:00:00,648.682,18.889,58,0,1,0,0
2021-01-30 23:00:00,1987.882,18.889,58,0,1,0,0
2021-01-31 00:00:00,2008.375,21.111,50,1,1,0,0
2021-01-31 01:00:00,2008.375,21.111,50,1,1,0,0
2021-01-31 02:00:00,2008.375,21.111,50,1,1,0,0
2021-01-31 03:00:00,2244.655,26.111,39,1,1,0,0
2021-01-31 04:00:00,2641.339,26.111,39,1,1,0,0
2021-01-31 05:00:00,3405.004,26.111,39,1,1,0,0
2021-01-31 06:00:00,4011.319,29.444,36,1,1,0,0
2021-01-31 07:00:00,4562.638,29.444,36,1,1,0,0
2021-01-31 08:00:00,4699.279,29.444,36,1,1,0,0
2021-01-31 09:00:00,4702.165,28.333,40,1,1,0,0
2021-01-31 10:00:00,4587.25,28.333,40,1,1,0,0
2021-01-31 11:00:00,4410.55,28.333,40,1,1,0,0
2021-01-31 12:00:00,4331.79,24.444,64,1,1,0,0
2021-01-31 13:00:00,4196.846,24.444,64,1,1,0,0
2021-01-31 14:00:00,4196.846,24.444,64,1,1,0,0
2021-01-31 15:00:00,4138.285,22.222,72,1,1,0,0
2021-01-31 16:00:00,3565.24,22.222,72,1,1,0,0
2021-01-31 17:00:00,992.985,22.222,72,1,1,0,0
2021-01-31 18:00:00,933.406,20.556,66,1,1,0,0
2021-01-31 19:00:00,893.686,20.556,66,1,1,0,0
2021-01-31 20:00:00,873.827,20.556,66,1,1,0,0
2021-01-31 21:00:00,721.06,18.333,75,1,1,0,0
2021-01-31 22:00:00,681.001,18.333,75,1,1,0,0
2021-01-31 23:00:00,1926.39,18.333,75,1,1,0,0
2021-02-01 00:00:00,1906.733,18.889,75,0,1,0,0
2021-02-01 01:00:00,1906.733,18.889,75,0,1,0,0
2021-02-01 02:00:00,1906.733,18.889,75,0,1,0,0
2021-02-01 03:00:00,1874.14,26.111,48,0,1,0,0
2021-02-01 04:00:00,2502.661,26.111,48,0,1,0,0
2021-02-01 05:00:00,3236.86,26.111,48,0,1,0,0
2021-02-01 06:00:00,4157.717,29.444,32,0,1,0,0
2021-02-01 07:00:00,4516.08,29.444,32,0,1,0,0
2021-02-01 08:00:00,2373.126,29.444,32,0,1,0,0
2021-02-01 09:00:00,2458.307,27.222,37,0,1,0,0
2021-02-01 10:00:00,4596.724,27.222,37,0,1,0,0
2021-02-01 11:00:00,4598.404,27.222,37,0,1,0,0
2021-02-01 12:00:00,4341.687,21.667,68,0,1,0,0
2021-02-01 13:00:00,3984.836,21.667,68,0,1,0,0
2021-02-01 14:00:00,4004.661,21.667,68,0,1,0,0
2021-02-01 15:00:00,4108.322,17.778,78,0,1,0,0
2021-02-01 16:00:00,3683.092,17.778,78,0,1,0,0
2021-02-01 17:00:00,3066.499,17.778,78,0,1,0,0
2021-02-01 18:00:00,971.428,19.444,72,0,1,0,0
2021-02-01 19:00:00,951.603,19.444,72,0,1,0,0
2021-02-01 20:00:00,812.827,19.444,72,0,1,0,0
2021-02-01 21:00:00,693.877,13.889,84,0,1,0,0
2021-02-01 22:00:00,614.577,13.889,84,0,1,0,0
2021-02-01 23:00:00,1942.855,13.889,84,0,1,0,0
2021-02-02 00:00:00,1942.855,16.667,87,0,1,0,0
2021-02-02 01:00:00,1942.855,16.667,87,0,1,0,0
2021-02-02 02:00:00,1942.855,16.667,87,0,1,0,0
2021-02-02 03:00:00,1965.704,25.556,28,0,1,0,0
2021-02-02 04:00:00,2318.523,25.556,28,0,1,0,0
2021-02-02 05:00:00,2653.701,25.556,28,0,1,0,0
2021-02-02 06:00:00,3709.637,28.333,22,0,1,0,0
2021-02-02 07:00:00,4462.653,28.333,22,0,1,0,0
2021-02-02 08:00:00,4537.417,28.333,22,0,1,0,0
2021-02-02 09:00:00,4424.347,27.222,26,0,1,1,0
2021-02-02 10:00:00,4365.544,27.222,26,0,1,1,0
2021-02-02 11:00:00,4004.661,27.222,26,0,1,0,0
2021-02-02 12:00:00,3970.723,18.333,54,0,1,0,0
2021-02-02 13:00:00,3878.318,18.333,54,0,1,0,0
2021-02-02 14:00:00,3819.851,18.333,54,0,1,0,0
2021-02-02 15:00:00,3741.895,16.111,69,0,1,0,0
2021-02-02 16:00:00,3984.836,16.111,69,0,1,0,0
2021-02-02 17:00:00,2379.006,16.111,69,0,1,0,0
2021-02-02 18:00:00,951.603,16.111,79,0,1,0,0
2021-02-02 19:00:00,899.688,16.111,79,0,1,0,0
2021-02-02 20:00:00,799.722,16.111,79,0,1,0,0
2021-02-02 21:00:00,713.702,12.778,90,0,1,0,0
2021-02-02 22:00:00,594.752,12.778,90,0,1,0,0
2021-02-02 23:00:00,1982.505,12.778,90,0,1,0,0
2021-02-03 00:00:00,1926.39,17.222,91,0,1,0,0
2021-02-03 01:00:00,1926.39,17.222,91,0,1,0,0
2021-02-03 02:00:00,1926.39,17.222,91,0,1,0,0
2021-02-03 03:00:00,1929.415,27.778,41,0,1,0,0
2021-02-03 04:00:00,2163.283,27.778,41,0,1,0,0
2021-02-03 05:00:00,2885.721,27.778,41,0,1,0,0
2021-02-03 06:00:00,3728.958,30.0,29,0,1,0,0
2021-02-03 07:00:00,4173.342,30.0,29,0,1,0,0
2021-02-03 08:00:00,4462.989,30.0,29,0,1,0,0
2021-02-03 09:00:00,4385.033,28.333,22,0,1,0,0
2021-02-03 10:00:00,4214.672,28.333,22,0,1,0,0
2021-02-03 11:00:00,4119.747,28.333,22,0,1,0,0
2021-02-03 12:00:00,4151.165,20.556,50,0,1,0,0
2021-02-03 13:00:00,3975.763,20.556,50,0,1,0,0
2021-02-03 14:00:00,3970.723,20.556,50,0,1,0,0
2021-02-03 15:00:00,3941.489,17.778,67,0,1,0,0
2021-02-03 16:00:00,3849.757,17.778,67,0,1,0,0
2021-02-03 17:00:00,2897.818,17.778,67,0,1,0,0
2021-02-03 18:00:00,904.224,13.889,77,0,1,0,0
2021-02-03 19:00:00,786.282,13.889,77,0,1,0,0
2021-02-03 20:00:00,707.654,13.889,77,0,1,0,0
2021-02-03 21:00:00,589.711,12.778,91,0,1,0,0
2021-02-03 22:00:00,570.054,12.778,91,0,1,0,0
2021-02-03 23:00:00,530.74,12.778,91,0,1,0,0
2021-02-04 00:00:00,1887.076,16.111,89,0,1,0,0
2021-02-04 01:00:00,1887.076,16.111,89,0,1,0,0
2021-02-04 02:00:00,1887.076,16.111,89,0,1,0,0
2021-02-04 03:00:00,1929.415,26.667,46,0,1,0,0
2021-02-04 04:00:00,2125.313,26.667,46,0,1,0,0
2021-02-04 05:00:00,2562.976,26.667,46,0,1,0,0
2021-02-04 06:00:00,4290.276,28.889,18,0,1,0,0
2021-02-04 07:00:00,4572.531,28.889,18,0,1,0,0
2021-02-04 08:00:00,4459.629,28.889,18,0,1,0,0
2021-02-04 09:00:00,4421.995,27.778,18,0,1,0,0
2021-02-04 10:00:00,4579.083,27.778,18,0,1,0,0
2021-02-04 11:00:00,4167.293,27.778,18,0,1,0,0
2021-02-04 12:00:00,3897.807,20.556,42,0,1,0,0
2021-02-04 13:00:00,3905.536,20.556,42,0,1,0,0
2021-02-04 14:00:00,3670.995,20.556,42,0,1,0,0
2021-02-04 15:00:00,3767.6,18.333,73,0,1,0,0
2021-02-04 16:00:00,3825.563,18.333,73,0,1,0,0
2021-02-04 17:00:00,3121.942,18.333,73,0,1,0,0
2021-02-04 18:00:00,943.538,15.556,81,0,1,0,0
2021-02-04 19:00:00,943.538,15.556,81,0,1,0,0
2021-02-04 20:00:00,786.282,15.556,81,0,1,0,0
2021-02-04 21:00:00,594.752,14.444,91,0,1,0,0
2021-02-04 22:00:00,535.276,14.444,91,0,1,0,0
2021-02-04 23:00:00,1784.255,14.444,91,0,1,0,0
2021-02-05 00:00:00,1802.649,17.778,90,0,1,0,0
2021-02-05 01:00:00,1802.649,17.778,90,0,1,0,0
2021-02-05 02:00:00,1802.649,17.778,90,0,1,0,0
2021-02-05 03:00:00,1949.305,26.667,38,0,1,0,0
2021-02-05 04:00:00,2128.552,26.667,38,0,1,0,0
2021-02-05 05:00:00,2496.211,26.667,38,0,1,0,0
2021-02-05 06:00:00,3490.893,29.444,20,0,1,0,0
2021-02-05 07:00:00,4353.517,29.444,20,0,1,0,0
2021-02-05 08:00:00,4702.165,29.444,20,0,1,0,0
2021-02-05 09:00:00,4622.556,27.778,24,0,1,0,0
2021-02-05 10:00:00,4626.29,27.778,24,0,1,0,0
2021-02-05 11:00:00,4276.454,27.778,24,0,1,0,0
2021-02-05 12:00:00,4524.616,22.222,56,0,1,0,0
2021-02-05 13:00:00,4961.868,22.222,56,0,1,0,0
2021-02-05 14:00:00,4600.659,22.222,56,0,1,0,0
2021-02-05 15:00:00,4469.11,20.0,72,0,1,0,0
2021-02-05 16:00:00,4257.104,20.0,72,0,1,0,0
2021-02-05 17:00:00,2423.901,20.0,72,0,1,0,0
2021-02-05 18:00:00,2423.562,16.667,83,0,1,0,0
2021-02-05 19:00:00,2242.109,16.667,83,0,1,0,0
2021-02-05 20:00:00,1962.885,16.667,83,0,1,0,0
2021-02-05 21:00:00,1902.796,18.333,84,0,1,0,0
2021-02-05 22:00:00,1842.708,18.333,84,0,1,0,0
2021-02-05 23:00:00,1787.373,18.333,84,0,1,0,0
2021-02-06 00:00:00,1769.134,18.889,88,0,1,0,0
2021-02-06 01:00:00,1769.134,18.889,88,0,1,0,0
2021-02-06 02:00:00,1754.013,18.889,88,0,1,0,0
2021-02-06 03:00:00,1934.455,26.667,54,0,1,0,0
2021-02-06 04:00:00,2068.526,26.667,54,0,1,0,0
2021-02-06 05:00:00,2506.021,26.667,54,0,1,0,0
2021-02-06 06:00:00,3815.987,28.889,32,0,1,0,0
2021-02-06 07:00:00,5600.578,28.889,32,0,1,0,0
2021-02-06 08:00:00,4749.948,28.889,32,0,1,0,0
2021-02-06 09:00:00,4772.294,29.444,26,0,1,0,0
2021-02-06 10:00:00,4579.083,29.444,26,0,1,0,0
2021-02-06 11:00:00,4361.512,29.444,26,0,1,0,0
2021-02-06 12:00:00,4134.7,23.333,61,0,1,0,0
2021-02-06 13:00:00,3922.168,23.333,61,0,1,0,0
2021-02-06 14:00:00,3936.785,23.333,61,0,1,0,0
2021-02-06 15:00:00,3902.847,21.667,73,0,1,0,0
2021-02-06 16:00:00,3868.91,21.667,73,0,1,0,0
2021-02-06 17:00:00,2903.866,21.667,73,0,1,0,0
2021-02-06 18:00:00,943.538,18.333,82,0,1,0,0
2021-02-06 19:00:00,884.567,18.333,82,0,1,0,0
2021-02-06 20:00:00,786.282,18.333,82,0,1,0,0
2021-02-06 21:00:00,693.877,20.0,54,0,1,0,0
2021-02-06 22:00:00,594.752,20.0,54,0,1,0,0
2021-02-06 23:00:00,1769.134,20.0,54,0,1,0,0
2021-02-07 00:00:00,1769.134,20.0,54,1,1,0,0
2021-02-07 01:00:00,1769.134,20.0,54,1,1,0,0
2021-02-07 02:00:00,1769.134,20.0,54,1,1,0,0
2021-02-07 03:00:00,1754.013,24.444,35,1,1,0,0
2021-02-07 04:00:00,2357.165,24.444,35,1,1,0,0
2021-02-07 05:00:00,2627.66,24.444,35,1,1,0,0
2021-02-07 06:00:00,3485.849,27.778,22,1,1,0,0
2021-02-07 07:00:00,4177.374,27.778,22,1,1,0,0
2021-02-07 08:00:00,4405.194,27.778,22,1,1,0,0
2021-02-07 09:00:00,4346.055,26.667,20,1,1,0,0
2021-02-07 10:00:00,4137.052,26.667,20,1,1,0,0
2021-02-07 11:00:00,4151.165,26.667,20,1,1,0,0
2021-02-07 12:00:00,3917.296,20.556,53,1,1,0,0
2021-02-07 13:00:00,3727.11,20.556,53,1,1,0,0
2021-02-07 14:00:00,3469.048,20.556,53,1,1,0,0
2021-02-07 15:00:00,3670.995,17.778,62,1,1,0,0
2021-02-07 16:00:00,3690.316,17.778,62,1,1,0,0
2021-02-07 17:00:00,2782.228,17.778,62,1,1,0,0
2021-02-07 18:00:00,943.538,20.556,72,1,1,0,0
2021-02-07 19:00:00,884.567,20.556,72,1,1,0,0
2021-02-07 20:00:00,786.282,20.556,72,1,1,0,0
2021-02-07 21:00:00,693.877,13.333,82,1,1,0,0
2021-02-07 22:00:00,535.276,13.333,82,1,1,0,0
2021-02-07 23:00:00,1704.955,13.333,82,1,1,0,0
2021-02-08 00:00:00,1704.955,15.556,81,0,1,0,0
2021-02-08 01:00:00,1704.955,15.556,81,0,1,0,0
2021-02-08 02:00:00,1704.955,15.556,81,0,1,0,0
2021-02-08 03:00:00,1704.955,25.0,22,0,1,0,0
2021-02-08 04:00:00,1854.819,25.0,22,0,1,0,0
2021-02-08 05:00:00,2316.171,25.0,22,0,1,0,0
2021-02-08 06:00:00,3670.995,27.778,18,0,1,0,0
2021-02-08 07:00:00,4617.725,27.778,18,0,1,0,0
2021-02-08 08:00:00,4788.254,27.778,18,0,1,0,0
2021-02-08 09:00:00,4615.877,27.222,18,0,1,0,0
2021-02-08 10:00:00,4102.778,27.222,18,0,1,0,0
2021-02-08 11:00:00,3911.752,27.222,18,0,1,0,0
2021-02-08 12:00:00,3774.153,18.889,48,0,1,0,0
2021-02-08 13:00:00,3722.406,18.889,48,0,1,0,0
2021-02-08 14:00:00,3670.995,18.889,48,0,1,0,0
2021-02-08 15:00:00,3868.91,16.667,56,0,1,0,0
2021-02-08 16:00:00,3658.226,16.667,56,0,1,0,0
2021-02-08 17:00:00,2801.549,16.667,56,0,1,0,0
2021-02-08 18:00:00,877.007,15.556,70,0,1,0,0
2021-02-08 19:00:00,825.596,15.556,70,0,1,0,0
2021-02-08 20:00:00,746.968,15.556,70,0,1,0,0
2021-02-08 21:00:00,687.997,12.778,88,0,1,0,0
2021-02-08 22:00:00,495.626,12.778,88,0,1,0,0
2021-02-08 23:00:00,1784.255,12.778,88,0,1,0,0
2021-02-09 00:00:00,1784.255,17.222,91,0,1,0,0
2021-02-09 01:00:00,1784.255,17.222,91,0,1,0,0
2021-02-09 02:00:00,1784.255,17.222,91,0,1,0,0
2021-02-09 03:00:00,1784.255,27.222,27,0,1,0,0
2021-02-09 04:00:00,2379.006,27.222,27,0,1,0,0
2021-02-09 05:00:00,2696.207,27.222,27,0,1,0,0
2021-02-09 06:00:00,3600.767,30.0,16,0,1,0,0
2021-02-09 07:00:00,4628.982,30.0,16,0,1,0,0
2021-02-09 08:00:00,4539.265,30.0,16,0,1,0,0
2021-02-09 09:00:00,4115.379,28.889,20,0,1,0,0
2021-02-09 10:00:00,4346.055,28.889,20,0,1,0,0
2021-02-09 11:00:00,4422.835,28.889,20,0,1,0,0
2021-02-09 12:00:00,3999.453,20.0,48,0,1,0,0
2021-02-09 13:00:00,3844.884,20.0,48,0,1,0,0
2021-02-09 14:00:00,3839.34,20.0,48,0,1,0,0
2021-02-09 15:00:00,4112.187,17.222,72,0,1,0,0
2021-02-09 16:00:00,3636.553,17.222,72,0,1,0,0
2021-02-09 17:00:00,2834.983,17.222,72,0,1,0,0
2021-02-09 18:00:00,896.496,15.556,84,0,1,0,0
2021-02-09 19:00:00,825.596,15.556,84,0,1,0,0
2021-02-09 20:00:00,766.625,15.556,84,0,1,0,0
2021-02-09 21:00:00,687.997,15.0,87,0,1,0,0
2021-02-09 22:00:00,471.769,15.0,87,0,1,0,0
2021-02-09 23:00:00,1804.08,15.0,87,0,1,0,0
2021-02-10 00:00:00,1804.08,17.222,84,0,1,0,0
2021-02-10 01:00:00,1804.08,17.222,84,0,1,0,0
2021-02-10 02:00:00,1804.08,17.222,84,0,1,0,0
2021-02-10 03:00:00,1804.08,25.0,31,0,1,0,0
2021-02-10 04:00:00,1990.066,25.0,31,0,1,0,0
2021-02-10 05:00:00,2696.207,25.0,31,0,1,0,0
2021-02-10 06:00:00,3481.145,28.333,24,0,1,0,0
2021-02-10 07:00:00,4442.492,28.333,24,0,1,0,0
2021-02-10 08:00:00,4718.363,28.333,24,0,1,0,0
2021-02-10 09:00:00,4619.237,28.889,22,0,1,0,0
2021-02-10 10:00:00,4458.453,28.889,22,0,1,0,0
2021-02-10 11:00:00,4245.922,28.889,22,0,1,0,0
2021-02-10 12:00:00,3995.252,22.222,52,0,1,0,0
2021-02-10 13:00:00,3858.829,22.222,52,0,1,0,0
2021-02-10 14:00:00,3663.939,22.222,52,0,1,0,0
2021-02-10 15:00:00,3741.895,19.444,72,0,1,0,0
2021-02-10 16:00:00,3878.654,19.444,72,0,1,0,0
2021-02-10 17:00:00,2775.507,19.444,72,0,1,0,0
2021-02-10 18:00:00,892.127,15.556,81,0,1,0,0
2021-02-10 19:00:00,852.477,15.556,81,0,1,0,0
2021-02-10 20:00:00,753.352,15.556,81,0,1,0,0
2021-02-10 21:00:00,634.402,14.444,88,0,1,0,0
2021-02-10 22:00:00,555.101,14.444,88,0,1,0,0
2021-02-10 23:00:00,479.833,14.444,88,0,1,0,0
2021-02-11 00:00:00,1946.047,18.889,92,0,1,0,0
2021-02-11 01:00:00,1946.047,18.889,92,0,1,0,0
2021-02-11 02:00:00,1946.047,18.889,92,0,1,0,0
2021-02-11 03:00:00,1946.047,28.333,38,0,1,0,0
2021-02-11 04:00:00,2183.444,28.333,38,0,1,0,0
2021-02-11 05:00:00,3274.158,28.333,38,0,1,0,0
2021-02-11 06:00:00,3929.897,32.222,18,0,1,0,0
2021-02-11 07:00:00,4328.582,32.222,18,0,1,0,0
2021-02-11 08:00:00,4572.531,32.222,18,0,1,0,0
2021-02-11 09:00:00,4328.582,30.556,16,0,1,0,0
2021-02-11 10:00:00,4405.194,30.556,16,0,1,0,0
2021-02-11 11:00:00,4307.077,30.556,16,0,1,0,0
2021-02-11 12:00:00,3627.985,24.444,51,0,1,0,0
2021-02-11 13:00:00,3429.734,24.444,51,0,1,0,0
2021-02-11 14:00:00,3447.543,24.444,51,0,1,0,0
2021-02-11 15:00:00,3706.949,21.667,72,0,1,0,0
2021-02-11 16:00:00,3575.23,21.667,72,0,1,0,0
2021-02-11 17:00:00,3013.408,21.667,72,0,1,0,0
2021-02-11 18:00:00,951.603,18.333,80,0,1,0,0
2021-02-11 19:00:00,852.477,18.333,80,0,1,0,0
2021-02-11 20:00:00,753.352,18.333,80,0,1,0,0
2021-02-11 21:00:00,713.702,19.444,90,0,1,0,0
2021-02-11 22:00:00,555.101,19.444,90,0,1,0,0
2021-02-11 23:00:00,1887.076,19.444,90,0,1,0,0
2021-02-12 00:00:00,1906.531,20.556,91,0,1,0,0
2021-02-12 01:00:00,1906.531,20.556,91,0,1,0,0
2021-02-12 02:00:00,1906.531,20.556,91,0,1,0,0
2021-02-12 03:00:00,1906.531,28.333,42,0,1,0,0
2021-02-12 04:00:00,2128.552,28.333,42,0,1,0,0
2021-02-12 05:00:00,2732.83,28.333,42,0,1,0,0
2021-02-12 06:00:00,3970.411,31.111,24,0,1,0,0
2021-02-12 07:00:00,4565.014,31.111,24,0,1,0,0
2021-02-12 08:00:00,4876.319,31.111,24,0,1,0,0
2021-02-12 09:00:00,4567.73,30.0,25,0,1,0,0
2021-02-12 10:00:00,4170.536,30.0,25,0,1,0,0
2021-02-12 11:00:00,3611.239,30.0,25,0,1,0,0
2021-02-12 12:00:00,3780.471,24.444,54,0,1,0,0
2021-02-12 13:00:00,3685.416,24.444,54,0,1,0,0
2021-02-12 14:00:00,3591.719,24.444,54,0,1,0,0
2021-02-12 15:00:00,3812.043,22.222,69,0,1,0,0
2021-02-12 16:00:00,3825.962,22.222,69,0,1,0,0
2021-02-12 17:00:00,3051.943,22.222,69,0,1,0,0
2021-02-12 18:00:00,886.048,20.556,87,0,1,0,0
2021-02-12 19:00:00,807.288,20.556,87,0,1,0,0
2021-02-12 20:00:00,741.768,20.556,87,0,1,0,0
2021-02-12 21:00:00,702.728,18.889,88,0,1,0,0
2021-02-12 22:00:00,546.566,18.889,88,0,1,0,0
2021-02-12 23:00:00,2005.829,18.889,88,0,1,0,0
2021-02-13 00:00:00,1988.685,21.667,91,0,1,0,0
2021-02-13 01:00:00,1988.685,21.667,91,0,1,0,0
2021-02-13 02:00:00,1988.685,21.667,91,0,1,0,0
2021-02-13 03:00:00,1988.685,27.778,45,0,1,0,0
2021-02-13 04:00:00,2244.824,27.778,45,0,1,0,0
2021-02-13 05:00:00,2947.552,27.778,45,0,1,0,0
2021-02-13 06:00:00,4258.462,30.556,28,0,1,0,0
2021-02-13 07:00:00,5075.934,30.556,28,0,1,0,0
2021-02-13 08:00:00,5102.074,30.556,28,0,1,0,0
2021-02-13 09:00:00,4841.013,30.0,27,0,1,0,0
2021-02-13 10:00:00,4390.86,30.0,27,0,1,1,0
2021-02-13 11:00:00,4095.51,30.0,27,0,1,1,0
2021-02-13 12:00:00,4528.689,23.889,52,0,1,0,0
2021-02-13 13:00:00,4948.629,23.889,52,0,1,0,0
2021-02-13 14:00:00,4467.583,23.889,52,0,1,0,0
2021-02-13 15:00:00,4809.78,22.222,72,0,1,0,0
2021-02-13 16:00:00,4790.769,22.222,72,0,1,0,0
2021-02-13 17:00:00,3425.033,22.222,72,0,1,0,0
2021-02-13 18:00:00,2663.915,20.0,85,0,1,0,0
2021-02-13 19:00:00,2663.915,20.0,85,0,1,0,0
2021-02-13 20:00:00,2603.827,20.0,85,0,1,0,0
2021-02-13 21:00:00,2403.532,20.556,87,0,1,0,0
2021-02-13 22:00:00,2403.532,20.556,87,0,1,0,0
2021-02-13 23:00:00,2203.238,20.556,87,0,1,0,0
2021-02-14 00:00:00,1962.067,22.222,87,1,1,0,0
2021-02-14 01:00:00,1962.067,22.222,87,1,1,0,0
2021-02-14 02:00:00,1962.067,22.222,87,1,1,0,0
2021-02-14 03:00:00,1962.067,29.444,33,1,1,0,0
2021-02-14 04:00:00,2581.449,29.444,33,1,1,0,0
2021-02-14 05:00:00,2979.682,29.444,33,1,1,0,0
2021-02-14 06:00:00,4132.313,30.0,25,1,1,0,0
2021-02-14 07:00:00,5121.328,30.0,25,1,1,0,0
2021-02-14 08:00:00,5307.558,30.0,25,1,1,0,0
2021-02-14 09:00:00,4833.669,30.556,24,1,1,0,0
2021-02-14 10:00:00,4397.691,30.556,24,1,1,0,0
2021-02-14 11:00:00,4108.369,30.556,24,1,1,0,0
2021-02-14 12:00:00,4085.423,25.0,59,1,1,0,0
2021-02-14 13:00:00,3924.134,25.0,59,1,1,0,0
2021-02-14 14:00:00,3826.031,25.0,59,1,1,0,0
2021-02-14 15:00:00,4434.272,22.778,78,1,1,0,0
2021-02-14 16:00:00,4111.196,22.778,78,1,1,0,0
2021-02-14 17:00:00,2772.667,22.778,78,1,1,0,0
2021-02-14 18:00:00,1465.897,21.111,81,1,1,0,0
2021-02-14 19:00:00,882.93,21.111,81,1,1,0,0
2021-02-14 20:00:00,804.448,21.111,81,1,1,0,0
2021-02-14 21:00:00,706.344,17.778,91,1,1,0,0
2021-02-14 22:00:00,588.62,17.778,91,1,1,0,0
2021-02-14 23:00:00,2001.308,17.778,91,1,1,0,0
2021-02-15 00:00:00,2022.155,21.667,89,0,1,0,0
2021-02-15 01:00:00,2022.155,21.667,89,0,1,0,0
2021-02-15 02:00:00,2022.155,21.667,89,0,1,0,0
2021-02-15 03:00:00,2022.155,28.889,30,0,1,0,0
2021-02-15 04:00:00,2673.358,28.889,30,0,1,0,0
2021-02-15 05:00:00,3130.006,28.889,30,0,1,0,0
2021-02-15 06:00:00,4666.616,32.222,20,0,1,0,0
2021-02-15 07:00:00,5099.407,32.222,20,0,1,0,0
2021-02-15 08:00:00,5277.832,32.222,20,0,1,0,0
2021-02-15 09:00:00,4998.938,30.556,23,0,1,0,0
2021-02-15 10:00:00,4559.762,30.556,23,0,1,0,0
2021-02-15 11:00:00,4579.587,30.556,23,0,1,0,0
2021-02-15 12:00:00,2439.154,24.444,56,0,1,0,0
2021-02-15 13:00:00,3849.757,24.444,56,0,1,0,0
2021-02-15 14:00:00,4119.747,24.444,56,0,1,0,0
2021-02-15 15:00:00,4384.361,21.667,74,0,1,0,0
2021-02-15 16:00:00,4558.418,21.667,74,0,1,0,0
2021-02-15 17:00:00,2801.549,21.667,74,0,1,0,0
2021-02-15 18:00:00,931.778,20.0,85,0,1,0,0
2021-02-15 19:00:00,892.127,20.0,85,0,1,0,0
2021-02-15 20:00:00,793.002,20.0,85,0,1,0,0
2021-02-15 21:00:00,733.527,18.333,84,0,1,0,0
2021-02-15 22:00:00,634.402,18.333,84,0,1,0,0
2021-02-15 23:00:00,2046.349,18.333,84,0,1,0,0
2021-02-16 00:00:00,2063.829,21.667,87,0,1,0,0
2021-02-16 01:00:00,2063.829,21.667,87,0,1,0,0
2021-02-16 02:00:00,2063.829,21.667,87,0,1,0,0
2021-02-16 03:00:00,2063.829,30.0,30,0,1,0,0
2021-02-16 04:00:00,2791.789,30.0,30,0,1,0,0
2021-02-16 05:00:00,3352.142,30.0,30,0,1,0,0
2021-02-16 06:00:00,4757.847,32.778,21,0,1,0,0
2021-02-16 07:00:00,5345.469,32.778,21,0,1,0,0
2021-02-16 08:00:00,5364.425,32.778,21,0,1,0,0
2021-02-16 09:00:00,4999.779,31.111,23,0,1,0,0
2021-02-16 10:00:00,4941.416,31.111,23,0,1,0,0
2021-02-16 11:00:00,4493.965,31.111,23,0,1,0,0
2021-02-16 12:00:00,4375.41,25.0,58,0,1,0,0
2021-02-16 13:00:00,4190.011,25.0,58,0,1,0,0
2021-02-16 14:00:00,4190.011,25.0,58,0,1,0,0
2021-02-16 15:00:00,4376.407,25.0,58,0,1,0,0
2021-02-16 16:00:00,4416.646,19.444,83,0,1,0,0
2021-02-16 17:00:00,3606.878,19.444,83,0,1,0,0
2021-02-16 18:00:00,933.811,19.444,83,0,1,0,0
2021-02-16 19:00:00,894.902,19.444,83,0,1,0,0
2021-02-16 20:00:00,778.176,19.444,83,0,1,0,0
2021-02-16 21:00:00,719.813,20.556,78,0,1,0,0
2021-02-16 22:00:00,622.541,20.556,78,0,1,0,0
2021-02-16 23:00:00,2314.574,20.556,78,0,1,0,0
2021-02-17 00:00:00,2314.574,21.667,78,0,1,0,0
2021-02-17 01:00:00,2314.574,21.667,78,0,1,0,0
2021-02-17 02:00:00,2314.574,21.667,78,0,1,0,0
2021-02-17 03:00:00,2314.574,27.778,34,0,1,0,0
2021-02-17 04:00:00,2772.667,27.778,34,0,1,0,0
2021-02-17 05:00:00,3453.238,27.778,34,0,1,0,0
2021-02-17 06:00:00,4697.322,30.0,25,0,1,0,0
2021-02-17 07:00:00,5336.158,30.0,25,0,1,0,0
2021-02-17 08:00:00,5525.048,30.0,25,0,1,0,0
2021-02-17 09:00:00,5311.05,29.444,26,0,1,0,0
2021-02-17 10:00:00,4887.376,29.444,26,0,1,0,0
2021-02-17 11:00:00,4552.328,29.444,26,0,1,0,0
2021-02-17 12:00:00,4318.876,22.778,56,0,1,0,0
2021-02-17 13:00:00,4182.695,22.778,56,0,1,0,0
2021-02-17 14:00:00,3988.151,22.778,56,0,1,0,0
2021-02-17 15:00:00,4377.239,21.667,70,0,1,0,0
2021-02-17 16:00:00,4436.267,21.667,70,0,1,0,0
2021-02-17 17:00:00,2835.353,21.667,70,0,1,0,0
2021-02-17 18:00:00,972.72,22.778,71,0,1,0,0
2021-02-17 19:00:00,902.551,22.778,71,0,1,0,0
2021-02-17 20:00:00,667.103,22.778,71,0,1,0,0
2021-02-17 21:00:00,686.724,18.333,88,0,1,0,0
2021-02-17 22:00:00,608.241,18.333,88,0,1,0,0
2021-02-17 23:00:00,2218.134,18.333,88,0,1,0,0
2021-02-18 00:00:00,2241.239,20.556,87,0,1,0,0
2021-02-18 01:00:00,2241.239,20.556,87,0,1,0,0
2021-02-18 02:00:00,2241.239,20.556,87,0,1,0,0
2021-02-18 03:00:00,2202.597,25.556,61,0,1,0,0
2021-02-18 04:00:00,2766.099,25.556,61,0,1,0,0
2021-02-18 05:00:00,3537.596,25.556,61,0,1,0,0
2021-02-18 06:00:00,5401.151,29.444,32,0,1,0,0
2021-02-18 07:00:00,4830.257,29.444,32,0,1,0,0
2021-02-18 08:00:00,5650.14,29.444,32,0,1,0,0
2021-02-18 09:00:00,5320.507,28.889,34,0,1,0,0
2021-02-18 10:00:00,4598.404,28.889,34,0,1,0,0
2021-02-18 11:00:00,4540.945,28.889,34,0,1,0,0
2021-02-18 12:00:00,4112.187,25.0,42,0,1,0,0
2021-02-18 13:00:00,3878.318,25.0,42,0,1,0,0
2021-02-18 14:00:00,3995.252,25.0,42,0,1,0,0
2021-02-18 15:00:00,3839.34,23.333,46,0,1,0,0
2021-02-18 16:00:00,3905.536,23.333,46,0,1,0,0
2021-02-18 17:00:00,2923.355,23.333,46,0,1,0,0
2021-02-18 18:00:00,838.029,20.0,85,0,1,0,0
2021-02-18 19:00:00,892.127,20.0,85,0,1,0,0
2021-02-18 20:00:00,753.352,20.0,85,0,1,0,0
2021-02-18 21:00:00,693.877,22.222,70,0,1,0,0
2021-02-18 22:00:00,555.101,22.222,70,0,1,0,0
2021-02-18 23:00:00,1823.905,22.222,70,0,1,0,0
2021-02-19 00:00:00,1823.905,21.667,72,0,1,0,0
2021-02-19 01:00:00,1823.905,21.667,72,0,1,0,0
2021-02-19 02:00:00,1823.905,21.667,72,0,1,0,0
2021-02-19 03:00:00,1808.448,25.0,51,0,1,0,0
2021-02-19 04:00:00,2086.671,25.0,51,0,1,0,0
2021-02-19 05:00:00,2828.766,25.0,51,0,1,0,0
2021-02-19 06:00:00,3360.347,27.222,34,0,1,0,0
2021-02-19 07:00:00,4076.737,27.222,34,0,1,0,0
2021-02-19 08:00:00,4481.806,27.222,34,0,1,0,0
2021-02-19 09:00:00,4560.434,27.222,31,0,1,0,0
2021-02-19 10:00:00,3925.361,27.222,31,0,1,0,0
2021-02-19 11:00:00,3925.361,27.222,31,0,1,0,0
2021-02-19 12:00:00,3846.06,30.0,45,0,1,0,0
2021-02-19 13:00:00,3793.81,30.0,45,0,1,0,0
2021-02-19 14:00:00,3754.496,30.0,45,0,1,0,0
2021-02-19 15:00:00,3748.279,22.778,62,0,1,0,0
2021-02-19 16:00:00,3675.867,22.778,62,0,1,0,0
2021-02-19 17:00:00,2859.512,22.778,62,0,1,0,0
2021-02-19 18:00:00,825.596,22.222,67,0,1,0,0
2021-02-19 19:00:00,832.652,22.222,67,0,1,0,0
2021-02-19 20:00:00,773.177,22.222,67,0,1,0,0
2021-02-19 21:00:00,693.877,18.889,77,0,1,0,0
2021-02-19 22:00:00,594.752,18.889,77,0,1,0,0
2021-02-19 23:00:00,1823.905,18.889,77,0,1,0,0
2021-02-20 00:00:00,1823.905,21.667,72,0,1,0,0
2021-02-20 01:00:00,1823.905,21.667,72,0,1,0,0
2021-02-20 02:00:00,1823.905,21.667,72,0,1,0,0
2021-02-20 03:00:00,1965.704,27.222,47,0,1,0,0
2021-02-20 04:00:00,2451.586,27.222,47,0,1,0,0
2021-02-20 05:00:00,2806.421,27.222,47,0,1,0,0
2021-02-20 06:00:00,4096.058,30.556,33,0,1,0,0
2021-02-20 07:00:00,4841.177,30.556,33,0,1,0,0
2021-02-20 08:00:00,5068.997,30.556,33,0,1,0,0
2021-02-20 09:00:00,4903.173,29.444,43,0,1,0,0
2021-02-20 10:00:00,4788.254,29.444,43,0,1,0,0
2021-02-20 11:00:00,4714.331,29.444,43,0,1,0,0
2021-02-20 12:00:00,3913.936,23.889,69,0,1,0,0
2021-02-20 13:00:00,4045.655,23.889,69,0,1,0,0
2021-02-20 14:00:00,4081.777,23.889,69,0,1,0,0
2021-02-20 15:00:00,4002.981,21.111,80,0,1,0,0
2021-02-20 16:00:00,3780.873,21.111,80,0,1,0,0
2021-02-20 17:00:00,3033.233,21.111,80,0,1,0,0
2021-02-20 18:00:00,1645.479,21.667,72,0,1,0,0
2021-02-20 19:00:00,832.652,21.667,72,0,1,0,0
2021-02-20 20:00:00,799.722,21.667,72,0,1,0,0
2021-02-20 21:00:00,693.877,18.889,90,0,1,0,0
2021-02-20 22:00:00,614.577,18.889,90,0,1,0,0
2021-02-20 23:00:00,2221.75,18.889,90,0,1,0,0
2021-02-21 00:00:00,2198.845,22.222,87,1,1,0,0
2021-02-21 01:00:00,2198.845,22.222,87,1,1,0,0
2021-02-21 02:00:00,2198.845,22.222,87,1,1,0,0
2021-02-21 03:00:00,2314.574,27.778,59,1,1,0,0
2021-02-21 04:00:00,2615.868,27.778,59,1,1,0,0
2021-02-21 05:00:00,3501.126,27.778,59,1,1,0,0
2021-02-21 06:00:00,4488.145,31.667,40,1,1,0,0
2021-02-21 07:00:00,5239.384,31.667,40,1,1,0,0
2021-02-21 08:00:00,5326.181,31.667,40,1,1,0,0
2021-02-21 09:00:00,5048.166,30.0,49,1,1,0,0
2021-02-21 10:00:00,4687.013,30.0,49,1,1,0,0
2021-02-21 11:00:00,4669.72,30.0,49,1,1,0,0
2021-02-21 12:00:00,4591.237,23.889,78,1,1,0,0
2021-02-21 13:00:00,4078.439,23.889,78,1,1,0,0
2021-02-21 14:00:00,3900.856,23.889,78,1,1,0,0
2021-02-21 15:00:00,4359.78,21.111,87,1,1,0,0
2021-02-21 16:00:00,4108.369,21.111,87,1,1,0,0
2021-02-21 17:00:00,3512.1,21.111,87,1,1,0,0
2021-02-21 18:00:00,902.551,20.556,87,1,1,0,0
2021-02-21 19:00:00,843.689,20.556,87,1,1,0,0
2021-02-21 20:00:00,784.827,20.556,87,1,1,0,0
2021-02-21 21:00:00,686.724,18.333,96,1,1,0,0
2021-02-21 22:00:00,608.241,18.333,96,1,1,0,0
2021-02-21 23:00:00,2198.347,18.333,96,1,1,0,0
2021-02-22 00:00:00,2202.261,20.556,87,0,1,0,0
2021-02-22 01:00:00,2202.261,20.556,87,0,1,0,0
2021-02-22 02:00:00,2202.261,20.556,87,0,1,0,0
2021-02-22 03:00:00,2415.128,26.667,62,0,1,0,0
2021-02-22 04:00:00,2657.901,26.667,62,0,1,0,0
2021-02-22 05:00:00,3085.988,26.667,62,0,1,0,0
2021-02-22 06:00:00,4675.688,30.556,45,0,1,0,0
2021-02-22 07:00:00,5313.282,30.556,45,0,1,0,0
2021-02-22 08:00:00,5343.692,30.556,45,0,1,0,0
2021-02-22 09:00:00,4891.748,30.556,49,0,1,0,0
2021-02-22 10:00:00,4896.788,30.556,49,0,1,0,0
2021-02-22 11:00:00,4599.748,30.556,49,0,1,0,0
2021-02-22 12:00:00,4242.561,23.889,67,0,1,0,0
2021-02-22 13:00:00,3960.81,23.889,67,0,1,0,0
2021-02-22 14:00:00,3922.168,23.889,67,0,1,0,0
2021-02-22 15:00:00,5286.233,20.556,79,0,1,0,0
2021-02-22 16:00:00,4271.123,20.556,79,0,1,0,0
2021-02-22 17:00:00,3612.864,20.556,79,0,1,0,0
2021-02-22 18:00:00,923.881,20.0,90,0,1,0,0
2021-02-22 19:00:00,845.253,20.0,90,0,1,0,0
2021-02-22 20:00:00,793.002,20.0,90,0,1,0,0
2021-02-22 21:00:00,687.997,17.778,90,0,1,0,0
2021-02-22 22:00:00,623.649,17.778,90,0,1,0,0
2021-02-22 23:00:00,2319.195,17.778,90,0,1,0,0
2021-02-23 00:00:00,2319.195,21.667,82,0,1,0,0
2021-02-23 01:00:00,2319.195,21.667,82,0,1,0,0
2021-02-23 02:00:00,2319.195,21.667,82,0,1,0,0
2021-02-23 03:00:00,2494.597,30.0,30,0,1,0,0
2021-02-23 04:00:00,2834.647,30.0,30,0,1,0,0
2021-02-23 05:00:00,3198.89,30.0,30,0,1,0,0
2021-02-23 06:00:00,4481.806,34.444,21,0,1,0,0
2021-02-23 07:00:00,5277.832,34.444,21,0,1,0,0
2021-02-23 08:00:00,5448.53,34.444,21,0,1,0,0
2021-02-23 09:00:00,3864.205,32.222,35,0,1,0,0
2021-02-23 10:00:00,4501.799,32.222,35,0,1,0,0
2021-02-23 11:00:00,4302.037,32.222,35,0,1,0,0
2021-02-23 12:00:00,3965.011,24.444,57,0,1,0,0
2021-02-23 13:00:00,3616.896,24.444,57,0,1,0,0
2021-02-23 14:00:00,3761.384,24.444,57,0,1,0,0
2021-02-23 15:00:00,4117.899,20.0,69,0,1,0,0
2021-02-23 16:00:00,4231.305,20.0,69,0,1,0,0
2021-02-23 17:00:00,2473.091,20.0,69,0,1,0,0
2021-02-23 18:00:00,923.881,18.333,84,0,1,0,0
2021-02-23 19:00:00,892.127,18.333,84,0,1,0,0
2021-02-23 20:00:00,793.002,18.333,84,0,1,0,0
2021-02-23 21:00:00,693.877,17.222,90,0,1,0,0
2021-02-23 22:00:00,634.402,17.222,90,0,1,0,0
2021-02-23 23:00:00,584.671,17.222,90,0,1,0,0
2021-02-24 00:00:00,2280.217,21.667,77,0,1,0,0
2021-02-24 01:00:00,2280.217,21.667,77,0,1,0,0
2021-02-24 02:00:00,2280.217,21.667,77,0,1,0,0
2021-02-24 03:00:00,2318.523,29.444,43,0,1,0,0
2021-02-24 04:00:00,2449.066,29.444,43,0,1,0,0
2021-02-24 05:00:00,3361.355,29.444,43,0,1,0,0
2021-02-24 06:00:00,4955.087,35.556,23,0,1,0,0
2021-02-24 07:00:00,5429.713,35.556,23,0,1,0,0
2021-02-24 08:00:00,5228.774,35.556,37,0,1,0,0
2021-02-24 09:00:00,4678.377,32.222,37,0,1,0,0
2021-02-24 10:00:00,4696.858,32.222,37,0,1,0,0
2021-02-24 11:00:00,4599.412,32.222,73,0,1,0,0
2021-02-24 12:00:00,4405.194,23.333,73,0,1,0,0
2021-02-24 13:00:00,4022.134,23.333,73,0,1,0,0
2021-02-24 14:00:00,3907.216,23.333,75,0,1,0,0
2021-02-24 15:00:00,4328.582,21.667,75,0,1,0,0
2021-02-24 16:00:00,4591.348,21.667,75,0,1,0,0
2021-02-24 17:00:00,2627.66,21.667,75,0,1,0,0
2021-02-24 18:00:00,963.195,18.889,75,0,1,0,0
2021-02-24 19:00:00,864.91,18.889,75,0,1,0,0
2021-02-24 20:00:00,812.827,18.889,75,0,1,0,0
2021-02-24 21:00:00,713.702,17.222,89,0,1,0,0
2021-02-24 22:00:00,594.752,17.222,89,0,1,0,0
2021-02-24 23:00:00,2436.129,17.222,89,0,1,0,0
2021-02-25 00:00:00,2411.015,22.222,70,0,1,0,0
2021-02-25 01:00:00,2411.015,22.222,70,0,1,0,0
2021-02-25 02:00:00,2411.015,22.222,70,0,1,0,0
2021-02-25 03:00:00,2507.455,32.222,39,0,1,0,0
2021-02-25 04:00:00,3461.053,32.222,39,0,1,0,0
2021-02-25 05:00:00,3791.113,32.222,39,0,1,0,0
2021-02-25 06:00:00,5288.935,35.556,24,0,1,0,0
2021-02-25 07:00:00,5572.936,35.556,24,0,1,0,0
2021-02-25 08:00:00,5486.472,35.556,24,0,1,0,0
2021-02-25 09:00:00,5246.368,33.889,33,0,1,0,0
2021-02-25 10:00:00,4728.582,33.889,33,0,1,0,0
2021-02-25 11:00:00,4494.131,33.889,33,0,1,1,0
2021-02-25 12:00:00,4075.446,25.0,63,0,1,0,0
2021-02-25 13:00:00,4146.945,25.0,63,0,1,0,0
2021-02-25 14:00:00,4134.308,25.0,63,0,1,0,0
2021-02-25 15:00:00,4625.158,21.667,75,0,1,0,0
2021-02-25 16:00:00,4473.513,21.667,75,0,1,0,0
2021-02-25 17:00:00,4238.065,21.667,75,0,1,0,0
2021-02-25 18:00:00,887.253,18.889,81,0,1,0,0
2021-02-25 19:00:00,875.448,18.889,81,0,1,0,0
2021-02-25 20:00:00,817.085,18.889,81,0,1,0,0
2021-02-25 21:00:00,706.344,18.333,88,0,1,0,0
2021-02-25 22:00:00,641.995,18.333,88,0,1,0,0
2021-02-25 23:00:00,2458.237,18.333,88,0,1,0,0
2021-02-26 00:00:00,2550.376,25.0,62,0,1,0,0
2021-02-26 01:00:00,2550.376,25.0,62,0,1,0,0
2021-02-26 02:00:00,2550.376,25.0,62,0,1,0,0
2021-02-26 03:00:00,2550.376,32.222,30,0,1,0,0
2021-02-26 04:00:00,2916.635,32.222,30,0,1,0,0
2021-02-26 05:00:00,3616.896,32.222,30,0,1,0,0
2021-02-26 06:00:00,5047.66,37.222,26,0,1,0,0
2021-02-26 07:00:00,5439.457,37.222,26,0,1,0,0
2021-02-26 08:00:00,5339.996,37.222,26,0,1,0,0
2021-02-26 09:00:00,5621.915,33.889,45,0,1,0,0
2021-02-26 10:00:00,4580.091,33.889,45,0,1,0,0
2021-02-26 11:00:00,4500.959,33.889,45,0,1,0,0
2021-02-26 12:00:00,4307.077,26.111,66,0,1,0,0
2021-02-26 13:00:00,4226.265,26.111,66,0,1,0,0
2021-02-26 14:00:00,4501.463,26.111,66,0,1,0,0
2021-02-26 15:00:00,4833.281,23.333,63,0,1,0,0
2021-02-26 16:00:00,4596.724,23.333,63,0,1,0,0
2021-02-26 17:00:00,4262.387,23.333,63,0,1,0,0
2021-02-26 18:00:00,991.253,18.333,94,0,1,0,0
2021-02-26 19:00:00,959.667,18.333,94,0,1,0,0
2021-02-26 20:00:00,872.302,18.333,94,0,1,0,0
2021-02-26 21:00:00,793.002,20.0,85,0,1,0,0
2021-02-26 22:00:00,693.877,20.0,85,0,1,0,0
2021-02-26 23:00:00,2553.064,20.0,85,0,1,0,0
2021-02-27 00:00:00,2553.064,23.889,80,0,1,0,0
2021-02-27 01:00:00,2531.055,23.889,80,0,1,0,0
2021-02-27 02:00:00,2531.055,23.889,80,0,1,0,0
2021-02-27 03:00:00,2509.045,32.778,35,0,1,0,0
2021-02-27 04:00:00,3151.511,32.778,35,0,1,0,0
2021-02-27 05:00:00,4102.778,32.778,35,0,1,0,0
2021-02-27 06:00:00,5155.858,37.222,21,0,1,0,0
2021-02-27 07:00:00,5516.069,37.222,21,0,1,0,0
2021-02-27 08:00:00,5779.171,37.222,21,0,1,0,0
2021-02-27 09:00:00,5551.015,34.444,38,0,1,0,0
2021-02-27 10:00:00,5184.083,34.444,38,0,1,0,0
2021-02-27 11:00:00,4678.377,34.444,38,0,1,0,0
2021-02-27 12:00:00,4520.112,26.111,59,0,1,0,0
2021-02-27 13:00:00,4521.12,26.111,59,0,1,0,0
2021-02-27 14:00:00,4209.632,26.111,59,0,1,0,0
2021-02-27 15:00:00,4635.03,22.778,69,0,1,0,0
2021-02-27 16:00:00,4482.478,22.778,69,0,1,0,0
2021-02-27 17:00:00,4004.661,22.778,69,0,1,0,0
2021-02-27 18:00:00,1011.078,19.444,81,0,1,0,0
2021-02-27 19:00:00,951.603,19.444,81,0,1,0,0
2021-02-27 20:00:00,892.127,19.444,81,0,1,0,0
2021-02-27 21:00:00,793.002,19.444,87,0,1,0,0
2021-02-27 22:00:00,693.877,19.444,87,0,1,0,0
2021-02-27 23:00:00,2646.981,19.444,87,0,1,0,0
2021-02-28 00:00:00,2646.981,24.444,69,1,1,0,0
2021-02-28 01:00:00,2646.981,24.444,69,1,1,0,0
2021-02-28 02:00:00,2646.981,24.444,69,1,1,0,0
2021-02-28 03:00:00,2653.197,33.333,38,1,1,0,0
2021-02-28 04:00:00,2923.691,33.333,38,1,1,0,0
2021-02-28 05:00:00,3786.921,33.333,38,1,1,0,0
2021-02-28 06:00:00,5106.127,37.222,17,1,1,0,0
2021-02-28 07:00:00,5467.683,37.222,17,1,1,0,0
2021-02-28 08:00:00,5353.773,37.222,17,1,1,0,0
2021-02-28 09:00:00,4746.252,35.0,45,1,1,0,0
2021-02-28 10:00:00,4716.347,35.0,45,1,1,0,0
2021-02-28 11:00:00,4520.112,35.0,45,1,1,0,0
2021-02-28 12:00:00,4044.311,25.556,61,1,1,0,0
2021-02-28 13:00:00,3907.216,25.556,61,1,1,0,0
2021-02-28 14:00:00,3891.927,25.556,61,1,1,0,0
2021-02-28 15:00:00,4553.714,24.444,62,1,1,0,0
2021-02-28 16:00:00,4553.714,24.444,62,1,1,0,0
2021-02-28 17:00:00,4045.655,24.444,62,1,1,0,0
2021-02-28 18:00:00,943.538,21.667,82,1,1,0,0
2021-02-28 19:00:00,943.538,21.667,82,1,1,0,0
2021-02-28 20:00:00,892.127,21.667,82,1,1,0,0
2021-02-28 21:00:00,793.002,23.333,65,1,1,0,0
2021-02-28 22:00:00,693.877,23.333,65,1,1,0,0
2021-02-28 23:00:00,2777.188,23.333,65,1,1,0,0
2021-03-01 00:00:00,2777.188,25.556,71,0,2,0,0
2021-03-01 01:00:00,2777.188,25.556,71,0,2,0,0
2021-03-01 02:00:00,2777.188,25.556,71,0,2,0,0
2021-03-01 03:00:00,2777.188,32.222,47,0,2,0,0
2021-03-01 04:00:00,3274.158,32.222,47,0,2,0,0
2021-03-01 05:00:00,3806.41,32.222,47,0,2,0,0
2021-03-01 06:00:00,5113.856,37.222,23,0,2,0,0
2021-03-01 07:00:00,5695.503,37.222,23,0,2,0,0
2021-03-01 08:00:00,5467.851,37.222,23,0,2,0,0
2021-03-01 09:00:00,5307.402,34.444,39,0,2,0,0
2021-03-01 10:00:00,4956.263,34.444,39,0,2,0,0
2021-03-01 11:00:00,4418.467,34.444,39,0,2,0,0
2021-03-01 12:00:00,2535.759,26.667,65,0,2,0,0
2021-03-01 13:00:00,4057.416,26.667,65,0,2,0,0
2021-03-01 14:00:00,4115.379,26.667,65,0,2,0,0
2021-03-01 15:00:00,4385.537,27.222,55,0,2,0,0
2021-03-01 16:00:00,535.276,27.222,55,0,2,0,0
2021-03-01 17:00:00,753.352,27.222,55,0,2,0,0
2021-03-01 18:00:00,991.253,23.889,58,0,2,0,0
2021-03-01 19:00:00,991.253,23.889,58,0,2,0,0
2021-03-01 20:00:00,872.302,23.889,58,0,2,0,0
2021-03-01 21:00:00,799.722,21.111,83,0,2,0,0
2021-03-01 22:00:00,2666.302,21.111,83,0,2,0,0
2021-03-01 23:00:00,2681.422,21.111,83,0,2,0,0
2021-03-02 00:00:00,2653.779,25.0,74,0,2,0,0
2021-03-02 01:00:00,2653.779,25.0,74,0,2,0,0
2021-03-02 02:00:00,2653.779,25.0,74,0,2,0,0
2021-03-02 03:00:00,2653.779,31.111,49,0,2,0,0
2021-03-02 04:00:00,3441.931,31.111,49,0,2,0,0
2021-03-02 05:00:00,4469.522,31.111,49,0,2,0,0
2021-03-02 06:00:00,5439.249,35.556,26,0,2,0,0
2021-03-02 07:00:00,5773.133,35.556,26,0,2,0,0
2021-03-02 08:00:00,5787.1,35.556,26,0,2,0,0
2021-03-02 09:00:00,5362.097,34.444,34,0,2,1,0
2021-03-02 10:00:00,4883.053,34.444,34,0,2,1,0
2021-03-02 11:00:00,4571.616,34.444,34,0,2,1,0
2021-03-02 12:00:00,3422.81,27.222,69,0,2,1,0
2021-03-02 13:00:00,4944.409,27.222,69,0,2,0,0
2021-03-02 14:00:00,5851.283,27.222,69,0,2,0,0
2021-03-02 15:00:00,6089.724,22.778,81,0,2,0,0
2021-03-02 16:00:00,2677.058,22.778,81,0,2,1,0
2021-03-02 17:00:00,5611.512,22.778,81,0,2,0,0
2021-03-02 18:00:00,3610.204,24.444,72,0,2,0,0
2021-03-02 19:00:00,3298.268,24.444,72,0,2,0,0
2021-03-02 20:00:00,2937.614,24.444,72,0,2,0,0
2021-03-02 21:00:00,2723.615,20.0,94,0,2,0,0
2021-03-02 22:00:00,2677.058,20.0,94,0,2,0,0
2021-03-02 23:00:00,2677.058,20.0,94,0,2,0,0
2021-03-03 00:00:00,2843.335,23.889,60,0,2,0,0
2021-03-03 01:00:00,2843.335,23.889,60,0,2,0,0
2021-03-03 02:00:00,2843.335,23.889,60,0,2,0,0
2021-03-03 03:00:00,2979.682,33.333,21,0,2,0,0
2021-03-03 04:00:00,3279.313,33.333,21,0,2,0,0
2021-03-03 05:00:00,4397.691,33.333,21,0,2,0,0
2021-03-03 06:00:00,5223.256,36.667,15,0,2,0,0
2021-03-03 07:00:00,5838.314,36.667,15,0,2,0,0
2021-03-03 08:00:00,5468.847,36.667,15,0,2,0,0
2021-03-03 09:00:00,5468.847,34.444,29,0,2,0,0
2021-03-03 10:00:00,4902.507,34.444,29,0,2,0,0
2021-03-03 11:00:00,4785.781,34.444,29,0,2,0,0
2021-03-03 12:00:00,4340.824,25.556,62,0,2,0,0
2021-03-03 13:00:00,3999.624,25.556,62,0,2,0,0
2021-03-03 14:00:00,3999.624,25.556,62,0,2,0,0
2021-03-03 15:00:00,4340.325,21.667,70,0,2,0,0
2021-03-03 16:00:00,4730.245,21.667,70,0,2,0,0
2021-03-03 17:00:00,3833.015,21.667,70,0,2,0,0
2021-03-03 18:00:00,981.034,21.111,87,0,2,0,0
2021-03-03 19:00:00,1020.275,21.111,87,0,2,0,0
2021-03-03 20:00:00,941.792,21.111,87,0,2,0,0
2021-03-03 21:00:00,855.993,17.222,87,0,2,0,0
2021-03-03 22:00:00,855.993,17.222,87,0,2,0,0
2021-03-03 23:00:00,2623.184,17.222,87,0,2,0,0
2021-03-04 00:00:00,2689.487,23.333,73,0,2,0,0
2021-03-04 01:00:00,2689.487,23.333,73,0,2,0,0
2021-03-04 02:00:00,2666.302,23.333,73,0,2,0,0
2021-03-04 03:00:00,3130.006,32.222,39,0,2,0,0
2021-03-04 04:00:00,3398.317,32.222,39,0,2,0,0
2021-03-04 05:00:00,4139.74,32.222,39,0,2,0,0
2021-03-04 06:00:00,4903.173,36.111,17,0,2,0,0
2021-03-04 07:00:00,5870.904,36.111,17,0,2,0,0
2021-03-04 08:00:00,5448.698,36.111,17,0,2,0,0
2021-03-04 09:00:00,5669.965,33.889,33,0,2,0,0
2021-03-04 10:00:00,4346.055,33.889,33,0,2,0,0
2021-03-04 11:00:00,4282.212,33.889,33,0,2,0,0
2021-03-04 12:00:00,3838.668,23.889,63,0,2,0,0
2021-03-04 13:00:00,3885.71,23.889,63,0,2,0,0
2021-03-04 14:00:00,3945.186,23.889,63,0,2,0,0
2021-03-04 15:00:00,4268.099,22.778,63,0,2,0,0
2021-03-04 16:00:00,3830.604,22.778,63,0,2,0,0
2021-03-04 17:00:00,3600.767,22.778,63,0,2,0,0
2021-03-04 18:00:00,1030.903,19.444,77,0,2,0,0
2021-03-04 19:00:00,991.253,19.444,77,0,2,0,0
2021-03-04 20:00:00,951.603,19.444,77,0,2,0,0
2021-03-04 21:00:00,864.91,17.778,90,0,2,0,0
2021-03-04 22:00:00,727.311,17.778,90,0,2,0,0
2021-03-04 23:00:00,2728.465,17.778,90,0,2,0,0
2021-03-05 00:00:00,2728.465,23.889,61,0,2,0,0
2021-03-05 01:00:00,2728.465,23.889,61,0,2,0,0
2021-03-05 02:00:00,2704.944,23.889,61,0,2,0,0
2021-03-05 03:00:00,3064.483,31.667,35,0,2,0,0
2021-03-05 04:00:00,3161.256,31.667,35,0,2,0,0
2021-03-05 05:00:00,4215.008,31.667,35,0,2,0,0
2021-03-05 06:00:00,4873.603,35.0,34,0,2,0,0
2021-03-05 07:00:00,5381.998,35.0,34,0,2,0,0
2021-03-05 08:00:00,5152.162,35.0,34,0,2,0,0
2021-03-05 09:00:00,4698.034,35.0,37,0,2,0,0
2021-03-05 10:00:00,4521.12,35.0,37,0,2,0,0
2021-03-05 11:00:00,4044.311,35.0,37,0,2,0,0
2021-03-05 12:00:00,3883.526,25.556,57,0,2,0,0
2021-03-05 13:00:00,3702.917,25.556,57,0,2,0,0
2021-03-05 14:00:00,3683.428,25.556,57,0,2,0,0
2021-03-05 15:00:00,4327.91,22.222,72,0,2,0,0
2021-03-05 16:00:00,4405.194,22.222,72,0,2,0,0
2021-03-05 17:00:00,3656.21,22.222,72,0,2,0,0
2021-03-05 18:00:00,1030.903,20.556,74,0,2,0,0
2021-03-05 19:00:00,1011.078,20.556,74,0,2,0,0
2021-03-05 20:00:00,892.127,20.556,74,0,2,0,0
2021-03-05 21:00:00,825.596,18.333,81,0,2,0,0
2021-03-05 22:00:00,714.878,18.333,81,0,2,0,0
2021-03-05 23:00:00,2917.475,18.333,81,0,2,0,0
2021-03-06 00:00:00,2975.438,24.444,63,0,2,0,0
2021-03-06 01:00:00,2975.438,24.444,63,0,2,0,0
2021-03-06 02:00:00,2975.438,24.444,63,0,2,0,0
2021-03-06 03:00:00,3275.166,33.333,23,0,2,0,0
2021-03-06 04:00:00,3531.212,33.333,23,0,2,0,0
2021-03-06 05:00:00,4233.825,33.333,23,0,2,0,0
2021-03-06 06:00:00,4794.303,37.222,17,0,2,0,0
2021-03-06 07:00:00,5216.677,37.222,17,0,2,0,0
2021-03-06 08:00:00,5164.594,37.222,17,0,2,0,0
2021-03-06 09:00:00,4678.377,35.0,31,0,2,0,0
2021-03-06 10:00:00,4398.474,35.0,31,0,2,0,0
2021-03-06 11:00:00,4078.585,35.0,31,0,2,0,0
2021-03-06 12:00:00,3838.668,25.0,61,0,2,0,0
2021-03-06 13:00:00,3585.983,25.0,61,0,2,0,0
2021-03-06 14:00:00,3619.92,25.0,61,0,2,0,0
2021-03-06 15:00:00,4102.106,22.778,63,0,2,0,0
2021-03-06 16:00:00,4403.178,22.778,63,0,2,0,0
2021-03-06 17:00:00,4163.261,22.778,63,0,2,0,0
2021-03-06 18:00:00,2183.444,20.0,78,0,2,0,0
2021-03-06 19:00:00,991.253,20.0,78,0,2,0,0
2021-03-06 20:00:00,943.538,20.0,78,0,2,0,0
2021-03-06 21:00:00,838.029,18.889,81,0,2,0,0
2021-03-06 22:00:00,695.557,18.889,81,0,2,0,0
2021-03-06 23:00:00,3014.08,18.889,81,0,2,0,0
2021-03-07 00:00:00,3014.08,23.889,73,1,2,0,0
2021-03-07 01:00:00,3014.08,23.889,73,1,2,0,0
2021-03-07 02:00:00,3014.08,23.889,73,1,2,0,0
2021-03-07 03:00:00,3275.166,32.222,45,1,2,0,0
2021-03-07 04:00:00,3550.197,32.222,45,1,2,0,0
2021-03-07 05:00:00,4233.825,32.222,45,1,2,0,0
2021-03-07 06:00:00,4579.923,37.222,25,1,2,0,0
2021-03-07 07:00:00,5235.998,37.222,25,1,2,0,0
2021-03-07 08:00:00,5273.464,37.222,25,1,2,0,0
2021-03-07 09:00:00,4992.889,35.0,34,1,2,0,0
2021-03-07 10:00:00,4173.342,35.0,34,1,2,0,0
2021-03-07 11:00:00,4553.714,35.0,34,1,2,0,0
2021-03-07 12:00:00,4639.063,28.889,51,1,2,0,0
2021-03-07 13:00:00,3819.851,28.889,51,1,2,0,0
2021-03-07 14:00:00,3858.829,28.889,51,1,2,0,0
2021-03-07 15:00:00,4326.566,25.0,61,1,2,0,0
2021-03-07 16:00:00,4559.762,25.0,61,1,2,0,0
2021-03-07 17:00:00,4076.737,25.0,61,1,2,0,0
2021-03-07 18:00:00,1070.553,20.556,76,1,2,0,0
2021-03-07 19:00:00,1050.728,20.556,76,1,2,0,0
2021-03-07 20:00:00,951.603,20.556,76,1,2,0,0
2021-03-07 21:00:00,839.709,20.0,87,1,2,0,0
2021-03-07 22:00:00,759.736,20.0,87,1,2,0,0
2021-03-07 23:00:00,2975.438,20.0,87,1,2,0,0
2021-03-08 00:00:00,2975.438,25.0,77,0,2,0,0
2021-03-08 01:00:00,2975.438,25.0,77,0,2,0,0
2021-03-08 02:00:00,2975.438,25.0,77,0,2,0,0
2021-03-08 03:00:00,3179.401,32.222,43,0,2,0,0
2021-03-08 04:00:00,3773.145,32.222,43,0,2,0,0
2021-03-08 05:00:00,4421.995,32.222,43,0,2,0,0
2021-03-08 06:00:00,5005.322,34.444,37,0,2,0,0
2021-03-08 07:00:00,5324.539,34.444,37,0,2,0,0
2021-03-08 08:00:00,5273.464,34.444,37,0,2,0,0
2021-03-08 09:00:00,5218.189,32.778,43,0,2,0,0
2021-03-08 10:00:00,4658.72,32.778,43,0,2,0,0
2021-03-08 11:00:00,4520.112,32.778,43,0,2,0,0
2021-03-08 12:00:00,3999.453,25.556,73,0,2,0,0
2021-03-08 13:00:00,3677.379,25.556,73,0,2,0,0
2021-03-08 14:00:00,3811.451,25.556,73,0,2,0,0
2021-03-08 15:00:00,4158.557,25.556,63,0,2,0,0
2021-03-08 16:00:00,4365.544,25.556,63,0,2,0,0
2021-03-08 17:00:00,3876.302,25.556,63,0,2,0,0
2021-03-08 18:00:00,1011.078,22.222,74,0,2,0,0
2021-03-08 19:00:00,982.852,22.222,74,0,2,0,0
2021-03-08 20:00:00,951.603,22.222,74,0,2,0,0
2021-03-08 21:00:00,832.652,23.889,72,0,2,0,0
2021-03-08 22:00:00,714.878,23.889,72,0,2,0,0
2021-03-08 23:00:00,2936.796,23.889,72,0,2,0,0
2021-03-09 00:00:00,2936.796,25.0,85,0,2,0,0
2021-03-09 01:00:00,2936.796,25.0,85,0,2,0,0
2021-03-09 02:00:00,2936.796,25.0,85,0,2,0,0
2021-03-09 03:00:00,3160.248,29.444,54,0,2,0,0
2021-03-09 04:00:00,3368.243,29.444,54,0,2,0,0
2021-03-09 05:00:00,3922.168,29.444,54,0,2,0,0
2021-03-09 06:00:00,4788.254,32.778,41,0,2,0,0
2021-03-09 07:00:00,5193.492,32.778,41,0,2,0,0
2021-03-09 08:00:00,4922.326,32.778,41,0,2,0,0
2021-03-09 09:00:00,4658.72,32.222,47,0,2,0,0
2021-03-09 10:00:00,4480.462,32.222,47,0,2,0,0
2021-03-09 11:00:00,4265.579,32.222,47,0,2,0,0
2021-03-09 12:00:00,4265.579,26.667,66,0,2,0,0
2021-03-09 13:00:00,3778.017,26.667,66,0,2,0,0
2021-03-09 14:00:00,4005.837,26.667,66,0,2,0,0
2021-03-09 15:00:00,4346.727,24.444,74,0,2,0,0
2021-03-09 16:00:00,4723.067,24.444,74,0,2,0,0
2021-03-09 17:00:00,4119.747,24.444,74,0,2,0,0
2021-03-09 18:00:00,1011.078,24.444,74,0,2,0,0
2021-03-09 19:00:00,991.253,24.444,74,0,2,0,0
2021-03-09 20:00:00,931.778,24.444,74,0,2,0,0
2021-03-09 21:00:00,832.652,22.222,84,0,2,0,0
2021-03-09 22:00:00,766.625,22.222,84,0,2,0,0
2021-03-09 23:00:00,714.878,22.222,84,0,2,0,0
2021-03-10 00:00:00,3189.481,24.444,78,0,2,0,0
2021-03-10 01:00:00,3094.556,24.444,78,0,2,0,0
2021-03-10 02:00:00,3094.556,24.444,78,0,2,0,0
2021-03-10 03:00:00,3292.975,30.0,58,0,2,0,0
2021-03-10 04:00:00,3481.145,30.0,58,0,2,0,0
2021-03-10 05:00:00,3970.387,30.0,58,0,2,0,0
2021-03-10 06:00:00,4922.326,33.333,46,0,2,0,0
2021-03-10 07:00:00,5268.76,33.333,46,0,2,0,0
2021-03-10 08:00:00,4965.504,33.333,46,0,2,0,0
2021-03-10 09:00:00,4813.792,32.778,54,0,2,0,0
2021-03-10 10:00:00,4639.063,32.778,54,0,2,0,0
2021-03-10 11:00:00,3951.066,32.778,54,0,2,0,0
2021-03-10 12:00:00,3341.698,25.556,76,0,2,0,0
2021-03-10 13:00:00,3663.939,25.556,76,0,2,0,0
2021-03-10 14:00:00,3844.884,25.556,76,0,2,0,0
2021-03-10 15:00:00,3986.852,23.889,72,0,2,0,0
2021-03-10 16:00:00,4290.276,23.889,72,0,2,0,0
2021-03-10 17:00:00,4619.237,23.889,72,0,2,0,0
2021-03-10 18:00:00,1050.728,23.333,79,0,2,0,0
2021-03-10 19:00:00,1011.078,23.333,79,0,2,0,0
2021-03-10 20:00:00,951.603,23.333,79,0,2,0,0
2021-03-10 21:00:00,879.695,23.333,74,0,2,0,0
2021-03-10 22:00:00,786.282,23.333,74,0,2,0,0
2021-03-10 23:00:00,689.509,23.333,74,0,2,0,0
2021-03-11 00:00:00,3160.248,26.111,70,0,2,0,0
2021-03-11 01:00:00,3132.526,26.111,70,0,2,0,0
2021-03-11 02:00:00,3104.805,26.111,70,0,2,0,0
2021-03-11 03:00:00,3349.426,32.778,40,0,2,0,0
2021-03-11 04:00:00,3951.57,32.778,40,0,2,0,0
2021-03-11 05:00:00,4854.786,32.778,40,0,2,0,0
2021-03-11 06:00:00,5094.703,36.111,27,0,2,0,0
2021-03-11 07:00:00,5657.533,36.111,27,0,2,0,0
2021-03-11 08:00:00,5125.952,36.111,27,0,2,0,0
2021-03-11 09:00:00,4638.39,33.889,37,0,2,0,0
2021-03-11 10:00:00,4229.121,33.889,37,0,2,0,0
2021-03-11 11:00:00,3878.318,33.889,37,0,2,0,0
2021-03-11 12:00:00,3826.235,26.111,64,0,2,0,0
2021-03-11 13:00:00,3605.472,26.111,64,0,2,0,0
2021-03-11 14:00:00,3980.132,26.111,64,0,2,0,0
2021-03-11 15:00:00,4098.746,25.0,62,0,2,0,0
2021-03-11 16:00:00,4537.417,25.0,62,0,2,0,0
2021-03-11 17:00:00,4321.862,25.0,62,0,2,0,0
2021-03-11 18:00:00,1041.823,20.556,87,0,2,0,0
2021-03-11 19:00:00,971.428,20.556,87,0,2,0,0
2021-03-11 20:00:00,911.952,20.556,87,0,2,0,0
2021-03-11 21:00:00,879.695,20.556,85,0,2,0,0
2021-03-11 22:00:00,812.827,20.556,85,0,2,0,0
2021-03-11 23:00:00,708.662,20.556,85,0,2,0,0
2021-03-12 00:00:00,3203.49,26.111,68,0,2,0,0
2021-03-12 01:00:00,3203.49,26.111,68,0,2,0,0
2021-03-12 02:00:00,3203.49,26.111,68,0,2,0,0
2021-03-12 03:00:00,3314.896,31.667,49,0,2,0,0
2021-03-12 04:00:00,3501.126,31.667,49,0,2,0,0
2021-03-12 05:00:00,3724.602,31.667,49,0,2,0,0
2021-03-12 06:00:00,4922.793,35.556,35,0,2,0,0
2021-03-12 07:00:00,5270.312,35.556,35,0,2,0,0
2021-03-12 08:00:00,5102.705,35.556,35,0,2,0,0
2021-03-12 09:00:00,4629.148,33.889,46,0,2,0,0
2021-03-12 10:00:00,4513.42,33.889,46,0,2,0,0
2021-03-12 11:00:00,4355.789,33.889,46,0,2,0,0
2021-03-12 12:00:00,4007.605,25.0,68,0,2,0,0
2021-03-12 13:00:00,3813.061,25.0,68,0,2,0,0
2021-03-12 14:00:00,3677.379,25.0,68,0,2,0,0
2021-03-12 15:00:00,4340.325,23.333,71,0,2,0,0
2021-03-12 16:00:00,4581.261,23.333,71,0,2,0,0
2021-03-12 17:00:00,4320.538,23.333,71,0,2,0,0
2021-03-12 18:00:00,1031.083,22.222,84,0,2,0,0
2021-03-12 19:00:00,1000.654,22.222,84,0,2,0,0
2021-03-12 20:00:00,941.792,22.222,84,0,2,0,0
2021-03-12 21:00:00,887.253,18.889,84,0,2,0,0
2021-03-12 22:00:00,777.178,18.889,84,0,2,0,0
2021-03-12 23:00:00,676.414,18.889,84,0,2,0,0
2021-03-13 00:00:00,3112.08,24.444,67,0,2,0,0
2021-03-13 01:00:00,3085.018,24.444,67,0,2,0,0
2021-03-13 02:00:00,3085.018,24.444,67,0,2,0,0
2021-03-13 03:00:00,3085.018,30.556,40,0,2,0,0
2021-03-13 04:00:00,3525.735,30.556,40,0,2,0,0
2021-03-13 05:00:00,4333.716,30.556,40,0,2,0,0
2021-03-13 06:00:00,5078.392,33.889,33,0,2,0,0
2021-03-13 07:00:00,5069.533,33.889,33,0,2,0,0
2021-03-13 08:00:00,5007.678,33.889,33,0,2,0,0
2021-03-13 09:00:00,4753.814,32.778,40,0,2,0,0
2021-03-13 10:00:00,4219.671,32.778,40,0,2,1,0
2021-03-13 11:00:00,4086.618,32.778,40,0,2,1,0
2021-03-13 12:00:00,3788.135,23.333,62,0,2,1,0
2021-03-13 13:00:00,4477.722,23.333,62,0,2,0,0
2021-03-13 14:00:00,4550.53,23.333,62,0,2,0,0
2021-03-13 15:00:00,4798.917,22.222,72,0,2,0,0
2021-03-13 16:00:00,4871.081,22.222,72,0,2,0,0
2021-03-13 17:00:00,4255.431,22.222,72,0,2,0,0
2021-03-13 18:00:00,3801.505,21.111,81,0,2,0,0
2021-03-13 19:00:00,3546.192,21.111,81,0,2,0,0
2021-03-13 20:00:00,3450.349,21.111,81,0,2,0,0
2021-03-13 21:00:00,3383.34,21.111,81,0,2,0,0
2021-03-13 22:00:00,3326.317,21.111,67,0,2,0,0
2021-03-13 23:00:00,3204.701,30.556,67,0,2,0,0
2021-03-14 00:00:00,3342.538,23.889,67,1,2,0,0
2021-03-14 01:00:00,3256.013,23.889,67,1,2,0,0
2021-03-14 02:00:00,3256.013,23.889,67,1,2,0,0
2021-03-14 03:00:00,3256.013,30.556,41,1,2,0,0
2021-03-14 04:00:00,3830.604,30.556,41,1,2,0,0
2021-03-14 05:00:00,4632.342,30.556,41,1,2,0,0
2021-03-14 06:00:00,4892.42,36.111,26,1,2,0,0
2021-03-14 07:00:00,5113.856,36.111,26,1,2,0,0
2021-03-14 08:00:00,4639.063,36.111,26,1,2,0,0
2021-03-14 09:00:00,4639.063,34.444,26,1,2,0,0
2021-03-14 10:00:00,4024.486,34.444,26,1,2,0,0
2021-03-14 11:00:00,3865.885,34.444,26,1,2,0,0
2021-03-14 12:00:00,3800.362,25.0,59,1,2,0,0
2021-03-14 13:00:00,3715.181,25.0,59,1,2,0,0
2021-03-14 14:00:00,3479.297,25.0,59,1,2,0,0
2021-03-14 15:00:00,4117.899,21.667,68,1,2,0,0
2021-03-14 16:00:00,4461.477,21.667,68,1,2,0,0
2021-03-14 17:00:00,3656.21,21.667,68,1,2,0,0
2021-03-14 18:00:00,1030.903,20.0,79,1,2,0,0
2021-03-14 19:00:00,1011.078,20.0,79,1,2,0,0
2021-03-14 20:00:00,951.603,20.0,79,1,2,0,0
2021-03-14 21:00:00,892.127,19.444,87,1,2,0,0
2021-03-14 22:00:00,812.827,19.444,87,1,2,0,0
2021-03-14 23:00:00,713.702,19.444,87,1,2,0,0
2021-03-15 00:00:00,2892.106,24.444,64,0,2,0,0
2021-03-15 01:00:00,2968.718,24.444,64,0,2,0,0
2021-03-15 02:00:00,2942.676,24.444,64,0,2,0,0
2021-03-15 03:00:00,3274.158,32.222,45,0,2,0,0
2021-03-15 04:00:00,3876.302,32.222,45,0,2,0,0
2021-03-15 05:00:00,4497.263,32.222,45,0,2,0,0
2021-03-15 06:00:00,5018.091,35.556,37,0,2,0,0
2021-03-15 07:00:00,4967.688,35.556,37,0,2,0,0
2021-03-15 08:00:00,4984.825,35.556,37,0,2,0,0
2021-03-15 09:00:00,4324.55,32.778,42,0,2,0,0
2021-03-15 10:00:00,4238.529,32.778,42,0,2,0,0
2021-03-15 11:00:00,4123.611,32.778,42,0,2,0,0
2021-03-15 12:00:00,3833.124,25.556,71,0,2,0,0
2021-03-15 13:00:00,3400.501,25.556,71,0,2,0,0
2021-03-15 14:00:00,3932.753,25.556,71,0,2,0,0
2021-03-15 15:00:00,3951.57,22.222,80,0,2,0,0
2021-03-15 16:00:00,3989.204,22.222,80,0,2,0,0
2021-03-15 17:00:00,3608.16,22.222,80,0,2,0,0
2021-03-15 18:00:00,1050.728,20.0,81,0,2,0,0
2021-03-15 19:00:00,1002.509,20.0,81,0,2,0,0
2021-03-15 20:00:00,923.881,20.0,81,0,2,0,0
2021-03-15 21:00:00,892.127,21.667,78,0,2,0,0
2021-03-15 22:00:00,793.002,21.667,78,0,2,0,0
2021-03-15 23:00:00,713.702,21.667,78,0,2,0,0
2021-03-16 00:00:00,3182.539,25.0,71,0,2,0,0
2021-03-16 01:00:00,3182.539,25.0,71,0,2,0,0
2021-03-16 02:00:00,3182.539,25.0,71,0,2,0,0
2021-03-16 03:00:00,3278.98,31.111,54,0,2,0,0
2021-03-16 04:00:00,4050.505,31.111,54,0,2,0,0
2021-03-16 05:00:00,4435.602,31.111,54,0,2,0,0
2021-03-16 06:00:00,5231.736,36.667,34,0,2,0,0
2021-03-16 07:00:00,5073.108,36.667,34,0,2,0,0
2021-03-16 08:00:00,5014.911,36.667,34,0,2,0,0
2021-03-16 09:00:00,4669.055,32.222,48,0,2,0,0
2021-03-16 10:00:00,4532.874,32.222,48,0,2,0,0
2021-03-16 11:00:00,4473.513,32.222,48,0,2,0,0
2021-03-16 12:00:00,4061.479,26.111,66,0,2,0,0
2021-03-16 13:00:00,3780.471,26.111,66,0,2,0,0
2021-03-16 14:00:00,3525.735,26.111,66,0,2,0,0
2021-03-16 15:00:00,4002.118,23.333,78,0,2,0,0
2021-03-16 16:00:00,4339.161,23.333,78,0,2,0,0
2021-03-16 17:00:00,4002.617,23.333,78,0,2,0,0
2021-03-16 18:00:00,939.464,21.111,92,0,2,0,0
2021-03-16 19:00:00,983.694,21.111,92,0,2,0,0
2021-03-16 20:00:00,922.172,21.111,92,0,2,0,0
2021-03-16 21:00:00,843.689,21.667,87,0,2,0,0
2021-03-16 22:00:00,745.752,21.667,87,0,2,0,0
2021-03-16 23:00:00,657.625,21.667,87,0,2,0,0
2021-03-17 00:00:00,2914.023,26.111,79,0,2,0,0
2021-03-17 01:00:00,2988.266,26.111,79,0,2,0,0
2021-03-17 02:00:00,3229.554,26.111,79,0,2,0,0
2021-03-17 03:00:00,3257.884,33.333,47,0,2,0,0
2021-03-17 04:00:00,3531.735,33.333,47,0,2,0,0
2021-03-17 05:00:00,4139.352,33.333,47,0,2,0,0
2021-03-17 06:00:00,4631.698,35.556,44,0,2,0,0
2021-03-17 07:00:00,4788.649,35.556,44,0,2,0,0
2021-03-17 08:00:00,4552.734,35.556,44,0,2,0,0
2021-03-17 09:00:00,4646.025,35.0,47,0,2,0,0
2021-03-17 10:00:00,4494.935,35.0,47,0,2,0,0
2021-03-17 11:00:00,4514.635,35.0,47,0,2,0,0
2021-03-17 12:00:00,4207.408,27.222,76,0,2,0,0
2021-03-17 13:00:00,3276.444,27.222,76,0,2,0,0
2021-03-17 14:00:00,3352.641,27.222,76,0,2,0,0
2021-03-17 15:00:00,3688.523,26.111,76,0,2,0,0
2021-03-17 16:00:00,4287.186,26.111,76,0,2,0,0
2021-03-17 17:00:00,3719.946,26.111,76,0,2,0,0
2021-03-17 18:00:00,944.314,22.222,77,0,2,0,0
2021-03-17 19:00:00,960.595,22.222,77,0,2,0,0
2021-03-17 20:00:00,902.96,22.222,77,0,2,0,0
2021-03-17 21:00:00,845.324,23.889,75,0,2,0,0
2021-03-17 22:00:00,730.215,23.889,75,0,2,0,0
2021-03-17 23:00:00,662.322,23.889,75,0,2,0,0
2021-03-18 00:00:00,3064.483,25.556,72,0,2,0,0
2021-03-18 01:00:00,3102.789,25.556,72,0,2,0,0
2021-03-18 02:00:00,3102.789,25.556,72,0,2,0,0
2021-03-18 03:00:00,3351.778,31.111,49,0,2,0,0
2021-03-18 04:00:00,3379.332,31.111,49,0,2,0,0
2021-03-18 05:00:00,3917.296,31.111,49,0,2,0,0
2021-03-18 06:00:00,4833.281,35.556,40,0,2,0,0
2021-03-18 07:00:00,4946.183,35.556,40,0,2,0,0
2021-03-18 08:00:00,4772.294,35.556,40,0,2,0,0
2021-03-18 09:00:00,4599.748,32.778,44,0,2,0,0
2021-03-18 10:00:00,4262.387,32.778,44,0,2,0,0
2021-03-18 11:00:00,4151.165,32.778,44,0,2,0,0
2021-03-18 12:00:00,4044.311,29.444,52,0,2,0,0
2021-03-18 13:00:00,3709.637,29.444,52,0,2,0,0
2021-03-18 14:00:00,3477.785,29.444,52,0,2,0,0
2021-03-18 15:00:00,3888.063,28.333,63,0,2,0,0
2021-03-18 16:00:00,4309.429,28.333,63,0,2,0,0
2021-03-18 17:00:00,3849.757,28.333,63,0,2,0,0
2021-03-18 18:00:00,1030.903,25.556,66,0,2,0,0
2021-03-18 19:00:00,1011.078,25.556,66,0,2,0,0
2021-03-18 20:00:00,951.603,25.556,66,0,2,0,0
2021-03-18 21:00:00,852.477,24.444,72,0,2,0,0
2021-03-18 22:00:00,740.583,24.444,72,0,2,0,0
2021-03-18 23:00:00,689.509,24.444,72,0,2,0,0
2021-03-19 00:00:00,3045.33,26.667,69,0,2,0,0
2021-03-19 01:00:00,3083.636,26.667,69,0,2,0,0
2021-03-19 02:00:00,3083.636,26.667,69,0,2,0,0
2021-03-19 03:00:00,3284.407,31.667,51,0,2,0,0
2021-03-19 04:00:00,3895.119,31.667,51,0,2,0,0
2021-03-19 05:00:00,4460.637,31.667,51,0,2,0,0
2021-03-19 06:00:00,5061.773,35.556,27,0,2,0,0
2021-03-19 07:00:00,5293.961,35.556,27,0,2,0,0
2021-03-19 08:00:00,4989.193,35.556,27,0,2,0,0
2021-03-19 09:00:00,4717.691,33.333,38,0,2,0,0
2021-03-19 10:00:00,4418.467,33.333,38,0,2,0,0
2021-03-19 11:00:00,4018.606,33.333,38,0,2,0,0
2021-03-19 12:00:00,3702.917,25.556,64,0,2,0,0
2021-03-19 13:00:00,3616.896,25.556,64,0,2,0,0
2021-03-19 14:00:00,3429.734,25.556,64,0,2,0,0
2021-03-19 15:00:00,3945.522,24.444,66,0,2,0,0
2021-03-19 16:00:00,4404.522,24.444,66,0,2,0,0
2021-03-19 17:00:00,3600.767,24.444,66,0,2,0,0
2021-03-19 18:00:00,1050.728,27.222,64,0,2,0,0
2021-03-19 19:00:00,991.253,27.222,64,0,2,0,0
2021-03-19 20:00:00,919.681,27.222,64,0,2,0,0
2021-03-19 21:00:00,832.652,23.333,67,0,2,0,0
2021-03-19 22:00:00,740.583,23.333,67,0,2,0,0
2021-03-19 23:00:00,701.605,23.333,67,0,2,0,0
2021-03-20 00:00:00,3091.364,25.0,63,0,2,0,0
2021-03-20 01:00:00,3091.364,25.0,63,0,2,0,0
2021-03-20 02:00:00,3083.636,25.0,63,0,2,0,0
2021-03-20 03:00:00,3351.778,31.111,41,0,2,0,0
2021-03-20 04:00:00,3951.57,31.111,41,0,2,0,0
2021-03-20 05:00:00,4361.512,31.111,41,0,2,0,0
2021-03-20 06:00:00,4462.149,35.0,32,0,2,0,0
2021-03-20 07:00:00,5133.009,35.0,32,0,2,0,0
2021-03-20 08:00:00,4758.013,35.0,32,0,2,0,0
2021-03-20 09:00:00,4718.363,35.0,40,0,2,1,0
2021-03-20 10:00:00,4043.807,35.0,40,0,2,0,0
2021-03-20 11:00:00,4024.822,35.0,40,0,2,0,0
2021-03-20 12:00:00,3709.637,27.222,71,0,2,0,0
2021-03-20 13:00:00,2260.056,27.222,71,0,2,0,0
2021-03-20 14:00:00,3669.315,27.222,71,0,2,0,0
2021-03-20 15:00:00,4572.531,23.889,76,0,2,0,0
2021-03-20 16:00:00,4309.093,23.889,76,0,2,0,0
2021-03-20 17:00:00,3895.119,23.889,76,0,2,0,0
2021-03-20 18:00:00,954.963,25.556,64,0,2,0,0
2021-03-20 19:00:00,927.409,25.556,64,0,2,0,0
2021-03-20 20:00:00,951.603,25.556,64,0,2,0,0
2021-03-20 21:00:00,832.652,21.667,75,0,2,0,0
2021-03-20 22:00:00,740.583,21.667,75,0,2,0,0
2021-03-20 23:00:00,701.605,21.667,75,0,2,0,0
2021-03-21 00:00:00,3057.572,25.0,61,1,2,0,0
2021-03-21 01:00:00,3057.572,25.0,61,1,2,0,0
2021-03-21 02:00:00,3057.572,25.0,61,1,2,0,0
2021-03-21 03:00:00,3245.153,31.111,43,1,2,0,0
2021-03-21 04:00:00,3435.696,31.111,43,1,2,0,0
2021-03-21 05:00:00,3833.236,31.111,43,1,2,0,0
2021-03-21 06:00:00,4478.252,35.556,30,1,2,0,0
2021-03-21 07:00:00,4858.351,35.556,30,1,2,0,0
2021-03-21 08:00:00,4611.204,35.556,30,1,2,0,0
2021-03-21 09:00:00,4332.794,33.889,45,1,2,0,0
2021-03-21 10:00:00,3927.356,33.889,45,1,2,0,0
2021-03-21 11:00:00,3786.176,33.889,45,1,2,0,0
2021-03-21 12:00:00,3669.679,27.222,65,1,2,0,0
2021-03-21 13:00:00,3292.542,27.222,65,1,2,0,0
2021-03-21 14:00:00,3427.798,27.222,65,1,2,0,0
2021-03-21 15:00:00,3704.233,24.444,76,1,2,0,0
2021-03-21 16:00:00,3841.299,24.444,76,1,2,0,0
2021-03-21 17:00:00,3580.825,24.444,76,1,2,0,0
2021-03-21 18:00:00,962.587,23.889,64,1,2,0,0
2021-03-21 19:00:00,970.814,23.889,64,1,2,0,0
2021-03-21 20:00:00,904.832,23.889,64,1,2,0,0
2021-03-21 21:00:00,820.75,22.222,89,1,2,0,0
2021-03-21 22:00:00,700.138,22.222,89,1,2,0,0
2021-03-21 23:00:00,656.534,22.222,89,1,2,0,0
2021-03-22 00:00:00,3265.422,26.111,72,0,2,0,0
2021-03-22 01:00:00,3341.362,26.111,72,0,2,0,0
2021-03-22 02:00:00,3341.362,26.111,72,0,2,0,0
2021-03-22 03:00:00,3424.694,32.778,40,0,2,0,0
2021-03-22 04:00:00,3715.685,32.778,40,0,2,0,0
2021-03-22 05:00:00,4076.737,32.778,40,0,2,0,0
2021-03-22 06:00:00,4577.571,32.778,40,0,2,0,0
2021-03-22 07:00:00,4955.087,32.778,40,0,2,0,0
2021-03-22 08:00:00,4730.795,32.778,40,0,2,0,0
2021-03-22 09:00:00,4678.713,35.556,43,0,2,0,0
2021-03-22 10:00:00,3970.723,35.556,43,0,2,0,0
2021-03-22 11:00:00,3639.073,35.556,43,0,2,0,0
2021-03-22 12:00:00,3458.464,30.0,48,0,2,0,0
2021-03-22 13:00:00,3341.698,30.0,48,0,2,0,0
2021-03-22 14:00:00,3538.268,30.0,48,0,2,0,0
2021-03-22 15:00:00,3819.851,30.0,31,0,2,0,0
2021-03-22 16:00:00,4117.899,30.0,31,0,2,0,0
2021-03-22 17:00:00,3489.209,30.0,31,0,2,0,0
2021-03-22 18:00:00,1059.632,22.778,87,0,2,0,0
2021-03-22 19:00:00,1050.728,22.778,87,0,2,0,0
2021-03-22 20:00:00,951.603,22.778,87,0,2,0,0
2021-03-22 21:00:00,852.477,26.111,60,0,2,0,0
2021-03-22 22:00:00,786.282,26.111,60,0,2,0,0
2021-03-22 23:00:00,740.583,26.111,60,0,2,0,0
2021-03-23 00:00:00,3250.879,27.778,50,0,2,0,0
2021-03-23 01:00:00,3250.879,27.778,50,0,2,0,0
2021-03-23 02:00:00,3289.58,27.778,50,0,2,0,0
2021-03-23 03:00:00,3452.532,32.222,39,0,2,0,0
2021-03-23 04:00:00,3759.423,32.222,39,0,2,0,0
2021-03-23 05:00:00,4196.846,32.222,39,0,2,0,0
2021-03-23 06:00:00,4507.472,33.889,36,0,2,0,0
2021-03-23 07:00:00,5293.882,33.889,36,0,2,0,0
2021-03-23 08:00:00,4756.821,33.889,36,0,2,0,0
2021-03-23 09:00:00,4860.533,32.222,38,0,2,0,0
2021-03-23 10:00:00,4469.11,32.222,38,0,2,0,0
2021-03-23 11:00:00,4060.204,32.222,38,0,2,0,0
2021-03-23 12:00:00,4099.245,28.333,44,0,2,0,0
2021-03-23 13:00:00,3986.197,28.333,44,0,2,0,0
2021-03-23 14:00:00,3932.05,28.333,44,0,2,0,0
2021-03-23 15:00:00,4427.693,26.111,55,0,2,0,0
2021-03-23 16:00:00,4276.963,26.111,55,0,2,0,0
2021-03-23 17:00:00,3536.044,26.111,55,0,2,0,0
2021-03-23 18:00:00,3004.415,27.222,50,0,2,0,0
2021-03-23 19:00:00,1582.325,27.222,50,0,2,0,0
2021-03-23 20:00:00,1562.296,27.222,50,0,2,0,0
2021-03-23 21:00:00,961.413,21.111,74,0,2,0,0
2021-03-23 22:00:00,834.107,21.111,74,0,2,0,0
2021-03-23 23:00:00,708.838,21.111,74,0,2,0,0
2021-03-24 00:00:00,3184.535,25.556,68,0,2,0,0
2021-03-24 01:00:00,3184.535,25.556,68,0,2,0,0
2021-03-24 02:00:00,3184.535,25.556,68,0,2,0,0
2021-03-24 03:00:00,3419.65,32.778,35,0,2,0,0
2021-03-24 04:00:00,3650.11,32.778,35,0,2,0,0
2021-03-24 05:00:00,3873.586,32.778,35,0,2,0,0
2021-03-24 06:00:00,4723.095,36.667,29,0,2,0,0
2021-03-24 07:00:00,4971.679,36.667,29,0,2,0,0
2021-03-24 08:00:00,4435.602,36.667,29,0,2,0,0
2021-03-24 09:00:00,4198.824,36.111,44,0,2,0,0
2021-03-24 10:00:00,3793.607,36.111,44,0,2,0,0
2021-03-24 11:00:00,3610.204,36.111,44,0,2,0,0
2021-03-24 12:00:00,3462.716,27.222,61,0,2,0,0
2021-03-24 13:00:00,3375.421,27.222,61,0,2,0,0
2021-03-24 14:00:00,3365.444,27.222,61,0,2,0,0
2021-03-24 15:00:00,4246.046,24.444,77,0,2,0,0
2021-03-24 16:00:00,4432.276,24.444,77,0,2,0,0
2021-03-24 17:00:00,3715.291,24.444,77,0,2,0,0
2021-03-24 18:00:00,994.336,25.556,65,0,2,0,0
2021-03-24 19:00:00,1000.654,25.556,65,0,2,0,0
2021-03-24 20:00:00,981.034,25.556,65,0,2,0,0
2021-03-24 21:00:00,941.792,22.778,86,0,2,0,0
2021-03-24 22:00:00,817.085,22.778,86,0,2,0,0
2021-03-24 23:00:00,739.267,22.778,86,0,2,0,0
2021-03-25 00:00:00,3272.797,27.222,71,0,2,0,0
2021-03-25 01:00:00,3272.797,27.222,71,0,2,0,0
2021-03-25 02:00:00,3272.797,27.222,71,0,2,0,0
2021-03-25 03:00:00,3503.818,35.556,29,0,2,0,0
2021-03-25 04:00:00,3657.831,35.556,29,0,2,0,0
2021-03-25 05:00:00,3855.614,35.556,29,0,2,0,0
2021-03-25 06:00:00,4659.909,37.222,27,0,2,0,0
2021-03-25 07:00:00,4733.626,37.222,27,0,2,0,0
2021-03-25 08:00:00,4676.364,37.222,27,0,2,0,0
2021-03-25 09:00:00,4659.909,35.556,37,0,2,0,0
2021-03-25 10:00:00,4427.901,35.556,37,0,2,0,0
2021-03-25 11:00:00,4310.416,35.556,37,0,2,0,0
2021-03-25 12:00:00,3960.923,27.778,59,0,2,0,0
2021-03-25 13:00:00,3747.344,27.778,59,0,2,0,0
2021-03-25 14:00:00,3376.46,27.778,59,0,2,0,0
2021-03-25 15:00:00,4276.52,25.556,72,0,2,0,0
2021-03-25 16:00:00,4367.678,25.556,72,0,2,0,0
2021-03-25 17:00:00,4096.837,25.556,72,0,2,0,0
2021-03-25 18:00:00,1067.896,23.889,76,0,2,0,0
2021-03-25 19:00:00,1009.647,23.889,76,0,2,0,0
2021-03-25 20:00:00,990.231,23.889,76,0,2,0,0
2021-03-25 21:00:00,904.832,22.778,86,0,2,0,0
2021-03-25 22:00:00,794.752,22.778,86,0,2,0,0
2021-03-25 23:00:00,725.149,22.778,86,0,2,0,0
2021-03-26 00:00:00,3226.611,27.222,71,0,2,0,0
2021-03-26 01:00:00,3226.611,27.222,71,0,2,0,0
2021-03-26 02:00:00,3226.611,27.222,71,0,2,0,0
2021-03-26 03:00:00,3390.084,35.556,29,0,2,0,0
2021-03-26 04:00:00,3677.379,35.556,29,0,2,0,0
2021-03-26 05:00:00,3926.369,35.556,29,0,2,0,0
2021-03-26 06:00:00,4290.612,37.222,27,0,2,0,0
2021-03-26 07:00:00,4440.812,37.222,27,0,2,0,0
2021-03-26 08:00:00,4714.331,37.222,27,0,2,0,0
2021-03-26 09:00:00,4321.862,35.556,37,0,2,0,0
2021-03-26 10:00:00,3958.626,35.556,37,0,2,0,0
2021-03-26 11:00:00,3593.711,35.556,37,0,2,0,0
2021-03-26 12:00:00,3419.822,27.778,59,0,2,0,0
2021-03-26 13:00:00,3217.707,27.778,59,0,2,0,0
2021-03-26 14:00:00,3313.472,27.778,59,0,2,0,0
2021-03-26 15:00:00,4024.822,25.556,72,0,2,0,0
2021-03-26 16:00:00,4327.91,25.556,72,0,2,0,0
2021-03-26 17:00:00,3925.361,25.556,72,0,2,0,0
2021-03-26 18:00:00,1030.903,23.889,76,0,2,0,0
2021-03-26 19:00:00,1070.553,23.889,76,0,2,0,0
2021-03-26 20:00:00,1022.166,23.889,76,0,2,0,0
2021-03-26 21:00:00,935.474,21.111,76,0,2,0,0
2021-03-26 22:00:00,881.039,21.111,76,0,2,0,0
2021-03-26 23:00:00,752.68,21.111,76,0,2,0,0
2021-03-27 00:00:00,3231.529,27.222,69,0,2,0,0
2021-03-27 01:00:00,3231.529,27.222,69,0,2,0,0
2021-03-27 02:00:00,3259.876,27.222,69,0,2,0,0
2021-03-27 03:00:00,3504.812,35.0,29,0,2,0,0
2021-03-27 04:00:00,3669.8,35.0,29,0,2,0,0
2021-03-27 05:00:00,3825.962,35.0,29,0,2,0,0
2021-03-27 06:00:00,4603.375,39.444,21,0,2,0,0
2021-03-27 07:00:00,4973.071,39.444,21,0,2,0,0
2021-03-27 08:00:00,4587.759,39.444,21,0,2,0,0
2021-03-27 09:00:00,4201.429,36.667,33,0,2,0,0
2021-03-27 10:00:00,3878.242,36.667,33,0,2,0,0
2021-03-27 11:00:00,3734.641,36.667,33,0,2,0,0
2021-03-27 12:00:00,3425.033,27.778,60,0,2,0,0
2021-03-27 13:00:00,3674.043,27.778,60,0,2,0,0
2021-03-27 14:00:00,3115.426,27.778,60,0,2,1,0
2021-03-27 15:00:00,4087.363,24.444,72,0,2,0,0
2021-03-27 16:00:00,4486.594,24.444,72,0,2,0,0
2021-03-27 17:00:00,3740.242,24.444,72,0,2,0,0
2021-03-27 18:00:00,2681.059,22.222,69,0,2,0,0
2021-03-27 19:00:00,1052.564,22.222,69,0,2,0,0
2021-03-27 20:00:00,1012.844,22.222,69,0,2,0,0
2021-03-27 21:00:00,945.118,21.667,83,0,2,0,0
2021-03-27 22:00:00,890.122,21.667,83,0,2,0,0
2021-03-27 23:00:00,760.44,21.667,83,0,2,0,0
2021-03-28 00:00:00,3184.535,28.889,65,1,2,0,0
2021-03-28 01:00:00,3184.535,28.889,65,1,2,0,0
2021-03-28 02:00:00,3184.535,28.889,65,1,2,0,0
2021-03-28 03:00:00,3430.957,35.556,44,1,2,0,0
2021-03-28 04:00:00,3607.543,35.556,44,1,2,0,0
2021-03-28 05:00:00,3743.225,35.556,44,1,2,0,0
2021-03-28 06:00:00,4742.217,40.0,15,1,2,0,0
2021-03-28 07:00:00,4947.402,40.0,15,1,2,0,0
2021-03-28 08:00:00,4493.633,40.0,15,1,2,0,0
2021-03-28 09:00:00,4414.651,36.111,29,1,2,0,0
2021-03-28 10:00:00,4146.945,36.111,29,1,2,0,0
2021-03-28 11:00:00,3992.64,36.111,29,1,2,0,0
2021-03-28 12:00:00,3780.471,27.222,57,1,2,0,0
2021-03-28 13:00:00,3346.156,27.222,57,1,2,0,0
2021-03-28 14:00:00,2918.159,27.222,57,1,2,0,0
2021-03-28 15:00:00,4002.118,24.444,66,1,2,0,0
2021-03-28 16:00:00,4320.538,24.444,66,1,2,0,0
2021-03-28 17:00:00,3851.97,24.444,66,1,2,0,0
2021-03-28 18:00:00,1079.137,23.333,72,1,2,0,0
2021-03-28 19:00:00,1031.083,23.333,72,1,2,0,0
2021-03-28 20:00:00,972.72,23.333,72,1,2,0,0
2021-03-28 21:00:00,925.83,22.222,78,1,2,0,0
2021-03-28 22:00:00,864.307,22.222,78,1,2,0,0
2021-03-28 23:00:00,789.15,22.222,78,1,2,0,0
2021-03-29 00:00:00,3323.217,28.333,66,0,2,0,0
2021-03-29 01:00:00,3323.217,28.333,66,0,2,0,0
2021-03-29 02:00:00,3323.217,28.333,66,0,2,0,0
2021-03-29 03:00:00,3485.849,35.0,48,0,2,0,0
2021-03-29 04:00:00,3677.379,35.0,48,0,2,0,0
2021-03-29 05:00:00,3872.942,35.0,48,0,2,0,0
2021-03-29 06:00:00,4788.254,39.444,31,0,2,0,0
2021-03-29 07:00:00,4864.867,39.444,31,0,2,0,0
2021-03-29 08:00:00,4637.046,39.444,31,0,2,0,0
2021-03-29 09:00:00,4324.55,37.222,36,0,2,0,0
2021-03-29 10:00:00,3936.785,37.222,36,0,2,0,0
2021-03-29 11:00:00,3538.268,37.222,36,0,2,0,0
2021-03-29 12:00:00,3284.575,29.444,65,0,2,0,0
2021-03-29 13:00:00,3198.554,29.444,65,0,2,0,0
2021-03-29 14:00:00,3198.554,29.444,65,0,2,0,0
2021-03-29 15:00:00,3556.413,27.222,68,0,2,0,0
2021-03-29 16:00:00,4346.727,27.222,68,0,2,0,0
2021-03-29 17:00:00,3891.927,27.222,68,0,2,0,0
2021-03-29 18:00:00,1149.853,22.778,76,0,2,0,0
2021-03-29 19:00:00,1149.853,22.778,76,0,2,0,0
2021-03-29 20:00:00,1070.553,22.778,76,0,2,0,0
2021-03-29 21:00:00,935.474,23.889,83,0,2,0,0
2021-03-29 22:00:00,900.192,23.889,83,0,2,0,0
2021-03-29 23:00:00,816.355,23.889,83,0,2,0,0
2021-03-30 00:00:00,2796.341,28.889,63,0,2,0,0
2021-03-30 01:00:00,2738.882,28.889,63,0,2,0,0
2021-03-30 02:00:00,2738.882,28.889,63,0,2,0,0
2021-03-30 03:00:00,2872.953,37.222,32,0,2,0,0
2021-03-30 04:00:00,3265.422,37.222,32,0,2,0,0
2021-03-30 05:00:00,3531.212,37.222,32,0,2,0,0
2021-03-30 06:00:00,4860.162,40.0,19,0,2,0,0
2021-03-30 07:00:00,5012.042,40.0,19,0,2,0,0
2021-03-30 08:00:00,4521.12,40.0,19,0,2,0,0
2021-03-30 09:00:00,4347.231,38.889,22,0,2,0,0
2021-03-30 10:00:00,4147.636,38.889,22,0,2,0,0
2021-03-30 11:00:00,3849.757,38.889,22,0,2,0,0
2021-03-30 12:00:00,3524.155,29.444,46,0,2,0,0
2021-03-30 13:00:00,3284.575,29.444,46,0,2,0,0
2021-03-30 14:00:00,3284.575,29.444,46,0,2,0,0
2021-03-30 15:00:00,3780.873,24.444,68,0,2,0,0
2021-03-30 16:00:00,4233.825,24.444,68,0,2,0,0
2021-03-30 17:00:00,3632.353,24.444,68,0,2,0,0
2021-03-30 18:00:00,1061.48,25.0,83,0,2,0,0
2021-03-30 19:00:00,1061.48,25.0,83,0,2,0,0
2021-03-30 20:00:00,1002.509,25.0,83,0,2,0,0
2021-03-30 21:00:00,908.088,25.0,61,0,2,0,0
2021-03-30 22:00:00,804.427,25.0,61,0,2,0,0
2021-03-30 23:00:00,759.4,25.0,61,0,2,0,0
2021-03-31 00:00:00,3265.422,29.444,48,0,2,0,0
2021-03-31 01:00:00,3265.422,29.444,48,0,2,0,0
2021-03-31 02:00:00,3265.422,29.444,48,0,2,0,0
2021-03-31 03:00:00,3462.328,37.778,26,0,2,0,0
2021-03-31 04:00:00,3688.132,37.778,26,0,2,0,0
2021-03-31 05:00:00,3989.204,37.778,26,0,2,0,0
2021-03-31 06:00:00,4788.254,41.111,16,0,2,0,0
2021-03-31 07:00:00,4462.653,41.111,16,0,2,0,0
2021-03-31 08:00:00,4268.099,41.111,16,0,2,0,0
2021-03-31 09:00:00,4064.136,38.333,22,0,2,0,0
2021-03-31 10:00:00,3588.335,38.333,22,0,2,0,0
2021-03-31 11:00:00,2825.91,38.333,22,0,2,0,0
2021-03-31 12:00:00,2825.91,27.778,52,0,2,0,0
2021-03-31 13:00:00,3458.464,27.778,52,0,2,0,0
2021-03-31 14:00:00,3696.532,27.778,52,0,2,0,0
2021-03-31 15:00:00,3872.942,23.889,64,0,2,0,0
2021-03-31 16:00:00,4045.655,23.889,64,0,2,0,0
2021-03-31 17:00:00,3709.637,23.889,64,0,2,0,0
2021-03-31 18:00:00,1061.48,25.556,57,0,2,0,0
2021-03-31 19:00:00,1061.48,25.556,57,0,2,0,0
2021-03-31 20:00:00,1002.509,25.556,57,0,2,0,0
2021-03-31 21:00:00,908.088,23.889,64,0,2,0,0
2021-03-31 22:00:00,850.125,23.889,64,0,2,0,0
2021-03-31 23:00:00,804.427,23.889,64,0,2,0,0
2021-04-01 00:00:00,3203.49,29.444,45,0,2,0,0
2021-04-01 01:00:00,3203.49,29.444,45,0,2,0,0
2021-04-01 02:00:00,3203.49,29.444,45,0,2,0,0
2021-04-01 03:00:00,3419.65,37.222,33,0,2,0,0
2021-04-01 04:00:00,3705.979,37.222,33,0,2,0,0
2021-04-01 05:00:00,4018.58,37.222,33,0,2,0,0
2021-04-01 06:00:00,4841.983,40.556,21,0,2,0,0
2021-04-01 07:00:00,4928.447,40.556,21,0,2,0,0
2021-04-01 08:00:00,4551.996,40.556,21,0,2,0,0
2021-04-01 09:00:00,4155.259,38.333,26,0,2,0,0
2021-04-01 10:00:00,3878.242,38.333,26,0,2,0,0
2021-04-01 11:00:00,3423.142,38.333,26,0,2,0,0
2021-04-01 12:00:00,3212.469,28.889,51,0,2,0,0
2021-04-01 13:00:00,3182.539,28.889,51,0,2,0,0
2021-04-01 14:00:00,3143.963,28.889,51,0,2,0,0
2021-04-01 15:00:00,3279.313,25.0,68,0,2,0,0
2021-04-01 16:00:00,3363.282,25.0,68,0,2,0,0
2021-04-01 17:00:00,3513.597,25.0,68,0,2,0,0
2021-04-01 18:00:00,1069.992,23.333,68,0,2,0,0
2021-04-01 19:00:00,1050.537,23.333,68,0,2,0,0
2021-04-01 20:00:00,1011.629,23.333,68,0,2,0,0
2021-04-01 21:00:00,917.848,22.778,72,0,2,0,0
2021-04-01 22:00:00,841.361,22.778,72,0,2,0,0
2021-04-01 23:00:00,751.571,22.778,72,0,2,0,0
2021-04-02 00:00:00,3217.707,28.889,47,0,2,0,0
2021-04-02 01:00:00,3217.707,28.889,47,0,2,0,0
2021-04-02 02:00:00,3217.707,28.889,47,0,2,0,0
2021-04-02 03:00:00,3505.002,37.222,26,0,2,0,0
2021-04-02 04:00:00,3569.182,37.222,26,0,2,0,0
2021-04-02 05:00:00,4328.582,37.222,26,0,2,0,0
2021-04-02 06:00:00,4711.642,41.111,22,0,2,0,0
2021-04-02 07:00:00,4677.369,41.111,22,0,2,0,0
2021-04-02 08:00:00,4560.434,41.111,22,0,2,0,0
2021-04-02 09:00:00,4202.911,37.778,28,0,2,0,0
2021-04-02 10:00:00,3758.696,37.778,28,0,2,0,0
2021-04-02 11:00:00,3293.647,37.778,28,0,2,0,0
2021-04-02 12:00:00,3118.246,28.333,57,0,2,0,0
2021-04-02 13:00:00,2942.844,28.333,57,0,2,0,0
2021-04-02 14:00:00,3207.29,28.333,57,0,2,0,0
2021-04-02 15:00:00,3379.332,25.556,64,0,2,0,0
2021-04-02 16:00:00,618.273,25.556,64,0,2,0,0
2021-04-02 17:00:00,637.594,25.556,64,0,2,0,0
2021-04-02 18:00:00,1052.408,23.889,71,0,2,0,0
2021-04-02 19:00:00,1120.452,23.889,71,0,2,0,0
2021-04-02 20:00:00,1052.408,23.889,71,0,2,0,0
2021-04-02 21:00:00,927.409,22.222,72,0,2,0,0
2021-04-02 22:00:00,830.804,22.222,72,0,2,0,0
2021-04-02 23:00:00,759.4,22.222,72,0,2,0,0
2021-04-03 00:00:00,3013.935,27.222,67,0,2,0,0
2021-04-03 01:00:00,3013.935,27.222,67,0,2,0,0
2021-04-03 02:00:00,3013.935,27.222,67,0,2,0,0
2021-04-03 03:00:00,3127.668,35.556,34,0,2,0,0
2021-04-03 04:00:00,3250.547,35.556,34,0,2,0,0
2021-04-03 05:00:00,4072.952,35.556,34,0,2,0,0
2021-04-03 06:00:00,4971.679,38.889,29,0,2,0,0
2021-04-03 07:00:00,5116.506,38.889,29,0,2,0,0
2021-04-03 08:00:00,4907.163,38.889,29,0,2,0,0
2021-04-03 09:00:00,4130.318,36.667,45,0,2,0,0
2021-04-03 10:00:00,3819.047,36.667,45,0,2,0,0
2021-04-03 11:00:00,3404.519,36.667,45,0,2,0,0
2021-04-03 12:00:00,3257.031,30.0,72,0,2,0,0
2021-04-03 13:00:00,3276.652,30.0,72,0,2,0,0
2021-04-03 14:00:00,3335.514,30.0,72,0,2,0,0
2021-04-03 15:00:00,3587.59,26.667,85,0,2,0,0
2021-04-03 16:00:00,3999.624,26.667,85,0,2,0,0
2021-04-03 17:00:00,1844.343,26.667,85,0,2,0,0
2021-04-03 18:00:00,1041.558,24.444,70,0,2,0,0
2021-04-03 19:00:00,1041.558,24.444,70,0,2,0,0
2021-04-03 20:00:00,1069.992,24.444,70,0,2,0,0
2021-04-03 21:00:00,925.83,27.222,87,0,2,0,0
2021-04-03 22:00:00,829.389,27.222,87,0,2,0,0
2021-04-03 23:00:00,807.939,27.222,87,0,2,0,0
2021-04-04 00:00:00,2897.818,28.333,81,1,2,0,0
2021-04-04 01:00:00,2897.818,28.333,81,1,2,0,0
2021-04-04 02:00:00,2897.818,28.333,81,1,2,0,0
2021-04-04 03:00:00,3104.805,32.778,64,1,2,0,0
2021-04-04 04:00:00,3458.464,32.778,64,1,2,0,0
2021-04-04 05:00:00,3778.017,32.778,64,1,2,0,0
2021-04-04 06:00:00,4361.512,36.111,52,1,2,0,0
2021-04-04 07:00:00,4044.311,36.111,52,1,2,0,0
2021-04-04 08:00:00,3965.011,36.111,52,1,2,0,0
2021-04-04 09:00:00,3667.635,35.0,61,1,2,0,0
2021-04-04 10:00:00,3727.11,35.0,61,1,2,0,0
2021-04-04 11:00:00,3391.092,35.0,61,1,2,0,0
2021-04-04 12:00:00,3243.412,29.444,76,1,2,0,0
2021-04-04 13:00:00,3105.813,29.444,76,1,2,0,0
2021-04-04 14:00:00,3027.185,29.444,76,1,2,0,0
2021-04-04 15:00:00,3361.859,27.222,81,1,2,0,0
2021-04-04 16:00:00,3910.912,27.222,81,1,2,0,0
2021-04-04 17:00:00,3198.89,27.222,81,1,2,0,0
2021-04-04 18:00:00,1071.897,28.333,73,1,2,0,0
2021-04-04 19:00:00,1061.48,28.333,73,1,2,0,0
2021-04-04 20:00:00,1041.823,28.333,73,1,2,0,0
2021-04-04 21:00:00,935.474,25.0,95,1,2,0,0
2021-04-04 22:00:00,830.804,25.0,95,1,2,0,0
2021-04-04 23:00:00,759.4,25.0,95,1,2,0,0
2021-04-05 00:00:00,2733.841,30.0,76,0,2,0,0
2021-04-05 01:00:00,2733.841,30.0,76,0,2,0,0
2021-04-05 02:00:00,2733.841,30.0,76,0,2,0,0
2021-04-05 03:00:00,2771.811,33.889,67,0,2,0,0
2021-04-05 04:00:00,2935.452,33.889,67,0,2,0,0
2021-04-05 05:00:00,3537.596,33.889,67,0,2,0,0
2021-04-05 06:00:00,4290.612,36.667,53,0,2,0,0
2021-04-05 07:00:00,4321.862,36.667,53,0,2,0,0
2021-04-05 08:00:00,4302.037,36.667,53,0,2,0,0
2021-04-05 09:00:00,4044.311,35.0,61,0,2,0,0
2021-04-05 10:00:00,3160.248,35.0,61,0,2,0,0
2021-04-05 11:00:00,3284.407,35.0,61,0,2,0,0
2021-04-05 12:00:00,3428.39,29.444,75,0,2,0,0
2021-04-05 13:00:00,3217.707,29.444,75,0,2,0,0
2021-04-05 14:00:00,3379.332,29.444,75,0,2,0,0
2021-04-05 15:00:00,3588.167,28.333,83,0,2,0,0
2021-04-05 16:00:00,3677.379,28.333,83,0,2,0,0
2021-04-05 17:00:00,3548.685,28.333,83,0,2,0,0
2021-04-05 18:00:00,1071.897,28.333,83,0,2,0,0
2021-04-05 19:00:00,1052.408,28.333,91,0,2,0,0
2021-04-05 20:00:00,993.941,24.444,91,0,2,0,0
2021-04-05 21:00:00,927.409,24.444,91,0,2,0,0
2021-04-05 22:00:00,835.34,24.444,91,0,2,0,0
2021-04-05 23:00:00,797.37,24.444,91,0,2,0,0
2021-04-06 00:00:00,2892.106,30.0,71,0,2,0,0
2021-04-06 01:00:00,2892.106,30.0,71,0,2,0,0
2021-04-06 02:00:00,2892.106,30.0,71,0,2,0,0
2021-04-06 03:00:00,3189.481,35.0,59,0,2,0,0
2021-04-06 04:00:00,3379.332,35.0,59,0,2,0,0
2021-04-06 05:00:00,3763.4,35.0,59,0,2,0,0
2021-04-06 06:00:00,4347.567,37.778,48,0,2,0,0
2021-04-06 07:00:00,4231.305,37.778,48,0,2,0,0
2021-04-06 08:00:00,4083.961,37.778,48,0,2,0,0
2021-04-06 09:00:00,3588.335,36.667,53,0,2,0,0
2021-04-06 10:00:00,3568.51,36.667,53,0,2,0,0
2021-04-06 11:00:00,3215.691,36.667,53,0,2,0,0
2021-04-06 12:00:00,3007.528,31.111,63,0,2,0,0
2021-04-06 13:00:00,3033.233,31.111,63,0,2,0,0
2021-04-06 14:00:00,3033.233,31.111,63,0,2,0,0
2021-04-06 15:00:00,3274.158,27.222,77,0,2,0,0
2021-04-06 16:00:00,3721.062,27.222,77,0,2,0,0
2021-04-06 17:00:00,3498.954,27.222,77,0,2,0,0
2021-04-06 18:00:00,1041.823,26.667,83,0,2,0,0
2021-04-06 19:00:00,1081.137,26.667,83,0,2,0,0
2021-04-06 20:00:00,1081.137,26.667,83,0,2,0,0
2021-04-06 21:00:00,974.452,25.556,83,0,2,0,0
2021-04-06 22:00:00,935.474,25.556,83,0,2,0,0
2021-04-06 23:00:00,818.539,25.556,83,0,2,0,0
2021-04-07 00:00:00,2704.944,27.222,83,0,2,0,0
2021-04-07 01:00:00,2704.944,27.222,83,0,2,0,0
2021-04-07 02:00:00,2704.944,27.222,83,0,2,0,0
2021-04-07 03:00:00,2975.438,34.444,54,0,2,0,0
2021-04-07 04:00:00,3040.29,34.444,54,0,2,0,0
2021-04-07 05:00:00,3235.18,34.444,54,0,2,0,0
2021-04-07 06:00:00,3876.302,37.778,44,0,2,0,0
2021-04-07 07:00:00,3895.119,37.778,44,0,2,0,0
2021-04-07 08:00:00,3722.406,37.778,44,0,2,0,0
2021-04-07 09:00:00,3332.625,35.556,49,0,2,0,0
2021-04-07 10:00:00,3302.383,35.556,49,0,2,0,0
2021-04-07 11:00:00,2968.214,35.556,49,0,2,0,0
2021-04-07 12:00:00,2795.333,31.667,61,0,2,0,0
2021-04-07 13:00:00,2799.029,31.667,61,0,2,0,0
2021-04-07 14:00:00,2739.05,31.667,61,0,2,0,0
2021-04-07 15:00:00,3007.024,30.556,52,0,2,0,0
2021-04-07 16:00:00,3330.609,30.556,52,0,2,0,0
2021-04-07 17:00:00,2869.929,30.556,52,0,2,0,0
2021-04-07 18:00:00,1032.919,25.556,86,0,2,0,0
2021-04-07 19:00:00,1081.137,25.556,86,0,2,0,0
2021-04-07 20:00:00,1002.509,25.556,86,0,2,0,0
2021-04-07 21:00:00,935.474,27.222,72,0,2,0,0
2021-04-07 22:00:00,850.125,27.222,72,0,2,0,0
2021-04-07 23:00:00,759.4,27.222,72,0,2,0,0
2021-04-08 00:00:00,2654.749,28.333,76,0,2,0,0
2021-04-08 01:00:00,2654.749,28.333,76,0,2,0,0
2021-04-08 02:00:00,2654.749,28.333,76,0,2,0,0
2021-04-08 03:00:00,3006.113,34.444,56,0,2,0,0
2021-04-08 04:00:00,3115.426,34.444,56,0,2,0,0
2021-04-08 05:00:00,3222.363,34.444,56,0,2,0,0
2021-04-08 06:00:00,3859.231,37.778,40,0,2,0,0
2021-04-08 07:00:00,3859.231,37.778,40,0,2,0,0
2021-04-08 08:00:00,3637.889,37.778,40,0,2,0,0
2021-04-08 09:00:00,3304.857,36.111,39,0,2,0,0
2021-04-08 10:00:00,3544.192,36.111,39,0,2,0,0
2021-04-08 11:00:00,3204.71,36.111,39,0,2,0,0
2021-04-08 12:00:00,2924.298,30.0,54,0,2,0,0
2021-04-08 13:00:00,2844.18,30.0,54,0,2,0,0
2021-04-08 14:00:00,3025.633,30.0,54,0,2,0,0
2021-04-08 15:00:00,3212.178,30.556,60,0,2,0,0
2021-04-08 16:00:00,3356.628,30.556,60,0,2,0,0
2021-04-08 17:00:00,2771.87,30.556,60,0,2,0,0
2021-04-08 18:00:00,1101.619,28.889,61,0,2,0,0
2021-04-08 19:00:00,1101.619,28.889,61,0,2,0,0
2021-04-08 20:00:00,1043.568,28.889,61,0,2,0,0
2021-04-08 21:00:00,956.49,27.222,69,0,2,0,0
2021-04-08 22:00:00,843.952,27.222,69,0,2,0,0
2021-04-08 23:00:00,786.41,27.222,69,0,2,0,0
2021-04-09 00:00:00,2479.067,27.778,77,0,2,0,0
2021-04-09 01:00:00,2479.067,27.778,77,0,2,0,0
2021-04-09 02:00:00,2479.067,27.778,77,0,2,0,0
2021-04-09 03:00:00,2685.302,32.778,59,0,2,0,0
2021-04-09 04:00:00,2927.692,32.778,59,0,2,0,0
2021-04-09 05:00:00,3250.879,32.778,59,0,2,0,0
2021-04-09 06:00:00,3701.881,33.889,56,0,2,0,0
2021-04-09 07:00:00,3560.487,33.889,56,0,2,0,0
2021-04-09 08:00:00,3244.769,33.889,56,0,2,0,0
2021-04-09 09:00:00,3044.474,33.889,55,0,2,0,0
2021-04-09 10:00:00,2824.15,33.889,55,0,2,0,0
2021-04-09 11:00:00,2747.767,33.889,55,0,2,0,0
2021-04-09 12:00:00,2732.83,30.556,64,0,2,0,0
2021-04-09 13:00:00,2599.074,30.556,64,0,2,0,0
2021-04-09 14:00:00,2732.83,30.556,64,0,2,0,0
2021-04-09 15:00:00,2767.117,29.444,64,0,2,0,0
2021-04-09 16:00:00,3030.555,29.444,64,0,2,0,0
2021-04-09 17:00:00,2764.062,29.444,64,0,2,0,0
2021-04-09 18:00:00,1041.531,27.222,75,0,2,0,0
2021-04-09 19:00:00,1061.56,27.222,75,0,2,0,0
2021-04-09 20:00:00,1052.564,27.222,75,0,2,0,0
2021-04-09 21:00:00,953.265,27.778,75,0,2,0,0
2021-04-09 22:00:00,826.978,27.778,75,0,2,0,0
2021-04-09 23:00:00,2203.238,27.778,75,0,2,0,0
2021-04-10 00:00:00,2184.566,27.778,77,0,2,0,0
2021-04-10 01:00:00,2184.566,27.778,77,0,2,0,0
2021-04-10 02:00:00,2184.566,27.778,77,0,2,0,0
2021-04-10 03:00:00,2165.895,33.333,58,0,2,0,0
2021-04-10 04:00:00,2342.426,33.333,58,0,2,0,0
2021-04-10 05:00:00,2635.229,33.333,58,0,2,0,0
2021-04-10 06:00:00,3345.934,36.111,47,0,2,0,0
2021-04-10 07:00:00,3483.085,36.111,47,0,2,1,0
2021-04-10 08:00:00,3327.602,36.111,47,0,2,1,0
2021-04-10 09:00:00,3244.769,35.0,50,0,2,0,0
2021-04-10 10:00:00,3560.487,35.0,50,0,2,0,0
2021-04-10 11:00:00,3231.868,35.0,50,0,2,0,0
2021-04-10 12:00:00,3174.835,30.0,67,0,2,0,0
2021-04-10 13:00:00,2889.67,30.0,67,0,2,0,0
2021-04-10 14:00:00,2775.604,30.0,67,0,2,0,0
2021-04-10 15:00:00,3098.791,26.667,73,0,2,0,0
2021-04-10 16:00:00,3250.879,26.667,73,0,2,0,0
2021-04-10 17:00:00,2927.692,26.667,73,0,2,0,0
2021-04-10 18:00:00,1061.56,29.444,67,0,2,0,0
2021-04-10 19:00:00,1101.619,29.444,67,0,2,0,0
2021-04-10 20:00:00,1081.59,29.444,67,0,2,0,0
2021-04-10 21:00:00,961.413,24.444,78,0,2,0,0
2021-04-10 22:00:00,834.107,24.444,78,0,2,0,0
2021-04-10 23:00:00,794.388,24.444,78,0,2,0,0
2021-04-11 00:00:00,2244.145,26.667,66,1,2,0,0
2021-04-11 01:00:00,2244.145,26.667,66,1,2,0,0
2021-04-11 02:00:00,2244.145,26.667,66,1,2,0,0
2021-04-11 03:00:00,2323.415,32.222,48,1,2,0,0
2021-04-11 04:00:00,2342.426,32.222,48,1,2,0,0
2021-04-11 05:00:00,2857.929,32.222,48,1,2,0,0
2021-04-11 06:00:00,3269.89,32.222,54,1,2,0,0
2021-04-11 07:00:00,3299.086,32.222,54,1,2,0,0
2021-04-11 08:00:00,3279.396,32.222,54,1,2,0,0
2021-04-11 09:00:00,3336.429,31.111,64,1,2,0,0
2021-04-11 10:00:00,3364.945,31.111,64,1,2,0,0
2021-04-11 11:00:00,2810.911,31.111,64,1,2,0,0
2021-04-11 12:00:00,2542.041,26.111,80,1,2,0,0
2021-04-11 13:00:00,2542.041,26.111,80,1,2,0,0
2021-04-11 14:00:00,2717.214,26.111,80,1,2,0,0
2021-04-11 15:00:00,2921.921,25.556,79,1,2,0,0
2021-04-11 16:00:00,2795.973,25.556,79,1,2,0,0
2021-04-11 17:00:00,2643.885,25.556,79,1,2,0,0
2021-04-11 18:00:00,1081.59,26.111,83,1,2,0,0
2021-04-11 19:00:00,1101.619,26.111,83,1,2,0,0
2021-04-11 20:00:00,1021.501,26.111,83,1,2,0,0
2021-04-11 21:00:00,961.413,23.889,83,1,2,0,0
2021-04-11 22:00:00,873.827,23.889,83,1,2,0,0
2021-04-11 23:00:00,834.107,23.889,83,1,2,0,0
2021-04-12 00:00:00,2482.462,29.444,68,0,2,0,0
2021-04-12 01:00:00,2482.462,29.444,68,0,2,0,0
2021-04-12 02:00:00,2482.462,29.444,68,0,2,0,0
2021-04-12 03:00:00,2638.454,33.889,56,0,2,0,0
2021-04-12 04:00:00,2815.663,33.889,56,0,2,0,0
2021-04-12 05:00:00,3032.253,33.889,56,0,2,0,0
2021-04-12 06:00:00,3586.797,36.111,41,0,2,0,0
2021-04-12 07:00:00,3386.333,36.111,41,0,2,0,0
2021-04-12 08:00:00,3386.333,36.111,41,0,2,0,0
2021-04-12 09:00:00,2992.873,35.0,46,0,2,0,0
2021-04-12 10:00:00,2681.059,35.0,46,0,2,0,0
2021-04-12 11:00:00,2503.679,35.0,46,0,2,0,0
2021-04-12 12:00:00,2443.591,31.111,54,0,2,0,0
2021-04-12 13:00:00,2343.444,31.111,54,0,2,0,0
2021-04-12 14:00:00,2343.444,31.111,54,0,2,0,0
2021-04-12 15:00:00,2383.163,27.778,59,0,2,0,0
2021-04-12 16:00:00,2542.041,27.778,59,0,2,0,0
2021-04-12 17:00:00,2263.326,27.778,59,0,2,0,0
2021-04-12 18:00:00,1012.844,24.444,81,0,2,0,0
2021-04-12 19:00:00,1052.564,24.444,81,0,2,0,0
2021-04-12 20:00:00,1052.564,24.444,81,0,2,0,0
2021-04-12 21:00:00,953.265,23.333,83,0,2,0,0
2021-04-12 22:00:00,834.107,23.333,83,0,2,0,0
2021-04-12 23:00:00,814.247,23.333,83,0,2,0,0
2021-04-13 00:00:00,1966.11,28.333,70,0,2,0,0
2021-04-13 01:00:00,1966.11,28.333,70,0,2,0,0
2021-04-13 02:00:00,1966.11,28.333,70,0,2,0,0
2021-04-13 03:00:00,1966.11,34.444,48,0,2,0,0
2021-04-13 04:00:00,2386.905,34.444,48,0,2,0,0
2021-04-13 05:00:00,2736.71,34.444,48,0,2,0,0
2021-04-13 06:00:00,3010.381,36.667,44,0,2,0,0
2021-04-13 07:00:00,3371.503,36.667,44,0,2,0,0
2021-04-13 08:00:00,3303.599,36.667,44,0,2,0,0
2021-04-13 09:00:00,3127.668,36.111,47,0,2,0,0
2021-04-13 10:00:00,2888.978,36.111,47,0,2,0,0
2021-04-13 11:00:00,2650.63,36.111,47,0,2,0,0
2021-04-13 12:00:00,2448.635,30.556,54,0,2,0,0
2021-04-13 13:00:00,2287.45,30.556,54,0,2,0,0
2021-04-13 14:00:00,2347.123,30.556,54,0,2,0,0
2021-04-13 15:00:00,2502.134,33.889,53,0,2,0,0
2021-04-13 16:00:00,2853.997,33.889,53,0,2,0,0
2021-04-13 17:00:00,2529.227,33.889,53,0,2,0,0
2021-04-13 18:00:00,1163.616,25.556,72,0,2,0,0
2021-04-13 19:00:00,1143.554,25.556,72,0,2,0,0
2021-04-13 20:00:00,1103.429,25.556,72,0,2,0,0
2021-04-13 21:00:00,962.993,25.0,65,0,2,0,0
2021-04-13 22:00:00,877.427,25.0,65,0,2,0,0
2021-04-13 23:00:00,877.427,25.0,65,0,2,0,0
2021-04-14 00:00:00,774.989,27.222,64,0,2,0,0
2021-04-14 01:00:00,774.989,27.222,64,0,2,0,0
2021-04-14 02:00:00,678.115,27.222,64,0,2,0,0
2021-04-14 03:00:00,639.366,30.556,56,0,2,0,0
2021-04-14 04:00:00,619.991,30.556,56,0,2,0,0
2021-04-14 05:00:00,614.781,30.556,56,0,2,0,0
2021-04-14 06:00:00,1235.749,31.667,56,0,2,0,0
2021-04-14 07:00:00,1472.479,31.667,56,0,2,0,0
2021-04-14 08:00:00,1536.953,31.667,56,0,2,0,0
2021-04-14 09:00:00,1460.105,33.889,48,0,2,0,0
2021-04-14 10:00:00,1485.829,33.889,48,0,2,0,0
2021-04-14 11:00:00,1498.529,33.889,48,0,2,0,0
2021-04-14 12:00:00,1498.529,27.778,75,0,2,0,0
2021-04-14 13:00:00,1562.026,27.778,75,0,2,0,0
2021-04-14 14:00:00,1619.173,27.778,75,0,2,0,0
2021-04-14 15:00:00,1485.829,26.111,82,0,2,0,0
2021-04-14 16:00:00,1517.741,26.111,82,0,2,0,0
2021-04-14 17:00:00,1517.741,26.111,82,0,2,0,0
2021-04-14 18:00:00,1037.443,26.667,65,0,2,0,0
2021-04-14 19:00:00,1037.443,26.667,65,0,2,0,0
2021-04-14 20:00:00,979.807,26.667,65,0,2,0,0
2021-04-14 21:00:00,902.96,25.0,66,0,2,0,0
2021-04-14 22:00:00,845.324,25.0,66,0,2,0,0
2021-04-14 23:00:00,768.476,25.0,66,0,2,0,0
2021-04-15 00:00:00,1529.196,27.222,59,0,2,0,0
2021-04-15 01:00:00,1529.196,27.222,59,0,2,0,0
2021-04-15 02:00:00,1529.196,27.222,59,0,2,0,0
2021-04-15 03:00:00,1529.196,33.333,40,0,2,0,0
2021-04-15 04:00:00,1614.576,33.333,40,0,2,0,0
2021-04-15 05:00:00,1271.02,33.333,40,0,2,0,0
2021-04-15 06:00:00,1296.482,37.222,38,0,2,0,0
2021-04-15 07:00:00,1277.131,37.222,38,0,2,0,0
2021-04-15 08:00:00,1918.073,37.222,38,0,2,0,0
2021-04-15 09:00:00,1971.541,35.0,40,0,2,0,0
2021-04-15 10:00:00,1991.062,35.0,40,0,2,0,0
2021-04-15 11:00:00,1890.236,35.0,40,0,2,0,0
2021-04-15 12:00:00,1850.856,26.667,66,0,2,0,0
2021-04-15 13:00:00,1850.856,26.667,66,0,2,0,0
2021-04-15 14:00:00,1850.856,26.667,66,0,2,0,0
2021-04-15 15:00:00,1756.819,26.667,67,0,2,1,0
2021-04-15 16:00:00,1896.346,26.667,67,0,2,0,0
2021-04-15 17:00:00,1795.86,26.667,67,0,2,0,0
2021-04-15 18:00:00,1043.568,26.667,56,0,2,0,0
2021-04-15 19:00:00,1151.862,26.667,56,0,2,0,0
2021-04-15 20:00:00,1082.947,26.667,56,0,2,0,0
2021-04-15 21:00:00,925.428,23.889,83,0,2,0,0
2021-04-15 22:00:00,866.358,23.889,83,0,2,0,0
2021-04-15 23:00:00,787.598,23.889,83,0,2,0,0
2021-04-16 00:00:00,1618.705,28.333,74,0,2,0,0
2021-04-16 01:00:00,1618.705,28.333,74,0,2,0,0
2021-04-16 02:00:00,1618.705,28.333,74,0,2,0,0
2021-04-16 03:00:00,1618.705,34.444,58,0,2,0,0
2021-04-16 04:00:00,1631.051,34.444,58,0,2,0,0
2021-04-16 05:00:00,1676.149,34.444,58,0,2,0,0
2021-04-16 06:00:00,2034.528,37.778,34,0,2,0,0
2021-04-16 07:00:00,2286.421,37.778,34,0,2,0,0
2021-04-16 08:00:00,2247.668,37.778,34,0,2,0,0
2021-04-16 09:00:00,2325.174,36.667,42,0,2,0,0
2021-04-16 10:00:00,2150.272,36.667,42,0,2,0,0
2021-04-16 11:00:00,2015.151,36.667,42,0,2,0,0
2021-04-16 12:00:00,1876.601,29.444,61,0,2,0,0
2021-04-16 13:00:00,1873.343,29.444,61,0,2,0,0
2021-04-16 14:00:00,1873.343,29.444,61,0,2,0,0
2021-04-16 15:00:00,1993.888,27.222,68,0,2,0,0
2021-04-16 16:00:00,1976.398,27.222,68,0,2,0,0
2021-04-16 17:00:00,1896.149,27.222,68,0,2,0,0
2021-04-16 18:00:00,1074.107,26.111,70,0,2,0,0
2021-04-16 19:00:00,1074.107,26.111,70,0,2,0,0
2021-04-16 20:00:00,1054.216,26.111,70,0,2,0,0
2021-04-16 21:00:00,934.871,26.667,82,0,2,0,0
2021-04-16 22:00:00,875.198,26.667,82,0,2,0,0
2021-04-16 23:00:00,835.417,26.667,82,0,2,0,0
2021-04-17 00:00:00,1699.641,29.444,72,0,2,0,0
2021-04-17 01:00:00,1699.641,29.444,72,0,2,0,0
2021-04-17 02:00:00,1699.641,29.444,72,0,2,0,0
2021-04-17 03:00:00,1740.108,34.444,55,0,2,0,0
2021-04-17 04:00:00,1775.26,34.444,55,0,2,0,0
2021-04-17 05:00:00,1932.501,34.444,55,0,2,0,0
2021-04-17 06:00:00,2169.134,37.778,43,0,2,0,0
2021-04-17 07:00:00,2015.151,37.778,43,0,2,0,0
2021-04-17 08:00:00,2422.057,37.778,43,0,2,0,0
2021-04-17 09:00:00,2441.433,36.667,49,0,2,0,0
2021-04-17 10:00:00,2482.587,36.667,49,0,2,0,0
2021-04-17 11:00:00,2482.587,36.667,49,0,2,0,0
2021-04-17 12:00:00,2248.011,30.556,65,0,2,0,0
2021-04-17 13:00:00,2111.176,30.556,65,0,2,0,0
2021-04-17 14:00:00,2091.628,30.556,65,0,2,0,0
2021-04-17 15:00:00,2032.984,30.0,50,0,2,0,0
2021-04-17 16:00:00,2130.724,30.0,50,0,2,0,0
2021-04-17 17:00:00,2248.011,30.0,50,0,2,0,0
2021-04-17 18:00:00,1113.889,28.333,73,0,2,0,0
2021-04-17 19:00:00,1113.889,28.333,73,0,2,0,0
2021-04-17 20:00:00,1074.107,28.333,73,0,2,0,0
2021-04-17 21:00:00,994.544,27.222,75,0,2,0,0
2021-04-17 22:00:00,895.089,27.222,75,0,2,0,0
2021-04-17 23:00:00,855.307,27.222,75,0,2,0,0
2021-04-18 00:00:00,1695.369,30.556,67,1,2,0,0
2021-04-18 01:00:00,1695.369,30.556,67,1,2,0,0
2021-04-18 02:00:00,1695.369,30.556,67,1,2,0,0
2021-04-18 03:00:00,1813.083,36.667,45,1,2,0,0
2021-04-18 04:00:00,1928.517,36.667,45,1,2,0,0
2021-04-18 05:00:00,1986.967,36.667,45,1,2,0,0
2021-04-18 06:00:00,2297.614,39.444,39,1,2,0,0
2021-04-18 07:00:00,2297.614,39.444,39,1,2,0,0
2021-04-18 08:00:00,2370.554,39.444,39,1,2,0,0
2021-04-18 09:00:00,2354.924,37.222,47,1,2,0,0
2021-04-18 10:00:00,2245.839,37.222,47,1,2,0,0
2021-04-18 11:00:00,2171.597,37.222,47,1,2,0,0
2021-04-18 12:00:00,2151.734,30.0,67,1,2,0,0
2021-04-18 13:00:00,2242.909,30.0,67,1,2,0,0
2021-04-18 14:00:00,2334.084,30.0,67,1,2,0,0
2021-04-18 15:00:00,2334.084,29.444,67,1,2,0,0
2021-04-18 16:00:00,2516.434,29.444,67,1,2,0,0
2021-04-18 17:00:00,2262.935,29.444,67,1,2,0,0
2021-04-18 18:00:00,1028.651,27.222,65,1,2,0,0
2021-04-18 19:00:00,1028.651,27.222,65,1,2,0,0
2021-04-18 20:00:00,1028.651,27.222,65,1,2,0,0
2021-04-18 21:00:00,906.542,26.667,80,1,2,0,0
2021-04-18 22:00:00,830.996,26.667,80,1,2,0,0
2021-04-18 23:00:00,793.224,26.667,80,1,2,0,0
2021-04-19 00:00:00,1799.594,31.111,69,0,2,0,0
2021-04-19 01:00:00,1799.594,31.111,69,0,2,0,0
2021-04-19 02:00:00,1799.594,31.111,69,0,2,0,0
2021-04-19 03:00:00,1911.223,37.778,44,0,2,0,0
2021-04-19 04:00:00,2002.233,37.778,44,0,2,0,0
2021-04-19 05:00:00,2110.802,37.778,44,0,2,0,0
2021-04-19 06:00:00,1894.309,41.667,29,0,2,0,0
2021-04-19 07:00:00,2074.72,41.667,29,0,2,0,0
2021-04-19 08:00:00,2706.156,41.667,29,0,2,0,0
2021-04-19 09:00:00,2706.156,37.778,45,0,2,0,0
2021-04-19 10:00:00,2511.893,37.778,45,0,2,0,0
2021-04-19 11:00:00,2332.127,37.778,45,0,2,0,0
2021-04-19 12:00:00,2278.487,32.222,53,0,2,0,0
2021-04-19 13:00:00,2222.914,32.222,53,0,2,0,0
2021-04-19 14:00:00,2222.914,32.222,53,0,2,0,0
2021-04-19 15:00:00,2258.674,31.111,50,0,2,0,0
2021-04-19 16:00:00,2420.882,31.111,50,0,2,0,0
2021-04-19 17:00:00,1945.05,31.111,50,0,2,0,0
2021-04-19 18:00:00,971.639,28.333,77,0,2,0,0
2021-04-19 19:00:00,1046.38,28.333,77,0,2,0,0
2021-04-19 20:00:00,1009.01,28.333,77,0,2,0,0
2021-04-19 21:00:00,896.897,28.889,79,0,2,0,0
2021-04-19 22:00:00,840.841,28.889,79,0,2,0,0
2021-04-19 23:00:00,822.156,28.889,79,0,2,0,0
2021-04-20 00:00:00,1593.088,31.111,71,0,2,0,0
2021-04-20 01:00:00,1593.088,31.111,71,0,2,0,0
2021-04-20 02:00:00,1593.088,31.111,71,0,2,0,0
2021-04-20 03:00:00,1678.738,36.111,51,0,2,0,0
2021-04-20 04:00:00,1798.648,36.111,51,0,2,0,0
2021-04-20 05:00:00,2055.598,36.111,51,0,2,0,0
2021-04-20 06:00:00,2339.658,40.0,41,0,2,0,0
2021-04-20 07:00:00,2474.314,40.0,41,0,2,0,0
2021-04-20 08:00:00,2423.818,40.0,41,0,2,0,0
2021-04-20 09:00:00,2440.65,38.333,41,0,2,0,0
2021-04-20 10:00:00,2394.325,38.333,41,0,2,0,0
2021-04-20 11:00:00,2343.382,38.333,41,0,2,0,0
2021-04-20 12:00:00,2226.898,34.444,52,0,2,0,0
2021-04-20 13:00:00,2175.508,34.444,52,0,2,0,0
2021-04-20 14:00:00,2175.508,34.444,52,0,2,0,0
2021-04-20 15:00:00,2139.609,32.778,54,0,2,0,0
2021-04-20 16:00:00,2289.161,32.778,54,0,2,0,0
2021-04-20 17:00:00,2261.158,32.778,54,0,2,0,0
2021-04-20 18:00:00,950.342,30.556,61,0,2,0,0
2021-04-20 19:00:00,1010.818,30.556,61,0,2,0,0
2021-04-20 20:00:00,967.621,30.556,61,0,2,0,0
2021-04-20 21:00:00,863.947,26.667,75,0,2,0,0
2021-04-20 22:00:00,760.273,26.667,75,0,2,0,0
2021-04-20 23:00:00,725.715,26.667,75,0,2,0,0
2021-04-21 00:00:00,1236.944,31.667,68,0,2,0,0
2021-04-21 01:00:00,1236.944,31.667,68,0,2,0,0
2021-04-21 02:00:00,1236.944,31.667,68,0,2,0,0
2021-04-21 03:00:00,1267.061,36.111,51,0,2,0,0
2021-04-21 04:00:00,1323.47,36.111,51,0,2,0,0
2021-04-21 05:00:00,1431.509,36.111,51,0,2,0,0
2021-04-21 06:00:00,1713.317,38.889,40,0,2,0,0
2021-04-21 07:00:00,1877.167,38.889,40,0,2,0,0
2021-04-21 08:00:00,1780.243,38.889,40,0,2,0,0
2021-04-21 09:00:00,1793.629,37.222,47,0,2,0,0
2021-04-21 10:00:00,1782.634,37.222,47,0,2,0,0
2021-04-21 11:00:00,1647.586,37.222,47,0,2,0,0
2021-04-21 12:00:00,1662.166,28.889,84,0,2,0,0
2021-04-21 13:00:00,1635.873,28.889,84,0,2,0,0
2021-04-21 14:00:00,1499.033,28.889,84,0,2,0,0
2021-04-21 15:00:00,1809.643,26.667,78,0,2,0,0
2021-04-21 16:00:00,1772.953,26.667,78,0,2,0,0
2021-04-21 17:00:00,1719.053,26.667,78,0,2,0,0
2021-04-21 18:00:00,776.347,28.889,89,0,2,0,0
2021-04-21 19:00:00,748.62,28.889,89,0,2,0,0
2021-04-21 20:00:00,720.893,28.889,89,0,2,0,0
2021-04-21 21:00:00,679.303,24.444,83,0,2,0,0
2021-04-21 22:00:00,637.713,24.444,83,0,2,0,0
2021-04-21 23:00:00,582.26,24.444,83,0,2,0,0
2021-04-22 00:00:00,699.194,29.444,64,0,2,0,0
2021-04-22 01:00:00,699.194,29.444,64,0,2,0,0
2021-04-22 02:00:00,699.194,29.444,64,0,2,0,0
2021-04-22 03:00:00,693.167,34.444,56,0,2,0,0
2021-04-22 04:00:00,693.167,34.444,56,0,2,0,0
2021-04-22 05:00:00,1106.806,34.444,56,0,2,0,0
2021-04-22 06:00:00,1597.599,36.667,43,0,2,0,0
2021-04-22 07:00:00,1752.205,36.667,43,0,2,0,0
2021-04-22 08:00:00,1855.276,36.667,43,0,2,0,0
2021-04-22 09:00:00,1566.557,33.333,53,0,2,0,0
2021-04-22 10:00:00,1736.835,33.333,53,0,2,0,0
2021-04-22 11:00:00,1717.848,33.333,53,0,2,0,0
2021-04-22 12:00:00,1717.848,30.0,62,0,2,0,0
2021-04-22 13:00:00,1580.42,30.0,62,0,2,0,0
2021-04-22 14:00:00,1549.529,30.0,62,0,2,0,0
2021-04-22 15:00:00,1549.529,26.667,79,0,2,0,0
2021-04-22 16:00:00,1685.751,26.667,79,0,2,0,0
2021-04-22 17:00:00,1576.954,26.667,79,0,2,0,0
2021-04-22 18:00:00,987.311,25.556,80,0,2,0,0
2021-04-22 19:00:00,1022.572,25.556,80,0,2,0,0
2021-04-22 20:00:00,908.953,25.556,80,0,2,0,0
2021-04-22 21:00:00,856.513,25.556,88,0,2,0,0
2021-04-22 22:00:00,811.005,25.556,88,0,2,0,0
2021-04-22 23:00:00,758.113,25.556,88,0,2,0,0
2021-04-23 00:00:00,1219.953,30.556,70,0,2,0,0
2021-04-23 01:00:00,1202.525,30.556,70,0,2,0,0
2021-04-23 02:00:00,1202.525,30.556,70,0,2,0,0
2021-04-23 03:00:00,1192.247,35.556,49,0,2,0,0
2021-04-23 04:00:00,1284.749,35.556,49,0,2,0,0
2021-04-23 05:00:00,1392.444,35.556,49,0,2,0,0
2021-04-23 06:00:00,1582.215,38.889,36,0,2,0,0
2021-04-23 07:00:00,1784.199,38.889,36,0,2,0,0
2021-04-23 08:00:00,1801.031,38.889,36,0,2,0,0
2021-04-23 09:00:00,1716.871,35.0,38,0,2,0,0
2021-04-23 10:00:00,1817.864,35.0,38,0,2,0,0
2021-04-23 11:00:00,1817.864,35.0,38,0,2,0,0
2021-04-23 12:00:00,1732.065,30.556,61,0,2,0,0
2021-04-23 13:00:00,1747.258,30.556,61,0,2,0,0
2021-04-23 14:00:00,1593.088,30.556,61,0,2,0,0
2021-04-23 15:00:00,1443.387,30.0,61,0,2,0,0
2021-04-23 16:00:00,1716.871,30.0,61,0,2,0,0
2021-04-23 17:00:00,1589.662,30.0,61,0,2,0,0
2021-04-23 18:00:00,975.962,27.778,80,0,2,0,0
2021-04-23 19:00:00,958.534,27.778,80,0,2,0,0
2021-04-23 20:00:00,906.251,27.778,80,0,2,0,0
2021-04-23 21:00:00,853.967,25.556,80,0,2,0,0
2021-04-23 22:00:00,801.683,25.556,80,0,2,0,0
2021-04-23 23:00:00,731.972,25.556,80,0,2,0,0
2021-04-24 00:00:00,1212.539,31.667,69,0,2,0,0
2021-04-24 01:00:00,1212.539,31.667,69,0,2,0,0
2021-04-24 02:00:00,1212.539,31.667,69,0,2,0,0
2021-04-24 03:00:00,1212.539,36.667,45,0,2,0,0
2021-04-24 04:00:00,1337.533,36.667,45,0,2,0,0
2021-04-24 05:00:00,1472.979,36.667,45,0,2,0,0
2021-04-24 06:00:00,1795.842,40.556,27,0,2,0,0
2021-04-24 07:00:00,1863.271,40.556,27,0,2,0,0
2021-04-24 08:00:00,1863.271,40.556,27,0,2,0,0
2021-04-24 09:00:00,1644.79,37.222,46,0,2,0,0
2021-04-24 10:00:00,1644.79,37.222,46,0,2,0,0
2021-04-24 11:00:00,1695.141,37.222,46,0,2,0,0
2021-04-24 12:00:00,1710.01,30.0,61,0,2,0,0
2021-04-24 13:00:00,1591.495,30.0,61,0,2,0,0
2021-04-24 14:00:00,1591.495,30.0,61,0,2,0,0
2021-04-24 15:00:00,1594.439,27.222,68,0,2,0,0
2021-04-24 16:00:00,1730.18,27.222,68,0,2,0,0
2021-04-24 17:00:00,648.965,27.222,68,0,2,0,0
2021-04-24 18:00:00,939.291,28.333,70,0,2,0,0
2021-04-24 19:00:00,939.291,28.333,70,0,2,0,0
2021-04-24 20:00:00,930.163,28.333,70,0,2,0,0
2021-04-24 21:00:00,844.037,25.556,80,0,2,0,0
2021-04-24 22:00:00,792.361,25.556,80,0,2,0,0
2021-04-24 23:00:00,747.016,25.556,80,0,2,0,0
2021-04-25 00:00:00,1347.757,31.667,67,1,2,0,0
2021-04-25 01:00:00,1347.757,31.667,67,1,2,0,0
2021-04-25 02:00:00,1347.757,31.667,67,1,2,0,0
2021-04-25 03:00:00,1382.315,37.222,48,1,2,0,0
2021-04-25 04:00:00,1438.919,37.222,48,1,2,0,0
2021-04-25 05:00:00,1524.568,37.222,48,1,2,0,0
2021-04-25 06:00:00,1664.141,39.444,39,1,2,0,0
2021-04-25 07:00:00,1969.799,39.444,39,1,2,0,0
2021-04-25 08:00:00,1952.818,39.444,39,1,2,0,0
2021-04-25 09:00:00,2003.761,38.889,39,1,2,0,0
2021-04-25 10:00:00,1816.97,38.889,39,1,2,0,0
2021-04-25 11:00:00,1867.913,38.889,39,1,2,0,0
2021-04-25 12:00:00,1783.008,33.333,53,1,2,0,0
2021-04-25 13:00:00,1783.008,33.333,53,1,2,0,0
2021-04-25 14:00:00,1698.103,33.333,53,1,2,0,0
2021-04-25 15:00:00,1884.894,28.889,64,1,2,0,0
2021-04-25 16:00:00,1935.688,28.889,64,1,2,0,0
2021-04-25 17:00:00,1644.478,28.889,64,1,2,0,0
2021-04-25 18:00:00,941.106,26.667,75,1,2,0,0
2021-04-25 19:00:00,975.962,26.667,75,1,2,0,0
2021-04-25 20:00:00,915.784,26.667,75,1,2,0,0
2021-04-25 21:00:00,846.668,27.222,69,1,2,0,0
2021-04-25 22:00:00,794.831,27.222,69,1,2,0,0
2021-04-25 23:00:00,742.994,27.222,69,1,2,0,0
2021-04-26 00:00:00,1349.365,32.222,53,0,2,0,0
2021-04-26 01:00:00,1349.365,32.222,53,0,2,0,0
2021-04-26 02:00:00,1349.365,32.222,53,0,2,0,0
2021-04-26 03:00:00,1349.365,37.778,36,0,2,0,0
2021-04-26 04:00:00,1404.818,37.778,36,0,2,0,0
2021-04-26 05:00:00,1616.752,37.778,36,0,2,0,0
2021-04-26 06:00:00,1980.704,39.444,27,0,2,0,0
2021-04-26 07:00:00,2178.774,39.444,27,0,2,0,0
2021-04-26 08:00:00,2088.742,39.444,27,0,2,0,0
2021-04-26 09:00:00,1998.71,37.778,31,0,2,0,0
2021-04-26 10:00:00,1980.704,37.778,31,0,2,0,0
2021-04-26 11:00:00,1980.704,37.778,31,0,2,0,0
2021-04-26 12:00:00,1889.238,31.667,50,0,2,0,0
2021-04-26 13:00:00,1602.57,31.667,50,0,2,0,0
2021-04-26 14:00:00,1429.358,31.667,50,0,2,0,0
2021-04-26 15:00:00,1441.787,30.556,43,0,2,0,0
2021-04-26 16:00:00,1774.507,30.556,43,0,2,0,0
2021-04-26 17:00:00,1584.723,30.556,43,0,2,0,0
2021-04-26 18:00:00,1006.765,27.778,67,0,2,0,0
2021-04-26 19:00:00,969.477,27.778,67,0,2,0,0
2021-04-26 20:00:00,932.19,27.778,67,0,2,0,0
2021-04-26 21:00:00,876.258,27.778,44,0,2,0,0
2021-04-26 22:00:00,813.316,27.778,44,0,2,0,0
2021-04-26 23:00:00,776.347,27.778,44,0,2,0,0
2021-04-27 00:00:00,1199.08,28.889,63,0,2,0,0
2021-04-27 01:00:00,1199.08,28.889,63,0,2,0,0
2021-04-27 02:00:00,1199.08,28.889,63,0,2,0,0
2021-04-27 03:00:00,1199.08,33.889,45,0,2,0,0
2021-04-27 04:00:00,1403.211,33.889,45,0,2,0,0
2021-04-27 05:00:00,1556.771,33.889,45,0,2,0,0
2021-04-27 06:00:00,1685.466,38.889,28,0,2,0,0
2021-04-27 07:00:00,1723.772,38.889,28,0,2,0,0
2021-04-27 08:00:00,1742.925,38.889,28,0,2,0,0
2021-04-27 09:00:00,1723.772,36.111,42,0,2,0,0
2021-04-27 10:00:00,1666.313,36.111,42,0,2,0,0
2021-04-27 11:00:00,1666.313,36.111,42,0,2,0,0
2021-04-27 12:00:00,1642.287,29.444,56,0,2,0,0
2021-04-27 13:00:00,1565.003,29.444,56,0,2,0,0
2021-04-27 14:00:00,1565.003,29.444,56,0,2,0,0
2021-04-27 15:00:00,1608.853,26.667,65,0,2,0,0
2021-04-27 16:00:00,1608.853,26.667,65,0,2,0,0
2021-04-27 17:00:00,1608.853,26.667,65,0,2,0,0
2021-04-27 18:00:00,1140.109,30.0,43,0,2,0,0
2021-04-27 19:00:00,1100.794,30.0,43,0,2,0,0
2021-04-27 20:00:00,1041.823,30.0,43,0,2,0,0
2021-04-27 21:00:00,982.852,25.556,78,0,2,0,0
2021-04-27 22:00:00,904.224,25.556,78,0,2,0,0
2021-04-27 23:00:00,825.596,25.556,78,0,2,0,0
2021-04-28 00:00:00,1221.796,31.667,56,0,2,0,0
2021-04-28 01:00:00,1221.796,31.667,56,0,2,0,0
2021-04-28 02:00:00,1221.796,31.667,56,0,2,0,0
2021-04-28 03:00:00,1271.02,37.778,31,0,2,0,0
2021-04-28 04:00:00,1299.537,37.778,31,0,2,0,0
2021-04-28 05:00:00,1122.327,37.778,31,0,2,0,0
2021-04-28 06:00:00,1240.467,41.111,23,0,2,0,0
2021-04-28 07:00:00,1417.677,41.111,23,0,2,0,0
2021-04-28 08:00:00,1890.236,41.111,23,0,2,0,0
2021-04-28 09:00:00,1639.698,38.889,40,0,2,0,0
2021-04-28 10:00:00,1581.137,38.889,40,0,2,0,0
2021-04-28 11:00:00,1561.617,38.889,40,0,2,0,0
2021-04-28 12:00:00,1555.506,31.111,53,0,2,0,0
2021-04-28 13:00:00,1535.816,31.111,53,0,2,0,0
2021-04-28 14:00:00,1561.617,31.111,53,0,2,0,0
2021-04-28 15:00:00,1664.141,28.889,58,0,2,0,0
2021-04-28 16:00:00,1722.192,28.889,58,0,2,0,0
2021-04-28 17:00:00,1575.196,28.889,58,0,2,0,0
2021-04-28 18:00:00,1132.003,28.333,58,0,2,0,0
2021-04-28 19:00:00,1112.143,28.333,58,0,2,0,0
2021-04-28 20:00:00,1092.283,28.333,58,0,2,0,0
2021-04-28 21:00:00,992.985,26.111,69,0,2,0,0
2021-04-28 22:00:00,913.546,26.111,69,0,2,0,0
2021-04-28 23:00:00,834.107,26.111,69,0,2,0,0
2021-04-29 00:00:00,1137.999,32.778,52,0,2,0,0
2021-04-29 01:00:00,1137.999,32.778,52,0,2,0,0
2021-04-29 02:00:00,1137.999,32.778,52,0,2,0,0
2021-04-29 03:00:00,1137.999,37.778,36,0,2,0,0
2021-04-29 04:00:00,1186.718,37.778,36,0,2,0,0
2021-04-29 05:00:00,1350.168,37.778,36,0,2,0,0
2021-04-29 06:00:00,1510.625,41.111,25,0,2,0,0
2021-04-29 07:00:00,1682.722,41.111,25,0,2,0,0
2021-04-29 08:00:00,1724.956,41.111,25,0,2,0,0
2021-04-29 09:00:00,1800.779,38.889,34,0,2,0,0
2021-04-29 10:00:00,1491.504,38.889,34,0,2,0,0
2021-04-29 11:00:00,1281.163,38.889,34,0,2,0,0
2021-04-29 12:00:00,1453.26,31.667,40,0,2,0,0
2021-04-29 13:00:00,1510.625,31.667,40,0,2,0,0
2021-04-29 14:00:00,1587.113,31.667,40,0,2,0,0
2021-04-29 15:00:00,1587.113,28.333,54,0,2,0,0
2021-04-29 16:00:00,1446.609,28.333,54,0,2,0,0
2021-04-29 17:00:00,1350.168,28.333,54,0,2,0,0
2021-04-29 18:00:00,1069.992,28.333,61,0,2,0,0
2021-04-29 19:00:00,1089.446,28.333,61,0,2,0,0
2021-04-29 20:00:00,1069.992,28.333,61,0,2,0,0
2021-04-29 21:00:00,972.72,25.556,67,0,2,0,0
2021-04-29 22:00:00,894.902,25.556,67,0,2,0,0
2021-04-29 23:00:00,817.085,25.556,67,0,2,0,0
2021-04-30 00:00:00,1137.999,31.667,49,0,2,0,0
2021-04-30 01:00:00,1137.999,31.667,49,0,2,0,0
2021-04-30 02:00:00,1137.999,31.667,49,0,2,0,0
2021-04-30 03:00:00,1137.999,37.778,40,0,2,0,0
2021-04-30 04:00:00,1128.355,37.778,40,0,2,0,0
2021-04-30 05:00:00,1128.355,37.778,40,0,2,0,0
2021-04-30 06:00:00,1504.473,40.0,29,0,2,0,0
2021-04-30 07:00:00,1523.761,40.0,29,0,2,0,0
2021-04-30 08:00:00,1606.235,40.0,29,0,2,0,0
2021-04-30 09:00:00,1682.722,38.333,38,0,2,0,0
2021-04-30 10:00:00,1644.478,38.333,38,0,2,0,0
2021-04-30 11:00:00,1529.747,38.333,38,0,2,0,0
2021-04-30 12:00:00,1485.185,33.889,50,0,2,0,0
2021-04-30 13:00:00,1485.185,33.889,50,0,2,0,0
2021-04-30 14:00:00,1485.185,33.889,50,0,2,0,0
2021-04-30 15:00:00,1562.338,31.667,57,0,2,0,0
2021-04-30 16:00:00,1625.356,31.667,57,0,2,0,0
2021-04-30 17:00:00,1253.728,31.667,57,0,2,0,0
2021-04-30 18:00:00,1089.446,27.778,59,0,2,0,0
2021-04-30 19:00:00,1089.446,27.778,59,0,2,0,0
2021-04-30 20:00:00,1069.992,27.778,59,0,2,0,0
2021-04-30 21:00:00,972.72,26.667,80,0,2,0,0
2021-04-30 22:00:00,894.902,26.667,80,0,2,0,0
2021-04-30 23:00:00,817.085,26.667,80,0,2,0,0
2021-05-01 00:00:00,1098.758,32.222,59,0,2,0,0
2021-05-01 01:00:00,1098.758,32.222,59,0,2,0,0
2021-05-01 02:00:00,1245.081,32.222,59,0,2,0,0
2021-05-01 03:00:00,1234.44,36.667,44,0,2,0,0
2021-05-01 04:00:00,1234.44,36.667,44,0,2,0,0
2021-05-01 05:00:00,1292.304,36.667,44,0,2,0,0
2021-05-01 06:00:00,1303.444,37.778,40,0,2,0,0
2021-05-01 07:00:00,1478.534,37.778,40,0,2,0,0
2021-05-01 08:00:00,1639.49,37.778,40,0,2,0,0
2021-05-01 09:00:00,1581.626,36.111,44,0,2,0,0
2021-05-01 10:00:00,1485.185,36.111,44,0,2,0,0
2021-05-01 11:00:00,1446.609,36.111,44,0,2,0,0
2021-05-01 12:00:00,1446.609,32.778,49,0,2,0,0
2021-05-01 13:00:00,1497.988,32.778,49,0,2,0,0
2021-05-01 14:00:00,1400.716,32.778,49,0,2,0,0
2021-05-01 15:00:00,1587.113,31.667,55,0,2,0,0
2021-05-01 16:00:00,1781.823,31.667,55,0,2,0,0
2021-05-01 17:00:00,1446.609,31.667,55,0,2,0,0
2021-05-01 18:00:00,1089.446,30.556,62,0,2,0,0
2021-05-01 19:00:00,1089.446,30.556,62,0,2,0,0
2021-05-01 20:00:00,1050.537,30.556,62,0,2,0,0
2021-05-01 21:00:00,992.174,25.556,70,0,2,0,0
2021-05-01 22:00:00,875.448,25.556,70,0,2,0,0
2021-05-01 23:00:00,855.993,25.556,70,0,2,0,0
2021-05-02 00:00:00,1241.825,31.111,53,1,2,0,0
2021-05-02 01:00:00,1281.884,31.111,53,1,2,0,0
2021-05-02 02:00:00,1281.884,31.111,53,1,2,0,0
2021-05-02 03:00:00,1281.884,35.556,47,1,2,0,0
2021-05-02 04:00:00,1271.02,35.556,47,1,2,0,0
2021-05-02 05:00:00,1161.707,35.556,47,1,2,0,0
2021-05-02 06:00:00,1201.087,35.556,47,1,2,0,0
2021-05-02 07:00:00,1424.976,35.556,47,1,2,0,0
2021-05-02 08:00:00,1620.178,35.556,47,1,2,0,0
2021-05-02 09:00:00,1503.056,32.222,56,1,2,0,0
2021-05-02 10:00:00,1496.436,32.222,56,1,2,0,0
2021-05-02 11:00:00,1614.576,32.222,56,1,2,0,0
2021-05-02 12:00:00,1535.816,32.222,53,1,2,0,0
2021-05-02 13:00:00,1535.816,32.222,53,1,2,0,0
2021-05-02 14:00:00,1535.816,32.222,53,1,2,0,0
2021-05-02 15:00:00,1457.057,30.556,47,1,2,0,0
2021-05-02 16:00:00,1522.577,30.556,47,1,2,0,0
2021-05-02 17:00:00,1417.677,30.556,47,1,2,0,0
2021-05-02 18:00:00,1032.704,29.444,61,1,2,0,0
2021-05-02 19:00:00,1072.424,29.444,61,1,2,0,0
2021-05-02 20:00:00,1072.424,29.444,61,1,2,0,0
2021-05-02 21:00:00,1012.844,26.111,74,1,2,0,0
2021-05-02 22:00:00,893.686,26.111,74,1,2,0,0
2021-05-02 23:00:00,873.827,26.111,74,1,2,1,0
2021-05-03 00:00:00,1098.758,27.778,77,0,2,1,0
2021-05-03 01:00:00,700.358,27.778,77,0,2,0,0
2021-05-03 02:00:00,700.358,27.778,77,0,2,0,0
2021-05-03 03:00:00,700.358,35.0,44,0,2,0,0
2021-05-03 04:00:00,700.358,35.0,44,0,2,0,0
2021-05-03 05:00:00,700.358,35.0,44,0,2,0,0
2021-05-03 06:00:00,1253.728,37.778,35,0,2,0,0
2021-05-03 07:00:00,1177.24,37.778,35,0,2,0,0
2021-05-03 08:00:00,1206.172,37.778,35,0,2,0,0
2021-05-03 09:00:00,1215.151,35.556,41,0,2,0,0
2021-05-03 10:00:00,1157.287,35.556,41,0,2,0,0
2021-05-03 11:00:00,1167.264,35.556,41,0,2,0,0
2021-05-03 12:00:00,1196.861,31.111,55,0,2,0,0
2021-05-03 13:00:00,1137.999,31.111,55,0,2,0,0
2021-05-03 14:00:00,1177.24,31.111,55,0,2,0,0
2021-05-03 15:00:00,1236.102,30.0,58,0,2,0,0
2021-05-03 16:00:00,1264.536,30.0,58,0,2,0,0
2021-05-03 17:00:00,1177.24,30.0,58,0,2,0,0
2021-05-03 18:00:00,1031.083,26.667,75,0,2,0,0
2021-05-03 19:00:00,1050.537,26.667,75,0,2,0,0
2021-05-03 20:00:00,1069.992,26.667,75,0,2,0,0
2021-05-03 21:00:00,1050.537,26.667,75,0,2,0,0
2021-05-03 22:00:00,972.72,31.111,63,0,2,0,0
2021-05-03 23:00:00,933.811,31.111,63,0,2,0,0
2021-05-04 00:00:00,1075.867,31.111,63,0,2,0,0
2021-05-04 01:00:00,1075.867,31.111,63,0,2,0,0
2021-05-04 02:00:00,1075.867,31.111,63,0,2,0,0
2021-05-04 03:00:00,1104.847,36.111,46,0,2,0,0
2021-05-04 04:00:00,1170.949,36.111,46,0,2,0,0
2021-05-04 05:00:00,1217.025,36.111,46,0,2,0,0
2021-05-04 06:00:00,1227.608,38.333,42,0,2,0,0
2021-05-04 07:00:00,1440.893,38.333,42,0,2,0,0
2021-05-04 08:00:00,1359.812,38.333,42,0,2,0,0
2021-05-04 09:00:00,1366.813,36.667,46,0,2,0,0
2021-05-04 10:00:00,1492.016,36.667,46,0,2,0,0
2021-05-04 11:00:00,1325.622,36.667,46,0,2,0,0
2021-05-04 12:00:00,1248.774,32.778,58,0,2,0,0
2021-05-04 13:00:00,1248.774,32.778,58,0,2,0,0
2021-05-04 14:00:00,1333.437,32.778,58,0,2,0,0
2021-05-04 15:00:00,1333.437,31.667,57,0,2,0,0
2021-05-04 16:00:00,1510.903,31.667,57,0,2,0,0
2021-05-04 17:00:00,1284.267,31.667,57,0,2,0,0
2021-05-04 18:00:00,1047.7,25.556,77,0,2,0,0
2021-05-04 19:00:00,1047.7,25.556,77,0,2,0,0
2021-05-04 20:00:00,933.406,25.556,77,0,2,0,0
2021-05-04 21:00:00,857.209,27.778,77,0,2,0,0
2021-05-04 22:00:00,838.16,27.778,77,0,2,0,0
2021-05-04 23:00:00,819.111,27.778,77,0,2,0,0
2021-05-05 00:00:00,1171.926,29.444,80,0,2,0,0
2021-05-05 01:00:00,1171.926,29.444,80,0,2,0,0
2021-05-05 02:00:00,1171.926,29.444,80,0,2,0,0
2021-05-05 03:00:00,1171.926,32.778,60,0,2,0,0
2021-05-05 04:00:00,1238.191,32.778,60,0,2,0,0
2021-05-05 05:00:00,1104.847,32.778,60,0,2,0,0
2021-05-05 06:00:00,1104.847,36.111,51,0,2,0,0
2021-05-05 07:00:00,1402.469,36.111,51,0,2,0,0
2021-05-05 08:00:00,1371.535,36.111,51,0,2,0,0
2021-05-05 09:00:00,1447.731,37.222,51,0,2,0,0
2021-05-05 10:00:00,1666.389,37.222,51,0,2,0,0
2021-05-05 11:00:00,1567.561,37.222,51,0,2,0,0
2021-05-05 12:00:00,1485.829,32.222,61,0,2,0,0
2021-05-05 13:00:00,1485.829,32.222,61,0,2,0,0
2021-05-05 14:00:00,1485.829,32.222,61,0,2,0,0
2021-05-05 15:00:00,1397.585,30.0,65,0,2,0,0
2021-05-05 16:00:00,1492.016,30.0,65,0,2,0,0
2021-05-05 17:00:00,1485.829,30.0,65,0,2,0,0
2021-05-05 18:00:00,1390.584,28.889,67,0,2,0,0
2021-05-05 19:00:00,1390.584,28.889,67,0,2,0,0
2021-05-05 20:00:00,1333.437,28.889,67,0,2,0,0
2021-05-05 21:00:00,1333.437,28.889,67,0,2,0,0
2021-05-05 22:00:00,1219.142,30.556,70,0,2,0,0
2021-05-05 23:00:00,1104.847,30.556,70,0,2,0,0
2021-05-06 00:00:00,1208.722,30.556,70,0,2,0,0
2021-05-06 01:00:00,963.2,30.556,70,0,2,0,0
2021-05-06 02:00:00,963.2,30.556,70,0,2,0,0
2021-05-06 03:00:00,963.2,37.222,48,0,2,0,0
2021-05-06 04:00:00,1142.946,37.222,48,0,2,0,0
2021-05-06 05:00:00,1189.836,37.222,48,0,2,0,0
2021-05-06 06:00:00,1303.153,40.0,39,0,2,0,0
2021-05-06 07:00:00,1390.584,40.0,39,0,2,0,0
2021-05-06 08:00:00,533.375,40.0,39,0,2,1,0
2021-05-06 09:00:00,571.473,37.222,46,0,2,1,0
2021-05-06 10:00:00,1076.518,37.222,46,0,2,1,0
2021-05-06 11:00:00,1718.652,37.222,46,0,2,0,0
2021-05-06 12:00:00,1624.22,32.222,64,0,2,0,0
2021-05-06 13:00:00,1562.026,32.222,64,0,2,0,0
2021-05-06 14:00:00,1510.903,32.222,64,0,2,0,0
2021-05-06 15:00:00,1473.13,31.111,65,0,2,0,0
2021-05-06 16:00:00,1355.416,31.111,65,0,2,0,0
2021-05-06 17:00:00,1333.437,31.111,65,0,2,0,0
2021-05-06 18:00:00,1104.847,28.333,77,0,2,0,0
2021-05-06 19:00:00,1066.749,28.333,77,0,2,0,0
2021-05-06 20:00:00,1047.7,28.333,77,0,2,0,0
2021-05-06 21:00:00,1028.651,28.333,67,0,2,0,0
2021-05-06 22:00:00,952.455,28.333,67,0,2,0,0
2021-05-06 23:00:00,838.16,28.333,67,0,2,0,0
2021-05-07 00:00:00,1232.112,30.0,72,0,2,0,0
2021-05-07 01:00:00,1193.608,30.0,72,0,2,0,0
2021-05-07 02:00:00,1193.608,30.0,72,0,2,0,0
2021-05-07 03:00:00,1174.356,34.444,55,0,2,0,0
2021-05-07 04:00:00,1164.319,34.444,55,0,2,0,0
2021-05-07 05:00:00,1450.627,34.444,55,0,2,0,0
2021-05-07 06:00:00,1184.394,38.333,41,0,2,0,0
2021-05-07 07:00:00,1347.622,38.333,41,0,2,0,0
2021-05-07 08:00:00,1309.119,38.333,41,0,2,0,0
2021-05-07 09:00:00,1386.126,36.111,51,0,2,0,0
2021-05-07 10:00:00,1424.629,36.111,51,0,2,0,0
2021-05-07 11:00:00,1679.674,36.111,51,0,2,0,0
2021-05-07 12:00:00,1589.503,32.222,49,0,2,0,0
2021-05-07 13:00:00,1438.122,32.222,49,0,2,0,0
2021-05-07 14:00:00,1425.616,32.222,49,0,2,0,0
2021-05-07 15:00:00,1425.616,31.111,58,0,2,0,0
2021-05-07 16:00:00,1481.891,31.111,58,0,2,0,0
2021-05-07 17:00:00,1406.858,31.111,58,0,2,0,0
2021-05-07 18:00:00,1173.205,30.0,65,0,2,0,0
2021-05-07 19:00:00,1145.232,30.0,65,0,2,0,0
2021-05-07 20:00:00,1068.883,30.0,65,0,2,0,0
2021-05-07 21:00:00,1030.709,29.444,69,0,2,0,0
2021-05-07 22:00:00,916.186,29.444,69,0,2,0,0
2021-05-07 23:00:00,832.597,29.444,69,0,2,0,0
2021-05-08 00:00:00,1138.519,29.444,76,0,2,0,0
2021-05-08 01:00:00,1138.519,29.444,76,0,2,0,0
2021-05-08 02:00:00,1193.608,29.444,76,0,2,0,0
2021-05-08 03:00:00,1267.061,34.444,59,0,2,0,0
2021-05-08 04:00:00,1340.514,34.444,59,0,2,0,0
2021-05-08 05:00:00,1426.37,34.444,59,0,2,0,0
2021-05-08 06:00:00,1278.176,38.333,44,0,2,0,0
2021-05-08 07:00:00,1259.651,38.333,44,0,2,0,0
2021-05-08 08:00:00,1083.751,38.333,44,0,2,0,0
2021-05-08 09:00:00,1289.29,37.778,43,0,2,0,0
2021-05-08 10:00:00,1518.991,37.778,43,0,2,0,0
2021-05-08 11:00:00,1444.894,37.778,43,0,2,0,0
2021-05-08 12:00:00,1352.273,32.778,56,0,2,0,0
2021-05-08 13:00:00,1352.273,32.778,56,0,2,0,0
2021-05-08 14:00:00,1352.273,32.778,56,0,2,0,0
2021-05-08 15:00:00,1505.783,31.667,65,0,2,0,0
2021-05-08 16:00:00,1726.141,31.667,65,0,2,0,0
2021-05-08 17:00:00,1481.943,31.667,65,0,2,0,0
2021-05-08 18:00:00,952.954,30.0,70,0,2,0,0
2021-05-08 19:00:00,1065.066,30.0,70,0,2,0,0
2021-05-08 20:00:00,1046.38,30.0,70,0,2,0,0
2021-05-08 21:00:00,1009.01,28.333,77,0,2,0,0
2021-05-08 22:00:00,896.897,28.333,77,0,2,0,0
2021-05-08 23:00:00,810.397,28.333,77,0,2,0,0
2021-05-09 00:00:00,1330.6,31.667,68,1,2,0,0
2021-05-09 01:00:00,1330.6,31.667,68,1,2,0,0
2021-05-09 02:00:00,1330.6,31.667,68,1,2,0,0
2021-05-09 03:00:00,1338.917,37.222,46,1,2,0,0
2021-05-09 04:00:00,1338.917,37.222,46,1,2,0,0
2021-05-09 05:00:00,1327.374,37.222,46,1,2,0,0
2021-05-09 06:00:00,649.768,38.889,40,1,2,0,0
2021-05-09 07:00:00,714.949,38.889,40,1,2,0,0
2021-05-09 08:00:00,826.978,38.889,40,1,2,0,0
2021-05-09 09:00:00,839.369,37.778,44,1,2,0,0
2021-05-09 10:00:00,839.369,37.778,44,1,2,0,0
2021-05-09 11:00:00,1431.935,37.778,44,1,2,0,0
2021-05-09 12:00:00,1299.537,33.889,56,1,2,0,0
2021-05-09 13:00:00,1457.057,33.889,56,1,2,0,0
2021-05-09 14:00:00,1600.657,33.889,56,1,2,0,0
2021-05-09 15:00:00,1600.657,31.667,63,1,2,0,0
2021-05-09 16:00:00,1683.491,31.667,63,1,2,0,0
2021-05-09 17:00:00,1683.491,31.667,63,1,2,0,0
2021-05-09 18:00:00,1092.283,30.0,66,1,2,0,0
2021-05-09 19:00:00,1112.143,30.0,66,1,2,0,0
2021-05-09 20:00:00,1102.637,30.0,66,1,2,0,0
2021-05-09 21:00:00,1043.568,29.444,69,1,2,0,0
2021-05-09 22:00:00,905.738,29.444,69,1,2,0,0
2021-05-09 23:00:00,873.827,29.444,69,1,2,0,0
2021-05-10 00:00:00,1163.102,32.222,66,0,2,0,0
2021-05-10 01:00:00,1163.102,32.222,66,0,2,0,0
2021-05-10 02:00:00,1163.102,32.222,66,0,2,0,0
2021-05-10 03:00:00,1335.432,36.111,53,0,2,0,0
2021-05-10 04:00:00,1456.835,36.111,53,0,2,0,0
2021-05-10 05:00:00,1511.706,36.111,53,0,2,0,0
2021-05-10 06:00:00,1392.361,40.0,41,0,2,0,0
2021-05-10 07:00:00,1324.115,40.0,41,0,2,0,0
2021-05-10 08:00:00,1332.688,40.0,41,0,2,0,0
2021-05-10 09:00:00,1419.797,25.556,93,0,2,0,0
2021-05-10 10:00:00,1642.026,25.556,93,0,2,0,0
2021-05-10 11:00:00,1466.094,25.556,93,0,2,0,0
2021-05-10 12:00:00,1446.546,27.222,96,0,2,0,0
2021-05-10 13:00:00,1340.919,27.222,96,0,2,0,0
2021-05-10 14:00:00,1262.042,27.222,96,0,2,0,0
2021-05-10 15:00:00,1262.042,27.222,95,0,2,0,0
2021-05-10 16:00:00,1273.016,27.222,95,0,2,0,0
2021-05-10 17:00:00,1273.016,27.222,95,0,2,0,0
2021-05-10 18:00:00,1103.429,30.0,65,0,2,0,0
2021-05-10 19:00:00,1143.554,30.0,65,0,2,0,0
2021-05-10 20:00:00,1123.491,30.0,65,0,2,0,0
2021-05-10 21:00:00,1063.304,27.778,78,0,2,0,0
2021-05-10 22:00:00,1003.117,27.778,78,0,2,0,0
2021-05-10 23:00:00,882.743,27.778,78,0,2,0,0
2021-05-11 00:00:00,1098.758,31.111,87,0,2,0,0
2021-05-11 01:00:00,1089.446,31.111,87,0,2,0,0
2021-05-11 02:00:00,1089.446,31.111,87,0,2,0,0
2021-05-11 03:00:00,1089.446,35.556,97,0,2,0,0
2021-05-11 04:00:00,1089.446,35.556,97,0,2,0,0
2021-05-11 05:00:00,1167.264,35.556,97,0,2,0,0
2021-05-11 06:00:00,1361.808,32.778,100,0,2,0,0
2021-05-11 07:00:00,1334.206,32.778,100,0,2,0,0
2021-05-11 08:00:00,1412.688,32.778,100,0,2,0,0
2021-05-11 09:00:00,1491.171,32.778,100,0,2,0,0
2021-05-11 10:00:00,1510.625,32.778,100,0,2,0,0
2021-05-11 11:00:00,1587.113,32.778,100,0,2,0,0
2021-05-11 12:00:00,1504.473,30.0,94,0,2,0,0
2021-05-11 13:00:00,1504.473,30.0,94,0,2,0,0
2021-05-11 14:00:00,1011.629,30.0,94,0,2,0,0
2021-05-11 15:00:00,1245.081,28.333,91,0,2,0,0
2021-05-11 16:00:00,1369.456,28.333,91,0,2,0,0
2021-05-11 17:00:00,1322.899,28.333,91,0,2,0,0
2021-05-11 18:00:00,953.265,27.222,81,0,2,0,0
2021-05-11 19:00:00,1069.992,27.222,81,0,2,0,0
2021-05-11 20:00:00,1137.999,27.222,81,0,2,0,0
2021-05-11 21:00:00,1089.446,25.556,76,0,2,0,0
2021-05-11 22:00:00,1050.537,25.556,76,0,2,0,0
2021-05-11 23:00:00,972.72,25.556,76,0,2,0,0
2021-05-12 00:00:00,1140.109,30.556,69,0,2,0,0
2021-05-12 01:00:00,1140.109,30.556,69,0,2,0,0
2021-05-12 02:00:00,1140.109,30.556,69,0,2,0,0
2021-05-12 03:00:00,1140.109,36.111,56,0,2,0,0
2021-05-12 04:00:00,1169.342,36.111,56,0,2,0,0
2021-05-12 05:00:00,1275.188,36.111,56,0,2,0,0
2021-05-12 06:00:00,1227.809,38.889,45,0,2,0,0
2021-05-12 07:00:00,1364.232,38.889,45,0,2,0,0
2021-05-12 08:00:00,1500.656,38.889,45,0,2,0,0
2021-05-12 09:00:00,1481.167,38.333,46,0,2,0,0
2021-05-12 10:00:00,1578.612,38.333,46,0,2,0,0
2021-05-12 11:00:00,1584.324,38.333,46,0,2,0,0
2021-05-12 12:00:00,1442.189,34.444,61,0,2,0,0
2021-05-12 13:00:00,1403.211,34.444,61,0,2,0,0
2021-05-12 14:00:00,1526.361,34.444,61,0,2,0,0
2021-05-12 15:00:00,1551.394,32.778,63,0,2,0,0
2021-05-12 16:00:00,1487.719,32.778,63,0,2,0,0
2021-05-12 17:00:00,1461.678,32.778,63,0,2,0,0
2021-05-12 18:00:00,982.852,27.222,72,0,2,0,0
2021-05-12 19:00:00,1100.794,27.222,72,0,2,0,0
2021-05-12 20:00:00,1130.364,27.222,72,0,2,0,0
2021-05-12 21:00:00,1091.386,29.444,79,0,2,0,0
2021-05-12 22:00:00,1081.137,29.444,79,0,2,0,0
2021-05-12 23:00:00,943.538,29.444,79,0,2,0,0
2021-05-13 00:00:00,1123.491,32.778,60,0,2,0,0
2021-05-13 01:00:00,1123.491,32.778,60,0,2,0,0
2021-05-13 02:00:00,1123.491,32.778,60,0,2,0,0
2021-05-13 03:00:00,1312.798,37.222,33,0,2,0,0
2021-05-13 04:00:00,1392.361,37.222,33,0,2,0,0
2021-05-13 05:00:00,1419.797,37.222,33,0,2,0,0
2021-05-13 06:00:00,1253.125,40.0,33,0,2,0,0
2021-05-13 07:00:00,1340.919,40.0,33,0,2,0,0
2021-05-13 08:00:00,1400.077,40.0,33,0,2,0,0
2021-05-13 09:00:00,1544.286,37.778,23,0,2,0,0
2021-05-13 10:00:00,1544.286,37.778,23,0,2,0,0
2021-05-13 11:00:00,1538.113,37.778,23,0,2,0,0
2021-05-13 12:00:00,1432.143,33.889,44,0,2,0,0
2021-05-13 13:00:00,1352.579,33.889,44,0,2,0,0
2021-05-13 14:00:00,1459.235,33.889,44,0,2,0,0
2021-05-13 15:00:00,1538.113,32.222,42,0,2,0,0
2021-05-13 16:00:00,1538.113,32.222,42,0,2,0,0
2021-05-13 17:00:00,1538.113,32.222,42,0,2,0,0
2021-05-13 18:00:00,1063.304,30.556,73,0,2,0,0
2021-05-13 19:00:00,1123.491,30.556,73,0,2,0,0
2021-05-13 20:00:00,1103.429,30.556,73,0,2,0,0
2021-05-13 21:00:00,1063.304,28.889,69,0,2,0,0
2021-05-13 22:00:00,983.055,28.889,69,0,2,0,0
2021-05-13 23:00:00,882.743,28.889,69,0,2,0,0
2021-05-14 00:00:00,1031.925,32.222,70,0,2,0,0
2021-05-14 01:00:00,1031.925,32.222,70,0,2,0,0
2021-05-14 02:00:00,1023.18,32.222,70,0,2,0,0
2021-05-14 03:00:00,1023.18,37.778,40,0,2,0,0
2021-05-14 04:00:00,1023.18,37.778,40,0,2,0,0
2021-05-14 05:00:00,1213.343,37.778,40,0,2,0,0
2021-05-14 06:00:00,1321.2,40.0,32,0,2,0,0
2021-05-14 07:00:00,1485.642,40.0,32,0,2,0,0
2021-05-14 08:00:00,1466.094,40.0,32,0,2,0,0
2021-05-14 09:00:00,1478.955,34.444,41,0,2,0,0
2021-05-14 10:00:00,1563.834,34.444,41,0,2,0,0
2021-05-14 11:00:00,1459.235,34.444,41,0,2,0,0
2021-05-14 12:00:00,1491.815,32.222,52,0,2,0,0
2021-05-14 13:00:00,1408.479,32.222,52,0,2,0,0
2021-05-14 14:00:00,1471.924,32.222,52,0,2,0,0
2021-05-14 15:00:00,1304.052,29.444,58,0,2,0,0
2021-05-14 16:00:00,1304.052,29.444,58,0,2,0,0
2021-05-14 17:00:00,822.556,29.444,58,0,2,0,0
2021-05-14 18:00:00,1163.445,31.111,51,0,2,0,0
2021-05-14 19:00:00,1202.883,31.111,51,0,2,0,0
2021-05-14 20:00:00,1113.889,31.111,51,0,2,0,0
2021-05-14 21:00:00,1063.304,29.444,70,0,2,0,0
2021-05-14 22:00:00,983.055,29.444,70,0,2,0,0
2021-05-14 23:00:00,882.743,29.444,70,0,2,0,0
2021-05-15 00:00:00,834.107,30.556,70,0,2,0,0
2021-05-15 01:00:00,834.107,30.556,70,0,2,0,0
2021-05-15 02:00:00,834.107,30.556,70,0,2,0,0
2021-05-15 03:00:00,794.388,35.0,45,0,2,0,0
2021-05-15 04:00:00,774.528,35.0,45,0,2,0,0
2021-05-15 05:00:00,826.978,35.0,45,0,2,0,0
2021-05-15 06:00:00,819.849,40.0,29,0,2,0,0
2021-05-15 07:00:00,1082.947,40.0,29,0,2,0,0
2021-05-15 08:00:00,893.686,40.0,29,0,2,0,0
2021-05-15 09:00:00,893.686,36.667,31,0,2,0,0
2021-05-15 10:00:00,1132.003,36.667,31,0,2,0,0
2021-05-15 11:00:00,1151.862,36.667,31,0,2,0,0
2021-05-15 12:00:00,1350.459,35.0,46,0,2,0,0
2021-05-15 13:00:00,1338.917,35.0,46,0,2,0,0
2021-05-15 14:00:00,1319.227,35.0,46,0,2,0,0
2021-05-15 15:00:00,1307.854,32.222,50,0,2,0,0
2021-05-15 16:00:00,1327.374,32.222,50,0,2,0,0
2021-05-15 17:00:00,1249.294,32.222,50,0,2,0,0
2021-05-15 18:00:00,1142.017,30.0,62,0,2,0,0
2021-05-15 19:00:00,1142.017,30.0,62,0,2,0,0
2021-05-15 20:00:00,1142.017,30.0,62,0,2,0,0
2021-05-15 21:00:00,1102.637,29.444,72,0,2,0,0
2021-05-15 22:00:00,1032.704,29.444,72,0,2,0,0
2021-05-15 23:00:00,794.388,29.444,72,0,2,0,0
2021-05-16 00:00:00,1013.25,31.111,65,1,2,0,0
2021-05-16 01:00:00,1013.25,31.111,65,1,2,0,0
2021-05-16 02:00:00,1013.25,31.111,65,1,2,0,0
2021-05-16 03:00:00,1013.25,36.111,44,1,2,0,0
2021-05-16 04:00:00,1013.25,36.111,44,1,2,0,0
2021-05-16 05:00:00,1044.773,36.111,44,1,2,0,0
2021-05-16 06:00:00,1125.14,36.111,46,1,2,0,0
2021-05-16 07:00:00,1195.115,36.111,46,1,2,0,0
2021-05-16 08:00:00,1225.599,36.111,46,1,2,0,0
2021-05-16 09:00:00,1305.966,35.0,51,1,2,0,0
2021-05-16 10:00:00,1337.49,35.0,51,1,2,0,0
2021-05-16 11:00:00,1337.49,35.0,51,1,2,0,0
2021-05-16 12:00:00,1337.49,32.222,60,1,2,0,0
2021-05-16 13:00:00,1215.9,32.222,60,1,2,0,0
2021-05-16 14:00:00,1215.9,32.222,60,1,2,0,0
2021-05-16 15:00:00,1285.875,31.111,60,1,2,0,0
2021-05-16 16:00:00,1134.84,31.111,60,1,2,0,0
2021-05-16 17:00:00,1033.515,31.111,60,1,2,0,0
2021-05-16 18:00:00,1033.515,30.556,65,1,2,0,0
2021-05-16 19:00:00,1062.786,30.556,65,1,2,0,0
2021-05-16 20:00:00,1062.786,30.556,65,1,2,0,0
2021-05-16 21:00:00,960.595,29.444,69,1,2,0,0
2021-05-16 22:00:00,960.595,29.444,69,1,2,0,0
2021-05-16 23:00:00,960.595,29.444,69,1,2,0,0
2021-05-17 00:00:00,911.952,30.0,72,0,2,0,0
2021-05-17 01:00:00,852.477,30.0,72,0,2,0,0
2021-05-17 02:00:00,832.652,30.0,72,0,2,0,0
2021-05-17 03:00:00,852.477,34.444,48,0,2,0,0
2021-05-17 04:00:00,884.567,34.444,48,0,2,0,0
2021-05-17 05:00:00,1013.43,34.444,48,0,2,0,0
2021-05-17 06:00:00,1052.408,37.222,35,0,2,0,0
2021-05-17 07:00:00,1227.809,37.222,35,0,2,0,0
2021-05-17 08:00:00,1227.809,37.222,35,0,2,0,0
2021-05-17 09:00:00,1227.809,37.222,32,0,2,0,0
2021-05-17 10:00:00,1130.364,37.222,32,0,2,0,0
2021-05-17 11:00:00,1286.276,37.222,32,0,2,0,0
2021-05-17 12:00:00,1286.276,33.889,40,0,2,0,0
2021-05-17 13:00:00,1258.051,33.889,40,0,2,0,0
2021-05-17 14:00:00,1317.022,33.889,40,0,2,0,0
2021-05-17 15:00:00,1247.298,32.222,51,0,2,0,0
2021-05-17 16:00:00,1344.743,32.222,51,0,2,0,0
2021-05-17 17:00:00,1227.809,32.222,51,0,2,0,0
2021-05-17 18:00:00,974.452,30.0,64,0,2,0,0
2021-05-17 19:00:00,1110.875,30.0,64,0,2,0,0
2021-05-17 20:00:00,1120.452,30.0,64,0,2,0,0
2021-05-17 21:00:00,1100.794,29.444,70,0,2,0,0
2021-05-17 22:00:00,1022.166,29.444,70,0,2,0,0
2021-05-17 23:00:00,825.596,29.444,70,0,2,0,0
2021-05-18 00:00:00,1153.328,32.222,72,0,2,0,0
2021-05-18 01:00:00,1153.328,32.222,72,0,2,0,0
2021-05-18 02:00:00,1153.328,32.222,72,0,2,0,0
2021-05-18 03:00:00,1153.328,37.222,55,0,2,0,0
2021-05-18 04:00:00,1203.741,37.222,55,0,2,0,0
2021-05-18 05:00:00,1253.125,37.222,55,0,2,0,0
2021-05-18 06:00:00,1253.125,37.778,53,0,2,0,0
2021-05-18 07:00:00,1392.361,37.778,53,0,2,0,0
2021-05-18 08:00:00,1491.815,37.778,53,0,2,0,0
2021-05-18 09:00:00,1538.113,38.333,55,0,2,0,0
2021-05-18 10:00:00,1518.394,38.333,55,0,2,0,0
2021-05-18 11:00:00,1478.955,38.333,55,0,2,0,0
2021-05-18 12:00:00,1452.034,34.444,64,0,2,0,0
2021-05-18 13:00:00,1392.361,34.444,64,0,2,0,0
2021-05-18 14:00:00,1324.115,34.444,64,0,2,0,0
2021-05-18 15:00:00,1404.364,33.333,65,0,2,0,0
2021-05-18 16:00:00,1459.235,33.333,65,0,2,0,0
2021-05-18 17:00:00,1340.919,33.333,65,0,2,0,0
2021-05-18 18:00:00,1074.107,30.556,65,0,2,0,0
2021-05-18 19:00:00,1163.616,30.556,65,0,2,0,0
2021-05-18 20:00:00,1163.616,30.556,65,0,2,0,0
2021-05-18 21:00:00,962.993,29.444,82,0,2,0,0
2021-05-18 22:00:00,922.868,29.444,82,0,2,0,0
2021-05-18 23:00:00,842.618,29.444,82,0,2,0,0
2021-05-19 00:00:00,972.72,32.778,70,0,2,0,0
2021-05-19 01:00:00,972.72,32.778,70,0,2,0,0
2021-05-19 02:00:00,972.72,32.778,70,0,2,0,0
2021-05-19 03:00:00,1011.629,30.0,78,0,2,0,0
2021-05-19 04:00:00,1041.558,30.0,78,0,2,0,0
2021-05-19 05:00:00,1070.823,30.0,78,0,2,0,0
2021-05-19 06:00:00,1185.554,27.222,90,0,2,0,0
2021-05-19 07:00:00,1319.407,27.222,90,0,2,0,0
2021-05-19 08:00:00,1376.773,27.222,90,0,2,0,0
2021-05-19 09:00:00,1376.773,30.0,89,0,2,0,0
2021-05-19 10:00:00,1434.138,30.0,89,0,2,0,0
2021-05-19 11:00:00,1408.033,30.0,89,0,2,0,0
2021-05-19 12:00:00,1381.262,29.444,90,0,2,0,0
2021-05-19 13:00:00,1361.808,29.444,90,0,2,0,0
2021-05-19 14:00:00,1388.744,29.444,90,0,2,0,0
2021-05-19 15:00:00,1395.894,30.0,63,0,2,0,0
2021-05-19 16:00:00,1415.016,30.0,63,0,2,0,0
2021-05-19 17:00:00,1338.529,30.0,63,0,2,0,0
2021-05-19 18:00:00,1080.135,30.556,74,0,2,0,0
2021-05-19 19:00:00,1167.264,30.556,74,0,2,0,0
2021-05-19 20:00:00,1089.446,30.556,74,0,2,0,0
2021-05-19 21:00:00,983.694,28.889,69,0,2,0,0
2021-05-19 22:00:00,894.902,28.889,69,0,2,0,0
2021-05-19 23:00:00,836.539,28.889,69,0,2,0,0
2021-05-20 00:00:00,1173.561,31.111,59,0,2,0,0
2021-05-20 01:00:00,1173.561,31.111,59,0,2,0,0
2021-05-20 02:00:00,1163.616,31.111,59,0,2,0,0
2021-05-20 03:00:00,1163.616,33.889,39,0,2,0,0
2021-05-20 04:00:00,1243.865,33.889,39,0,2,0,0
2021-05-20 05:00:00,1352.579,33.889,39,0,2,0,0
2021-05-20 06:00:00,1233.234,37.222,34,0,2,0,0
2021-05-20 07:00:00,1281.761,37.222,34,0,2,0,0
2021-05-20 08:00:00,1312.798,37.222,34,0,2,0,0
2021-05-20 09:00:00,1332.688,36.667,34,0,2,0,0
2021-05-20 10:00:00,1253.125,36.667,34,0,2,0,0
2021-05-20 11:00:00,1392.361,36.667,34,0,2,0,0
2021-05-20 12:00:00,1380.358,31.667,46,0,2,0,0
2021-05-20 13:00:00,1352.579,31.667,46,0,2,0,0
2021-05-20 14:00:00,1352.579,31.667,46,0,2,0,0
2021-05-20 15:00:00,1478.955,30.0,65,0,2,0,0
2021-05-20 16:00:00,1642.026,30.0,65,0,2,0,0
2021-05-20 17:00:00,1524.738,30.0,65,0,2,0,0
2021-05-20 18:00:00,1113.889,29.444,65,0,2,0,0
2021-05-20 19:00:00,1153.671,29.444,65,0,2,0,0
2021-05-20 20:00:00,1133.78,29.444,65,0,2,0,0
2021-05-20 21:00:00,1063.304,26.667,79,0,2,0,0
2021-05-20 22:00:00,983.055,26.667,79,0,2,0,0
2021-05-20 23:00:00,882.743,26.667,79,0,2,0,0
2021-05-21 00:00:00,1063.304,32.222,59,0,2,0,0
2021-05-21 01:00:00,1063.304,32.222,59,0,2,0,0
2021-05-21 02:00:00,1063.304,32.222,59,0,2,0,0
2021-05-21 03:00:00,1063.304,35.556,24,0,2,0,0
2021-05-21 04:00:00,1173.561,35.556,24,0,2,0,0
2021-05-21 05:00:00,1193.452,35.556,24,0,2,0,0
2021-05-21 06:00:00,1253.125,37.778,14,0,2,0,0
2021-05-21 07:00:00,1301.48,37.778,14,0,2,0,0
2021-05-21 08:00:00,1439.516,37.778,14,0,2,0,0
2021-05-21 09:00:00,1387.903,36.667,14,0,2,0,0
2021-05-21 10:00:00,1407.451,36.667,14,0,2,0,0
2021-05-21 11:00:00,1407.451,36.667,14,0,2,0,0
2021-05-21 12:00:00,1281.761,32.778,34,0,2,0,0
2021-05-21 13:00:00,1281.761,32.778,34,0,2,0,0
2021-05-21 14:00:00,1380.358,32.778,34,0,2,0,0
2021-05-21 15:00:00,1485.642,31.111,52,0,2,0,0
2021-05-21 16:00:00,1622.478,31.111,52,0,2,0,0
2021-05-21 17:00:00,1332.688,31.111,52,0,2,0,0
2021-05-21 18:00:00,1083.367,29.444,69,0,2,0,0
2021-05-21 19:00:00,1123.491,29.444,69,0,2,0,0
2021-05-21 20:00:00,1083.367,29.444,69,0,2,0,0
2021-05-21 21:00:00,983.055,28.889,74,0,2,0,0
2021-05-21 22:00:00,922.868,28.889,74,0,2,0,0
2021-05-21 23:00:00,862.681,28.889,74,0,2,0,0
2021-05-22 00:00:00,1011.691,30.556,73,0,2,0,0
2021-05-22 01:00:00,1003.117,30.556,73,0,2,0,0
2021-05-22 02:00:00,1003.117,30.556,73,0,2,0,0
2021-05-22 03:00:00,1003.117,35.556,40,0,2,0,0
2021-05-22 04:00:00,1113.889,35.556,40,0,2,0,0
2021-05-22 05:00:00,1173.561,35.556,40,0,2,0,0
2021-05-22 06:00:00,1242.322,38.889,32,0,2,0,0
2021-05-22 07:00:00,1387.903,38.889,32,0,2,0,0
2021-05-22 08:00:00,1485.642,38.889,32,0,2,0,0
2021-05-22 09:00:00,1524.738,36.667,31,0,2,0,0
2021-05-22 10:00:00,1446.546,36.667,31,0,2,0,0
2021-05-22 11:00:00,1368.355,36.667,31,0,2,0,0
2021-05-22 12:00:00,1380.358,33.333,37,0,2,0,0
2021-05-22 13:00:00,1312.798,33.333,37,0,2,0,0
2021-05-22 14:00:00,1459.235,33.333,37,0,2,0,0
2021-05-22 15:00:00,1583.382,30.556,40,0,2,0,0
2021-05-22 16:00:00,1290.163,30.556,40,0,2,0,0
2021-05-22 17:00:00,1183.164,30.556,40,0,2,0,0
2021-05-22 18:00:00,1063.304,30.0,59,0,2,0,0
2021-05-22 19:00:00,1093.998,30.0,59,0,2,0,0
2021-05-22 20:00:00,1113.889,30.0,59,0,2,0,0
2021-05-22 21:00:00,1043.242,27.222,59,0,2,0,0
2021-05-22 22:00:00,962.993,27.222,59,0,2,0,0
2021-05-22 23:00:00,862.681,27.222,59,0,2,0,0
2021-05-23 00:00:00,991.457,32.778,55,1,2,0,0
2021-05-23 01:00:00,983.055,32.778,55,1,2,0,0
2021-05-23 02:00:00,983.055,32.778,55,1,2,0,0
2021-05-23 03:00:00,1003.117,37.222,32,1,2,0,0
2021-05-23 04:00:00,1034.325,37.222,32,1,2,0,0
2021-05-23 05:00:00,1064.848,37.222,32,1,2,0,0
2021-05-23 06:00:00,1242.322,40.0,24,1,2,0,0
2021-05-23 07:00:00,1281.761,40.0,24,1,2,0,0
2021-05-23 08:00:00,1407.451,40.0,24,1,2,0,0
2021-05-23 09:00:00,1466.094,38.889,21,1,2,0,0
2021-05-23 10:00:00,1426.999,38.889,21,1,2,0,0
2021-05-23 11:00:00,1329.259,38.889,21,1,2,0,0
2021-05-23 12:00:00,1375.9,33.333,34,1,2,0,0
2021-05-23 13:00:00,1380.358,33.333,34,1,2,0,0
2021-05-23 14:00:00,1400.077,33.333,34,1,2,0,0
2021-05-23 15:00:00,1505.19,31.667,40,1,2,0,0
2021-05-23 16:00:00,1622.478,31.667,40,1,2,0,0
2021-05-23 17:00:00,1432.143,31.667,40,1,2,0,0
2021-05-23 18:00:00,1123.491,30.0,36,1,2,0,0
2021-05-23 19:00:00,1143.554,30.0,36,1,2,0,0
2021-05-23 20:00:00,1103.429,30.0,36,1,2,0,0
2021-05-23 21:00:00,1023.18,28.889,63,1,2,0,0
2021-05-23 22:00:00,902.806,28.889,63,1,2,0,0
2021-05-23 23:00:00,862.681,28.889,63,1,2,0,0
2021-05-24 00:00:00,983.055,33.333,52,0,2,0,0
2021-05-24 01:00:00,983.055,33.333,52,0,2,0,0
2021-05-24 02:00:00,983.055,33.333,52,0,2,0,0
2021-05-24 03:00:00,983.055,33.333,52,0,2,0,0
2021-05-24 04:00:00,1093.998,39.444,20,0,2,0,0
2021-05-24 05:00:00,1202.883,39.444,20,0,2,0,0
2021-05-24 06:00:00,1242.322,39.444,20,0,2,0,0
2021-05-24 07:00:00,1034.325,39.444,20,0,2,0,0
2021-05-24 08:00:00,1005.689,39.444,20,0,2,0,0
2021-05-24 09:00:00,1524.738,36.667,21,0,2,0,0
2021-05-24 10:00:00,1498.674,36.667,21,0,2,0,0
2021-05-24 11:00:00,1392.361,36.667,21,0,2,0,0
2021-05-24 12:00:00,1439.516,33.889,32,0,2,0,0
2021-05-24 13:00:00,1387.903,33.889,32,0,2,0,0
2021-05-24 14:00:00,1446.546,33.889,32,0,2,0,0
2021-05-24 15:00:00,1524.738,31.667,41,0,2,0,0
2021-05-24 16:00:00,1602.93,31.667,41,0,2,0,0
2021-05-24 17:00:00,1563.834,31.667,41,0,2,0,0
2021-05-24 18:00:00,1193.452,30.556,45,0,2,0,0
2021-05-24 19:00:00,1113.889,30.556,45,0,2,0,0
2021-05-24 20:00:00,1113.889,30.556,45,0,2,0,0
2021-05-24 21:00:00,1183.164,26.667,58,0,2,0,0
2021-05-24 22:00:00,1143.725,26.667,58,0,2,0,0
2021-05-24 23:00:00,1143.725,26.667,58,0,2,0,0
2021-05-25 00:00:00,1043.568,31.667,39,0,2,0,0
2021-05-25 01:00:00,1043.568,31.667,39,0,2,0,0
2021-05-25 02:00:00,1043.568,31.667,39,0,2,0,0
2021-05-25 03:00:00,1043.568,35.556,23,0,2,0,0
2021-05-25 04:00:00,1151.693,35.556,23,0,2,0,0
2021-05-25 05:00:00,1180.379,35.556,23,0,2,0,0
2021-05-25 06:00:00,1257.781,37.222,18,0,2,0,0
2021-05-25 07:00:00,1393.234,37.222,18,0,2,0,0
2021-05-25 08:00:00,1509.337,37.222,18,0,2,0,0
2021-05-25 09:00:00,1470.636,37.222,17,0,2,0,0
2021-05-25 10:00:00,1548.038,37.222,17,0,2,0,0
2021-05-25 11:00:00,1470.636,37.222,17,0,2,0,0
2021-05-25 12:00:00,1444.496,30.556,31,0,2,0,0
2021-05-25 13:00:00,1470.636,30.556,31,0,2,0,0
2021-05-25 14:00:00,1509.337,30.556,31,0,2,0,0
2021-05-25 15:00:00,1567.388,28.333,41,0,2,0,0
2021-05-25 16:00:00,1606.089,28.333,41,0,2,0,0
2021-05-25 17:00:00,1586.739,28.333,41,0,2,0,0
2021-05-25 18:00:00,1220.777,29.444,52,0,2,0,0
2021-05-25 19:00:00,1142.017,29.444,52,0,2,0,0
2021-05-25 20:00:00,1082.947,29.444,52,0,2,0,0
2021-05-25 21:00:00,984.498,27.778,40,0,2,0,0
2021-05-25 22:00:00,846.668,27.778,40,0,2,0,0
2021-05-25 23:00:00,807.288,27.778,40,0,2,0,0
2021-05-26 00:00:00,992.985,34.444,38,0,2,0,0
2021-05-26 01:00:00,992.985,34.444,38,0,2,0,0
2021-05-26 02:00:00,992.985,34.444,38,0,2,0,0
2021-05-26 03:00:00,1052.564,40.0,25,0,2,0,0
2021-05-26 04:00:00,1102.637,40.0,25,0,2,0,0
2021-05-26 05:00:00,1296.482,40.0,25,0,2,0,0
2021-05-26 06:00:00,1296.482,42.222,15,0,2,0,0
2021-05-26 07:00:00,1393.234,42.222,15,0,2,0,0
2021-05-26 08:00:00,1015.051,42.222,15,0,2,0,0
2021-05-26 09:00:00,1354.533,38.889,16,0,2,0,0
2021-05-26 10:00:00,1277.131,38.889,16,0,2,0,0
2021-05-26 11:00:00,1431.935,38.889,16,0,2,0,0
2021-05-26 12:00:00,1219.08,36.111,23,0,2,0,0
2021-05-26 13:00:00,767.908,36.111,23,0,2,0,0
2021-05-26 14:00:00,787.598,36.111,23,0,2,0,0
2021-05-26 15:00:00,1528.687,33.889,26,0,2,0,0
2021-05-26 16:00:00,1586.739,33.889,26,0,2,0,0
2021-05-26 17:00:00,1489.986,33.889,26,0,2,0,0
2021-05-26 18:00:00,1122.327,27.222,53,0,2,0,0
2021-05-26 19:00:00,1142.017,27.222,53,0,2,0,0
2021-05-26 20:00:00,1102.637,27.222,53,0,2,0,0
2021-05-26 21:00:00,1004.188,32.778,25,0,2,0,0
2021-05-26 22:00:00,886.048,32.778,25,0,2,0,0
2021-05-26 23:00:00,846.668,32.778,25,0,2,0,0
2021-05-27 00:00:00,1012.844,33.889,40,0,2,0,0
2021-05-27 01:00:00,1012.844,33.889,40,0,2,0,0
2021-05-27 02:00:00,1012.844,33.889,40,0,2,0,0
2021-05-27 03:00:00,1012.844,36.667,32,0,2,0,0
2021-05-27 04:00:00,1142.017,36.667,32,0,2,0,0
2021-05-27 05:00:00,1257.781,36.667,32,0,2,0,0
2021-05-27 06:00:00,1296.482,40.0,25,0,2,0,0
2021-05-27 07:00:00,1451.285,40.0,25,0,2,0,0
2021-05-27 08:00:00,1522.577,40.0,25,0,2,0,0
2021-05-27 09:00:00,1509.337,37.778,32,0,2,0,0
2021-05-27 10:00:00,1548.038,37.778,32,0,2,0,0
2021-05-27 11:00:00,1509.337,37.778,32,0,2,0,0
2021-05-27 12:00:00,1548.038,33.889,40,0,2,0,0
2021-05-27 13:00:00,1664.141,33.889,40,0,2,0,0
2021-05-27 14:00:00,1625.44,33.889,40,0,2,0,0
2021-05-27 15:00:00,1841.35,33.889,37,0,2,0,0
2021-05-27 16:00:00,1975.615,33.889,37,0,2,0,0
2021-05-27 17:00:00,1935.047,33.889,37,0,2,0,0
2021-05-27 18:00:00,984.498,32.778,29,0,2,0,0
2021-05-27 19:00:00,1142.017,32.778,29,0,2,0,0
2021-05-27 20:00:00,1082.947,32.778,29,0,2,0,0
2021-05-27 21:00:00,1004.188,31.667,50,0,2,0,0
2021-05-27 22:00:00,925.428,31.667,50,0,2,0,0
2021-05-27 23:00:00,866.358,31.667,50,0,2,0,0
2021-05-28 00:00:00,1083.367,31.667,55,0,2,0,0
2021-05-28 01:00:00,1083.367,31.667,55,0,2,0,0
2021-05-28 02:00:00,1083.367,31.667,55,0,2,0,0
2021-05-28 03:00:00,1083.367,35.0,43,0,2,0,0
2021-05-28 04:00:00,1173.561,35.0,43,0,2,0,0
2021-05-28 05:00:00,1242.322,35.0,43,0,2,0,0
2021-05-28 06:00:00,1290.163,37.222,32,0,2,0,0
2021-05-28 07:00:00,1485.642,37.222,32,0,2,0,0
2021-05-28 08:00:00,1485.642,37.222,32,0,2,0,0
2021-05-28 09:00:00,1524.738,36.667,35,0,2,0,0
2021-05-28 10:00:00,1511.363,36.667,35,0,2,0,0
2021-05-28 11:00:00,1511.363,36.667,35,0,2,0,0
2021-05-28 12:00:00,1511.363,33.333,44,0,2,0,0
2021-05-28 13:00:00,1466.094,33.333,44,0,2,0,0
2021-05-28 14:00:00,1466.094,33.333,44,0,2,0,0
2021-05-28 15:00:00,1608.246,33.333,42,0,2,0,0
2021-05-28 16:00:00,1840.763,33.333,42,0,2,0,0
2021-05-28 17:00:00,1743.881,33.333,42,0,2,0,0
2021-05-28 18:00:00,994.544,32.778,41,0,2,0,0
2021-05-28 19:00:00,1133.78,32.778,41,0,2,0,0
2021-05-28 20:00:00,1113.889,32.778,41,0,2,0,0
2021-05-28 21:00:00,1133.78,30.556,52,0,2,0,0
2021-05-28 22:00:00,914.98,30.556,52,0,2,0,0
2021-05-28 23:00:00,875.198,30.556,52,0,2,0,0
2021-05-29 00:00:00,1072.424,33.333,48,0,2,0,0
2021-05-29 01:00:00,1072.424,33.333,48,0,2,0,0
2021-05-29 02:00:00,1072.424,33.333,48,0,2,0,0
2021-05-29 03:00:00,1063.257,37.222,36,0,2,0,0
2021-05-29 04:00:00,1199.729,37.222,36,0,2,0,0
2021-05-29 05:00:00,1381.013,37.222,36,0,2,0,0
2021-05-29 06:00:00,1323.47,41.111,20,0,2,0,0
2021-05-29 07:00:00,1482.857,41.111,20,0,2,0,0
2021-05-29 08:00:00,1653.956,41.111,20,0,2,0,0
2021-05-29 09:00:00,1806.044,40.0,24,0,2,0,0
2021-05-29 10:00:00,1806.044,40.0,24,0,2,0,0
2021-05-29 11:00:00,1745.446,40.0,24,0,2,0,0
2021-05-29 12:00:00,1745.446,35.0,34,0,2,0,0
2021-05-29 13:00:00,1764.627,35.0,34,0,2,0,0
2021-05-29 14:00:00,1783.808,35.0,34,0,2,0,0
2021-05-29 15:00:00,1611.181,34.444,33,0,2,0,0
2021-05-29 16:00:00,1996.154,34.444,33,0,2,0,0
2021-05-29 17:00:00,1764.627,34.444,33,0,2,0,0
2021-05-29 18:00:00,1082.947,31.667,48,0,2,0,0
2021-05-29 19:00:00,1122.327,31.667,48,0,2,0,0
2021-05-29 20:00:00,1023.878,31.667,48,0,2,0,0
2021-05-29 21:00:00,984.498,26.111,87,0,2,0,0
2021-05-29 22:00:00,886.048,26.111,87,0,2,0,0
2021-05-29 23:00:00,846.668,26.111,87,0,2,0,0
2021-05-30 00:00:00,1072.424,29.444,80,1,2,0,0
2021-05-30 01:00:00,1072.424,29.444,80,1,2,0,0
2021-05-30 02:00:00,1072.424,29.444,80,1,2,0,0
2021-05-30 03:00:00,1072.424,32.222,55,1,2,0,0
2021-05-30 04:00:00,1201.087,32.222,55,1,2,0,0
2021-05-30 05:00:00,1366.415,32.222,55,1,2,0,0
2021-05-30 06:00:00,1548.038,36.667,35,1,2,0,0
2021-05-30 07:00:00,1606.089,36.667,35,1,2,0,0
2021-05-30 08:00:00,1687.904,36.667,35,1,2,0,0
2021-05-30 09:00:00,1841.35,33.889,40,1,2,0,0
2021-05-30 10:00:00,1806.044,33.889,40,1,2,0,0
2021-05-30 11:00:00,1783.808,33.889,40,1,2,0,0
2021-05-30 12:00:00,1741.542,30.556,57,1,2,0,0
2021-05-30 13:00:00,1717.779,30.556,57,1,2,0,0
2021-05-30 14:00:00,1780.243,30.556,57,1,2,0,0
2021-05-30 15:00:00,1841.35,30.556,60,1,2,0,0
2021-05-30 16:00:00,1863.077,30.556,60,1,2,0,0
2021-05-30 17:00:00,1799.594,30.556,60,1,2,0,0
2021-05-30 18:00:00,1102.637,31.667,49,1,2,0,0
2021-05-30 19:00:00,1122.327,31.667,49,1,2,0,0
2021-05-30 20:00:00,1082.947,31.667,49,1,2,0,0
2021-05-30 21:00:00,1043.568,27.222,74,1,2,0,0
2021-05-30 22:00:00,905.738,27.222,74,1,2,0,0
2021-05-30 23:00:00,846.668,27.222,74,1,2,0,0
2021-05-31 00:00:00,1057.833,33.889,41,0,2,0,0
2021-05-31 01:00:00,1057.833,33.889,41,0,2,0,0
2021-05-31 02:00:00,1057.833,33.889,41,0,2,0,0
2021-05-31 03:00:00,1057.833,37.222,31,0,2,0,0
2021-05-31 04:00:00,1183.164,37.222,31,0,2,0,0
2021-05-31 05:00:00,1315.042,37.222,31,0,2,0,0
2021-05-31 06:00:00,1462.041,38.889,27,0,2,0,0
2021-05-31 07:00:00,1550.116,38.889,27,0,2,0,0
2021-05-31 08:00:00,1571.316,38.889,27,0,2,0,0
2021-05-31 09:00:00,1641.153,38.889,28,0,2,0,0
2021-05-31 10:00:00,1571.316,38.889,28,0,2,0,0
2021-05-31 11:00:00,1550.116,38.889,28,0,2,0,0
2021-05-31 12:00:00,1426.811,32.222,48,0,2,0,0
2021-05-31 13:00:00,1391.582,32.222,48,0,2,0,0
2021-05-31 14:00:00,1479.656,32.222,48,0,2,0,0
2021-05-31 15:00:00,1606.235,31.667,47,0,2,0,0
2021-05-31 16:00:00,1798.284,31.667,47,0,2,0,0
2021-05-31 17:00:00,1676.071,31.667,47,0,2,0,0
2021-05-31 18:00:00,1130.787,29.444,64,0,2,0,0
2021-05-31 19:00:00,1258.456,29.444,64,0,2,0,0
2021-05-31 20:00:00,1130.787,29.444,64,0,2,0,0
2021-05-31 21:00:00,1094.31,29.444,59,0,2,0,0
2021-05-31 22:00:00,784.255,29.444,59,0,2,0,0
2021-05-31 23:00:00,729.54,29.444,59,0,2,0,0
2021-06-01 00:00:00,766.625,31.667,59,0,2,0,0
2021-06-01 01:00:00,766.625,31.667,59,0,2,0,0
2021-06-01 02:00:00,766.625,31.667,59,0,2,0,0
2021-06-01 03:00:00,766.625,35.0,38,0,2,0,0
2021-06-01 04:00:00,766.625,35.0,38,0,2,0,0
2021-06-01 05:00:00,766.625,35.0,38,0,2,0,0
2021-06-01 06:00:00,966.051,37.778,28,0,2,0,0
2021-06-01 07:00:00,799.05,37.778,28,0,2,0,0
2021-06-01 08:00:00,1081.977,37.778,28,0,2,0,0
2021-06-01 09:00:00,1313.83,37.222,30,0,2,0,0
2021-06-01 10:00:00,1520.145,37.222,30,0,2,0,0
2021-06-01 11:00:00,1598.101,37.222,30,0,2,0,0
2021-06-01 12:00:00,1481.167,32.778,44,0,2,0,0
2021-06-01 13:00:00,1670.681,32.778,44,0,2,0,0
2021-06-01 14:00:00,1685.466,32.778,44,0,2,0,0
2021-06-01 15:00:00,1723.772,30.556,54,0,2,0,0
2021-06-01 16:00:00,1704.619,30.556,54,0,2,0,0
2021-06-01 17:00:00,1647.16,30.556,54,0,2,0,0
2021-06-01 18:00:00,1266.787,30.0,52,0,2,0,0
2021-06-01 19:00:00,1297.365,30.0,52,0,2,0,0
2021-06-01 20:00:00,1179.423,30.0,52,0,2,0,0
2021-06-01 21:00:00,1100.794,27.778,75,0,2,0,0
2021-06-01 22:00:00,1011.078,27.778,75,0,2,0,0
2021-06-01 23:00:00,1019.646,27.778,75,0,2,0,0
2021-06-02 00:00:00,990.231,27.778,70,0,2,0,0
2021-06-02 01:00:00,990.231,27.778,70,0,2,0,0
2021-06-02 02:00:00,981.839,27.778,70,0,2,0,0
2021-06-02 03:00:00,981.839,30.0,63,0,2,0,0
2021-06-02 04:00:00,1049.796,30.0,63,0,2,0,0
2021-06-02 05:00:00,1135.359,30.0,63,0,2,0,0
2021-06-02 06:00:00,1211.05,32.778,41,0,2,0,0
2021-06-02 07:00:00,1259.755,32.778,41,0,2,0,0
2021-06-02 08:00:00,1248.895,32.778,41,0,2,0,0
2021-06-02 09:00:00,1267.818,35.0,39,0,2,0,0
2021-06-02 10:00:00,1463.133,35.0,39,0,2,0,0
2021-06-02 11:00:00,1594.439,35.0,39,0,2,0,0
2021-06-02 12:00:00,1608.426,30.556,55,0,2,0,0
2021-06-02 13:00:00,1665.194,30.556,55,0,2,0,0
2021-06-02 14:00:00,1494.89,30.556,55,0,2,0,0
2021-06-02 15:00:00,1394.517,29.444,68,0,2,0,0
2021-06-02 16:00:00,1320.143,29.444,68,0,2,0,0
2021-06-02 17:00:00,1406.858,29.444,68,0,2,0,0
2021-06-02 18:00:00,1259.755,30.0,57,0,2,0,0
2021-06-02 19:00:00,1135.853,30.0,57,0,2,0,0
2021-06-02 20:00:00,1097.349,30.0,57,0,2,0,0
2021-06-02 21:00:00,1020.342,28.333,74,0,2,0,0
2021-06-02 22:00:00,962.587,28.333,74,0,2,0,0
2021-06-02 23:00:00,904.832,28.333,74,0,2,0,0
2021-06-03 00:00:00,1126.145,27.778,71,0,2,0,0
2021-06-03 01:00:00,1126.145,27.778,71,0,2,0,0
2021-06-03 02:00:00,1126.145,27.778,71,0,2,0,0
2021-06-03 03:00:00,1126.145,26.111,87,0,2,0,0
2021-06-03 04:00:00,979.042,26.111,87,0,2,0,0
2021-06-03 05:00:00,979.042,26.111,87,0,2,0,0
2021-06-03 06:00:00,1116.601,28.889,76,0,2,0,0
2021-06-03 07:00:00,970.814,28.889,76,0,2,0,0
2021-06-03 08:00:00,990.231,28.889,76,0,2,0,0
2021-06-03 09:00:00,1009.647,30.0,65,0,2,0,0
2021-06-03 10:00:00,1087.312,30.0,65,0,2,0,0
2021-06-03 11:00:00,970.814,30.0,65,0,2,0,0
2021-06-03 12:00:00,970.814,27.778,71,0,2,0,0
2021-06-03 13:00:00,1009.647,27.778,71,0,2,0,0
2021-06-03 14:00:00,1058.846,27.778,71,0,2,0,0
2021-06-03 15:00:00,1106.729,26.667,76,0,2,0,0
2021-06-03 16:00:00,1087.312,26.667,76,0,2,0,0
2021-06-03 17:00:00,1067.896,26.667,76,0,2,0,0
2021-06-03 18:00:00,1048.48,28.889,69,0,2,0,0
2021-06-03 19:00:00,1087.312,28.889,69,0,2,0,0
2021-06-03 20:00:00,1058.846,28.889,69,0,2,0,0
2021-06-03 21:00:00,1020.342,25.556,85,0,2,0,0
2021-06-03 22:00:00,962.587,25.556,85,0,2,0,0
2021-06-03 23:00:00,943.335,25.556,85,0,2,0,0
2021-06-04 00:00:00,1137.999,28.889,77,0,2,0,0
2021-06-04 01:00:00,1137.999,28.889,77,0,2,0,0
2021-06-04 02:00:00,745.586,28.889,77,0,2,0,0
2021-06-04 03:00:00,739.267,33.333,48,0,2,0,0
2021-06-04 04:00:00,1185.554,33.333,48,0,2,0,0
2021-06-04 05:00:00,1251.067,33.333,48,0,2,0,0
2021-06-04 06:00:00,1292.304,36.111,38,0,2,0,0
2021-06-04 07:00:00,1311.592,36.111,38,0,2,0,0
2021-06-04 08:00:00,1300.285,36.111,38,0,2,0,0
2021-06-04 09:00:00,1338.529,32.778,44,0,2,0,0
2021-06-04 10:00:00,1051.701,32.778,44,0,2,0,0
2021-06-04 11:00:00,1089.945,32.778,44,0,2,0,0
2021-06-04 12:00:00,1166.432,26.667,76,0,2,0,0
2021-06-04 13:00:00,1166.432,26.667,76,0,2,0,0
2021-06-04 14:00:00,1166.432,26.667,76,0,2,0,0
2021-06-04 15:00:00,622.541,26.667,85,0,2,0,0
2021-06-04 16:00:00,1099.423,26.667,85,0,2,0,0
2021-06-04 17:00:00,855.993,26.667,85,0,2,0,0
2021-06-04 18:00:00,933.811,26.111,82,0,2,0,0
2021-06-04 19:00:00,933.811,26.111,82,0,2,0,0
2021-06-04 20:00:00,914.357,26.111,82,0,2,0,0
2021-06-04 21:00:00,875.448,26.111,89,0,2,0,0
2021-06-04 22:00:00,836.539,26.111,89,0,2,0,0
2021-06-04 23:00:00,817.085,26.111,89,0,2,0,0
2021-06-05 00:00:00,746.968,29.444,78,0,2,0,0
2021-06-05 01:00:00,746.968,29.444,78,0,2,0,0
2021-06-05 02:00:00,746.968,29.444,78,0,2,0,0
2021-06-05 03:00:00,707.654,32.778,57,0,2,0,0
2021-06-05 04:00:00,838.029,32.778,57,0,2,0,0
2021-06-05 05:00:00,1169.342,32.778,57,0,2,0,0
2021-06-05 06:00:00,974.452,35.0,31,0,2,0,0
2021-06-05 07:00:00,1169.342,35.0,31,0,2,0,0
2021-06-05 08:00:00,1149.853,35.0,31,0,2,0,0
2021-06-05 09:00:00,1169.342,33.889,45,0,2,0,0
2021-06-05 10:00:00,1149.853,33.889,45,0,2,0,0
2021-06-05 11:00:00,1130.364,33.889,45,0,2,0,0
2021-06-05 12:00:00,1218.737,30.556,55,0,2,0,0
2021-06-05 13:00:00,1218.737,30.556,55,0,2,0,0
2021-06-05 14:00:00,1199.08,30.556,55,0,2,0,0
2021-06-05 15:00:00,1179.423,29.444,68,0,2,0,0
2021-06-05 16:00:00,1159.766,29.444,68,0,2,0,0
2021-06-05 17:00:00,1110.203,29.444,68,0,2,0,0
2021-06-05 18:00:00,1110.203,26.111,87,0,2,0,0
2021-06-05 19:00:00,1081.137,26.111,87,0,2,0,0
2021-06-05 20:00:00,1002.509,26.111,87,0,2,0,0
2021-06-05 21:00:00,943.538,27.222,68,0,2,0,0
2021-06-05 22:00:00,904.224,27.222,68,0,2,0,0
2021-06-05 23:00:00,845.253,27.222,68,0,2,0,0
2021-06-06 00:00:00,1089.446,30.556,63,1,2,0,0
2021-06-06 01:00:00,1089.446,30.556,63,1,2,0,0
2021-06-06 02:00:00,1089.446,30.556,63,1,2,0,0
2021-06-06 03:00:00,1089.446,33.889,40,1,2,0,0
2021-06-06 04:00:00,1118.711,33.889,40,1,2,0,0
2021-06-06 05:00:00,1147.31,33.889,40,1,2,0,0
2021-06-06 06:00:00,1060.846,37.222,24,1,2,0,0
2021-06-06 07:00:00,1215.151,37.222,24,1,2,0,0
2021-06-06 08:00:00,1273.016,37.222,24,1,2,0,0
2021-06-06 09:00:00,1319.407,36.667,26,1,2,0,0
2021-06-06 10:00:00,1273.016,36.667,26,1,2,0,0
2021-06-06 11:00:00,829.389,36.667,26,1,2,0,0
2021-06-06 12:00:00,1206.172,32.222,42,1,2,0,0
2021-06-06 13:00:00,1186.718,32.222,42,1,2,0,0
2021-06-06 14:00:00,1108.9,32.222,42,1,2,0,0
2021-06-06 15:00:00,1294.964,30.0,66,1,2,0,0
2021-06-06 16:00:00,1472.382,30.0,66,1,2,0,0
2021-06-06 17:00:00,1350.168,30.0,66,1,2,0,0
2021-06-06 18:00:00,1253.728,28.333,70,1,2,0,0
2021-06-06 19:00:00,1099.423,28.333,70,1,2,0,0
2021-06-06 20:00:00,1031.083,28.333,70,1,2,0,0
2021-06-06 21:00:00,933.811,28.889,72,1,2,0,0
2021-06-06 22:00:00,894.902,28.889,72,1,2,0,0
2021-06-06 23:00:00,855.993,28.889,72,1,2,0,0
2021-06-07 00:00:00,1123.491,32.778,59,0,2,0,0
2021-06-07 01:00:00,1123.491,32.778,59,0,2,0,0
2021-06-07 02:00:00,1123.491,32.778,59,0,2,0,0
2021-06-07 03:00:00,1123.491,36.111,40,0,2,0,0
2021-06-07 04:00:00,1113.889,36.111,40,0,2,0,0
2021-06-07 05:00:00,1202.883,36.111,40,0,2,0,0
2021-06-07 06:00:00,1259.469,37.778,29,0,2,0,0
2021-06-07 07:00:00,1414.481,37.778,29,0,2,0,0
2021-06-07 08:00:00,1453.234,37.778,29,0,2,0,0
2021-06-07 09:00:00,1497.988,36.111,31,0,2,0,0
2021-06-07 10:00:00,1440.373,36.111,31,0,2,0,0
2021-06-07 11:00:00,1336.975,36.111,31,0,2,0,0
2021-06-07 12:00:00,1298.222,28.889,73,0,2,0,0
2021-06-07 13:00:00,840.561,28.889,73,0,2,0,0
2021-06-07 14:00:00,1298.222,28.889,73,0,2,0,0
2021-06-07 15:00:00,1298.222,29.444,69,0,2,0,0
2021-06-07 16:00:00,1321.2,29.444,69,0,2,0,0
2021-06-07 17:00:00,1332.688,29.444,69,0,2,0,0
2021-06-07 18:00:00,1113.889,30.0,68,0,2,0,0
2021-06-07 19:00:00,1074.107,30.0,68,0,2,0,0
2021-06-07 20:00:00,1054.216,30.0,68,0,2,0,0
2021-06-07 21:00:00,1003.117,28.889,69,0,2,0,0
2021-06-07 22:00:00,962.993,28.889,69,0,2,0,0
2021-06-07 23:00:00,902.806,28.889,69,0,2,0,0
2021-06-08 00:00:00,1002.509,31.111,57,0,2,0,0
2021-06-08 01:00:00,1002.509,31.111,57,0,2,0,0
2021-06-08 02:00:00,993.941,31.111,57,0,2,0,0
2021-06-08 03:00:00,985.372,33.889,45,0,2,0,0
2021-06-08 04:00:00,1081.977,33.889,45,0,2,0,0
2021-06-08 05:00:00,1178.583,33.889,45,0,2,0,0
2021-06-08 06:00:00,1149.181,36.667,37,0,2,0,0
2021-06-08 07:00:00,1215.041,36.667,37,0,2,0,0
2021-06-08 08:00:00,1271.996,36.667,37,0,2,0,0
2021-06-08 09:00:00,1253.011,26.667,87,0,2,0,0
2021-06-08 10:00:00,1279.556,26.667,87,0,2,0,0
2021-06-08 11:00:00,1204.288,26.667,87,0,2,0,0
2021-06-08 12:00:00,1204.288,26.667,79,0,2,0,0
2021-06-08 13:00:00,1206.64,26.667,79,0,2,0,0
2021-06-08 14:00:00,1206.64,26.667,79,0,2,0,0
2021-06-08 15:00:00,1290.981,27.222,79,0,2,0,0
2021-06-08 16:00:00,1366.921,27.222,79,0,2,0,0
2021-06-08 17:00:00,1283.252,27.222,79,0,2,0,0
2021-06-08 18:00:00,966.051,28.889,73,0,2,0,0
2021-06-08 19:00:00,1091.386,28.889,73,0,2,0,0
2021-06-08 20:00:00,1091.386,28.889,73,0,2,0,0
2021-06-08 21:00:00,1013.43,26.111,84,0,2,0,0
2021-06-08 22:00:00,974.452,26.111,84,0,2,0,0
2021-06-08 23:00:00,896.496,26.111,84,0,2,0,0
2021-06-09 00:00:00,1188.831,26.667,88,0,2,0,0
2021-06-09 01:00:00,1188.831,26.667,88,0,2,0,0
2021-06-09 02:00:00,1169.342,26.667,88,0,2,0,0
2021-06-09 03:00:00,1169.342,30.0,59,0,2,0,0
2021-06-09 04:00:00,1169.342,30.0,59,0,2,0,0
2021-06-09 05:00:00,1052.408,30.0,59,0,2,0,0
2021-06-09 06:00:00,1734.524,30.0,59,0,2,0,0
2021-06-09 07:00:00,1773.502,30.0,59,0,2,0,0
2021-06-09 08:00:00,1024.014,30.0,59,0,2,0,0
2021-06-09 09:00:00,1062.656,29.444,60,0,2,0,0
2021-06-09 10:00:00,927.409,29.444,60,0,2,0,0
2021-06-09 11:00:00,927.409,29.444,60,0,2,0,0
2021-06-09 12:00:00,1024.014,28.333,70,0,2,0,0
2021-06-09 13:00:00,1101.299,28.333,70,0,2,0,0
2021-06-09 14:00:00,1159.262,28.333,70,0,2,0,0
2021-06-09 15:00:00,1004.693,27.778,84,0,2,0,0
2021-06-09 16:00:00,935.474,27.778,84,0,2,0,0
2021-06-09 17:00:00,993.941,27.778,84,0,2,0,0
2021-06-09 18:00:00,908.088,26.667,82,0,2,0,0
2021-06-09 19:00:00,974.452,26.667,82,0,2,0,0
2021-06-09 20:00:00,954.963,26.667,82,0,2,0,0
2021-06-09 21:00:00,915.985,25.556,80,0,2,0,0
2021-06-09 22:00:00,877.007,25.556,80,0,2,0,0
2021-06-09 23:00:00,838.029,25.556,80,0,2,0,0
2021-06-10 00:00:00,1004.188,27.778,62,0,2,0,0
2021-06-10 01:00:00,1004.188,27.778,62,0,2,0,0
2021-06-10 02:00:00,1004.188,27.778,62,0,2,0,0
2021-06-10 03:00:00,995.531,30.556,55,0,2,0,0
2021-06-10 04:00:00,1054.091,30.556,55,0,2,0,0
2021-06-10 05:00:00,1141.678,30.556,55,0,2,0,0
2021-06-10 06:00:00,976.011,32.778,40,0,2,0,0
2021-06-10 07:00:00,984.498,32.778,40,0,2,0,0
2021-06-10 08:00:00,1023.878,32.778,40,0,2,0,0
2021-06-10 09:00:00,1004.188,26.111,90,0,2,0,0
2021-06-10 10:00:00,1043.568,26.111,90,0,2,0,0
2021-06-10 11:00:00,1015.051,26.111,90,0,2,0,0
2021-06-10 12:00:00,1240.467,26.667,80,0,2,0,0
2021-06-10 13:00:00,984.498,26.667,80,0,2,0,0
2021-06-10 14:00:00,984.498,26.667,80,0,2,0,0
2021-06-10 15:00:00,976.011,26.111,73,0,2,0,0
2021-06-10 16:00:00,1238.43,26.111,73,0,2,0,0
2021-06-10 17:00:00,853.967,26.111,73,0,2,0,0
2021-06-10 18:00:00,893.686,25.0,86,0,2,0,0
2021-06-10 19:00:00,933.406,25.0,86,0,2,0,0
2021-06-10 20:00:00,893.686,25.0,86,0,2,0,0
2021-06-10 21:00:00,853.967,24.444,90,0,2,0,0
2021-06-10 22:00:00,834.107,24.444,90,0,2,0,0
2021-06-10 23:00:00,794.388,24.444,90,0,2,0,0
2021-06-11 00:00:00,739.267,27.222,70,0,2,0,0
2021-06-11 01:00:00,700.358,27.222,70,0,2,0,0
2021-06-11 02:00:00,700.358,27.222,70,0,2,0,0
2021-06-11 03:00:00,700.358,30.0,51,0,2,0,0
2021-06-11 04:00:00,661.449,30.0,51,0,2,0,0
2021-06-11 05:00:00,641.995,30.0,51,0,2,0,0
2021-06-11 06:00:00,1195.863,29.444,49,0,2,0,0
2021-06-11 07:00:00,1069.992,29.444,49,0,2,0,0
2021-06-11 08:00:00,1099.423,29.444,49,0,2,0,0
2021-06-11 09:00:00,972.72,30.0,45,0,2,0,0
2021-06-11 10:00:00,1050.537,30.0,45,0,2,0,0
2021-06-11 11:00:00,1002.982,30.0,45,0,2,0,0
2021-06-11 12:00:00,972.72,28.333,54,0,2,0,0
2021-06-11 13:00:00,1011.629,28.333,54,0,2,0,0
2021-06-11 14:00:00,1013.458,28.333,54,0,2,0,0
2021-06-11 15:00:00,1013.458,28.889,53,0,2,0,0
2021-06-11 16:00:00,975.214,28.889,53,0,2,0,0
2021-06-11 17:00:00,933.811,28.889,53,0,2,0,0
2021-06-11 18:00:00,906.542,25.0,90,0,2,0,0
2021-06-11 19:00:00,983.694,25.0,90,0,2,0,0
2021-06-11 20:00:00,983.694,25.0,90,0,2,0,0
2021-06-11 21:00:00,894.902,24.444,85,0,2,0,0
2021-06-11 22:00:00,875.448,24.444,85,0,2,0,0
2021-06-11 23:00:00,778.176,24.444,85,0,2,0,0
2021-06-12 00:00:00,746.968,27.222,81,0,2,0,0
2021-06-12 01:00:00,707.654,27.222,81,0,2,0,0
2021-06-12 02:00:00,707.654,27.222,81,0,2,0,0
2021-06-12 03:00:00,707.654,30.556,64,0,2,0,0
2021-06-12 04:00:00,707.654,30.556,64,0,2,0,0
2021-06-12 05:00:00,1041.823,30.556,64,0,2,0,0
2021-06-12 06:00:00,1277.708,31.111,55,0,2,0,0
2021-06-12 07:00:00,927.409,31.111,55,0,2,0,0
2021-06-12 08:00:00,935.474,31.111,55,0,2,0,0
2021-06-12 09:00:00,1081.137,30.556,64,0,2,0,0
2021-06-12 10:00:00,1022.166,30.556,64,0,2,1,0
2021-06-12 11:00:00,1013.43,30.556,64,0,2,1,0
2021-06-12 12:00:00,1275.188,28.889,73,0,2,0,0
2021-06-12 13:00:00,1217.225,28.889,73,0,2,0,0
2021-06-12 14:00:00,1149.181,28.889,73,0,2,0,0
2021-06-12 15:00:00,1101.299,28.889,69,0,2,0,0
2021-06-12 16:00:00,1081.977,28.889,69,0,2,0,0
2021-06-12 17:00:00,1062.656,28.889,69,0,2,0,0
2021-06-12 18:00:00,1091.386,28.333,59,0,2,0,0
2021-06-12 19:00:00,1061.48,28.333,59,0,2,0,0
2021-06-12 20:00:00,1041.823,28.333,59,0,2,0,0
2021-06-12 21:00:00,904.224,26.667,73,0,2,0,0
2021-06-12 22:00:00,884.567,26.667,73,0,2,0,0
2021-06-12 23:00:00,805.939,26.667,73,0,2,0,0
2021-06-13 00:00:00,1014.434,27.778,68,1,2,0,0
2021-06-13 01:00:00,1014.434,27.778,68,1,2,0,0
2021-06-13 02:00:00,1014.434,27.778,68,1,2,0,0
2021-06-13 03:00:00,1014.434,31.111,58,1,2,0,0
2021-06-13 04:00:00,1014.434,31.111,58,1,2,0,0
2021-06-13 05:00:00,1034.325,31.111,58,1,2,0,0
2021-06-13 06:00:00,1192.423,33.889,47,1,2,0,0
2021-06-13 07:00:00,1251.067,33.889,47,1,2,0,0
2021-06-13 08:00:00,1153.328,33.889,47,1,2,0,0
2021-06-13 09:00:00,1222.603,29.444,60,1,2,0,0
2021-06-13 10:00:00,1172.876,29.444,60,1,2,0,0
2021-06-13 11:00:00,1251.067,29.444,60,1,2,0,0
2021-06-13 12:00:00,1505.19,26.667,85,1,2,0,0
2021-06-13 13:00:00,1301.48,26.667,85,1,2,0,0
2021-06-13 14:00:00,1301.48,26.667,85,1,2,0,0
2021-06-13 15:00:00,1301.48,23.889,87,1,2,0,0
2021-06-13 16:00:00,1459.235,23.889,87,1,2,0,0
2021-06-13 17:00:00,676.29,23.889,87,1,2,0,0
2021-06-13 18:00:00,1034.325,28.333,74,1,2,0,0
2021-06-13 19:00:00,994.544,28.333,74,1,2,0,0
2021-06-13 20:00:00,954.762,28.333,87,1,2,0,0
2021-06-13 21:00:00,922.868,23.333,87,1,2,0,0
2021-06-13 22:00:00,842.618,23.333,87,1,2,0,0
2021-06-13 23:00:00,802.494,23.333,85,1,2,0,0
2021-06-14 00:00:00,754.668,26.111,85,0,2,0,0
2021-06-14 01:00:00,754.668,26.111,85,0,2,0,0
2021-06-14 02:00:00,714.949,26.111,77,0,2,0,0
2021-06-14 03:00:00,675.23,27.778,77,0,2,0,0
2021-06-14 04:00:00,635.51,27.778,77,0,2,0,0
2021-06-14 05:00:00,595.791,27.778,64,0,2,0,0
2021-06-14 06:00:00,992.985,31.111,64,0,2,0,0
2021-06-14 07:00:00,1023.878,31.111,64,0,2,0,0
2021-06-14 08:00:00,1082.947,31.111,58,0,2,0,0
2021-06-14 09:00:00,826.978,32.222,58,0,2,0,0
2021-06-14 10:00:00,984.498,32.222,58,0,2,0,0
2021-06-14 11:00:00,995.531,32.222,58,0,2,0,0
2021-06-14 12:00:00,1015.051,30.0,67,0,2,0,0
2021-06-14 13:00:00,1063.257,30.0,67,0,2,0,0
2021-06-14 14:00:00,1023.878,30.0,67,0,2,0,0
2021-06-14 15:00:00,984.498,29.444,62,0,2,0,0
2021-06-14 16:00:00,1082.947,29.444,62,0,2,0,0
2021-06-14 17:00:00,1132.172,29.444,62,0,2,0,0
2021-06-14 18:00:00,1082.947,23.333,87,0,2,0,0
2021-06-14 19:00:00,984.498,23.333,87,0,2,0,0
2021-06-14 20:00:00,905.738,23.333,87,0,2,0,0
2021-06-14 21:00:00,893.686,24.444,90,0,2,0,0
2021-06-14 22:00:00,794.388,24.444,90,0,2,0,0
2021-06-14 23:00:00,781.148,24.444,90,0,2,0,0
2021-06-15 00:00:00,789.119,25.0,91,0,2,0,0
2021-06-15 01:00:00,789.119,25.0,91,0,2,0,0
2021-06-15 02:00:00,768.885,25.0,91,0,2,0,0
2021-06-15 03:00:00,762.369,26.111,89,0,2,0,0
2021-06-15 04:00:00,895.089,26.111,89,0,2,0,0
2021-06-15 05:00:00,1094.684,26.111,89,0,2,0,0
2021-06-15 06:00:00,1124.006,30.556,60,0,2,0,0
2021-06-15 07:00:00,1192.423,30.556,60,0,2,0,0
2021-06-15 08:00:00,1162.587,30.556,60,0,2,0,0
2021-06-15 09:00:00,1162.587,26.111,85,0,2,0,0
2021-06-15 10:00:00,1133.78,26.111,85,0,2,0,0
2021-06-15 11:00:00,1084.567,26.111,85,0,2,0,0
2021-06-15 12:00:00,1064.848,26.111,86,0,2,0,0
2021-06-15 13:00:00,1055.588,26.111,86,0,2,0,0
2021-06-15 14:00:00,1036.04,26.111,86,0,2,0,0
2021-06-15 15:00:00,1202.883,26.667,80,0,2,0,0
2021-06-15 16:00:00,1281.761,26.667,80,0,2,0,0
2021-06-15 17:00:00,1014.434,26.667,80,0,2,0,0
2021-06-15 18:00:00,1034.325,26.667,83,0,2,0,0
2021-06-15 19:00:00,994.544,26.667,83,0,2,0,0
2021-06-15 20:00:00,895.089,26.667,83,0,2,0,0
2021-06-15 21:00:00,875.198,25.0,82,0,2,0,0
2021-06-15 22:00:00,795.635,25.0,82,0,2,0,0
2021-06-15 23:00:00,802.494,25.0,82,0,2,0,0
2021-06-16 00:00:00,774.528,31.667,73,0,2,0,0
2021-06-16 01:00:00,774.528,31.667,73,0,2,0,0
2021-06-16 02:00:00,774.528,31.667,73,0,2,0,0
2021-06-16 03:00:00,708.838,30.556,52,0,2,0,0
2021-06-16 04:00:00,689.148,30.556,52,0,2,0,0
2021-06-16 05:00:00,1268.814,30.556,52,0,2,0,0
2021-06-16 06:00:00,1227.567,30.0,66,0,2,0,0
2021-06-16 07:00:00,1368.791,30.0,66,0,2,0,0
2021-06-16 08:00:00,1311.758,30.0,66,0,2,0,0
2021-06-16 09:00:00,1304.29,32.778,45,0,2,0,0
2021-06-16 10:00:00,1227.567,32.778,45,0,2,0,0
2021-06-16 11:00:00,1265.928,32.778,45,0,2,0,0
2021-06-16 12:00:00,1238.43,27.222,86,0,2,0,0
2021-06-16 13:00:00,1238.43,27.222,86,0,2,0,0
2021-06-16 14:00:00,1238.43,27.222,86,0,2,0,0
2021-06-16 15:00:00,1361.832,27.222,87,0,2,0,0
2021-06-16 16:00:00,1451.285,27.222,87,0,2,0,0
2021-06-16 17:00:00,1112.652,27.222,87,0,2,0,0
2021-06-16 18:00:00,1006.225,26.111,84,0,2,0,0
2021-06-16 19:00:00,1034.571,26.111,84,0,2,0,0
2021-06-16 20:00:00,984.498,26.111,84,0,2,0,0
2021-06-16 21:00:00,945.118,25.556,83,0,2,0,0
2021-06-16 22:00:00,905.738,25.556,83,0,2,0,0
2021-06-16 23:00:00,826.978,25.556,83,0,2,0,0
2021-06-17 00:00:00,1122.327,28.333,67,0,2,0,0
2021-06-17 01:00:00,1122.327,28.333,67,0,2,0,0
2021-06-17 02:00:00,1122.327,28.333,67,0,2,0,0
2021-06-17 03:00:00,1171.213,28.889,65,0,2,0,0
2021-06-17 04:00:00,1257.781,28.889,65,0,2,0,0
2021-06-17 05:00:00,1381.013,28.889,65,0,2,0,0
2021-06-17 06:00:00,1304.29,30.0,59,0,2,0,0
2021-06-17 07:00:00,1246.747,30.0,59,0,2,0,0
2021-06-17 08:00:00,959.037,30.0,59,0,2,0,0
2021-06-17 09:00:00,1572.82,31.667,55,0,2,0,0
2021-06-17 10:00:00,1161.028,31.667,55,0,2,0,0
2021-06-17 11:00:00,1238.43,31.667,55,0,2,0,0
2021-06-17 12:00:00,1277.131,27.778,75,0,2,0,0
2021-06-17 13:00:00,1112.652,27.778,75,0,2,0,0
2021-06-17 14:00:00,1112.652,27.778,75,0,2,0,0
2021-06-17 15:00:00,1354.533,27.778,75,0,2,0,0
2021-06-17 16:00:00,1431.935,27.778,75,0,2,0,0
2021-06-17 17:00:00,1122.327,27.778,75,0,2,0,0
2021-06-17 18:00:00,1082.947,26.667,75,0,2,0,0
2021-06-17 19:00:00,1122.327,26.667,75,0,2,0,0
2021-06-17 20:00:00,1063.257,26.667,75,0,2,0,0
2021-06-17 21:00:00,945.118,26.111,83,0,2,0,0
2021-06-17 22:00:00,826.978,26.111,83,0,2,0,0
2021-06-17 23:00:00,767.908,26.111,83,0,2,0,0
2021-06-18 00:00:00,962.993,28.889,64,0,2,0,0
2021-06-18 01:00:00,962.993,28.889,64,0,2,0,0
2021-06-18 02:00:00,962.993,28.889,64,0,2,0,0
2021-06-18 03:00:00,954.762,31.667,46,0,2,0,0
2021-06-18 04:00:00,1074.107,31.667,46,0,2,0,0
2021-06-18 05:00:00,1143.725,31.667,46,0,2,0,0
2021-06-18 06:00:00,1309.711,33.333,38,0,2,0,0
2021-06-18 07:00:00,1317.599,33.333,38,0,2,0,0
2021-06-18 08:00:00,1670.833,33.333,38,0,2,0,0
2021-06-18 09:00:00,1632.423,30.0,59,0,2,0,0
2021-06-18 10:00:00,1555.603,30.0,59,0,2,0,0
2021-06-18 11:00:00,1395.105,30.0,59,0,2,0,0
2021-06-18 12:00:00,1278.846,30.0,58,0,2,0,0
2021-06-18 13:00:00,1278.846,30.0,58,0,2,0,0
2021-06-18 14:00:00,1259.469,30.0,58,0,2,0,0
2021-06-18 15:00:00,1433.857,29.444,60,0,2,0,0
2021-06-18 16:00:00,1588.869,29.444,60,0,2,0,0
2021-06-18 17:00:00,1524.738,29.444,60,0,2,0,0
2021-06-18 18:00:00,1054.216,27.222,84,0,2,0,0
2021-06-18 19:00:00,1093.998,27.222,84,0,2,0,0
2021-06-18 20:00:00,1034.325,27.222,84,0,2,0,0
2021-06-18 21:00:00,835.417,26.111,64,0,2,0,0
2021-06-18 22:00:00,815.526,26.111,64,0,2,0,0
2021-06-18 23:00:00,795.635,26.111,64,0,2,0,0
2021-06-19 00:00:00,736.565,28.889,60,0,2,0,0
2021-06-19 01:00:00,547.702,28.889,60,0,2,0,0
2021-06-19 02:00:00,717.679,28.889,60,0,2,0,0
2021-06-19 03:00:00,698.792,30.0,58,0,2,0,0
2021-06-19 04:00:00,1142.132,30.0,58,0,2,0,0
2021-06-19 05:00:00,1251.053,30.0,58,0,2,0,0
2021-06-19 06:00:00,1312.922,32.778,47,0,2,0,0
2021-06-19 07:00:00,1458.802,32.778,47,0,2,0,0
2021-06-19 08:00:00,1458.802,32.778,47,0,2,0,0
2021-06-19 09:00:00,1508.623,31.667,54,0,2,0,0
2021-06-19 10:00:00,1299.246,31.667,54,0,2,0,0
2021-06-19 11:00:00,1251.053,31.667,54,0,2,0,0
2021-06-19 12:00:00,1404.26,30.0,59,0,2,0,0
2021-06-19 13:00:00,1299.246,30.0,59,0,2,0,0
2021-06-19 14:00:00,1324.645,30.0,59,0,2,0,0
2021-06-19 15:00:00,1398.236,27.222,84,0,2,0,0
2021-06-19 16:00:00,1490.225,27.222,84,0,2,0,0
2021-06-19 17:00:00,1273.196,27.222,84,0,2,0,0
2021-06-19 18:00:00,898.727,28.333,58,0,2,0,0
2021-06-19 19:00:00,1011.067,28.333,58,0,2,0,0
2021-06-19 20:00:00,973.62,28.333,58,0,2,0,0
2021-06-19 21:00:00,793.224,26.111,72,0,2,0,0
2021-06-19 22:00:00,774.338,26.111,72,0,2,0,0
2021-06-19 23:00:00,755.451,26.111,72,0,2,0,0
2021-06-20 00:00:00,787.598,28.889,63,1,2,0,0
2021-06-20 01:00:00,787.598,28.889,63,1,2,0,0
2021-06-20 02:00:00,1063.257,28.889,63,1,2,0,0
2021-06-20 03:00:00,1249.294,31.667,49,1,2,0,0
2021-06-20 04:00:00,1354.533,31.667,49,1,2,0,0
2021-06-20 05:00:00,1596.923,31.667,49,1,2,0,0
2021-06-20 06:00:00,1577.912,33.333,38,1,2,0,0
2021-06-20 07:00:00,1749.011,33.333,38,1,2,0,0
2021-06-20 08:00:00,1749.011,33.333,38,1,2,0,0
2021-06-20 09:00:00,1691.978,34.444,33,1,2,0,0
2021-06-20 10:00:00,1672.967,34.444,33,1,2,0,0
2021-06-20 11:00:00,1596.923,34.444,33,1,2,0,0
2021-06-20 12:00:00,1558.901,31.667,49,1,2,0,0
2021-06-20 13:00:00,1496.097,31.667,49,1,2,0,0
2021-06-20 14:00:00,1534.458,31.667,49,1,2,0,0
2021-06-20 15:00:00,1672.967,28.889,74,1,2,0,0
2021-06-20 16:00:00,1825.055,28.889,74,1,2,0,0
2021-06-20 17:00:00,1726.266,28.889,74,1,2,0,0
2021-06-20 18:00:00,1015.051,26.667,78,1,2,0,0
2021-06-20 19:00:00,1112.652,26.667,78,1,2,0,0
2021-06-20 20:00:00,1054.091,26.667,78,1,2,0,0
2021-06-20 21:00:00,936.97,28.333,54,1,2,0,0
2021-06-20 22:00:00,878.41,28.333,54,1,2,0,0
2021-06-20 23:00:00,787.598,28.333,54,1,2,0,0
2021-06-21 00:00:00,1166.432,29.444,58,0,2,0,0
2021-06-21 01:00:00,1166.432,29.444,58,0,2,0,0
2021-06-21 02:00:00,1166.432,29.444,58,0,2,0,0
2021-06-21 03:00:00,1288.978,32.778,45,0,2,0,0
2021-06-21 04:00:00,1592.267,32.778,45,0,2,0,0
2021-06-21 05:00:00,1803.772,32.778,45,0,2,0,0
2021-06-21 06:00:00,1988.671,35.0,36,0,2,0,0
2021-06-21 07:00:00,2046.037,35.0,36,0,2,0,0
2021-06-21 08:00:00,2123.023,35.0,36,0,2,0,0
2021-06-21 09:00:00,1986.676,34.444,33,0,2,0,0
2021-06-21 10:00:00,1759.209,34.444,33,0,2,0,0
2021-06-21 11:00:00,1759.209,34.444,33,0,2,0,0
2021-06-21 12:00:00,1759.209,31.111,59,0,2,0,0
2021-06-21 13:00:00,1731.441,31.111,59,0,2,0,0
2021-06-21 14:00:00,1735.931,31.111,59,0,2,0,0
2021-06-21 15:00:00,1873.94,30.0,63,0,2,0,0
2021-06-21 16:00:00,2028.245,30.0,63,0,2,0,0
2021-06-21 17:00:00,1931.306,30.0,63,0,2,0,0
2021-06-21 18:00:00,864.307,28.889,56,0,2,0,0
2021-06-21 19:00:00,1118.378,28.889,56,0,2,0,0
2021-06-21 20:00:00,1061.512,28.889,56,0,2,0,0
2021-06-21 21:00:00,947.778,28.889,56,0,2,0,0
2021-06-21 22:00:00,917.848,28.889,56,0,2,0,0
2021-06-21 23:00:00,860.483,30.0,59,0,2,0,0
2021-06-22 00:00:00,1178.583,30.0,59,0,2,0,0
2021-06-22 01:00:00,1178.583,30.0,59,0,2,0,0
2021-06-22 02:00:00,1178.583,30.0,59,0,2,0,0
2021-06-22 03:00:00,1302.405,31.667,56,0,2,0,0
2021-06-22 04:00:00,1518.801,31.667,56,0,2,0,0
2021-06-22 05:00:00,1637.079,31.667,56,0,2,0,0
2021-06-22 06:00:00,1898.501,33.889,37,0,2,0,0
2021-06-22 07:00:00,2028.708,33.889,37,0,2,0,0
2021-06-22 08:00:00,1970.745,33.889,37,0,2,0,0
2021-06-22 09:00:00,1758.213,33.889,39,0,2,0,0
2021-06-22 10:00:00,1812.48,33.889,39,0,2,0,0
2021-06-22 11:00:00,1929.415,33.889,39,0,2,0,0
2021-06-22 12:00:00,1946.047,31.111,56,0,2,0,0
2021-06-22 13:00:00,1828.105,31.111,56,0,2,0,0
2021-06-22 14:00:00,1890.436,31.111,56,0,2,0,0
2021-06-22 15:00:00,1987.882,30.0,62,0,2,0,0
2021-06-22 16:00:00,1792.991,30.0,62,0,2,0,0
2021-06-22 17:00:00,1804.08,30.0,62,0,2,0,0
2021-06-22 18:00:00,1043.335,29.444,68,0,2,0,0
2021-06-22 19:00:00,1081.977,29.444,68,0,2,0,0
2021-06-22 20:00:00,1062.656,29.444,68,0,2,0,0
2021-06-22 21:00:00,985.372,25.556,85,0,2,0,0
2021-06-22 22:00:00,927.409,25.556,85,0,2,0,0
2021-06-22 23:00:00,869.446,25.556,85,0,2,0,0
2021-06-23 00:00:00,1242.92,27.778,84,0,2,0,0
2021-06-23 01:00:00,1242.92,27.778,84,0,2,0,0
2021-06-23 02:00:00,1242.92,27.778,84,0,2,0,0
2021-06-23 03:00:00,1300.285,30.0,66,0,2,0,0
2021-06-23 04:00:00,1554.356,30.0,66,0,2,0,0
2021-06-23 05:00:00,1578.3,30.0,66,0,2,0,0
2021-06-23 06:00:00,1778.331,29.444,69,0,2,0,0
2021-06-23 07:00:00,2065.159,29.444,69,0,2,0,0
2021-06-23 08:00:00,2009.29,29.444,69,0,2,0,0
2021-06-23 09:00:00,1909.524,29.444,75,0,2,0,0
2021-06-23 10:00:00,1653.624,29.444,75,0,2,0,0
2021-06-23 11:00:00,1614.715,29.444,75,0,2,0,0
2021-06-23 12:00:00,1706.998,28.333,80,0,2,0,0
2021-06-23 13:00:00,1589.274,28.333,80,0,2,0,0
2021-06-23 14:00:00,1453.26,28.333,80,0,2,0,0
2021-06-23 15:00:00,1529.747,27.778,81,0,2,0,0
2021-06-23 16:00:00,1567.991,27.778,81,0,2,0,0
2021-06-23 17:00:00,1556.352,27.778,81,0,2,0,0
2021-06-23 18:00:00,964.406,26.667,85,0,2,0,0
2021-06-23 19:00:00,1137.999,26.667,85,0,2,0,0
2021-06-23 20:00:00,1060.846,26.667,85,0,2,0,0
2021-06-23 21:00:00,964.406,26.667,79,0,2,0,0
2021-06-23 22:00:00,887.253,26.667,79,0,2,0,0
2021-06-23 23:00:00,867.965,26.667,79,0,2,0,0
2021-06-24 00:00:00,1320.031,28.333,70,0,2,0,0
2021-06-24 01:00:00,1320.031,28.333,70,0,2,0,0
2021-06-24 02:00:00,1320.031,28.333,70,0,2,0,0
2021-06-24 03:00:00,1254.871,30.0,64,0,2,0,0
2021-06-24 04:00:00,1208.417,30.0,64,0,2,0,0
2021-06-24 05:00:00,1208.417,30.0,64,0,2,0,0
2021-06-24 06:00:00,1426.811,30.556,55,0,2,0,0
2021-06-24 07:00:00,1466.562,30.556,55,0,2,0,0
2021-06-24 08:00:00,1536.398,30.556,55,0,2,0,0
2021-06-24 09:00:00,1599.376,31.667,52,0,2,0,0
2021-06-24 10:00:00,1523.772,31.667,52,0,2,0,0
2021-06-24 11:00:00,1469.992,31.667,52,0,2,0,0
2021-06-24 12:00:00,1487.918,28.333,67,0,2,0,0
2021-06-24 13:00:00,1398.285,28.333,67,0,2,0,0
2021-06-24 14:00:00,1434.138,28.333,67,0,2,0,0
2021-06-24 15:00:00,1469.992,27.778,78,0,2,0,0
2021-06-24 16:00:00,1559.625,27.778,78,0,2,0,0
2021-06-24 17:00:00,1374.278,27.778,78,0,2,0,0
2021-06-24 18:00:00,813.717,27.222,84,0,2,0,0
2021-06-24 19:00:00,922.213,27.222,84,0,2,0,0
2021-06-24 20:00:00,911.925,27.222,84,0,2,0,0
2021-06-24 21:00:00,875.448,26.667,85,0,2,0,0
2021-06-24 22:00:00,838.971,26.667,85,0,2,0,0
2021-06-24 23:00:00,766.017,26.667,85,0,2,0,0
2021-06-25 00:00:00,739.267,28.333,67,0,2,0,0
2021-06-25 01:00:00,739.267,28.333,67,0,2,0,0
2021-06-25 02:00:00,700.358,28.333,67,0,2,0,0
2021-06-25 03:00:00,700.358,31.111,59,0,2,0,0
2021-06-25 04:00:00,700.358,31.111,59,0,2,0,0
2021-06-25 05:00:00,1527.087,31.111,59,0,2,0,0
2021-06-25 06:00:00,2085.777,32.222,49,0,2,0,0
2021-06-25 07:00:00,2160.269,32.222,49,0,2,0,0
2021-06-25 08:00:00,2218.134,32.222,49,0,2,0,0
2021-06-25 09:00:00,1945.439,32.222,53,0,2,0,0
2021-06-25 10:00:00,1950.428,32.222,53,0,2,0,0
2021-06-25 11:00:00,2007.793,32.222,53,0,2,0,0
2021-06-25 12:00:00,2025.252,29.444,78,0,2,0,0
2021-06-25 13:00:00,1848.167,29.444,78,0,2,0,0
2021-06-25 14:00:00,1735.931,29.444,78,0,2,0,0
2021-06-25 15:00:00,1832.371,28.333,76,0,2,0,0
2021-06-25 16:00:00,1735.931,28.333,76,0,2,0,0
2021-06-25 17:00:00,1556.352,28.333,76,0,2,0,0
2021-06-25 18:00:00,964.406,26.667,86,0,2,0,0
2021-06-25 19:00:00,1060.846,26.667,86,0,2,0,0
2021-06-25 20:00:00,1041.558,26.667,86,0,2,0,0
2021-06-25 21:00:00,894.902,27.778,78,0,2,0,0
2021-06-25 22:00:00,855.993,27.778,78,0,2,0,0
2021-06-25 23:00:00,778.176,27.778,78,0,2,0,0
2021-06-26 00:00:00,787.598,30.0,73,0,2,0,0
2021-06-26 01:00:00,787.598,30.0,73,0,2,0,0
2021-06-26 02:00:00,748.218,30.0,73,0,2,0,0
2021-06-26 03:00:00,748.218,32.222,60,0,2,0,0
2021-06-26 04:00:00,1586.739,32.222,60,0,2,0,0
2021-06-26 05:00:00,1644.79,32.222,60,0,2,0,0
2021-06-26 06:00:00,1780.243,26.667,91,0,2,0,0
2021-06-26 07:00:00,2033.157,26.667,91,0,2,0,0
2021-06-26 08:00:00,2053.187,26.667,91,0,2,0,0
2021-06-26 09:00:00,1994.796,25.556,93,0,2,0,0
2021-06-26 10:00:00,1994.796,25.556,93,0,2,0,0
2021-06-26 11:00:00,1822.169,25.556,93,0,2,0,0
2021-06-26 12:00:00,1726.266,25.556,93,0,2,0,0
2021-06-26 13:00:00,1625.44,25.556,93,0,2,0,0
2021-06-26 14:00:00,1659.218,25.556,93,0,2,0,0
2021-06-26 15:00:00,1620.178,25.0,93,0,2,0,0
2021-06-26 16:00:00,1614.576,25.0,93,0,2,0,0
2021-06-26 17:00:00,1555.506,25.0,93,0,2,0,0
2021-06-26 18:00:00,1102.637,27.778,78,0,2,0,0
2021-06-26 19:00:00,1063.257,27.778,78,0,2,0,0
2021-06-26 20:00:00,1023.878,27.778,78,0,2,0,0
2021-06-26 21:00:00,913.546,24.444,95,0,2,0,0
2021-06-26 22:00:00,873.827,24.444,95,0,2,0,0
2021-06-26 23:00:00,814.247,24.444,95,0,2,0,0
2021-06-27 00:00:00,786.282,27.778,93,1,2,0,0
2021-06-27 01:00:00,786.282,27.778,93,1,2,0,0
2021-06-27 02:00:00,766.625,27.778,93,1,2,0,0
2021-06-27 03:00:00,766.625,30.0,78,1,2,0,0
2021-06-27 04:00:00,746.968,30.0,78,1,2,0,0
2021-06-27 05:00:00,1487.719,30.0,78,1,2,0,0
2021-06-27 06:00:00,1822.561,32.222,71,1,2,0,0
2021-06-27 07:00:00,1860.531,32.222,71,1,2,0,0
2021-06-27 08:00:00,1898.501,32.222,71,1,2,0,0
2021-06-27 09:00:00,1936.471,30.556,74,1,2,0,0
2021-06-27 10:00:00,2012.411,30.556,74,1,2,0,0
2021-06-27 11:00:00,2050.381,30.556,74,1,2,0,0
2021-06-27 12:00:00,1860.531,27.222,83,1,2,0,0
2021-06-27 13:00:00,1955.456,27.222,83,1,2,0,0
2021-06-27 14:00:00,1993.426,27.222,83,1,2,0,0
2021-06-27 15:00:00,1819.537,26.111,80,1,2,0,0
2021-06-27 16:00:00,1449.077,26.111,80,1,2,0,0
2021-06-27 17:00:00,1422.7,26.111,80,1,2,0,0
2021-06-27 18:00:00,1130.364,25.0,93,1,2,0,0
2021-06-27 19:00:00,884.567,25.0,93,1,2,0,0
2021-06-27 20:00:00,872.302,25.0,93,1,2,0,0
2021-06-27 21:00:00,832.652,25.556,90,1,2,0,0
2021-06-27 22:00:00,753.352,25.556,90,1,2,0,0
2021-06-27 23:00:00,693.877,25.556,90,1,2,0,0
2021-06-28 00:00:00,693.877,26.667,87,0,2,0,0
2021-06-28 01:00:00,693.877,26.667,87,0,2,0,0
2021-06-28 02:00:00,693.877,26.667,87,0,2,0,0
2021-06-28 03:00:00,687.997,27.222,84,0,2,0,0
2021-06-28 04:00:00,1617.59,27.222,84,0,2,0,0
2021-06-28 05:00:00,1628.007,27.222,84,0,2,0,0
2021-06-28 06:00:00,1955.456,27.222,84,0,2,0,0
2021-06-28 07:00:00,1990.066,27.222,84,0,2,0,0
2021-06-28 08:00:00,1951.424,31.667,57,0,2,0,0
2021-06-28 09:00:00,1951.424,31.667,57,0,2,0,0
2021-06-28 10:00:00,1912.782,31.667,57,0,2,0,0
2021-06-28 11:00:00,1831.969,31.667,57,0,2,0,0
2021-06-28 12:00:00,1831.969,28.333,77,0,2,0,0
2021-06-28 13:00:00,1831.969,28.333,77,0,2,0,0
2021-06-28 14:00:00,1870.947,28.333,77,0,2,0,0
2021-06-28 15:00:00,1870.947,27.778,86,0,2,0,0
2021-06-28 16:00:00,2221.918,27.778,86,0,2,0,0
2021-06-28 17:00:00,1970.745,27.778,86,0,2,0,0
2021-06-28 18:00:00,896.496,25.556,90,0,2,0,0
2021-06-28 19:00:00,974.452,25.556,90,0,2,0,0
2021-06-28 20:00:00,935.474,25.556,90,0,2,0,0
2021-06-28 21:00:00,896.496,25.556,90,0,2,0,0
2021-06-28 22:00:00,877.007,25.556,90,0,2,0,0
2021-06-28 23:00:00,857.518,25.556,90,0,2,0,0
2021-06-29 00:00:00,1386.126,25.556,90,0,2,0,0
2021-06-29 01:00:00,1374.278,25.556,90,0,2,0,0
2021-06-29 02:00:00,1374.278,25.556,90,0,2,0,0
2021-06-29 03:00:00,1513.812,25.556,90,0,2,0,0
2021-06-29 04:00:00,1688.23,25.556,90,0,2,0,0
2021-06-29 05:00:00,2008.763,32.778,51,0,2,0,0
2021-06-29 06:00:00,2266.77,32.778,51,0,2,0,0
2021-06-29 07:00:00,2483.475,32.778,51,0,2,0,0
2021-06-29 08:00:00,2367.965,32.778,51,0,2,0,0
2021-06-29 09:00:00,2427.036,33.333,51,0,2,0,0
2021-06-29 10:00:00,2524.118,33.333,51,0,2,0,0
2021-06-29 11:00:00,2404.987,33.333,51,0,2,0,0
2021-06-29 12:00:00,2365.332,30.0,79,0,2,0,0
2021-06-29 13:00:00,2346.409,30.0,79,0,2,0,0
2021-06-29 14:00:00,2308.564,30.0,79,0,2,0,0
2021-06-29 15:00:00,2270.719,30.0,79,0,2,0,0
2021-06-29 16:00:00,2232.873,30.0,79,0,2,0,0
2021-06-29 17:00:00,2346.409,30.0,79,0,2,0,0
2021-06-29 18:00:00,916.186,27.222,87,0,2,0,0
2021-06-29 19:00:00,1030.709,27.222,87,0,2,0,0
2021-06-29 20:00:00,992.534,27.222,87,0,2,0,0
2021-06-29 21:00:00,916.186,27.222,84,0,2,0,0
2021-06-29 22:00:00,858.924,27.222,84,0,2,0,0
2021-06-29 23:00:00,858.924,27.222,84,0,2,0,0
2021-06-30 00:00:00,1382.717,31.111,73,0,2,0,0
2021-06-30 01:00:00,1382.717,31.111,73,0,2,0,0
2021-06-30 02:00:00,1420.088,31.111,73,0,2,0,0
2021-06-30 03:00:00,1505.783,33.333,58,0,2,0,0
2021-06-30 04:00:00,1547.18,33.333,58,0,2,0,0
2021-06-30 05:00:00,2471.623,33.333,58,0,2,0,0
2021-06-30 06:00:00,2741.594,35.556,46,0,2,0,0
2021-06-30 07:00:00,2908.312,35.556,46,0,2,0,0
2021-06-30 08:00:00,2852.74,35.556,46,0,2,0,0
2021-06-30 09:00:00,2741.594,32.778,65,0,2,0,0
2021-06-30 10:00:00,2746.749,32.778,65,0,2,0,0
2021-06-30 11:00:00,2578.58,32.778,65,0,2,0,0
2021-06-30 12:00:00,2466.468,28.889,73,0,2,0,0
2021-06-30 13:00:00,2075.042,28.889,73,0,2,0,0
2021-06-30 14:00:00,2148.495,28.889,73,0,2,0,0
2021-06-30 15:00:00,2240.311,25.0,93,0,2,0,0
2021-06-30 16:00:00,1873.047,25.0,93,0,2,0,0
2021-06-30 17:00:00,988.391,25.0,93,0,2,0,0
2021-06-30 18:00:00,1007.399,30.0,75,0,2,0,0
2021-06-30 19:00:00,1007.399,30.0,75,0,2,0,0
2021-06-30 20:00:00,969.384,30.0,75,0,2,0,0
2021-06-30 21:00:00,950.376,26.111,91,0,2,0,0
2021-06-30 22:00:00,893.354,26.111,91,0,2,0,0
2021-06-30 23:00:00,855.339,26.111,91,0,2,0,0
2021-07-01 00:00:00,845.324,26.667,91,0,0,0,0
2021-07-01 01:00:00,845.324,26.667,91,0,0,0,0
2021-07-01 02:00:00,845.324,26.667,91,0,0,0,0
2021-07-01 03:00:00,845.324,28.889,87,0,0,0,0
2021-07-01 04:00:00,845.324,28.889,87,0,0,0,0
2021-07-01 05:00:00,1839.784,28.889,87,0,0,0,0
2021-07-01 06:00:00,1983.06,33.333,67,0,0,0,0
2021-07-01 07:00:00,2153.036,33.333,67,0,0,0,0
2021-07-01 08:00:00,2285.24,33.333,67,0,0,0,0
2021-07-01 09:00:00,2171.597,32.778,66,0,0,0,0
2021-07-01 10:00:00,1981.106,32.778,66,0,0,0,0
2021-07-01 11:00:00,2057.302,32.778,66,0,0,0,0
2021-07-01 12:00:00,2152.548,26.111,93,0,0,0,0
2021-07-01 13:00:00,2114.45,26.111,93,0,0,0,0
2021-07-01 14:00:00,2059.582,26.111,93,0,0,0,0
2021-07-01 15:00:00,2321.71,26.111,93,0,0,0,0
2021-07-01 16:00:00,2209.369,26.111,93,0,0,0,0
2021-07-01 17:00:00,1981.106,26.111,93,0,0,0,0
2021-07-01 18:00:00,922.172,25.556,93,0,0,0,0
2021-07-01 19:00:00,960.595,25.556,93,0,0,0,0
2021-07-01 20:00:00,883.748,25.556,93,0,0,0,0
2021-07-01 21:00:00,787.688,26.111,93,0,0,0,0
2021-07-01 22:00:00,768.476,26.111,93,0,0,0,0
2021-07-01 23:00:00,768.476,26.111,93,0,0,0,0
2021-07-02 00:00:00,760.301,25.556,96,0,0,0,0
2021-07-02 01:00:00,760.301,25.556,96,0,0,0,0
2021-07-02 02:00:00,760.301,25.556,96,0,0,0,0
2021-07-02 03:00:00,760.301,27.222,93,0,0,0,0
2021-07-02 04:00:00,753.858,27.222,93,0,0,0,0
2021-07-02 05:00:00,740.971,27.222,93,0,0,0,0
2021-07-02 06:00:00,1092.127,27.778,84,0,0,0,0
2021-07-02 07:00:00,1469.056,27.778,84,0,0,0,0
2021-07-02 08:00:00,1778.331,27.778,84,0,0,0,0
2021-07-02 09:00:00,1884.644,28.333,86,0,0,0,0
2021-07-02 10:00:00,1846.952,28.333,86,0,0,0,0
2021-07-02 11:00:00,1715.026,28.333,86,0,0,0,0
2021-07-02 12:00:00,1752.719,27.222,91,0,0,0,0
2021-07-02 13:00:00,1752.719,27.222,91,0,0,0,0
2021-07-02 14:00:00,1696.18,27.222,91,0,0,0,0
2021-07-02 15:00:00,1771.566,26.667,88,0,0,0,0
2021-07-02 16:00:00,1884.644,26.667,88,0,0,0,0
2021-07-02 17:00:00,1884.644,26.667,88,0,0,0,0
2021-07-02 18:00:00,893.354,26.111,93,0,0,0,0
2021-07-02 19:00:00,893.354,26.111,93,0,0,0,0
2021-07-02 20:00:00,874.346,26.111,93,0,0,0,0
2021-07-02 21:00:00,855.339,25.556,90,0,0,0,0
2021-07-02 22:00:00,798.316,25.556,90,0,0,0,0
2021-07-02 23:00:00,760.301,25.556,90,0,0,0,0
2021-07-03 00:00:00,1364.032,28.333,73,0,0,0,0
2021-07-03 01:00:00,1364.032,28.333,73,0,0,0,0
2021-07-03 02:00:00,1364.032,28.333,73,0,0,0,0
2021-07-03 03:00:00,1364.032,30.0,62,0,0,0,0
2021-07-03 04:00:00,1722.758,30.0,62,0,0,0,0
2021-07-03 05:00:00,1948.432,30.0,62,0,0,0,0
2021-07-03 06:00:00,2515.759,32.222,55,0,0,0,0
2021-07-03 07:00:00,2460.669,32.222,55,0,0,0,0
2021-07-03 08:00:00,2463.73,32.222,55,0,0,0,0
2021-07-03 09:00:00,2463.73,32.222,52,0,0,0,0
2021-07-03 10:00:00,2426.681,32.222,52,0,0,0,0
2021-07-03 11:00:00,2519.303,32.222,52,0,0,0,0
2021-07-03 12:00:00,2593.4,29.444,78,0,0,0,0
2021-07-03 13:00:00,2648.973,29.444,78,0,0,0,0
2021-07-03 14:00:00,2537.827,29.444,78,0,0,0,0
2021-07-03 15:00:00,2797.167,27.778,80,0,0,0,0
2021-07-03 16:00:00,2634.636,27.778,80,0,0,0,0
2021-07-03 17:00:00,2544.27,27.778,80,0,0,0,0
2021-07-03 18:00:00,896.897,25.556,90,0,0,0,0
2021-07-03 19:00:00,1065.066,25.556,90,0,0,0,0
2021-07-03 20:00:00,1009.01,25.556,90,0,0,0,0
2021-07-03 21:00:00,942.322,27.222,90,0,0,0,0
2021-07-03 22:00:00,848.09,27.222,90,0,0,0,0
2021-07-03 23:00:00,791.551,27.222,90,0,0,0,0
2021-07-04 00:00:00,1797.652,29.444,78,1,0,0,0
2021-07-04 01:00:00,1797.652,29.444,78,1,0,0,0
2021-07-04 02:00:00,1797.652,29.444,78,1,0,0,0
2021-07-04 03:00:00,1797.652,32.222,53,1,0,0,0
2021-07-04 04:00:00,1838.295,32.222,53,1,0,0,0
2021-07-04 05:00:00,2569.861,32.222,53,1,0,0,0
2021-07-04 06:00:00,3096.075,35.0,43,1,0,0,0
2021-07-04 07:00:00,3225.079,35.0,43,1,0,0,0
2021-07-04 08:00:00,3077.646,35.0,43,1,0,0,0
2021-07-04 09:00:00,3001.298,25.0,95,1,0,0,0
2021-07-04 10:00:00,2869.991,25.0,95,1,0,0,0
2021-07-04 11:00:00,2956.377,25.0,95,1,0,0,0
2021-07-04 12:00:00,2863.409,25.556,93,1,0,0,0
2021-07-04 13:00:00,2863.409,25.556,93,1,0,0,0
2021-07-04 14:00:00,2888.749,25.556,93,1,0,0,0
2021-07-04 15:00:00,2974.97,26.111,95,1,0,0,0
2021-07-04 16:00:00,2974.97,26.111,95,1,0,0,0
2021-07-04 17:00:00,2838.398,26.111,95,1,0,0,0
2021-07-04 18:00:00,992.534,27.222,87,1,0,0,0
2021-07-04 19:00:00,1116.601,27.222,87,1,0,0,0
2021-07-04 20:00:00,1039.594,27.222,87,1,0,0,0
2021-07-04 21:00:00,904.832,26.111,95,1,0,0,0
2021-07-04 22:00:00,858.924,26.111,95,1,0,0,0
2021-07-04 23:00:00,820.75,26.111,95,1,0,0,0
2021-07-05 00:00:00,1703.836,28.889,98,0,0,0,0
2021-07-05 01:00:00,1703.836,28.889,98,0,0,0,0
2021-07-05 02:00:00,1703.836,28.889,98,0,0,0,0
2021-07-05 03:00:00,1703.836,29.444,85,0,0,0,0
2021-07-05 04:00:00,1818.944,29.444,85,0,0,0,0
2021-07-05 05:00:00,2864.691,29.444,85,0,0,0,0
2021-07-05 06:00:00,3777.256,31.667,73,0,0,0,0
2021-07-05 07:00:00,3695.524,31.667,73,0,0,0,0
2021-07-05 08:00:00,3619.328,31.667,73,0,0,0,0
2021-07-05 09:00:00,3458.143,29.444,80,0,0,0,0
2021-07-05 10:00:00,3482.565,29.444,80,0,0,0,0
2021-07-05 11:00:00,3370.224,29.444,80,0,0,0,0
2021-07-05 12:00:00,3229.554,27.778,89,0,0,0,0
2021-07-05 13:00:00,3229.554,27.778,89,0,0,0,0
2021-07-05 14:00:00,3201.225,27.778,89,0,0,0,0
2021-07-05 15:00:00,3276.444,27.778,91,0,0,0,0
2021-07-05 16:00:00,3266.024,27.778,91,0,0,0,0
2021-07-05 17:00:00,3135.123,27.778,91,0,0,0,0
2021-07-05 18:00:00,1095.404,26.111,95,0,0,0,0
2021-07-05 19:00:00,1066.749,26.111,95,0,0,0,0
2021-07-05 20:00:00,1019.859,26.111,95,0,0,0,0
2021-07-05 21:00:00,990.553,26.111,93,0,0,0,0
2021-07-05 22:00:00,906.542,26.111,93,0,0,0,0
2021-07-05 23:00:00,849.883,26.111,93,0,0,0,0
2021-07-06 00:00:00,1796.855,29.444,84,0,0,0,0
2021-07-06 01:00:00,1796.855,29.444,84,0,0,0,0
2021-07-06 02:00:00,1796.855,29.444,84,0,0,0,0
2021-07-06 03:00:00,2000.623,32.778,56,0,0,0,0
2021-07-06 04:00:00,2625.938,32.778,56,0,0,0,0
2021-07-06 05:00:00,3167.169,32.778,56,0,0,0,0
2021-07-06 06:00:00,3672.641,35.556,42,0,0,0,0
2021-07-06 07:00:00,3672.641,35.556,42,0,0,0,0
2021-07-06 08:00:00,3672.641,35.556,42,0,0,0,0
2021-07-06 09:00:00,3699.702,32.222,53,0,0,0,0
2021-07-06 10:00:00,3580.825,32.222,53,0,0,0,0
2021-07-06 11:00:00,3392.36,32.222,53,0,0,0,0
2021-07-06 12:00:00,3354.667,28.889,90,0,0,0,0
2021-07-06 13:00:00,3241.75,28.889,90,0,0,0,0
2021-07-06 14:00:00,3213.56,28.889,90,0,0,0,0
2021-07-06 15:00:00,3213.56,28.333,89,0,0,0,0
2021-07-06 16:00:00,3211.305,28.333,89,0,0,0,0
2021-07-06 17:00:00,2984.182,28.333,89,0,0,0,0
2021-07-06 18:00:00,988.391,27.222,91,0,0,0,0
2021-07-06 19:00:00,1121.444,27.222,91,0,0,0,0
2021-07-06 20:00:00,1055.401,27.222,91,0,0,0,0
2021-07-06 21:00:00,942.322,27.778,93,0,0,0,0
2021-07-06 22:00:00,896.897,27.778,93,0,0,0,0
2021-07-06 23:00:00,896.897,27.778,93,0,0,0,0
2021-07-07 00:00:00,1854.683,30.0,77,0,0,0,0
2021-07-07 01:00:00,1854.683,30.0,77,0,0,0,0
2021-07-07 02:00:00,1854.683,30.0,77,0,0,0,0
2021-07-07 03:00:00,2038.638,33.889,56,0,0,0,0
2021-07-07 04:00:00,2615.951,33.889,56,0,0,0,0
2021-07-07 05:00:00,3093.233,33.889,56,0,0,0,0
2021-07-07 06:00:00,3749.637,35.0,47,0,0,0,0
2021-07-07 07:00:00,4040.871,35.0,47,0,0,0,0
2021-07-07 08:00:00,3908.624,35.0,47,0,0,0,0
2021-07-07 09:00:00,3764.457,32.222,71,0,0,0,0
2021-07-07 10:00:00,3643.646,32.222,71,0,0,0,0
2021-07-07 11:00:00,3531.534,32.222,71,0,0,0,0
2021-07-07 12:00:00,3373.514,29.444,75,0,0,1,0
2021-07-07 13:00:00,3148.967,29.444,75,0,0,0,0
2021-07-07 14:00:00,3258.18,29.444,75,0,0,0,0
2021-07-07 15:00:00,3486.592,29.444,82,0,0,0,0
2021-07-07 16:00:00,3090.817,29.444,82,0,0,0,0
2021-07-07 17:00:00,2737.084,29.444,82,0,0,0,0
2021-07-07 18:00:00,1148.506,27.778,92,0,0,0,0
2021-07-07 19:00:00,1111.457,27.778,92,0,0,0,0
2021-07-07 20:00:00,1037.36,27.778,92,0,0,0,0
2021-07-07 21:00:00,934.268,25.556,96,0,0,0,0
2021-07-07 22:00:00,896.897,25.556,96,0,0,0,0
2021-07-07 23:00:00,822.156,25.556,96,0,0,0,0
2021-07-08 00:00:00,1815.38,25.0,95,0,0,0,0
2021-07-08 01:00:00,1815.38,25.0,95,0,0,0,0
2021-07-08 02:00:00,1815.38,25.0,95,0,0,0,0
2021-07-08 03:00:00,1783.808,28.889,83,0,0,0,0
2021-07-08 04:00:00,2002.233,28.889,83,0,0,0,0
2021-07-08 05:00:00,2628.354,28.889,83,0,0,0,0
2021-07-08 06:00:00,4853.362,29.444,85,0,0,0,0
2021-07-08 07:00:00,3704.857,29.444,85,0,0,0,0
2021-07-08 08:00:00,3686.332,29.444,85,0,0,0,0
2021-07-08 09:00:00,3524.285,28.889,86,0,0,0,0
2021-07-08 10:00:00,3554.407,28.889,86,0,0,0,0
2021-07-08 11:00:00,5325.329,28.889,86,0,0,0,0
2021-07-08 12:00:00,3363.366,27.778,87,0,0,0,0
2021-07-08 13:00:00,3241.75,27.778,87,0,0,0,0
2021-07-08 14:00:00,3186.177,27.778,87,0,0,0,0
2021-07-08 15:00:00,2963.885,27.222,89,0,0,0,0
2021-07-08 16:00:00,3083.085,27.222,89,0,0,0,0
2021-07-08 17:00:00,3231.279,27.222,89,0,0,0,0
2021-07-08 18:00:00,1111.457,25.556,95,0,0,0,0
2021-07-08 19:00:00,1009.01,25.556,95,0,0,0,0
2021-07-08 20:00:00,971.639,25.556,95,0,0,0,0
2021-07-08 21:00:00,896.897,27.222,91,0,0,0,0
2021-07-08 22:00:00,822.156,27.222,91,0,0,0,0
2021-07-08 23:00:00,747.415,27.222,91,0,0,0,0
2021-07-09 00:00:00,1780.243,27.222,89,0,0,0,0
2021-07-09 01:00:00,1780.243,27.222,89,0,0,0,0
2021-07-09 02:00:00,1780.243,27.222,89,0,0,0,0
2021-07-09 03:00:00,1780.243,28.889,76,0,0,0,0
2021-07-09 04:00:00,2736.973,28.889,76,0,0,0,0
2021-07-09 05:00:00,3301.705,28.889,76,0,0,0,0
2021-07-09 06:00:00,4032.796,31.667,62,0,0,0,0
2021-07-09 07:00:00,3851.139,31.667,62,0,0,0,0
2021-07-09 08:00:00,3918.703,31.667,62,0,0,0,0
2021-07-09 09:00:00,3948.66,31.111,59,0,0,0,0
2021-07-09 10:00:00,3835.841,31.111,59,0,0,0,0
2021-07-09 11:00:00,3560.487,31.111,59,0,0,0,0
2021-07-09 12:00:00,3342.498,27.778,80,0,0,0,0
2021-07-09 13:00:00,3225.217,27.778,80,0,0,0,0
2021-07-09 14:00:00,3234.778,27.778,80,0,0,0,0
2021-07-09 15:00:00,3132.158,27.222,90,0,0,0,0
2021-07-09 16:00:00,3196.534,27.222,90,0,0,0,0
2021-07-09 17:00:00,3234.141,27.222,90,0,0,0,0
2021-07-09 18:00:00,1062.856,27.222,90,0,0,0,0
2021-07-09 19:00:00,1044.531,27.222,90,0,0,0,0
2021-07-09 20:00:00,1016.645,27.222,90,0,0,0,0
2021-07-09 21:00:00,979.676,26.667,91,0,0,0,0
2021-07-09 22:00:00,887.253,26.667,91,0,0,0,0
2021-07-09 23:00:00,813.316,26.667,91,0,0,0,0
2021-07-10 00:00:00,1857.645,28.889,82,0,0,0,0
2021-07-10 01:00:00,1857.645,28.889,82,0,0,0,0
2021-07-10 02:00:00,1857.645,28.889,82,0,0,0,0
2021-07-10 03:00:00,1841.35,31.111,68,0,0,0,0
2021-07-10 04:00:00,2290.63,31.111,68,0,0,0,0
2021-07-10 05:00:00,3658.424,31.111,68,0,0,0,0
2021-07-10 06:00:00,3791.113,32.222,61,0,0,0,0
2021-07-10 07:00:00,4015.587,32.222,61,0,0,0,0
2021-07-10 08:00:00,4092.074,32.222,61,0,0,0,0
2021-07-10 09:00:00,3201.828,31.667,67,0,0,1,0
2021-07-10 10:00:00,3221.116,31.667,67,0,0,1,0
2021-07-10 11:00:00,3735.244,31.667,67,0,0,0,0
2021-07-10 12:00:00,3747.548,30.0,78,0,0,0,0
2021-07-10 13:00:00,2903.859,30.0,78,0,0,0,0
2021-07-10 14:00:00,2758.201,30.0,78,0,0,0,0
2021-07-10 15:00:00,2611.877,27.222,91,0,0,0,0
2021-07-10 16:00:00,2084.281,27.222,91,0,0,0,0
2021-07-10 17:00:00,1945.439,27.222,91,0,0,0,0
2021-07-10 18:00:00,925.83,27.222,90,0,0,0,0
2021-07-10 19:00:00,1041.558,27.222,90,0,0,0,0
2021-07-10 20:00:00,1022.27,27.222,90,0,0,0,0
2021-07-10 21:00:00,983.694,25.556,95,0,0,0,0
2021-07-10 22:00:00,925.83,25.556,95,0,0,0,0
2021-07-10 23:00:00,810.101,25.556,95,0,0,0,0
2021-07-11 00:00:00,1435.357,27.222,95,1,0,0,0
2021-07-11 01:00:00,1435.357,27.222,95,1,0,0,0
2021-07-11 02:00:00,1435.357,27.222,95,1,0,0,0
2021-07-11 03:00:00,1497.878,29.444,77,1,0,0,0
2021-07-11 04:00:00,1591.495,29.444,77,1,0,0,0
2021-07-11 05:00:00,2266.354,29.444,77,1,0,0,0
2021-07-11 06:00:00,2039.718,32.778,62,1,0,0,0
2021-07-11 07:00:00,2001.946,32.778,62,1,0,0,0
2021-07-11 08:00:00,3767.813,32.778,62,1,0,1,0
2021-07-11 09:00:00,3693.571,29.444,78,1,0,1,0
2021-07-11 10:00:00,655.321,29.444,78,1,0,0,0
2021-07-11 11:00:00,655.321,29.444,78,1,0,0,0
2021-07-11 12:00:00,655.321,28.333,92,1,0,0,0
2021-07-11 13:00:00,655.321,28.333,92,1,0,0,0
2021-07-11 14:00:00,655.321,28.333,92,1,0,0,0
2021-07-11 15:00:00,655.321,27.778,91,1,0,0,0
2021-07-11 16:00:00,1002.275,27.778,91,1,0,0,0
2021-07-11 17:00:00,1303.153,27.778,91,1,0,0,0
2021-07-11 18:00:00,922.172,25.556,95,1,0,0,0
2021-07-11 19:00:00,999.019,25.556,95,1,0,0,0
2021-07-11 20:00:00,941.383,25.556,95,1,0,0,0
2021-07-11 21:00:00,838.16,26.111,91,1,0,0,0
2021-07-11 22:00:00,793.224,26.111,91,1,0,0,0
2021-07-11 23:00:00,793.224,26.111,91,1,0,0,0
2021-07-12 00:00:00,1091.722,28.333,84,0,0,0,0
2021-07-12 01:00:00,1091.722,28.333,84,0,0,0,0
2021-07-12 02:00:00,1091.722,28.333,84,0,0,0,0
2021-07-12 03:00:00,1091.722,30.0,71,0,0,0,0
2021-07-12 04:00:00,1279.556,30.0,71,0,0,0,0
2021-07-12 05:00:00,1580.628,30.0,71,0,0,0,0
2021-07-12 06:00:00,1806.432,28.889,86,0,0,0,0
2021-07-12 07:00:00,2009.387,28.889,86,0,0,0,0
2021-07-12 08:00:00,1468.398,28.889,86,0,0,0,0
2021-07-12 09:00:00,2317.515,30.556,81,0,0,0,0
2021-07-12 10:00:00,2449.066,30.556,81,0,0,0,0
2021-07-12 11:00:00,2453.77,30.556,81,0,0,0,0
2021-07-12 12:00:00,2550.376,27.778,90,0,0,0,0
2021-07-12 13:00:00,2221.918,27.778,90,0,0,0,0
2021-07-12 14:00:00,2002.33,27.778,90,0,0,0,0
2021-07-12 15:00:00,1710.163,26.667,91,0,0,0,0
2021-07-12 16:00:00,1710.163,26.667,91,0,0,0,0
2021-07-12 17:00:00,1665.304,26.667,91,0,0,0,0
2021-07-12 18:00:00,935.474,26.111,91,0,0,0,0
2021-07-12 19:00:00,915.985,26.111,91,0,0,0,0
2021-07-12 20:00:00,877.007,26.111,91,0,0,0,0
2021-07-12 21:00:00,779.561,26.111,91,0,0,0,0
2021-07-12 22:00:00,701.605,26.111,91,0,0,0,0
2021-07-12 23:00:00,687.997,26.111,91,0,0,0,0
2021-07-13 00:00:00,1100.794,26.667,91,0,0,0,0
2021-07-13 01:00:00,1100.794,26.667,91,0,0,0,0
2021-07-13 02:00:00,1091.386,26.667,91,0,0,0,0
2021-07-13 03:00:00,1110.875,28.889,77,0,0,0,0
2021-07-13 04:00:00,1244.946,28.889,77,0,0,0,0
2021-07-13 05:00:00,1505.36,28.889,77,0,0,0,0
2021-07-13 06:00:00,2389.759,28.889,75,0,0,0,0
2021-07-13 07:00:00,2475.108,28.889,75,0,0,0,0
2021-07-13 08:00:00,2566.504,28.889,75,0,0,0,0
2021-07-13 09:00:00,2935.452,27.778,89,0,0,0,0
2021-07-13 10:00:00,2980.646,27.778,89,0,0,0,0
2021-07-13 11:00:00,3018.616,27.778,89,0,0,0,0
2021-07-13 12:00:00,2796.341,27.222,91,0,0,0,0
2021-07-13 13:00:00,2834.647,27.222,91,0,0,0,0
2021-07-13 14:00:00,2866.736,27.222,91,0,0,0,0
2021-07-13 15:00:00,2604.81,26.667,91,0,0,0,0
2021-07-13 16:00:00,2163.955,26.667,91,0,0,0,0
2021-07-13 17:00:00,2124.305,26.667,91,0,0,0,0
2021-07-13 18:00:00,935.474,26.111,90,0,0,0,0
2021-07-13 19:00:00,974.452,26.111,90,0,0,0,0
2021-07-13 20:00:00,915.985,26.111,90,0,0,0,0
2021-07-13 21:00:00,818.539,24.444,93,0,0,0,0
2021-07-13 22:00:00,701.605,24.444,93,0,0,0,0
2021-07-13 23:00:00,701.605,24.444,93,0,0,0,0
2021-07-14 00:00:00,1283.252,24.444,93,0,0,0,0
2021-07-14 01:00:00,1283.252,24.444,93,0,0,0,0
2021-07-14 02:00:00,1283.252,24.444,93,0,0,0,0
2021-07-14 03:00:00,1352.472,26.111,90,0,0,0,0
2021-07-14 04:00:00,1467.726,26.111,90,0,0,0,0
2021-07-14 05:00:00,1994.602,26.111,90,0,0,0,0
2021-07-14 06:00:00,2760.051,27.222,87,0,0,0,0
2021-07-14 07:00:00,2961.661,27.222,87,0,0,0,0
2021-07-14 08:00:00,3170.496,27.222,87,0,0,0,0
2021-07-14 09:00:00,3064.483,27.778,81,0,0,0,0
2021-07-14 10:00:00,2434.449,27.778,81,0,0,0,0
2021-07-14 11:00:00,2712.672,27.778,81,0,0,0,0
2021-07-14 12:00:00,3350.434,27.222,91,0,0,0,0
2021-07-14 13:00:00,2577.257,27.222,91,0,0,0,0
2021-07-14 14:00:00,2597.082,27.222,91,0,0,0,0
2021-07-14 15:00:00,2616.907,26.667,91,0,0,0,0
2021-07-14 16:00:00,2656.557,26.667,91,0,0,0,0
2021-07-14 17:00:00,2479.14,26.667,91,0,0,0,0
2021-07-14 18:00:00,954.963,26.111,94,0,0,0,0
2021-07-14 19:00:00,982.852,26.111,94,0,0,0,0
2021-07-14 20:00:00,904.224,26.111,94,0,0,0,0
2021-07-14 21:00:00,845.253,25.556,93,0,0,0,0
2021-07-14 22:00:00,701.605,25.556,93,0,0,0,0
2021-07-14 23:00:00,701.605,25.556,93,0,0,0,0
2021-07-15 00:00:00,1333.151,25.556,91,0,0,0,0
2021-07-15 01:00:00,1333.151,25.556,91,0,0,0,0
2021-07-15 02:00:00,1333.151,25.556,91,0,0,0,0
2021-07-15 03:00:00,1391.114,27.222,86,0,0,0,0
2021-07-15 04:00:00,869.446,27.222,86,0,0,0,0
2021-07-15 05:00:00,584.671,27.222,86,0,0,0,0
2021-07-15 06:00:00,618.273,29.444,75,0,0,0,0
2021-07-15 07:00:00,1333.151,29.444,75,0,0,0,0
2021-07-15 08:00:00,1255.867,29.444,75,0,0,0,0
2021-07-15 09:00:00,1275.188,30.0,70,0,0,0,0
2021-07-15 10:00:00,1321.558,30.0,70,0,0,0,0
2021-07-15 11:00:00,1359.864,30.0,70,0,0,0,0
2021-07-15 12:00:00,1551.394,28.333,81,0,0,0,0
2021-07-15 13:00:00,1532.241,28.333,81,0,0,0,0
2021-07-15 14:00:00,1493.935,28.333,81,0,0,0,0
2021-07-15 15:00:00,1455.629,27.778,87,0,0,0,0
2021-07-15 16:00:00,1407.579,27.778,87,0,0,0,0
2021-07-15 17:00:00,1407.579,27.778,87,0,0,0,0
2021-07-15 18:00:00,943.538,26.667,91,0,0,0,0
2021-07-15 19:00:00,982.852,26.667,91,0,0,0,0
2021-07-15 20:00:00,982.852,26.667,91,0,0,0,0
2021-07-15 21:00:00,884.567,26.667,90,0,0,0,0
2021-07-15 22:00:00,786.282,26.667,90,0,0,0,0
2021-07-15 23:00:00,707.654,26.667,90,0,0,0,0
2021-07-16 00:00:00,1171.213,28.889,80,0,0,0,0
2021-07-16 01:00:00,1171.213,28.889,80,0,0,0,0
2021-07-16 02:00:00,1171.213,28.889,80,0,0,0,0
2021-07-16 03:00:00,1361.832,29.444,77,0,0,0,0
2021-07-16 04:00:00,1482.857,29.444,77,0,0,0,0
2021-07-16 05:00:00,1606.089,29.444,77,0,0,0,0
2021-07-16 06:00:00,2600.092,29.444,83,0,0,0,0
2021-07-16 07:00:00,2786.468,29.444,83,0,0,0,0
2021-07-16 08:00:00,2927.692,29.444,83,0,0,0,0
2021-07-16 09:00:00,3174.835,29.444,80,0,0,0,0
2021-07-16 10:00:00,3079.78,29.444,80,0,0,0,0
2021-07-16 11:00:00,2805.818,29.444,80,0,0,0,0
2021-07-16 12:00:00,2635.229,28.333,88,0,0,0,0
2021-07-16 13:00:00,2459.547,28.333,88,0,0,0,0
2021-07-16 14:00:00,2615.708,28.333,88,0,0,0,0
2021-07-16 15:00:00,2883.22,27.778,90,0,0,0,0
2021-07-16 16:00:00,2902.571,27.778,90,0,0,0,0
2021-07-16 17:00:00,2717.214,27.778,90,0,0,0,0
2021-07-16 18:00:00,1004.188,27.222,90,0,0,0,0
2021-07-16 19:00:00,1122.327,27.222,90,0,0,0,0
2021-07-16 20:00:00,992.985,27.222,90,0,0,0,0
2021-07-16 21:00:00,893.686,27.222,91,0,0,0,0
2021-07-16 22:00:00,834.107,27.222,91,0,0,0,0
2021-07-16 23:00:00,774.528,27.222,91,0,0,0,0
2021-07-17 00:00:00,1294.964,28.333,90,0,0,0,0
2021-07-17 01:00:00,1294.964,28.333,90,0,0,0,0
2021-07-17 02:00:00,1294.964,28.333,90,0,0,0,0
2021-07-17 03:00:00,1338.529,29.444,76,0,0,0,0
2021-07-17 04:00:00,1784.982,29.444,76,0,0,0,0
2021-07-17 05:00:00,2710.646,29.444,76,0,0,0,0
2021-07-17 06:00:00,3617.52,32.222,60,0,0,0,0
2021-07-17 07:00:00,3942.757,32.222,60,0,0,0,0
2021-07-17 08:00:00,4208.8,32.222,60,0,0,0,0
2021-07-17 09:00:00,4208.8,32.778,56,0,0,0,0
2021-07-17 10:00:00,4208.8,32.778,56,0,0,0,0
2021-07-17 11:00:00,3980.668,32.778,56,0,0,0,0
2021-07-17 12:00:00,4132.313,30.0,82,0,0,0,0
2021-07-17 13:00:00,4056.491,30.0,82,0,0,0,0
2021-07-17 14:00:00,3980.668,30.0,82,0,0,0,0
2021-07-17 15:00:00,3942.757,28.889,87,0,0,0,0
2021-07-17 16:00:00,4092.074,28.889,87,0,0,0,0
2021-07-17 17:00:00,3904.514,28.889,87,0,0,0,0
2021-07-17 18:00:00,1020.275,27.222,92,0,0,0,0
2021-07-17 19:00:00,1089.446,27.222,92,0,0,0,0
2021-07-17 20:00:00,1118.711,27.222,92,0,0,0,0
2021-07-17 21:00:00,972.72,27.778,90,0,0,0,0
2021-07-17 22:00:00,933.811,27.778,90,0,0,0,0
2021-07-17 23:00:00,778.176,27.778,90,0,0,0,0
2021-07-18 00:00:00,1347.622,28.889,85,1,0,0,0
2021-07-18 01:00:00,1347.622,28.889,85,1,0,0,0
2021-07-18 02:00:00,1347.622,28.889,85,1,0,0,0
2021-07-18 03:00:00,1450.627,31.111,68,1,0,0,0
2021-07-18 04:00:00,2342.789,31.111,68,1,0,0,0
2021-07-18 05:00:00,3501.514,31.111,68,1,0,0,0
2021-07-18 06:00:00,4032.994,33.889,50,1,0,0,0
2021-07-18 07:00:00,4390.056,33.889,50,1,0,0,0
2021-07-18 08:00:00,4503.592,33.889,50,1,0,0,0
2021-07-18 09:00:00,4464.43,31.111,64,1,0,0,0
2021-07-18 10:00:00,4426.914,31.111,64,1,0,0,0
2021-07-18 11:00:00,4314.365,31.111,64,1,0,0,0
2021-07-18 12:00:00,4103.748,27.222,91,1,0,0,0
2021-07-18 13:00:00,3657.831,27.222,91,1,0,0,0
2021-07-18 14:00:00,3106.606,27.222,91,1,0,0,0
2021-07-18 15:00:00,2349.7,27.222,91,1,0,0,0
2021-07-18 16:00:00,1703.039,27.222,91,1,0,0,0
2021-07-18 17:00:00,1324.586,27.222,91,1,0,0,0
2021-07-18 18:00:00,1002.901,28.333,90,1,0,0,0
2021-07-18 19:00:00,1049.796,28.333,90,1,0,0,0
2021-07-18 20:00:00,1087.97,28.333,90,1,0,0,0
2021-07-18 21:00:00,858.924,26.667,92,1,0,0,0
2021-07-18 22:00:00,897.098,26.667,92,1,0,0,0
2021-07-18 23:00:00,750.818,26.667,92,1,0,0,0
2021-07-19 00:00:00,766.625,29.444,87,0,0,0,0
2021-07-19 01:00:00,766.625,29.444,87,0,0,0,0
2021-07-19 02:00:00,766.625,29.444,87,0,0,0,0
2021-07-19 03:00:00,766.625,29.444,73,0,0,0,0
2021-07-19 04:00:00,1159.262,29.444,73,0,0,0,0
2021-07-19 05:00:00,1854.819,29.444,73,0,0,0,0
2021-07-19 06:00:00,2822.55,31.111,58,0,0,0,0
2021-07-19 07:00:00,3198.554,31.111,58,0,0,0,0
2021-07-19 08:00:00,3274.158,31.111,58,0,0,0,0
2021-07-19 09:00:00,3390.084,32.778,54,0,0,0,0
2021-07-19 10:00:00,3400.501,32.778,54,0,0,0,0
2021-07-19 11:00:00,3469.048,32.778,54,0,0,0,0
2021-07-19 12:00:00,3488.537,30.0,72,0,0,0,0
2021-07-19 13:00:00,3498.954,30.0,72,0,0,0,0
2021-07-19 14:00:00,3568.51,30.0,72,0,0,0,0
2021-07-19 15:00:00,3658.73,28.889,77,0,0,0,0
2021-07-19 16:00:00,3198.89,28.889,77,0,0,0,0
2021-07-19 17:00:00,1585.164,28.889,77,0,0,0,0
2021-07-19 18:00:00,1062.656,26.667,93,0,0,0,0
2021-07-19 19:00:00,966.051,26.667,93,0,0,0,0
2021-07-19 20:00:00,911.952,26.667,93,0,0,0,0
2021-07-19 21:00:00,892.127,27.222,78,0,0,0,0
2021-07-19 22:00:00,892.127,27.222,78,0,0,0,0
2021-07-19 23:00:00,786.282,27.222,78,0,0,0,0
2021-07-20 00:00:00,1443.881,28.889,73,0,0,0,0
2021-07-20 01:00:00,1424.629,28.889,73,0,0,0,0
2021-07-20 02:00:00,1565.15,28.889,73,0,0,0,0
2021-07-20 03:00:00,1679.674,30.556,65,0,0,0,0
2021-07-20 04:00:00,2395.773,30.556,65,0,0,0,0
2021-07-20 05:00:00,3402.622,30.556,65,0,0,0,0
2021-07-20 06:00:00,3800.985,30.556,64,0,0,0,0
2021-07-20 07:00:00,3888.523,30.556,64,0,0,0,0
2021-07-20 08:00:00,3438.987,30.556,64,0,0,0,0
2021-07-20 09:00:00,4447.318,28.333,78,0,0,0,0
2021-07-20 10:00:00,4562.828,28.333,78,0,0,0,0
2021-07-20 11:00:00,4485.657,28.333,78,0,0,0,0
2021-07-20 12:00:00,4408.65,27.778,80,0,0,0,0
2021-07-20 13:00:00,4019.172,27.778,80,0,0,0,0
2021-07-20 14:00:00,3435.696,27.778,80,0,0,0,0
2021-07-20 15:00:00,2175.941,25.556,91,0,0,0,0
2021-07-20 16:00:00,2194.699,25.556,91,0,0,0,0
2021-07-20 17:00:00,2135.792,25.556,91,0,0,0,0
2021-07-20 18:00:00,1087.312,28.333,81,0,0,0,0
2021-07-20 19:00:00,1058.846,28.333,81,0,0,0,0
2021-07-20 20:00:00,962.587,28.333,81,0,0,0,0
2021-07-20 21:00:00,858.924,25.0,93,0,0,0,0
2021-07-20 22:00:00,770.07,25.0,93,0,0,0,0
2021-07-20 23:00:00,750.818,25.0,93,0,0,0,0
2021-07-21 00:00:00,722.286,25.556,91,0,0,0,0
2021-07-21 01:00:00,722.286,25.556,91,0,0,0,0
2021-07-21 02:00:00,1235.489,25.556,91,0,0,0,0
2021-07-21 03:00:00,1214.549,26.667,91,0,0,0,0
2021-07-21 04:00:00,1222.603,26.667,91,0,0,0,0
2021-07-21 05:00:00,1255.946,26.667,91,0,0,0,0
2021-07-21 06:00:00,1352.273,26.111,91,0,0,0,0
2021-07-21 07:00:00,1377.24,26.111,91,0,0,0,0
2021-07-21 08:00:00,1457.458,26.111,91,0,0,0,0
2021-07-21 09:00:00,1420.088,26.667,82,0,0,0,0
2021-07-21 10:00:00,1319.251,26.667,82,0,0,0,0
2021-07-21 11:00:00,1281.558,26.667,82,0,0,0,0
2021-07-21 12:00:00,1225.019,25.556,90,0,0,0,0
2021-07-21 13:00:00,1197.474,25.556,90,0,0,0,0
2021-07-21 14:00:00,1197.474,25.556,90,0,0,0,0
2021-07-21 15:00:00,1178.467,25.0,90,0,0,0,0
2021-07-21 16:00:00,1140.452,25.0,90,0,0,0,0
2021-07-21 17:00:00,1150.116,25.0,90,0,0,0,0
2021-07-21 18:00:00,1045.414,25.0,91,0,0,0,0
2021-07-21 19:00:00,980.015,25.0,91,0,0,0,0
2021-07-21 20:00:00,942.322,25.0,91,0,0,0,0
2021-07-21 21:00:00,810.397,25.0,90,0,0,0,0
2021-07-21 22:00:00,753.858,25.0,90,0,0,0,0
2021-07-21 23:00:00,716.165,25.0,90,0,0,0,0
2021-07-22 00:00:00,684.271,24.444,93,0,0,0,0
2021-07-22 01:00:00,646.256,24.444,93,0,0,0,0
2021-07-22 02:00:00,646.256,24.444,93,0,0,0,0
2021-07-22 03:00:00,646.256,24.444,93,0,0,0,0
2021-07-22 04:00:00,635.302,24.444,93,0,0,0,0
2021-07-22 05:00:00,1101.792,24.444,93,0,0,0,0
2021-07-22 06:00:00,1140.452,24.444,93,0,0,0,0
2021-07-22 07:00:00,1178.467,24.444,93,0,0,0,0
2021-07-22 08:00:00,1121.122,24.444,93,0,0,0,0
2021-07-22 09:00:00,1074.408,25.0,91,0,0,0,0
2021-07-22 10:00:00,1185.554,25.0,91,0,0,0,0
2021-07-22 11:00:00,735.011,25.0,91,0,0,0,0
2021-07-22 12:00:00,735.011,25.0,91,0,0,0,0
2021-07-22 13:00:00,1055.401,25.0,91,0,0,0,0
2021-07-22 14:00:00,810.397,25.0,91,0,0,0,0
2021-07-22 15:00:00,798.316,25.0,91,0,0,0,0
2021-07-22 16:00:00,805.081,25.0,91,0,0,0,0
2021-07-22 17:00:00,690.07,25.0,91,0,0,0,0
2021-07-22 18:00:00,747.576,25.0,91,0,0,0,0
2021-07-22 19:00:00,728.407,25.0,91,0,0,0,0
2021-07-22 20:00:00,532.211,25.0,91,0,0,0,0
2021-07-22 21:00:00,500.639,25.0,91,0,0,0,0
2021-07-22 22:00:00,502.572,25.0,91,0,0,0,0
2021-07-22 23:00:00,502.572,25.0,91,0,0,0,0
2021-07-23 00:00:00,519.82,26.667,87,0,0,0,0
2021-07-23 01:00:00,524.188,26.667,87,0,0,0,0
2021-07-23 02:00:00,539.813,26.667,87,0,0,0,0
2021-07-23 03:00:00,519.82,26.667,82,0,0,0,0
2021-07-23 04:00:00,539.813,26.667,82,0,0,0,0
2021-07-23 05:00:00,564.51,26.667,82,0,0,0,0
2021-07-23 06:00:00,1299.549,23.889,93,0,0,0,0
2021-07-23 07:00:00,1500.656,23.889,93,0,0,0,0
2021-07-23 08:00:00,1461.678,23.889,93,0,0,0,0
2021-07-23 09:00:00,1468.398,25.0,90,0,0,0,0
2021-07-23 10:00:00,1255.867,25.0,90,0,0,0,0
2021-07-23 11:00:00,1468.398,25.0,90,0,0,0,0
2021-07-23 12:00:00,1340.711,24.444,90,0,0,0,0
2021-07-23 13:00:00,1328.951,24.444,90,0,0,0,0
2021-07-23 14:00:00,1404.891,24.444,90,0,0,0,0
2021-07-23 15:00:00,1241.922,25.0,78,0,0,0,0
2021-07-23 16:00:00,1264.099,25.0,78,0,0,0,0
2021-07-23 17:00:00,1264.099,25.0,78,0,0,0,0
2021-07-23 18:00:00,927.409,24.444,90,0,0,0,0
2021-07-23 19:00:00,935.474,24.444,90,0,0,0,0
2021-07-23 20:00:00,818.539,24.444,90,0,0,0,0
2021-07-23 21:00:00,779.561,24.444,90,0,0,0,0
2021-07-23 22:00:00,740.583,24.444,90,0,0,0,0
2021-07-23 23:00:00,589.711,24.444,90,0,0,0,0
2021-07-24 00:00:00,486.968,25.0,86,0,0,0,0
2021-07-24 01:00:00,486.968,25.0,86,0,0,0,0
2021-07-24 02:00:00,486.968,25.0,86,0,0,0,0
2021-07-24 03:00:00,486.968,28.889,68,0,0,0,0
2021-07-24 04:00:00,486.968,28.889,68,0,0,0,0
2021-07-24 05:00:00,1063.652,28.889,68,0,0,0,0
2021-07-24 06:00:00,1585.15,30.0,63,0,0,0,0
2021-07-24 07:00:00,1881.277,30.0,63,0,0,0,0
2021-07-24 08:00:00,1881.277,30.0,63,0,0,0,0
2021-07-24 09:00:00,2244.461,30.0,62,0,0,0,0
2021-07-24 10:00:00,2425.127,30.0,62,0,0,0,0
2021-07-24 11:00:00,2425.127,30.0,62,0,0,0,0
2021-07-24 12:00:00,2630.304,26.667,85,0,0,0,0
2021-07-24 13:00:00,2787.078,26.667,85,0,0,0,0
2021-07-24 14:00:00,2779.678,26.667,85,0,0,0,0
2021-07-24 15:00:00,2935.064,26.111,88,0,0,0,0
2021-07-24 16:00:00,2969.594,26.111,88,0,0,0,0
2021-07-24 17:00:00,2451.642,26.111,88,0,0,0,0
2021-07-24 18:00:00,982.26,24.444,88,0,0,0,0
2021-07-24 19:00:00,901.792,24.444,88,0,0,0,0
2021-07-24 20:00:00,818.55,24.444,88,0,0,0,0
2021-07-24 21:00:00,763.98,25.0,90,0,0,0,0
2021-07-24 22:00:00,703.398,25.0,90,0,0,0,0
2021-07-24 23:00:00,703.398,25.0,90,0,0,0,0
2021-07-25 00:00:00,662.627,28.333,74,1,0,0,0
2021-07-25 01:00:00,662.627,28.333,74,1,0,0,0
2021-07-25 02:00:00,651.203,28.333,74,1,0,0,0
2021-07-25 03:00:00,804.427,30.0,56,1,0,0,0
2021-07-25 04:00:00,1025.19,30.0,56,1,0,0,0
2021-07-25 05:00:00,1505.36,30.0,56,1,0,0,0
2021-07-25 06:00:00,2634.38,31.111,50,1,0,0,0
2021-07-25 07:00:00,3217.707,31.111,50,1,0,0,0
2021-07-25 08:00:00,3294.319,31.111,50,1,0,0,0
2021-07-25 09:00:00,3332.625,30.556,59,1,0,0,0
2021-07-25 10:00:00,3118.246,30.556,59,1,0,0,0
2021-07-25 11:00:00,3313.136,30.556,59,1,0,0,0
2021-07-25 12:00:00,3149.327,26.111,90,1,0,0,0
2021-07-25 13:00:00,3235.18,26.111,90,1,0,0,0
2021-07-25 14:00:00,3196.202,26.111,90,1,0,0,0
2021-07-25 15:00:00,3235.18,26.667,90,1,0,0,0
2021-07-25 16:00:00,3196.202,26.667,90,1,0,0,0
2021-07-25 17:00:00,2879.001,26.667,90,1,0,0,0
2021-07-25 18:00:00,1169.342,25.556,88,1,0,0,0
2021-07-25 19:00:00,959.667,25.556,88,1,0,0,0
2021-07-25 20:00:00,951.603,25.556,88,1,0,0,0
2021-07-25 21:00:00,919.681,25.556,88,1,0,0,0
2021-07-25 22:00:00,879.695,25.556,88,1,0,0,0
2021-07-25 23:00:00,826.604,25.556,88,1,0,0,0
2021-07-26 00:00:00,1042.348,28.889,76,0,0,0,0
2021-07-26 01:00:00,1111.838,28.889,76,0,0,0,0
2021-07-26 02:00:00,1102.416,28.889,76,0,0,0,0
2021-07-26 03:00:00,1092.993,32.222,54,0,0,0,0
2021-07-26 04:00:00,1468.71,32.222,54,0,0,0,0
2021-07-26 05:00:00,1425.131,32.222,54,0,0,0,0
2021-07-26 06:00:00,2836.129,33.333,48,0,0,0,0
2021-07-26 07:00:00,2974.226,33.333,48,0,0,0,0
2021-07-26 08:00:00,3643.802,33.333,48,0,0,0,0
2021-07-26 09:00:00,3973.879,33.333,46,0,0,0,0
2021-07-26 10:00:00,3776.009,33.333,46,0,0,0,0
2021-07-26 11:00:00,3324.472,33.333,46,0,0,0,0
2021-07-26 12:00:00,3509.239,31.667,57,0,0,0,0
2021-07-26 13:00:00,3661.616,31.667,57,0,0,0,0
2021-07-26 14:00:00,3654.696,31.667,57,0,0,0,0
2021-07-26 15:00:00,3692.386,30.556,57,0,0,0,0
2021-07-26 16:00:00,3586.384,30.556,57,0,0,0,0
2021-07-26 17:00:00,3509.239,30.556,57,0,0,0,0
2021-07-26 18:00:00,990.525,25.556,90,0,0,0,0
2021-07-26 19:00:00,939.291,25.556,90,0,0,0,0
2021-07-26 20:00:00,888.057,25.556,90,0,0,0,0
2021-07-26 21:00:00,853.901,27.778,62,0,0,0,0
2021-07-26 22:00:00,792.361,27.778,62,0,0,0,0
2021-07-26 23:00:00,729.644,27.778,62,0,0,0,0
2021-07-27 00:00:00,1575.681,28.333,62,0,0,0,0
2021-07-27 01:00:00,1575.681,28.333,62,0,0,0,0
2021-07-27 02:00:00,1575.681,28.333,62,0,0,0,0
2021-07-27 03:00:00,2040.093,31.111,51,0,0,0,0
2021-07-27 04:00:00,2235.925,31.111,51,0,0,0,0
2021-07-27 05:00:00,2949.419,31.111,51,0,0,0,0
2021-07-27 06:00:00,3696.959,32.222,47,0,0,0,0
2021-07-27 07:00:00,3731.586,32.222,47,0,0,0,0
2021-07-27 08:00:00,3452.532,32.222,47,0,0,0,0
2021-07-27 09:00:00,3781.344,32.222,46,0,0,0,0
2021-07-27 10:00:00,3781.344,32.222,46,0,0,0,0
2021-07-27 11:00:00,3781.635,32.222,46,0,0,0,0
2021-07-27 12:00:00,3781.635,30.556,55,0,0,0,0
2021-07-27 13:00:00,3814.225,30.556,55,0,0,0,0
2021-07-27 14:00:00,3814.225,30.556,55,0,0,0,0
2021-07-27 15:00:00,3676.881,28.889,73,0,0,0,0
2021-07-27 16:00:00,3544.192,28.889,73,0,0,0,0
2021-07-27 17:00:00,2965.714,28.889,73,0,0,0,0
2021-07-27 18:00:00,919.22,29.444,61,0,0,0,0
2021-07-27 19:00:00,911.364,29.444,61,0,0,0,0
2021-07-27 20:00:00,961.995,29.444,61,0,0,0,0
2021-07-27 21:00:00,843.855,27.778,70,0,0,0,0
2021-07-27 22:00:00,776.347,27.778,70,0,0,0,0
2021-07-27 23:00:00,708.838,27.778,70,0,0,0,0
2021-07-28 00:00:00,1744.504,28.333,67,0,0,0,0
2021-07-28 01:00:00,1744.504,28.333,67,0,0,0,0
2021-07-28 02:00:00,1744.504,28.333,67,0,0,0,0
2021-07-28 03:00:00,2258.674,30.556,50,0,0,0,0
2021-07-28 04:00:00,2475.489,30.556,50,0,0,0,0
2021-07-28 05:00:00,3247.387,30.556,50,0,0,0,0
2021-07-28 06:00:00,4305.688,32.222,45,0,0,0,0
2021-07-28 07:00:00,4589.19,32.222,45,0,0,0,0
2021-07-28 08:00:00,3676.829,32.222,45,0,0,0,0
2021-07-28 09:00:00,5013.154,32.222,49,0,0,0,0
2021-07-28 10:00:00,5227.07,32.222,49,0,0,0,0
2021-07-28 11:00:00,5170.047,32.222,49,0,0,0,0
2021-07-28 12:00:00,4903.942,29.444,60,0,0,0,0
2021-07-28 13:00:00,4903.942,29.444,60,0,0,0,0
2021-07-28 14:00:00,4770.889,29.444,60,0,0,0,0
2021-07-28 15:00:00,4523.791,29.444,57,0,0,0,0
2021-07-28 16:00:00,4407.169,29.444,57,0,0,0,0
2021-07-28 17:00:00,4241.578,29.444,57,0,0,0,0
2021-07-28 18:00:00,896.897,28.333,79,0,0,0,0
2021-07-28 19:00:00,896.897,28.333,79,0,0,0,0
2021-07-28 20:00:00,873.702,28.333,79,0,0,0,0
2021-07-28 21:00:00,865.97,28.333,64,0,0,0,0
2021-07-28 22:00:00,874.346,28.333,64,0,0,0,0
2021-07-28 23:00:00,798.316,28.333,64,0,0,0,0
2021-07-29 00:00:00,1012.072,27.222,67,0,0,0,0
2021-07-29 01:00:00,1143.756,27.222,67,0,0,0,0
2021-07-29 02:00:00,1211.036,27.222,67,0,0,0,0
2021-07-29 03:00:00,1200.685,28.889,63,0,0,0,0
2021-07-29 04:00:00,2668.19,28.889,63,0,0,0,0
2021-07-29 05:00:00,3346.45,28.889,63,0,0,0,0
2021-07-29 06:00:00,3858.524,28.333,65,0,0,0,0
2021-07-29 07:00:00,4057.488,28.333,65,0,0,0,0
2021-07-29 08:00:00,4071.289,28.333,65,0,0,0,0
2021-07-29 09:00:00,4071.289,29.444,63,0,0,0,0
2021-07-29 10:00:00,3647.197,29.444,63,0,0,0,0
2021-07-29 11:00:00,3562.378,29.444,63,0,0,0,0
2021-07-29 12:00:00,3582.648,28.333,65,0,0,0,0
2021-07-29 13:00:00,3313.529,28.333,65,0,0,0,0
2021-07-29 14:00:00,3195.79,28.333,65,0,0,0,0
2021-07-29 15:00:00,2768.247,27.778,67,0,0,0,0
2021-07-29 16:00:00,2768.247,27.778,67,0,0,0,0
2021-07-29 17:00:00,2768.247,27.778,67,0,0,0,0
2021-07-29 18:00:00,865.149,28.889,64,0,0,0,0
2021-07-29 19:00:00,865.149,28.889,64,0,0,0,0
2021-07-29 20:00:00,865.149,28.889,64,0,0,0,0
2021-07-29 21:00:00,814.258,27.222,70,0,0,0,0
2021-07-29 22:00:00,780.33,27.222,70,0,0,0,0
2021-07-29 23:00:00,712.476,27.222,70,0,0,0,0
2021-07-30 00:00:00,1750.999,28.889,69,0,0,0,0
2021-07-30 01:00:00,1750.999,28.889,69,0,0,0,0
2021-07-30 02:00:00,1750.999,28.889,69,0,0,0,0
2021-07-30 03:00:00,1802.753,30.556,65,0,0,0,0
2021-07-30 04:00:00,2173.654,30.556,65,0,0,0,0
2021-07-30 05:00:00,2624.487,30.556,65,0,0,0,0
2021-07-30 06:00:00,3716.202,30.0,70,0,0,0,0
2021-07-30 07:00:00,3928.679,30.0,70,0,0,1,0
2021-07-30 08:00:00,3984.314,30.0,70,0,0,1,0
2021-07-30 09:00:00,695.512,28.889,69,0,0,0,0
2021-07-30 10:00:00,4206.424,28.889,69,0,0,0,0
2021-07-30 11:00:00,4412.001,28.889,69,0,0,0,0
2021-07-30 12:00:00,4321.145,28.333,72,0,0,0,0
2021-07-30 13:00:00,4113.555,28.333,72,0,0,0,0
2021-07-30 14:00:00,4033.912,28.333,72,0,0,0,0
2021-07-30 15:00:00,3986.327,29.444,64,0,0,0,0
2021-07-30 16:00:00,3481.729,29.444,64,0,0,0,0
2021-07-30 17:00:00,2784.923,29.444,64,0,0,0,0
2021-07-30 18:00:00,807.357,27.778,71,0,0,0,0
2021-07-30 19:00:00,807.357,27.778,71,0,0,0,0
2021-07-30 20:00:00,790.537,27.778,71,0,0,0,0
2021-07-30 21:00:00,780.33,27.778,68,0,0,0,0
2021-07-30 22:00:00,752.728,27.778,68,0,0,0,0
2021-07-30 23:00:00,712.476,27.778,68,0,0,0,0
2021-07-31 00:00:00,546.497,27.222,71,0,0,0,0
2021-07-31 01:00:00,1741.958,27.222,71,0,0,0,0
2021-07-31 02:00:00,1860.326,27.222,71,0,0,0,0
2021-07-31 03:00:00,2032.579,30.0,65,0,0,0,0
2021-07-31 04:00:00,2081.163,30.0,65,0,0,0,0
2021-07-31 05:00:00,2819.64,30.0,65,0,0,0,0
2021-07-31 06:00:00,3773.359,31.667,57,0,0,0,0
2021-07-31 07:00:00,3942.814,31.667,57,0,0,0,0
2021-07-31 08:00:00,4025.996,31.667,57,0,0,0,0
2021-07-31 09:00:00,4114.184,31.667,53,0,0,0,0
2021-07-31 10:00:00,4098.725,31.667,53,0,0,0,0
2021-07-31 11:00:00,4099.608,31.667,53,0,0,0,0
2021-07-31 12:00:00,4293.061,30.556,61,0,0,0,0
2021-07-31 13:00:00,4081.647,30.556,61,0,0,0,0
2021-07-31 14:00:00,4047.491,30.556,61,0,0,0,0
2021-07-31 15:00:00,3979.179,30.0,63,0,0,0,0
2021-07-31 16:00:00,3500.994,30.0,63,0,0,0,0
2021-07-31 17:00:00,2883.83,30.0,63,0,0,0,0
2021-07-31 18:00:00,875.985,27.778,68,0,0,0,0
2021-07-31 19:00:00,868.623,27.778,68,0,0,0,0
2021-07-31 20:00:00,826.812,27.778,68,0,0,0,0
2021-07-31 21:00:00,792.361,27.222,68,0,0,0,0
2021-07-31 22:00:00,751.433,27.222,68,0,0,0,0
2021-07-31 23:00:00,711.093,27.222,68,0,0,0,0
2021-08-01 00:00:00,1824.473,27.778,68,1,0,0,0
2021-08-01 01:00:00,1824.473,27.778,68,1,0,0,0
2021-08-01 02:00:00,1824.473,27.778,68,1,0,0,0
2021-08-01 03:00:00,2071.519,30.0,58,1,0,0,0
2021-08-01 04:00:00,2268.806,30.0,58,1,0,0,0
2021-08-01 05:00:00,3796.766,30.0,58,1,0,0,0
2021-08-01 06:00:00,4611.523,30.556,60,1,0,0,0
2021-08-01 07:00:00,4725.589,30.556,60,1,0,0,0
2021-08-01 08:00:00,4749.304,30.556,60,1,0,0,0
2021-08-01 09:00:00,4494.838,30.556,57,1,0,0,0
2021-08-01 10:00:00,4395.321,30.556,57,1,0,0,0
2021-08-01 11:00:00,4395.321,30.556,57,1,0,0,0
2021-08-01 12:00:00,4084.259,30.0,59,1,0,0,0
2021-08-01 13:00:00,3382.113,30.0,59,1,0,0,0
2021-08-01 14:00:00,3382.113,30.0,59,1,0,0,0
2021-08-01 15:00:00,3467.954,29.444,59,1,0,0,0
2021-08-01 16:00:00,3234.293,29.444,59,1,0,0,0
2021-08-01 17:00:00,3200.248,29.444,59,1,0,0,0
2021-08-01 18:00:00,843.855,29.444,68,1,0,0,0
2021-08-01 19:00:00,936.243,29.444,68,1,0,0,0
2021-08-01 20:00:00,851.13,29.444,68,1,0,0,0
2021-08-01 21:00:00,817.085,26.667,68,1,0,0,0
2021-08-01 22:00:00,742.593,26.667,68,1,0,0,0
2021-08-01 23:00:00,702.728,26.667,68,1,0,0,0
2021-08-02 00:00:00,1868.308,27.778,68,0,0,0,0
2021-08-02 01:00:00,1868.308,27.778,68,0,0,0,0
2021-08-02 02:00:00,1868.308,27.778,68,0,0,0,0
2021-08-02 03:00:00,2046.858,30.556,55,0,0,0,0
2021-08-02 04:00:00,2241.797,30.556,55,0,0,0,0
2021-08-02 05:00:00,3146.911,30.556,55,0,0,0,0
2021-08-02 06:00:00,4326.607,31.111,50,0,0,0,0
2021-08-02 07:00:00,4282.904,31.111,50,0,0,0,0
2021-08-02 08:00:00,4588.826,31.111,50,0,0,0,0
2021-08-02 09:00:00,4435.865,31.667,49,0,0,0,0
2021-08-02 10:00:00,4240.926,31.667,49,0,0,0,0
2021-08-02 11:00:00,4206.999,31.667,49,0,0,0,0
2021-08-02 12:00:00,4071.289,30.0,57,0,0,0,0
2021-08-02 13:00:00,4105.217,30.0,57,0,0,0,0
2021-08-02 14:00:00,4122.18,30.0,57,0,0,0,0
2021-08-02 15:00:00,3717.208,28.889,61,0,0,0,0
2021-08-02 16:00:00,3549.008,28.889,61,0,0,0,0
2021-08-02 17:00:00,3301.885,28.889,61,0,0,0,0
2021-08-02 18:00:00,2523.854,28.333,62,0,0,0,0
2021-08-02 19:00:00,2474.688,28.333,62,0,0,0,0
2021-08-02 20:00:00,840.997,28.333,62,0,0,0,0
2021-08-02 21:00:00,807.357,27.778,68,0,0,0,0
2021-08-02 22:00:00,767.105,27.778,68,0,0,0,0
2021-08-02 23:00:00,694.362,27.778,68,0,0,0,0
2021-08-03 00:00:00,1974.33,27.778,70,0,0,0,0
2021-08-03 01:00:00,1974.33,27.778,70,0,0,0,0
2021-08-03 02:00:00,1974.33,27.778,70,0,0,0,0
2021-08-03 03:00:00,2089.851,30.0,63,0,0,0,0
2021-08-03 04:00:00,2268.806,30.0,63,0,0,0,0
2021-08-03 05:00:00,3857.0,30.0,63,0,0,0,0
2021-08-03 06:00:00,4283.292,31.111,56,0,0,0,0
2021-08-03 07:00:00,4624.326,31.111,56,0,0,0,0
2021-08-03 08:00:00,4686.888,31.111,56,0,0,0,0
2021-08-03 09:00:00,4556.818,31.667,58,0,0,0,0
2021-08-03 10:00:00,4562.056,31.667,58,0,0,1,0
2021-08-03 11:00:00,4438.678,31.667,58,0,0,0,0
2021-08-03 12:00:00,4743.921,29.444,72,0,0,0,0
2021-08-03 13:00:00,4187.849,29.444,72,0,0,0,0
2021-08-03 14:00:00,4013.841,29.444,72,0,0,0,0
2021-08-03 15:00:00,3947.496,27.778,78,0,0,0,0
2021-08-03 16:00:00,3449.913,27.778,78,0,0,0,0
2021-08-03 17:00:00,3189.772,27.778,78,0,0,0,0
2021-08-03 18:00:00,826.978,27.778,65,0,0,0,0
2021-08-03 19:00:00,810.101,27.778,65,0,0,0,0
2021-08-03 20:00:00,817.085,27.778,65,0,0,0,0
2021-08-03 21:00:00,783.039,27.222,84,0,0,0,0
2021-08-03 22:00:00,776.347,27.222,84,0,0,0,0
2021-08-03 23:00:00,708.838,27.222,84,0,0,0,0
2021-08-04 00:00:00,751.433,30.0,70,0,0,0,0
2021-08-04 01:00:00,1412.47,30.0,70,0,0,0,0
2021-08-04 02:00:00,1412.47,30.0,70,0,0,0,0
2021-08-04 03:00:00,1673.646,31.667,56,0,0,0,0
2021-08-04 04:00:00,2015.206,31.667,56,0,0,0,0
2021-08-04 05:00:00,3978.737,31.667,56,0,0,0,0
2021-08-04 06:00:00,4477.68,32.222,48,0,0,0,0
2021-08-04 07:00:00,4837.202,32.222,48,0,0,0,0
2021-08-04 08:00:00,4739.151,32.222,48,0,0,0,0
2021-08-04 09:00:00,4825.277,32.222,47,0,0,0,0
2021-08-04 10:00:00,4842.208,32.222,47,0,0,0,0
2021-08-04 11:00:00,4412.607,32.222,47,0,0,0,0
2021-08-04 12:00:00,4330.162,30.0,63,0,0,0,0
2021-08-04 13:00:00,4303.661,30.0,63,0,0,0,0
2021-08-04 14:00:00,4303.661,30.0,63,0,0,0,0
2021-08-04 15:00:00,4030.413,30.0,59,0,0,0,0
2021-08-04 16:00:00,4059.269,30.0,59,0,0,0,0
2021-08-04 17:00:00,4134.648,30.0,59,0,0,0,0
2021-08-04 18:00:00,870.979,27.222,80,0,0,0,0
2021-08-04 19:00:00,1033.515,27.222,80,0,0,0,0
2021-08-04 20:00:00,990.525,27.222,80,0,0,0,0
2021-08-04 21:00:00,931.194,27.778,65,0,0,0,0
2021-08-04 22:00:00,846.54,27.778,65,0,0,0,0
2021-08-04 23:00:00,721.694,27.778,65,0,0,0,0
2021-08-05 00:00:00,2440.65,29.444,65,0,0,0,0
2021-08-05 01:00:00,2440.65,29.444,65,0,0,0,0
2021-08-05 02:00:00,2440.65,29.444,65,0,0,0,0
2021-08-05 03:00:00,2440.65,31.111,59,0,0,0,0
2021-08-05 04:00:00,2693.131,31.111,59,0,0,0,0
2021-08-05 05:00:00,3703.055,31.111,59,0,0,0,0
2021-08-05 06:00:00,5255.181,31.667,57,0,0,0,0
2021-08-05 07:00:00,5338.596,31.667,57,0,0,0,0
2021-08-05 08:00:00,5736.608,31.667,57,0,0,0,0
2021-08-05 09:00:00,4693.615,28.333,89,0,0,1,0
2021-08-05 10:00:00,3749.53,28.333,89,0,0,1,0
2021-08-05 11:00:00,5273.055,28.333,89,0,0,0,0
2021-08-05 12:00:00,5664.066,27.778,87,0,0,0,0
2021-08-05 13:00:00,5892.118,27.778,87,0,0,0,0
2021-08-05 14:00:00,6011.283,27.778,87,0,0,0,0
2021-08-05 15:00:00,5554.285,27.778,89,0,0,0,0
2021-08-05 16:00:00,5308.209,27.778,89,0,0,0,0
2021-08-05 17:00:00,3545.162,27.778,89,0,0,0,0
2021-08-05 18:00:00,959.279,29.444,63,0,0,0,0
2021-08-05 19:00:00,1382.315,29.444,63,0,0,0,0
2021-08-05 20:00:00,1272.236,29.444,63,0,0,0,0
2021-08-05 21:00:00,1219.953,27.222,87,0,0,0,0
2021-08-05 22:00:00,1002.178,27.222,87,0,0,0,0
2021-08-05 23:00:00,925.019,27.222,87,0,0,0,0
2021-08-06 00:00:00,2501.428,27.222,83,0,0,0,0
2021-08-06 01:00:00,950.543,27.222,83,0,0,0,0
2021-08-06 02:00:00,958.737,27.222,83,0,0,0,0
2021-08-06 03:00:00,958.737,28.333,73,0,0,0,0
2021-08-06 04:00:00,1681.995,28.333,73,0,0,0,0
2021-08-06 05:00:00,2584.809,28.333,73,0,0,0,0
2021-08-06 06:00:00,4064.389,30.556,56,0,0,0,0
2021-08-06 07:00:00,4411.714,30.556,56,0,0,0,0
2021-08-06 08:00:00,4736.037,30.556,56,0,0,0,0
2021-08-06 09:00:00,4364.56,30.556,60,0,0,0,0
2021-08-06 10:00:00,2573.452,30.556,60,0,0,0,0
2021-08-06 11:00:00,2544.556,30.556,60,0,0,0,0
2021-08-06 12:00:00,2691.191,29.444,76,0,0,0,0
2021-08-06 13:00:00,2429.26,29.444,76,0,0,0,0
2021-08-06 14:00:00,2463.475,29.444,76,0,0,0,0
2021-08-06 15:00:00,2497.69,29.444,76,0,0,0,0
2021-08-06 16:00:00,2292.4,27.778,90,0,0,0,0
2021-08-06 17:00:00,2223.971,27.778,90,0,0,0,0
2021-08-06 18:00:00,769.836,27.778,90,0,0,0,0
2021-08-06 19:00:00,746.403,27.778,90,0,0,0,0
2021-08-06 20:00:00,650.371,27.778,90,0,0,0,0
2021-08-06 21:00:00,600.343,27.778,89,0,0,0,0
2021-08-06 22:00:00,530.331,27.778,89,0,0,0,0
2021-08-06 23:00:00,530.331,27.778,89,0,0,0,0
2021-08-07 00:00:00,1878.582,27.778,90,0,0,0,0
2021-08-07 01:00:00,2049.363,27.778,90,0,0,0,0
2021-08-07 02:00:00,2167.142,27.778,90,0,0,0,0
2021-08-07 03:00:00,2184.073,30.556,61,0,0,0,0
2021-08-07 04:00:00,2248.999,30.556,61,0,0,0,0
2021-08-07 05:00:00,2345.725,30.556,61,0,0,0,0
2021-08-07 06:00:00,2638.26,32.222,49,0,0,0,0
2021-08-07 07:00:00,2704.216,32.222,49,0,0,0,0
2021-08-07 08:00:00,2761.634,32.222,49,0,0,0,0
2021-08-07 09:00:00,2718.939,32.222,43,0,0,0,0
2021-08-07 10:00:00,5057.45,32.222,43,0,0,0,0
2021-08-07 11:00:00,5062.308,32.222,43,0,0,0,0
2021-08-07 12:00:00,4774.485,30.0,73,0,0,0,0
2021-08-07 13:00:00,4774.485,30.0,73,0,0,0,0
2021-08-07 14:00:00,4774.485,30.0,73,0,0,0,0
2021-08-07 15:00:00,4774.485,28.889,82,0,0,0,0
2021-08-07 16:00:00,3266.024,28.889,82,0,0,0,0
2021-08-07 17:00:00,4395.971,28.889,82,0,0,0,0
2021-08-07 18:00:00,1124.499,27.778,89,0,0,0,0
2021-08-07 19:00:00,1124.499,27.778,89,0,0,0,0
2021-08-07 20:00:00,1049.709,27.778,89,0,0,0,0
2021-08-07 21:00:00,948.125,27.778,90,0,0,0,0
2021-08-07 22:00:00,897.332,27.778,90,0,0,0,0
2021-08-07 23:00:00,829.609,27.778,90,0,0,0,0
2021-08-08 00:00:00,2379.09,28.333,78,1,0,0,0
2021-08-08 01:00:00,2379.09,28.333,78,1,0,0,0
2021-08-08 02:00:00,2411.68,28.333,78,1,0,0,0
2021-08-08 03:00:00,2411.68,32.222,61,1,0,0,0
2021-08-08 04:00:00,2721.287,32.222,61,1,0,0,0
2021-08-08 05:00:00,3759.811,32.222,61,1,0,0,0
2021-08-08 06:00:00,5030.25,33.333,46,1,0,0,0
2021-08-08 07:00:00,5055.711,33.333,46,1,0,0,0
2021-08-08 08:00:00,4686.888,33.333,46,1,0,0,0
2021-08-08 09:00:00,5157.846,32.778,53,1,0,0,0
2021-08-08 10:00:00,5504.7,32.778,53,1,0,0,0
2021-08-08 11:00:00,5600.434,32.778,53,1,0,0,0
2021-08-08 12:00:00,5304.939,30.556,75,1,0,0,0
2021-08-08 13:00:00,4704.056,30.556,75,1,0,0,0
2021-08-08 14:00:00,3964.81,30.556,75,1,0,0,0
2021-08-08 15:00:00,3966.265,29.444,86,1,0,0,0
2021-08-08 16:00:00,3605.298,29.444,86,1,0,0,0
2021-08-08 17:00:00,2666.291,29.444,86,1,0,0,0
2021-08-08 18:00:00,1127.856,28.333,86,1,0,0,0
2021-08-08 19:00:00,1221.408,28.333,86,1,0,0,0
2021-08-08 20:00:00,970.433,28.333,86,1,0,0,0
2021-08-08 21:00:00,928.241,28.333,89,1,0,0,0
2021-08-08 22:00:00,868.152,28.333,89,1,0,0,0
2021-08-08 23:00:00,776.347,28.333,89,1,0,0,0
2021-08-09 00:00:00,2407.377,30.0,83,0,0,0,0
2021-08-09 01:00:00,2407.377,30.0,83,0,0,0,0
2021-08-09 02:00:00,2407.377,30.0,83,0,0,0,0
2021-08-09 03:00:00,2471.574,33.333,55,0,0,0,0
2021-08-09 04:00:00,2703.932,33.333,55,0,0,0,0
2021-08-09 05:00:00,2988.983,33.333,55,0,0,0,0
2021-08-09 06:00:00,3270.625,28.333,93,0,0,0,0
2021-08-09 07:00:00,3031.449,28.333,93,0,0,0,0
2021-08-09 08:00:00,3473.015,28.333,93,0,0,0,0
2021-08-09 09:00:00,3722.274,31.667,91,0,0,0,0
2021-08-09 10:00:00,3821.978,31.667,91,0,0,0,0
2021-08-09 11:00:00,3921.682,31.667,91,0,0,0,0
2021-08-09 12:00:00,3955.2,28.889,92,0,0,0,0
2021-08-09 13:00:00,3081.443,28.889,92,0,0,0,0
2021-08-09 14:00:00,3081.443,28.889,92,0,0,0,0
2021-08-09 15:00:00,3921.682,28.333,92,0,0,1,0
2021-08-09 16:00:00,1558.617,28.333,92,0,0,0,0
2021-08-09 17:00:00,1545.408,28.333,92,0,0,0,0
2021-08-09 18:00:00,1039.078,26.111,90,0,0,0,0
2021-08-09 19:00:00,939.09,26.111,90,0,0,0,0
2021-08-09 20:00:00,856.714,26.111,90,0,0,0,0
2021-08-09 21:00:00,823.763,27.222,91,0,0,0,0
2021-08-09 22:00:00,783.995,27.222,91,0,0,0,0
2021-08-09 23:00:00,734.996,27.222,91,0,0,0,0
2021-08-10 00:00:00,1354.464,28.333,87,0,0,0,0
2021-08-10 01:00:00,1354.464,28.333,87,0,0,0,0
2021-08-10 02:00:00,1354.464,28.333,87,0,0,0,0
2021-08-10 03:00:00,1342.686,30.556,68,0,0,0,0
2021-08-10 04:00:00,1409.197,30.556,68,0,0,0,0
2021-08-10 05:00:00,1707.109,30.556,68,0,0,0,0
2021-08-10 06:00:00,2240.027,32.778,52,0,0,0,0
2021-08-10 07:00:00,2485.839,32.778,52,0,0,0,0
2021-08-10 08:00:00,2529.071,32.778,52,0,0,0,0
2021-08-10 09:00:00,2448.011,31.667,62,0,0,0,0
2021-08-10 10:00:00,2788.463,31.667,62,0,0,0,0
2021-08-10 11:00:00,2885.735,31.667,62,0,0,0,0
2021-08-10 12:00:00,2968.042,29.444,73,0,0,0,0
2021-08-10 13:00:00,2968.042,29.444,73,0,0,0,0
2021-08-10 14:00:00,3001.021,29.444,73,0,0,0,0
2021-08-10 15:00:00,3066.977,28.333,83,0,0,0,0
2021-08-10 16:00:00,2826.707,28.333,83,0,0,0,0
2021-08-10 17:00:00,2529.071,28.333,83,0,0,0,0
2021-08-10 18:00:00,907.872,28.333,91,0,0,0,0
2021-08-10 19:00:00,875.448,28.333,91,0,0,0,0
2021-08-10 20:00:00,803.672,28.333,91,0,0,0,0
2021-08-10 21:00:00,771.525,27.222,87,0,0,0,0
2021-08-10 22:00:00,771.525,27.222,87,0,0,0,0
2021-08-10 23:00:00,771.525,27.222,87,0,0,0,0
2021-08-11 00:00:00,1743.872,28.889,76,0,0,0,0
2021-08-11 01:00:00,1760.803,28.889,76,0,0,0,0
2021-08-11 02:00:00,1845.457,28.889,76,0,0,0,0
2021-08-11 03:00:00,1879.318,31.667,57,0,0,0,0
2021-08-11 04:00:00,1947.042,31.667,57,0,0,0,0
2021-08-11 05:00:00,3013.682,31.667,57,0,0,0,0
2021-08-11 06:00:00,3561.651,33.333,45,0,0,0,0
2021-08-11 07:00:00,4069.133,33.333,45,0,0,0,0
2021-08-11 08:00:00,4501.531,33.333,45,0,0,0,0
2021-08-11 09:00:00,4162.326,32.778,41,0,0,1,0
2021-08-11 10:00:00,4641.541,32.778,41,0,0,0,0
2021-08-11 11:00:00,4761.234,32.778,41,0,0,0,0
2021-08-11 12:00:00,5018.288,30.556,70,0,0,0,0
2021-08-11 13:00:00,4952.626,30.556,70,0,0,0,0
2021-08-11 14:00:00,4884.314,30.556,70,0,0,0,0
2021-08-11 15:00:00,4850.158,28.889,84,0,0,0,0
2021-08-11 16:00:00,4760.057,28.889,84,0,0,0,0
2021-08-11 17:00:00,4240.06,28.889,84,0,0,0,0
2021-08-11 18:00:00,1024.681,27.778,87,0,0,0,0
2021-08-11 19:00:00,1085.19,27.778,87,0,0,0,0
2021-08-11 20:00:00,964.614,27.778,87,0,0,0,0
2021-08-11 21:00:00,870.979,27.778,90,0,0,0,0
2021-08-11 22:00:00,785.589,27.778,90,0,0,0,0
2021-08-11 23:00:00,666.043,27.778,90,0,0,0,0
2021-08-12 00:00:00,1740.088,29.444,78,0,0,0,0
2021-08-12 01:00:00,1740.088,29.444,78,0,0,0,0
2021-08-12 02:00:00,1823.746,29.444,78,0,0,0,0
2021-08-12 03:00:00,2498.975,29.444,78,0,0,0,0
2021-08-12 04:00:00,2880.747,29.444,78,0,0,0,0
2021-08-12 05:00:00,4350.219,33.889,39,0,0,0,0
2021-08-12 06:00:00,5042.18,33.889,39,0,0,0,0
2021-08-12 07:00:00,5588.358,33.889,39,0,0,0,0
2021-08-12 08:00:00,5524.05,33.889,39,0,0,0,0
2021-08-12 09:00:00,5605.526,30.556,88,0,0,0,0
2021-08-12 10:00:00,5153.336,30.556,88,0,0,0,0
2021-08-12 11:00:00,5475.165,30.556,88,0,0,0,0
2021-08-12 12:00:00,5019.483,28.889,87,0,0,0,0
2021-08-12 13:00:00,4868.899,28.889,87,0,0,0,0
2021-08-12 14:00:00,4751.777,28.889,87,0,0,0,0
2021-08-12 15:00:00,4624.326,28.333,90,0,0,0,0
2021-08-12 16:00:00,4596.101,28.333,90,0,0,0,0
2021-08-12 17:00:00,4326.358,28.333,90,0,0,0,0
2021-08-12 18:00:00,1047.544,28.889,88,0,0,0,0
2021-08-12 19:00:00,1038.815,28.889,88,0,0,0,0
2021-08-12 20:00:00,927.077,28.889,88,0,0,0,0
2021-08-12 21:00:00,800.062,27.222,92,0,0,0,0
2021-08-12 22:00:00,691.961,27.222,92,0,0,0,0
2021-08-12 23:00:00,675.084,27.222,92,0,0,0,0
2021-08-13 00:00:00,1912.738,28.889,82,0,0,0,0
2021-08-13 01:00:00,1912.738,28.889,82,0,0,0,0
2021-08-13 02:00:00,2248.999,28.889,82,0,0,0,0
2021-08-13 03:00:00,2567.887,31.667,63,0,0,0,0
2021-08-13 04:00:00,2718.939,31.667,63,0,0,0,0
2021-08-13 05:00:00,4320.739,31.667,63,0,0,0,0
2021-08-13 06:00:00,5298.603,32.778,51,0,0,0,0
2021-08-13 07:00:00,6193.58,32.778,51,0,0,0,0
2021-08-13 08:00:00,5306.995,32.778,51,0,0,1,0
2021-08-13 09:00:00,4924.359,31.111,75,0,0,0,0
2021-08-13 10:00:00,4749.751,31.111,75,0,0,0,0
2021-08-13 11:00:00,4967.937,31.111,75,0,0,0,0
2021-08-13 12:00:00,4967.937,28.889,77,0,0,0,0
2021-08-13 13:00:00,4586.332,28.889,77,0,0,0,0
2021-08-13 14:00:00,4142.451,28.889,77,0,0,0,0
2021-08-13 15:00:00,4583.976,28.333,83,0,0,0,0
2021-08-13 16:00:00,4435.574,28.333,83,0,0,0,0
2021-08-13 17:00:00,3717.708,28.333,83,0,0,0,0
2021-08-13 18:00:00,947.388,27.222,90,0,0,0,0
2021-08-13 19:00:00,981.839,27.222,90,0,0,0,0
2021-08-13 20:00:00,981.839,27.222,90,0,0,0,0
2021-08-13 21:00:00,880.401,27.222,90,0,0,0,0
2021-08-13 22:00:00,846.54,27.222,90,0,0,0,0
2021-08-13 23:00:00,846.54,27.222,90,0,0,0,0
2021-08-14 00:00:00,1608.426,29.444,69,0,0,0,0
2021-08-14 01:00:00,1608.426,29.444,69,0,0,0,0
2021-08-14 02:00:00,1608.426,29.444,69,0,0,0,0
2021-08-14 03:00:00,1594.439,30.556,59,0,0,0,0
2021-08-14 04:00:00,1829.998,30.556,59,0,0,0,0
2021-08-14 05:00:00,2226.032,30.556,59,0,0,0,0
2021-08-14 06:00:00,3083.319,32.778,42,0,0,0,0
2021-08-14 07:00:00,3313.136,32.778,42,0,0,0,0
2021-08-14 08:00:00,3843.291,32.778,42,0,0,1,0
2021-08-14 09:00:00,3659.997,32.778,44,0,0,1,0
2021-08-14 10:00:00,3640.121,32.778,44,0,0,1,0
2021-08-14 11:00:00,6306.206,32.778,44,0,0,0,0
2021-08-14 12:00:00,6301.79,30.556,60,0,0,0,0
2021-08-14 13:00:00,6025.302,30.556,60,0,0,0,0
2021-08-14 14:00:00,5908.848,30.556,60,0,0,0,0
2021-08-14 15:00:00,5618.669,29.444,73,0,0,0,0
2021-08-14 16:00:00,5362.499,29.444,73,0,0,0,0
2021-08-14 17:00:00,5020.938,29.444,73,0,0,0,0
2021-08-14 18:00:00,4846.919,27.778,86,0,0,0,0
2021-08-14 19:00:00,1086.221,27.778,86,0,0,0,0
2021-08-14 20:00:00,1016.289,27.778,86,0,0,0,0
2021-08-14 21:00:00,990.525,27.222,80,0,0,0,0
2021-08-14 22:00:00,914.263,27.222,80,0,0,0,0
2021-08-14 23:00:00,846.54,27.222,80,0,0,0,0
2021-08-15 00:00:00,2241.942,27.778,74,1,0,0,0
2021-08-15 01:00:00,2394.911,27.778,74,1,0,0,0
2021-08-15 02:00:00,2687.814,27.778,74,1,0,0,0
2021-08-15 03:00:00,3064.317,30.0,63,1,0,0,0
2021-08-15 04:00:00,3378.495,30.0,63,1,0,0,0
2021-08-15 05:00:00,4614.53,30.0,63,1,0,0,0
2021-08-15 06:00:00,5185.053,32.778,57,1,0,0,0
2021-08-15 07:00:00,3558.432,32.778,57,1,0,1,0
2021-08-15 08:00:00,5106.846,32.778,57,1,0,0,0
2021-08-15 09:00:00,5704.638,28.889,79,1,0,0,0
2021-08-15 10:00:00,6064.811,28.889,79,1,0,0,0
2021-08-15 11:00:00,5807.116,28.889,79,1,0,0,0
2021-08-15 12:00:00,5960.834,28.333,80,1,0,0,0
2021-08-15 13:00:00,5926.974,28.333,80,1,0,0,0
2021-08-15 14:00:00,5533.54,28.333,80,1,0,0,0
2021-08-15 15:00:00,5348.659,27.222,91,1,0,0,0
2021-08-15 16:00:00,5639.615,27.222,91,1,0,0,0
2021-08-15 17:00:00,4933.352,27.222,91,1,0,0,0
2021-08-15 18:00:00,972.347,28.889,82,1,0,0,0
2021-08-15 19:00:00,964.107,28.889,82,1,0,0,0
2021-08-15 20:00:00,929.049,28.889,82,1,0,0,0
2021-08-15 21:00:00,799.452,25.0,93,1,0,0,0
2021-08-15 22:00:00,747.314,25.0,93,1,0,0,0
2021-08-15 23:00:00,712.555,25.0,93,1,0,0,0
2021-08-16 00:00:00,634.298,26.667,93,0,0,0,0
2021-08-16 01:00:00,634.298,26.667,93,0,0,0,0
2021-08-16 02:00:00,623.362,26.667,93,0,0,0,0
2021-08-16 03:00:00,623.362,27.778,80,0,0,0,0
2021-08-16 04:00:00,653.77,27.778,80,0,0,0,0
2021-08-16 05:00:00,1235.787,27.778,80,0,0,0,0
2021-08-16 06:00:00,1404.097,27.778,87,0,0,0,0
2021-08-16 07:00:00,2134.954,27.778,87,0,0,0,0
2021-08-16 08:00:00,2090.942,27.778,87,0,0,0,0
2021-08-16 09:00:00,2150.958,28.333,78,0,0,0,0
2021-08-16 10:00:00,2254.585,28.333,78,0,0,0,0
2021-08-16 11:00:00,3241.907,28.333,78,0,0,0,0
2021-08-16 12:00:00,2168.962,26.667,91,0,0,0,0
2021-08-16 13:00:00,1950.506,26.667,91,0,0,0,0
2021-08-16 14:00:00,1950.506,26.667,91,0,0,0,0
2021-08-16 15:00:00,2059.734,25.556,91,0,0,0,0
2021-08-16 16:00:00,2893.017,25.556,91,0,0,0,0
2021-08-16 17:00:00,1902.893,25.556,91,0,0,0,0
2021-08-16 18:00:00,959.982,25.556,91,0,0,0,0
2021-08-16 19:00:00,951.847,25.556,91,0,0,0,0
2021-08-16 20:00:00,866.358,25.556,91,0,0,0,0
2021-08-16 21:00:00,866.358,25.0,93,0,0,0,0
2021-08-16 22:00:00,789.005,25.0,93,0,0,0,0
2021-08-16 23:00:00,758.063,25.0,93,0,0,0,0
2021-08-17 00:00:00,1661.73,25.556,90,0,0,0,0
2021-08-17 01:00:00,1661.73,25.556,90,0,0,0,0
2021-08-17 02:00:00,1661.73,25.556,90,0,0,0,0
2021-08-17 03:00:00,1661.73,26.667,85,0,0,0,0
2021-08-17 04:00:00,1647.527,26.667,85,0,0,0,0
2021-08-17 05:00:00,1877.754,26.667,85,0,0,0,0
2021-08-17 06:00:00,2664.164,27.778,80,0,0,0,0
2021-08-17 07:00:00,2567.869,27.778,80,0,0,0,0
2021-08-17 08:00:00,2596.985,27.778,80,0,0,0,0
2021-08-17 09:00:00,2760.317,27.778,80,0,0,0,0
2021-08-17 10:00:00,2841.984,27.778,80,0,0,0,0
2021-08-17 11:00:00,2701.944,27.778,80,0,0,0,0
2021-08-17 12:00:00,2537.191,27.222,87,0,0,0,0
2021-08-17 13:00:00,2619.567,27.222,87,0,0,0,0
2021-08-17 14:00:00,2708.619,27.222,87,0,0,0,0
2021-08-17 15:00:00,2701.944,27.222,87,0,0,0,0
2021-08-17 16:00:00,2559.063,27.222,87,0,0,0,0
2021-08-17 17:00:00,2264.781,27.222,87,0,0,0,0
2021-08-17 18:00:00,997.038,25.556,91,0,0,0,0
2021-08-17 19:00:00,997.038,25.556,91,0,0,0,0
2021-08-17 20:00:00,947.186,25.556,91,0,0,0,0
2021-08-17 21:00:00,889.664,26.667,90,0,0,0,0
2021-08-17 22:00:00,856.714,26.667,90,0,0,0,0
2021-08-17 23:00:00,807.288,26.667,90,0,0,0,0
2021-08-18 00:00:00,1673.161,27.222,78,0,0,0,0
2021-08-18 01:00:00,1673.161,27.222,78,0,0,0,0
2021-08-18 02:00:00,1673.161,27.222,78,0,0,0,0
2021-08-18 03:00:00,1673.161,27.778,78,0,0,0,0
2021-08-18 04:00:00,1741.542,27.778,78,0,0,0,0
2021-08-18 05:00:00,1741.542,27.778,78,0,0,0,0
2021-08-18 06:00:00,2020.597,28.889,76,0,0,0,0
2021-08-18 07:00:00,2576.668,28.889,76,0,0,0,0
2021-08-18 08:00:00,2637.193,28.889,76,0,0,0,0
2021-08-18 09:00:00,3085.018,28.889,76,0,0,0,0
2021-08-18 10:00:00,3217.707,27.778,90,0,0,0,0
2021-08-18 11:00:00,2944.764,27.778,90,0,0,0,0
2021-08-18 12:00:00,2902.862,27.778,90,0,0,0,0
2021-08-18 13:00:00,2927.886,27.778,90,0,0,0,0
2021-08-18 14:00:00,2893.841,27.778,90,0,0,0,0
2021-08-18 15:00:00,2859.796,27.222,91,0,0,0,0
2021-08-18 16:00:00,2757.66,27.222,91,0,0,0,0
2021-08-18 17:00:00,2455.037,27.222,91,0,0,0,0
2021-08-18 18:00:00,885.175,27.222,90,0,0,0,0
2021-08-18 19:00:00,953.265,27.222,90,0,0,0,0
2021-08-18 20:00:00,919.22,27.222,90,0,0,0,0
2021-08-18 21:00:00,826.978,26.667,93,0,0,0,0
2021-08-18 22:00:00,793.224,26.667,93,0,0,0,0
2021-08-18 23:00:00,720.187,26.667,93,0,0,0,0
2021-08-19 00:00:00,750.428,27.778,80,0,0,0,0
2021-08-19 01:00:00,750.428,27.778,80,0,0,0,0
2021-08-19 02:00:00,717.076,27.778,80,0,0,0,0
2021-08-19 03:00:00,1372.191,29.444,68,0,0,0,0
2021-08-19 04:00:00,1372.191,29.444,68,0,0,0,0
2021-08-19 05:00:00,2198.813,29.444,68,0,0,0,0
2021-08-19 06:00:00,3070.287,30.0,67,0,0,0,0
2021-08-19 07:00:00,3980.002,30.0,67,0,0,0,0
2021-08-19 08:00:00,4223.675,30.0,67,0,0,0,0
2021-08-19 09:00:00,4353.634,28.889,72,0,0,0,0
2021-08-19 10:00:00,3801.308,28.889,72,0,0,0,0
2021-08-19 11:00:00,3901.652,28.889,72,0,0,0,0
2021-08-19 12:00:00,3935.867,27.778,80,0,0,0,0
2021-08-19 13:00:00,3616.288,27.778,80,0,0,0,0
2021-08-19 14:00:00,3405.68,27.778,80,0,0,0,0
2021-08-19 15:00:00,3035.066,27.778,86,0,0,0,0
2021-08-19 16:00:00,2977.13,27.778,86,0,0,0,0
2021-08-19 17:00:00,2708.011,27.778,86,0,0,0,0
2021-08-19 18:00:00,917.765,27.222,93,0,0,0,0
2021-08-19 19:00:00,917.765,27.222,93,0,0,0,0
2021-08-19 20:00:00,826.621,27.222,93,0,0,0,0
2021-08-19 21:00:00,760.492,26.667,89,0,0,0,0
2021-08-19 22:00:00,727.427,26.667,89,0,0,0,0
2021-08-19 23:00:00,661.297,26.667,89,0,0,0,0
2021-08-20 00:00:00,1747.657,26.667,87,0,0,0,0
2021-08-20 01:00:00,1747.657,26.667,87,0,0,0,0
2021-08-20 02:00:00,1747.657,26.667,87,0,0,0,0
2021-08-20 03:00:00,1747.657,27.222,77,0,0,0,0
2021-08-20 04:00:00,2006.148,27.222,77,0,0,0,0
2021-08-20 05:00:00,2519.722,27.222,77,0,0,0,0
2021-08-20 06:00:00,3944.974,28.333,72,0,0,0,0
2021-08-20 07:00:00,4547.174,28.333,72,0,0,0,0
2021-08-20 08:00:00,4547.174,28.333,72,0,0,0,0
2021-08-20 09:00:00,4491.499,27.778,78,0,0,0,0
2021-08-20 10:00:00,4461.957,27.778,78,0,0,0,0
2021-08-20 11:00:00,4102.342,27.778,78,0,0,0,0
2021-08-20 12:00:00,4019.965,27.222,87,0,0,0,0
2021-08-20 13:00:00,3772.836,27.222,87,0,0,0,0
2021-08-20 14:00:00,3608.084,27.222,87,0,0,0,0
2021-08-20 15:00:00,3502.699,26.667,91,0,0,0,0
2021-08-20 16:00:00,3251.309,26.667,91,0,0,0,0
2021-08-20 17:00:00,3050.765,26.667,91,0,0,0,0
2021-08-20 18:00:00,1012.661,27.778,89,0,0,0,0
2021-08-20 19:00:00,1012.661,27.778,89,0,0,0,0
2021-08-20 20:00:00,988.516,27.778,89,0,0,0,0
2021-08-20 21:00:00,914.661,25.556,91,0,0,0,0
2021-08-20 22:00:00,849.328,25.556,91,0,0,0,0
2021-08-20 23:00:00,816.662,25.556,91,0,0,0,0
2021-08-21 00:00:00,1653.242,25.556,91,0,0,0,0
2021-08-21 01:00:00,1653.242,25.556,91,0,0,0,0
2021-08-21 02:00:00,1653.242,25.556,91,0,0,0,0
2021-08-21 03:00:00,1835.53,28.889,76,0,0,0,0
2021-08-21 04:00:00,2290.532,28.889,76,0,0,0,0
2021-08-21 05:00:00,2495.677,28.889,76,0,0,0,0
2021-08-21 06:00:00,3687.45,28.333,74,0,0,0,0
2021-08-21 07:00:00,4071.289,28.333,74,0,0,0,0
2021-08-21 08:00:00,4054.326,28.333,74,0,0,0,0
2021-08-21 09:00:00,4235.751,25.0,91,0,0,0,0
2021-08-21 10:00:00,4248.833,25.0,91,0,0,0,0
2021-08-21 11:00:00,3901.652,25.0,91,0,0,0,0
2021-08-21 12:00:00,2136.133,25.0,91,0,0,0,0
2021-08-21 13:00:00,2136.133,25.0,91,0,0,0,0
2021-08-21 14:00:00,1899.935,25.0,91,0,0,0,0
2021-08-21 15:00:00,2120.463,25.556,91,0,0,0,0
2021-08-21 16:00:00,1901.085,25.556,91,0,0,0,0
2021-08-21 17:00:00,867.162,25.556,91,0,0,0,0
2021-08-21 18:00:00,891.457,26.111,91,0,0,0,0
2021-08-21 19:00:00,1042.837,26.111,91,0,0,0,0
2021-08-21 20:00:00,967.219,26.111,91,0,0,0,0
2021-08-21 21:00:00,975.557,25.0,91,0,0,0,0
2021-08-21 22:00:00,900.514,25.0,91,0,0,0,0
2021-08-21 23:00:00,900.514,25.0,91,0,0,0,0
2021-08-22 00:00:00,873.189,27.222,87,1,0,0,0
2021-08-22 01:00:00,888.244,27.222,87,1,0,0,0
2021-08-22 02:00:00,888.244,27.222,87,1,0,0,0
2021-08-22 03:00:00,1012.661,29.444,63,1,0,0,0
2021-08-22 04:00:00,1077.994,29.444,63,1,0,0,0
2021-08-22 05:00:00,1177.129,29.444,63,1,0,0,0
2021-08-22 06:00:00,1528.791,31.667,50,1,0,0,0
2021-08-22 07:00:00,1811.285,31.667,50,1,0,0,0
2021-08-22 08:00:00,1827.902,31.667,50,1,0,0,0
2021-08-22 09:00:00,1665.99,31.667,53,1,0,0,0
2021-08-22 10:00:00,1616.991,31.667,53,1,0,0,0
2021-08-22 11:00:00,1548.675,31.667,53,1,0,0,0
2021-08-22 12:00:00,1698.657,28.889,79,1,0,0,0
2021-08-22 13:00:00,1731.323,28.889,79,1,0,0,0
2021-08-22 14:00:00,1731.323,28.889,79,1,0,0,0
2021-08-22 15:00:00,1290.326,27.778,86,1,0,0,0
2021-08-22 16:00:00,1716.268,27.778,86,1,0,0,0
2021-08-22 17:00:00,1796.656,27.778,86,1,0,0,0
2021-08-22 18:00:00,1004.991,25.0,91,1,0,0,0
2021-08-22 19:00:00,1004.991,25.0,91,1,0,0,0
2021-08-22 20:00:00,1030.272,25.0,91,1,0,0,0
2021-08-22 21:00:00,1013.655,25.556,90,1,0,0,0
2021-08-22 22:00:00,714.544,25.556,90,1,0,0,0
2021-08-22 23:00:00,714.544,25.556,90,1,0,0,0
2021-08-23 00:00:00,705.83,27.222,84,0,0,0,0
2021-08-23 01:00:00,705.83,27.222,84,0,0,0,0
2021-08-23 02:00:00,689.415,27.222,84,0,0,0,0
2021-08-23 03:00:00,689.415,31.111,61,0,0,0,0
2021-08-23 04:00:00,677.63,31.111,61,0,0,0,0
2021-08-23 05:00:00,1032.579,31.111,61,0,0,0,0
2021-08-23 06:00:00,1398.472,32.778,50,0,0,0,0
2021-08-23 07:00:00,1503.413,32.778,50,0,0,0,0
2021-08-23 08:00:00,1632.906,32.778,50,0,0,0,0
2021-08-23 09:00:00,1632.906,32.222,62,0,0,0,0
2021-08-23 10:00:00,1696.32,32.222,62,0,0,0,0
2021-08-23 11:00:00,1728.027,32.222,62,0,0,0,0
2021-08-23 12:00:00,1983.226,27.778,90,0,0,0,0
2021-08-23 13:00:00,1983.226,27.778,90,0,0,0,0
2021-08-23 14:00:00,2303.101,27.778,90,0,0,0,0
2021-08-23 15:00:00,2383.07,26.667,90,0,0,0,0
2021-08-23 16:00:00,2383.07,26.667,90,0,0,0,0
2021-08-23 17:00:00,2383.912,26.667,90,0,0,0,0
2021-08-23 18:00:00,1059.516,25.556,88,0,0,0,0
2021-08-23 19:00:00,1001.293,25.556,88,0,0,0,0
2021-08-23 20:00:00,984.879,25.556,88,0,0,0,0
2021-08-23 21:00:00,952.049,25.556,91,0,0,0,0
2021-08-23 22:00:00,787.903,25.556,91,0,0,0,0
2021-08-23 23:00:00,738.659,25.556,91,0,0,0,0
2021-08-24 00:00:00,1195.461,28.889,79,0,0,0,0
2021-08-24 01:00:00,1195.461,28.889,79,0,0,0,0
2021-08-24 02:00:00,1195.461,28.889,79,0,0,0,0
2021-08-24 03:00:00,1195.461,31.667,62,0,0,0,0
2021-08-24 04:00:00,1426.604,31.667,62,0,0,0,0
2021-08-24 05:00:00,1929.816,31.667,62,0,0,0,0
2021-08-24 06:00:00,2412.27,32.778,47,0,0,0,0
2021-08-24 07:00:00,2951.553,32.778,47,0,0,0,0
2021-08-24 08:00:00,3284.575,32.778,47,0,0,0,0
2021-08-24 09:00:00,3793.087,32.778,49,0,0,0,0
2021-08-24 10:00:00,3940.901,32.778,49,0,0,0,0
2021-08-24 11:00:00,3098.336,32.778,49,0,0,0,0
2021-08-24 12:00:00,3115.267,27.778,75,0,0,0,0
2021-08-24 13:00:00,3138.528,27.778,75,0,0,0,0
2021-08-24 14:00:00,3877.005,27.778,75,0,0,0,0
2021-08-24 15:00:00,3675.602,27.778,86,0,0,0,0
2021-08-24 16:00:00,3227.746,27.778,86,0,0,0,0
2021-08-24 17:00:00,3022.81,27.778,86,0,0,0,0
2021-08-24 18:00:00,1077.093,26.111,90,0,0,0,0
2021-08-24 19:00:00,1077.093,26.111,90,0,0,0,0
2021-08-24 20:00:00,1033.515,26.111,90,0,0,0,0
2021-08-24 21:00:00,930.163,26.667,91,0,0,0,0
2021-08-24 22:00:00,809.587,26.667,91,0,0,0,0
2021-08-24 23:00:00,775.136,26.667,91,0,0,0,0
2021-08-25 00:00:00,1315.008,28.889,82,0,0,0,0
2021-08-25 01:00:00,1315.008,28.889,82,0,0,0,0
2021-08-25 02:00:00,1315.008,28.889,82,0,0,0,0
2021-08-25 03:00:00,1354.464,31.111,58,0,0,0,0
2021-08-25 04:00:00,1489.91,31.111,58,0,0,0,0
2021-08-25 05:00:00,2336.45,31.111,58,0,0,0,0
2021-08-25 06:00:00,2681.249,32.222,49,0,0,0,0
2021-08-25 07:00:00,2977.906,32.222,49,0,0,0,0
2021-08-25 08:00:00,3121.744,32.222,49,0,0,0,0
2021-08-25 09:00:00,3843.291,30.0,64,0,0,0,0
2021-08-25 10:00:00,3427.088,30.0,64,0,0,0,0
2021-08-25 11:00:00,3427.088,30.0,64,0,0,0,0
2021-08-25 12:00:00,3256.013,27.778,68,0,0,0,0
2021-08-25 13:00:00,3256.013,27.778,68,0,0,0,0
2021-08-25 14:00:00,3199.921,27.778,68,0,0,0,0
2021-08-25 15:00:00,3603.462,26.111,79,0,0,0,0
2021-08-25 16:00:00,3804.571,26.111,79,0,0,0,0
2021-08-25 17:00:00,853.901,26.111,79,0,0,0,0
2021-08-25 18:00:00,1067.965,27.222,89,0,0,0,0
2021-08-25 19:00:00,1067.965,27.222,89,0,0,0,0
2021-08-25 20:00:00,1016.289,27.222,89,0,0,0,0
2021-08-25 21:00:00,930.163,25.556,91,0,0,0,0
2021-08-25 22:00:00,861.262,25.556,91,0,0,0,0
2021-08-25 23:00:00,844.037,25.556,91,0,0,0,0
2021-08-26 00:00:00,733.752,27.222,84,0,0,0,0
2021-08-26 01:00:00,733.752,27.222,84,0,0,0,0
2021-08-26 02:00:00,733.752,27.222,84,0,0,0,0
2021-08-26 03:00:00,733.752,30.0,67,0,0,0,0
2021-08-26 04:00:00,1317.419,30.0,67,0,0,0,0
2021-08-26 05:00:00,1487.918,30.0,67,0,0,0,0
2021-08-26 06:00:00,2201.256,31.111,58,0,0,0,0
2021-08-26 07:00:00,2116.15,31.111,58,0,0,0,0
2021-08-26 08:00:00,2248.41,31.111,58,0,0,0,0
2021-08-26 09:00:00,2310.802,25.556,95,0,0,0,0
2021-08-26 10:00:00,2101.199,25.556,95,0,0,0,0
2021-08-26 11:00:00,1917.474,25.556,95,0,0,0,0
2021-08-26 12:00:00,1662.443,26.111,95,0,0,0,0
2021-08-26 13:00:00,458.02,26.111,95,0,0,0,0
2021-08-26 14:00:00,1234.038,26.111,95,0,0,0,0
2021-08-26 15:00:00,1119.605,25.556,93,0,0,0,0
2021-08-26 16:00:00,1119.605,25.556,93,0,0,0,0
2021-08-26 17:00:00,1272.278,25.556,93,0,0,0,0
2021-08-26 18:00:00,1042.837,25.556,90,0,0,0,0
2021-08-26 19:00:00,992.377,25.556,90,0,0,0,0
2021-08-26 20:00:00,958.737,25.556,90,0,0,0,0
2021-08-26 21:00:00,908.277,25.0,93,0,0,0,0
2021-08-26 22:00:00,824.177,25.0,93,0,0,0,0
2021-08-26 23:00:00,824.177,25.0,93,0,0,0,0
2021-08-27 00:00:00,787.903,28.333,87,0,0,0,0
2021-08-27 01:00:00,787.903,28.333,87,0,0,0,0
2021-08-27 02:00:00,787.903,28.333,87,0,0,0,0
2021-08-27 03:00:00,787.903,30.0,70,0,0,0,0
2021-08-27 04:00:00,787.903,30.0,70,0,0,0,0
2021-08-27 05:00:00,1391.457,30.0,70,0,0,0,0
2021-08-27 06:00:00,1484.333,31.111,48,0,0,0,0
2021-08-27 07:00:00,1629.539,31.111,48,0,0,0,0
2021-08-27 08:00:00,1758.612,31.111,48,0,0,0,0
2021-08-27 09:00:00,1855.276,30.0,58,0,0,0,0
2021-08-27 10:00:00,1887.263,30.0,58,0,0,0,0
2021-08-27 11:00:00,2015.213,30.0,58,0,0,0,0
2021-08-27 12:00:00,2063.195,25.556,91,0,0,0,0
2021-08-27 13:00:00,2095.182,25.556,91,0,0,0,0
2021-08-27 14:00:00,2032.891,25.556,91,0,0,0,0
2021-08-27 15:00:00,1920.373,25.556,91,0,0,0,0
2021-08-27 16:00:00,1480.966,25.556,91,0,0,0,0
2021-08-27 17:00:00,1324.395,25.556,91,0,0,0,0
2021-08-27 18:00:00,1009.851,25.556,93,0,0,0,0
2021-08-27 19:00:00,976.742,25.556,93,0,0,0,0
2021-08-27 20:00:00,919.22,25.556,93,0,0,0,0
2021-08-27 21:00:00,886.391,25.556,93,0,0,0,0
2021-08-27 22:00:00,853.562,25.556,93,0,0,0,0
2021-08-27 23:00:00,787.903,25.556,93,0,0,0,0
2021-08-28 00:00:00,810.101,26.667,91,0,0,0,0
2021-08-28 01:00:00,810.101,26.667,91,0,0,0,0
2021-08-28 02:00:00,810.101,26.667,91,0,0,0,0
2021-08-28 03:00:00,826.978,28.333,80,0,0,0,0
2021-08-28 04:00:00,826.978,28.333,80,0,0,0,0
2021-08-28 05:00:00,995.167,28.333,80,0,0,0,0
2021-08-28 06:00:00,1078.098,29.444,70,0,0,0,0
2021-08-28 07:00:00,1243.959,29.444,70,0,0,0,0
2021-08-28 08:00:00,1321.797,29.444,70,0,0,0,0
2021-08-28 09:00:00,1775.588,28.333,71,0,0,0,0
2021-08-28 10:00:00,2004.301,28.333,71,0,0,0,0
2021-08-28 11:00:00,2004.301,28.333,71,0,0,0,0
2021-08-28 12:00:00,2004.301,26.667,88,0,0,0,0
2021-08-28 13:00:00,1824.473,26.667,88,0,0,0,0
2021-08-28 14:00:00,1824.473,26.667,88,0,0,0,0
2021-08-28 15:00:00,1890.672,25.0,93,0,0,0,0
2021-08-28 16:00:00,1841.35,25.0,93,0,0,0,0
2021-08-28 17:00:00,1723.356,25.0,93,0,0,0,0
2021-08-28 18:00:00,886.775,25.556,93,0,0,0,0
2021-08-28 19:00:00,870.044,25.556,93,0,0,0,0
2021-08-28 20:00:00,803.117,25.556,93,0,0,0,0
2021-08-28 21:00:00,752.922,23.889,93,0,0,0,0
2021-08-28 22:00:00,702.728,23.889,93,0,0,0,0
2021-08-28 23:00:00,652.533,23.889,93,0,0,0,0
2021-08-29 00:00:00,743.959,25.0,91,1,0,0,0
2021-08-29 01:00:00,743.959,25.0,91,1,0,0,0
2021-08-29 02:00:00,743.959,25.0,91,1,0,0,0
2021-08-29 03:00:00,743.959,27.222,74,1,0,0,0
2021-08-29 04:00:00,1513.795,27.222,74,1,0,0,0
2021-08-29 05:00:00,1581.075,27.222,74,1,0,0,0
2021-08-29 06:00:00,1770.695,28.333,72,1,0,0,0
2021-08-29 07:00:00,1770.695,28.333,72,1,0,0,0
2021-08-29 08:00:00,1770.695,28.333,72,1,0,0,0
2021-08-29 09:00:00,1868.308,28.889,73,1,0,0,0
2021-08-29 10:00:00,1835.53,28.889,73,1,0,0,0
2021-08-29 11:00:00,2032.194,28.889,73,1,0,0,0
2021-08-29 12:00:00,2179.692,27.222,76,1,0,0,0
2021-08-29 13:00:00,2359.968,27.222,76,1,0,0,0
2021-08-29 14:00:00,2327.19,27.222,76,1,0,0,0
2021-08-29 15:00:00,2458.3,26.667,90,1,0,0,0
2021-08-29 16:00:00,2359.968,26.667,90,1,0,0,0
2021-08-29 17:00:00,1967.359,26.667,90,1,0,0,0
2021-08-29 18:00:00,1033.923,25.0,93,1,0,0,0
2021-08-29 19:00:00,983.895,25.0,93,1,0,0,0
2021-08-29 20:00:00,950.543,25.0,93,1,0,0,0
2021-08-29 21:00:00,900.514,25.556,91,1,0,0,0
2021-08-29 22:00:00,867.162,25.556,91,1,0,0,0
2021-08-29 23:00:00,817.133,25.556,91,1,0,0,0
2021-08-30 00:00:00,1153.269,27.222,90,0,0,0,0
2021-08-30 01:00:00,1153.269,27.222,90,0,0,0,0
2021-08-30 02:00:00,814.247,27.222,90,0,0,1,0
2021-08-30 03:00:00,664.692,27.222,91,0,0,0,0
2021-08-30 04:00:00,664.692,27.222,91,0,0,0,0
2021-08-30 05:00:00,664.692,27.222,91,0,0,0,0
2021-08-30 06:00:00,1290.326,28.333,84,0,0,0,0
2021-08-30 07:00:00,1311.488,28.333,84,0,0,0,0
2021-08-30 08:00:00,1311.488,28.333,84,0,0,0,0
2021-08-30 09:00:00,1376.253,27.778,78,0,0,0,0
2021-08-30 10:00:00,1376.253,27.778,78,0,0,0,0
2021-08-30 11:00:00,1376.253,27.778,78,0,0,0,0
2021-08-30 12:00:00,1295.297,26.667,88,0,0,0,0
2021-08-30 13:00:00,1262.914,26.667,88,0,0,0,0
2021-08-30 14:00:00,1306.659,26.667,88,0,0,0,0
2021-08-30 15:00:00,1306.659,25.556,93,0,0,0,0
2021-08-30 16:00:00,1339.326,25.556,93,0,0,0,0
2021-08-30 17:00:00,1437.325,25.556,93,0,0,0,0
2021-08-30 18:00:00,1087.368,25.556,88,0,0,0,0
2021-08-30 19:00:00,1087.368,25.556,88,0,0,0,0
2021-08-30 20:00:00,1087.368,25.556,88,0,0,0,0
2021-08-30 21:00:00,988.516,25.0,95,0,0,0,0
2021-08-30 22:00:00,922.615,25.0,95,0,0,0,0
2021-08-30 23:00:00,807.288,25.0,95,0,0,0,0
2021-08-31 00:00:00,804.318,26.667,90,0,0,0,0
2021-08-31 01:00:00,804.318,26.667,90,0,0,0,0
2021-08-31 02:00:00,804.318,26.667,90,0,0,0,0
2021-08-31 03:00:00,1334.497,26.667,90,0,0,0,0
2021-08-31 04:00:00,1334.497,26.667,90,0,0,0,0
2021-08-31 05:00:00,1371.395,26.667,90,0,0,0,0
2021-08-31 06:00:00,1471.426,26.667,91,0,0,0,0
2021-08-31 07:00:00,1471.426,26.667,91,0,0,0,0
2021-08-31 08:00:00,1519.407,26.667,91,0,0,0,0
2021-08-31 09:00:00,1521.932,27.222,90,0,0,0,0
2021-08-31 10:00:00,1535.401,27.222,90,0,0,0,0
2021-08-31 11:00:00,1599.376,27.222,90,0,0,0,0
2021-08-31 12:00:00,1535.401,26.667,90,0,0,0,0
2021-08-31 13:00:00,1439.438,26.667,90,0,0,0,0
2021-08-31 14:00:00,1535.401,26.667,90,0,0,0,0
2021-08-31 15:00:00,1599.376,26.111,90,0,0,0,0
2021-08-31 16:00:00,1535.401,26.111,90,0,0,0,0
2021-08-31 17:00:00,1439.438,26.111,90,0,0,0,0
2021-08-31 18:00:00,1017.708,25.556,93,0,0,0,0
2021-08-31 19:00:00,984.879,25.556,93,0,0,0,0
2021-08-31 20:00:00,984.879,25.556,93,0,0,0,0
2021-08-31 21:00:00,943.632,25.556,90,0,0,0,0
2021-08-31 22:00:00,893.967,25.556,90,0,0,0,0
2021-08-31 23:00:00,834.762,25.556,90,0,0,0,0
2021-09-01 00:00:00,1362.618,27.222,90,0,0,0,0
2021-09-01 01:00:00,1362.618,27.222,90,0,0,0,0
2021-09-01 02:00:00,1350.972,27.222,90,0,0,0,0
2021-09-01 03:00:00,1350.972,29.444,72,0,0,0,0
2021-09-01 04:00:00,1499.249,29.444,72,0,0,0,0
2021-09-01 05:00:00,1499.249,29.444,72,0,0,0,0
2021-09-01 06:00:00,1538.165,30.556,61,0,0,0,0
2021-09-01 07:00:00,1602.93,30.556,61,0,0,0,0
2021-09-01 08:00:00,1637.017,30.556,61,0,0,0,0
2021-09-01 09:00:00,1733.312,28.333,77,0,0,0,0
2021-09-01 10:00:00,1669.115,28.333,77,0,0,0,0
2021-09-01 11:00:00,1540.722,28.333,77,0,0,0,0
2021-09-01 12:00:00,1540.722,27.222,83,0,0,0,0
2021-09-01 13:00:00,1669.115,27.222,83,0,0,0,0
2021-09-01 14:00:00,1669.115,27.222,83,0,0,0,0
2021-09-01 15:00:00,1701.213,26.667,88,0,0,0,0
2021-09-01 16:00:00,1508.623,26.667,88,0,0,0,0
2021-09-01 17:00:00,1521.974,26.667,88,0,0,0,0
2021-09-01 18:00:00,1004.991,25.556,90,0,0,0,0
2021-09-01 19:00:00,988.516,25.556,90,0,0,0,0
2021-09-01 20:00:00,980.42,25.556,90,0,0,0,0
2021-09-01 21:00:00,947.186,25.0,91,0,0,0,0
2021-09-01 22:00:00,897.334,25.0,91,0,0,0,0
2021-09-01 23:00:00,814.247,25.0,91,0,0,0,0
2021-09-02 00:00:00,1366.242,26.667,87,0,0,0,0
2021-09-02 01:00:00,1366.242,26.667,87,0,0,0,0
2021-09-02 02:00:00,1366.242,26.667,87,0,0,0,0
2021-09-02 03:00:00,1426.604,28.333,73,0,0,0,0
2021-09-02 04:00:00,1426.604,28.333,73,0,0,0,0
2021-09-02 05:00:00,1460.171,28.333,73,0,0,0,0
2021-09-02 06:00:00,2110.608,31.111,59,0,0,0,0
2021-09-02 07:00:00,4275.541,31.111,59,0,0,0,0
2021-09-02 08:00:00,2977.906,31.111,59,0,0,0,0
2021-09-02 09:00:00,2728.361,28.333,70,0,0,0,0
2021-09-02 10:00:00,2737.195,28.333,70,0,0,0,0
2021-09-02 11:00:00,2539.325,28.333,70,0,0,0,0
2021-09-02 12:00:00,2645.179,27.222,87,0,0,0,0
2021-09-02 13:00:00,2500.752,27.222,87,0,0,0,0
2021-09-02 14:00:00,2744.85,27.222,87,0,0,0,0
2021-09-02 15:00:00,2687.138,26.111,91,0,0,0,0
2021-09-02 16:00:00,2394.309,26.111,91,0,0,0,0
2021-09-02 17:00:00,2135.93,26.111,91,0,0,0,0
2021-09-02 18:00:00,1085.19,26.111,90,0,0,0,0
2021-09-02 19:00:00,1067.965,26.111,90,0,0,0,0
2021-09-02 20:00:00,1033.515,26.111,90,0,0,0,0
2021-09-02 21:00:00,999.064,25.0,93,0,0,0,0
2021-09-02 22:00:00,930.163,25.0,93,0,0,0,0
2021-09-02 23:00:00,844.037,25.0,93,0,0,0,0
2021-09-03 00:00:00,1147.643,26.111,91,0,0,0,0
2021-09-03 01:00:00,1147.643,26.111,91,0,0,0,0
2021-09-03 02:00:00,1147.643,26.111,91,0,0,0,0
2021-09-03 03:00:00,1271.602,27.778,86,0,0,0,0
2021-09-03 04:00:00,1492.751,27.778,86,0,0,0,0
2021-09-03 05:00:00,1808.76,27.778,86,0,0,0,0
2021-09-03 06:00:00,2487.918,29.444,65,0,0,0,0
2021-09-03 07:00:00,2487.918,29.444,65,0,0,0,0
2021-09-03 08:00:00,2258.767,29.444,65,0,0,0,0
2021-09-03 09:00:00,2225.304,30.556,68,0,0,0,0
2021-09-03 10:00:00,2308.962,30.556,68,0,0,0,0
2021-09-03 11:00:00,2451.254,30.556,68,0,0,0,0
2021-09-03 12:00:00,2519.344,28.333,87,0,0,0,0
2021-09-03 13:00:00,2689.57,28.333,87,0,0,0,0
2021-09-03 14:00:00,2750.968,28.333,87,0,0,0,0
2021-09-03 15:00:00,2700.336,23.889,93,0,0,0,0
2021-09-03 16:00:00,2689.57,23.889,93,0,0,0,0
2021-09-03 17:00:00,2643.885,23.889,93,0,0,0,0
2021-09-03 18:00:00,1133.094,25.556,91,0,0,0,0
2021-09-03 19:00:00,1133.094,25.556,91,0,0,0,0
2021-09-03 20:00:00,1072.424,25.556,91,0,0,0,0
2021-09-03 21:00:00,1021.356,23.889,93,0,0,0,0
2021-09-03 22:00:00,987.311,23.889,93,0,0,0,0
2021-09-03 23:00:00,953.265,23.889,93,0,0,0,0
2021-09-04 00:00:00,1451.632,25.0,95,0,0,0,0
2021-09-04 01:00:00,1485.788,25.0,95,0,0,0,0
2021-09-04 02:00:00,1724.88,25.0,95,0,0,0,0
2021-09-04 03:00:00,1741.958,27.778,80,0,0,0,0
2021-09-04 04:00:00,1811.595,27.778,80,0,0,0,0
2021-09-04 05:00:00,1980.903,27.778,80,0,0,0,0
2021-09-04 06:00:00,2658.135,29.444,69,0,0,0,0
2021-09-04 07:00:00,2769.289,29.444,69,0,0,0,0
2021-09-04 08:00:00,3104.961,29.444,69,0,0,0,0
2021-09-04 09:00:00,3281.336,30.0,73,0,0,0,0
2021-09-04 10:00:00,3528.672,30.0,73,0,0,0,0
2021-09-04 11:00:00,3116.444,30.0,73,0,0,0,0
2021-09-04 12:00:00,3116.444,27.222,87,0,0,0,0
2021-09-04 13:00:00,3116.444,27.222,87,0,0,0,0
2021-09-04 14:00:00,3528.672,27.222,87,0,0,0,0
2021-09-04 15:00:00,3611.118,25.556,90,0,0,0,0
2021-09-04 16:00:00,3611.118,25.556,90,0,0,0,0
2021-09-04 17:00:00,1231.09,25.556,90,0,0,0,0
2021-09-04 18:00:00,1188.542,23.889,93,0,0,0,0
2021-09-04 19:00:00,1188.542,23.889,93,0,0,0,0
2021-09-04 20:00:00,1033.515,23.889,93,0,0,0,0
2021-09-04 21:00:00,981.839,25.0,91,0,0,0,0
2021-09-04 22:00:00,930.163,25.0,91,0,0,0,0
2021-09-04 23:00:00,861.262,25.0,91,0,0,0,0
2021-09-05 00:00:00,1846.193,27.222,90,1,0,0,0
2021-09-05 01:00:00,1846.193,27.222,90,1,0,0,0
2021-09-05 02:00:00,1846.193,27.222,90,1,0,0,0
2021-09-05 03:00:00,1846.193,28.333,74,1,0,0,0
2021-09-05 04:00:00,1846.193,28.333,74,1,0,0,0
2021-09-05 05:00:00,1777.734,28.333,74,1,0,0,0
2021-09-05 06:00:00,1996.362,29.444,70,1,0,0,0
2021-09-05 07:00:00,2578.634,29.444,70,1,0,0,0
2021-09-05 08:00:00,2728.361,29.444,70,1,0,0,0
2021-09-05 09:00:00,2786.662,29.444,73,1,0,0,0
2021-09-05 10:00:00,2786.662,29.444,73,1,0,0,0
2021-09-05 11:00:00,3033.999,29.444,73,1,0,0,0
2021-09-05 12:00:00,3033.999,27.778,87,1,0,0,0
2021-09-05 13:00:00,3116.444,27.778,87,1,0,0,0
2021-09-05 14:00:00,3033.999,27.778,87,1,0,0,0
2021-09-05 15:00:00,2786.662,27.222,90,1,0,0,0
2021-09-05 16:00:00,2539.325,27.222,90,1,0,0,0
2021-09-05 17:00:00,2248.999,27.222,90,1,0,0,0
2021-09-05 18:00:00,1057.365,25.0,91,1,0,0,0
2021-09-05 19:00:00,1067.965,25.0,91,1,0,0,0
2021-09-05 20:00:00,1016.289,25.0,91,1,0,0,0
2021-09-05 21:00:00,964.614,26.111,91,1,0,0,0
2021-09-05 22:00:00,930.163,26.111,91,1,0,0,0
2021-09-05 23:00:00,861.262,26.111,91,1,0,0,0
2021-09-06 00:00:00,1809.603,26.667,90,0,0,0,0
2021-09-06 01:00:00,1809.603,26.667,90,0,0,0,0
2021-09-06 02:00:00,1809.603,26.667,90,0,0,0,0
2021-09-06 03:00:00,1825.339,28.333,80,0,0,0,0
2021-09-06 04:00:00,1856.263,28.333,80,0,0,0,0
2021-09-06 05:00:00,1886.366,28.333,80,0,0,0,0
2021-09-06 06:00:00,2043.449,26.667,82,0,0,0,0
2021-09-06 07:00:00,2180.144,26.667,82,0,0,0,0
2021-09-06 08:00:00,2164.682,26.667,82,0,0,0,0
2021-09-06 09:00:00,2056.448,25.556,90,0,0,0,0
2021-09-06 10:00:00,2087.372,25.556,90,0,0,0,0
2021-09-06 11:00:00,2625.533,25.556,90,0,0,0,0
2021-09-06 12:00:00,2211.069,25.556,91,0,0,0,0
2021-09-06 13:00:00,2053.575,25.556,91,0,0,0,0
2021-09-06 14:00:00,1823.697,25.556,91,0,0,0,0
2021-09-06 15:00:00,1963.676,25.0,93,0,0,0,0
2021-09-06 16:00:00,1809.056,25.0,93,0,0,0,0
2021-09-06 17:00:00,1887.461,25.0,93,0,0,0,0
2021-09-06 18:00:00,968.771,26.667,90,0,0,0,0
2021-09-06 19:00:00,1008.589,26.667,90,0,0,0,0
2021-09-06 20:00:00,960.561,26.667,90,0,0,0,0
2021-09-06 21:00:00,928.542,24.444,95,0,0,0,0
2021-09-06 22:00:00,832.486,24.444,95,0,0,0,0
2021-09-06 23:00:00,816.477,24.444,95,0,0,0,0
2021-09-07 00:00:00,757.235,24.444,91,0,0,0,0
2021-09-07 01:00:00,757.235,24.444,91,0,0,0,0
2021-09-07 02:00:00,757.235,24.444,91,0,0,0,0
2021-09-07 03:00:00,757.235,23.889,93,0,0,0,0
2021-09-07 04:00:00,1029.063,23.889,93,0,0,0,0
2021-09-07 05:00:00,1048.48,23.889,93,0,0,0,0
2021-09-07 06:00:00,1145.232,27.222,78,0,0,0,0
2021-09-07 07:00:00,1155.105,27.222,78,0,0,0,0
2021-09-07 08:00:00,775.829,27.222,78,0,0,0,0
2021-09-07 09:00:00,737.984,27.778,74,0,0,0,0
2021-09-07 10:00:00,737.984,27.778,74,0,0,0,0
2021-09-07 11:00:00,737.984,27.778,74,0,0,0,0
2021-09-07 12:00:00,737.984,26.111,82,0,0,0,0
2021-09-07 13:00:00,744.401,26.111,82,0,0,0,0
2021-09-07 14:00:00,744.401,26.111,82,0,0,0,0
2021-09-07 15:00:00,750.818,25.556,90,0,0,0,0
2021-09-07 16:00:00,827.825,25.556,90,0,0,0,0
2021-09-07 17:00:00,866.329,25.556,90,0,0,0,0
2021-09-07 18:00:00,1174.356,25.0,95,0,0,0,0
2021-09-07 19:00:00,1174.356,25.0,95,0,0,0,0
2021-09-07 20:00:00,1116.601,25.0,95,0,0,0,0
2021-09-07 21:00:00,1078.098,25.0,95,0,0,0,0
2021-09-07 22:00:00,1020.342,25.0,95,0,0,0,0
2021-09-07 23:00:00,951.398,27.778,75,0,0,0,0
2021-09-08 00:00:00,669.555,27.778,75,0,0,0,0
2021-09-08 01:00:00,669.555,27.778,75,0,0,0,0
2021-09-08 02:00:00,669.555,27.778,75,0,0,0,0
2021-09-08 03:00:00,658.207,27.778,65,0,0,0,0
2021-09-08 04:00:00,928.241,27.778,65,0,0,0,0
2021-09-08 05:00:00,928.241,27.778,65,0,0,0,0
2021-09-08 06:00:00,978.581,27.778,65,0,0,0,0
2021-09-08 07:00:00,995.749,27.778,65,0,0,0,0
2021-09-08 08:00:00,953.702,27.778,65,0,0,0,0
2021-09-08 09:00:00,1338.529,28.333,66,0,0,0,0
2021-09-08 10:00:00,1371.992,28.333,66,0,0,0,0
2021-09-08 11:00:00,1371.992,28.333,66,0,0,0,0
2021-09-08 12:00:00,1371.992,26.667,79,0,0,0,0
2021-09-08 13:00:00,1371.992,26.667,79,0,0,0,0
2021-09-08 14:00:00,1371.992,26.667,79,0,0,0,0
2021-09-08 15:00:00,1405.455,26.667,85,0,0,0,0
2021-09-08 16:00:00,1405.455,26.667,85,0,0,0,0
2021-09-08 17:00:00,894.486,26.667,85,0,0,0,0
2021-09-08 18:00:00,1029.503,25.556,86,0,0,0,0
2021-09-08 19:00:00,1029.503,25.556,86,0,0,0,0
2021-09-08 20:00:00,987.311,25.556,86,0,0,0,0
2021-09-08 21:00:00,987.311,25.556,73,0,0,0,0
2021-09-08 22:00:00,902.198,25.556,73,0,0,0,0
2021-09-08 23:00:00,834.107,25.556,73,0,0,0,0
2021-09-09 00:00:00,738.659,27.222,76,0,0,0,0
2021-09-09 01:00:00,705.83,27.222,76,0,0,0,0
2021-09-09 02:00:00,673.0,27.222,76,0,0,0,0
2021-09-09 03:00:00,673.0,28.889,61,0,0,0,0
2021-09-09 04:00:00,673.0,28.889,61,0,0,0,0
2021-09-09 05:00:00,960.187,28.889,61,0,0,0,0
2021-09-09 06:00:00,943.632,30.0,53,0,0,0,0
2021-09-09 07:00:00,935.354,30.0,53,0,0,0,0
2021-09-09 08:00:00,1331.691,30.0,53,0,0,0,0
2021-09-09 09:00:00,1529.789,30.0,59,0,0,0,0
2021-09-09 10:00:00,1301.948,30.0,59,0,0,0,0
2021-09-09 11:00:00,1301.948,30.0,59,0,0,0,0
2021-09-09 12:00:00,1367.045,28.333,78,0,0,0,0
2021-09-09 13:00:00,1334.497,28.333,78,0,0,0,0
2021-09-09 14:00:00,1334.497,28.333,78,0,0,0,0
2021-09-09 15:00:00,1334.497,27.778,86,0,0,0,0
2021-09-09 16:00:00,1367.045,27.778,86,0,0,0,0
2021-09-09 17:00:00,1346.001,27.778,86,0,0,0,0
2021-09-09 18:00:00,804.318,26.111,80,0,0,0,0
2021-09-09 19:00:00,844.302,26.111,80,0,0,0,0
2021-09-09 20:00:00,960.187,26.111,80,0,0,0,0
2021-09-09 21:00:00,960.187,26.667,86,0,0,0,0
2021-09-09 22:00:00,960.187,26.667,86,0,0,0,0
2021-09-09 23:00:00,811.192,26.667,86,0,0,0,0
2021-09-10 00:00:00,662.26,27.222,77,0,0,0,0
2021-09-10 01:00:00,627.404,27.222,77,0,0,0,0
2021-09-10 02:00:00,527.306,27.222,77,0,0,0,0
2021-09-10 03:00:00,580.036,29.444,64,0,0,0,0
2021-09-10 04:00:00,580.036,29.444,64,0,0,0,0
2021-09-10 05:00:00,667.92,29.444,64,0,0,0,0
2021-09-10 06:00:00,913.996,30.0,55,0,0,0,0
2021-09-10 07:00:00,597.613,30.0,55,0,0,0,0
2021-09-10 08:00:00,2566.22,30.0,55,0,0,0,0
2021-09-10 09:00:00,2087.177,30.0,58,0,0,0,0
2021-09-10 10:00:00,2087.177,30.0,58,0,0,0,0
2021-09-10 11:00:00,2036.68,30.0,58,0,0,0,0
2021-09-10 12:00:00,2168.805,28.333,77,0,0,0,0
2021-09-10 13:00:00,2168.805,28.333,77,0,0,0,0
2021-09-10 14:00:00,2168.805,28.333,77,0,0,0,0
2021-09-10 15:00:00,2118.755,27.222,90,0,0,0,0
2021-09-10 16:00:00,2118.755,27.222,90,0,0,0,0
2021-09-10 17:00:00,1715.084,27.222,90,0,0,0,0
2021-09-10 18:00:00,984.9,27.222,87,0,0,0,0
2021-09-10 19:00:00,967.621,27.222,87,0,0,0,0
2021-09-10 20:00:00,933.063,27.222,87,0,0,0,0
2021-09-10 21:00:00,829.389,24.444,93,0,0,0,0
2021-09-10 22:00:00,760.273,24.444,93,0,0,0,0
2021-09-10 23:00:00,725.715,24.444,93,0,0,0,0
2021-09-11 00:00:00,1275.551,26.111,91,0,0,0,0
2021-09-11 01:00:00,1275.551,26.111,91,0,0,0,0
2021-09-11 02:00:00,1275.551,26.111,91,0,0,0,0
2021-09-11 03:00:00,1275.551,27.778,71,0,0,0,0
2021-09-11 04:00:00,1330.908,27.778,71,0,0,0,0
2021-09-11 05:00:00,1397.453,27.778,71,0,0,0,0
2021-09-11 06:00:00,2061.14,31.111,63,0,0,0,0
2021-09-11 07:00:00,2374.434,31.111,63,0,0,0,0
2021-09-11 08:00:00,2423.901,31.111,63,0,0,0,0
2021-09-11 09:00:00,1863.271,29.444,79,0,0,1,0
2021-09-11 10:00:00,1644.79,29.444,79,0,0,1,0
2021-09-11 11:00:00,1695.141,29.444,79,0,0,1,0
2021-09-11 12:00:00,2920.342,27.778,84,0,0,0,0
2021-09-11 13:00:00,2970.692,27.778,84,0,0,0,0
2021-09-11 14:00:00,2440.39,27.778,84,0,0,0,0
2021-09-11 15:00:00,2329.089,27.222,87,0,0,0,0
2021-09-11 16:00:00,2282.566,27.222,87,0,0,0,0
2021-09-11 17:00:00,1878.582,27.222,87,0,0,0,0
2021-09-11 18:00:00,999.064,26.667,91,0,0,0,0
2021-09-11 19:00:00,973.447,26.667,91,0,0,0,0
2021-09-11 20:00:00,922.213,26.667,91,0,0,0,0
2021-09-11 21:00:00,819.745,26.111,80,0,0,0,0
2021-09-11 22:00:00,768.511,26.111,80,0,0,0,0
2021-09-11 23:00:00,700.199,26.111,80,0,0,0,0
2021-09-12 00:00:00,1219.017,28.333,70,1,0,0,0
2021-09-12 01:00:00,1219.017,28.333,70,1,0,0,0
2021-09-12 02:00:00,1208.417,28.333,70,1,0,0,0
2021-09-12 03:00:00,1275.551,30.0,61,1,0,0,0
2021-09-12 04:00:00,1430.726,30.0,61,1,0,0,0
2021-09-12 05:00:00,1663.635,30.0,61,1,0,0,0
2021-09-12 06:00:00,2720.705,30.556,57,1,0,0,0
2021-09-12 07:00:00,3033.999,30.556,57,1,0,0,0
2021-09-12 08:00:00,3297.825,30.556,57,1,0,0,0
2021-09-12 09:00:00,3648.219,30.0,68,1,0,0,0
2021-09-12 10:00:00,2844.374,30.0,68,1,0,0,0
2021-09-12 11:00:00,2844.374,30.0,68,1,0,0,0
2021-09-12 12:00:00,2970.692,27.222,90,1,0,0,0
2021-09-12 13:00:00,2937.42,27.222,90,1,0,0,0
2021-09-12 14:00:00,3330.214,27.222,90,1,0,0,0
2021-09-12 15:00:00,1622.412,27.222,90,1,0,0,0
2021-09-12 16:00:00,1161.305,27.222,90,1,0,0,0
2021-09-12 17:00:00,938.113,27.222,90,1,0,0,0
2021-09-12 18:00:00,1007.603,26.667,86,1,0,0,0
2021-09-12 19:00:00,990.525,26.667,86,1,0,0,0
2021-09-12 20:00:00,922.213,26.667,86,1,0,0,0
2021-09-12 21:00:00,819.745,26.667,88,1,0,0,0
2021-09-12 22:00:00,768.511,26.667,88,1,0,0,0
2021-09-12 23:00:00,711.093,26.667,88,1,0,0,0
2021-09-13 00:00:00,1582.956,26.667,88,0,0,0,0
2021-09-13 01:00:00,1582.956,26.667,88,0,0,0,0
2021-09-13 02:00:00,1582.956,26.667,88,0,0,0,0
2021-09-13 03:00:00,1582.956,29.444,70,0,0,0,0
2021-09-13 04:00:00,1648.912,29.444,70,0,0,0,0
2021-09-13 05:00:00,2062.907,29.444,70,0,0,0,0
2021-09-13 06:00:00,1280.999,31.667,56,0,0,0,0
2021-09-13 07:00:00,1646.998,31.667,56,0,0,0,0
2021-09-13 08:00:00,3310.633,31.667,56,0,0,0,0
2021-09-13 09:00:00,1646.998,27.222,90,0,0,0,0
2021-09-13 10:00:00,1208.417,27.222,90,0,0,0,0
2021-09-13 11:00:00,1342.686,27.222,90,0,0,0,0
2021-09-13 12:00:00,2588.792,26.667,91,0,0,1,0
2021-09-13 13:00:00,3017.51,26.667,91,0,0,0,0
2021-09-13 14:00:00,3017.51,26.667,91,0,0,0,0
2021-09-13 15:00:00,3125.572,26.667,91,0,0,0,0
2021-09-13 16:00:00,3093.183,26.667,91,0,0,0,0
2021-09-13 17:00:00,2083.519,26.667,91,0,0,0,0
2021-09-13 18:00:00,973.447,27.222,80,0,0,0,0
2021-09-13 19:00:00,965.055,27.222,80,0,0,0,0
2021-09-13 20:00:00,914.263,27.222,80,0,0,0,0
2021-09-13 21:00:00,812.678,25.556,91,0,0,0,0
2021-09-13 22:00:00,761.886,25.556,91,0,0,0,0
2021-09-13 23:00:00,704.91,25.556,91,0,0,0,0
2021-09-14 00:00:00,1601.579,26.667,83,0,0,0,0
2021-09-14 01:00:00,1601.579,26.667,83,0,0,0,0
2021-09-14 02:00:00,1601.579,26.667,83,0,0,0,0
2021-09-14 03:00:00,1601.579,28.333,67,0,0,0,0
2021-09-14 04:00:00,1718.361,28.333,67,0,0,0,0
2021-09-14 05:00:00,2118.755,28.333,67,0,0,0,0
2021-09-14 06:00:00,3080.418,28.889,64,0,0,0,0
2021-09-14 07:00:00,3424.507,28.889,64,0,0,0,0
2021-09-14 08:00:00,3604.744,28.889,64,0,0,0,0
2021-09-14 09:00:00,3735.826,29.444,65,0,0,0,0
2021-09-14 10:00:00,3571.974,29.444,65,0,0,0,0
2021-09-14 11:00:00,3342.581,29.444,65,0,0,0,0
2021-09-14 12:00:00,3588.359,28.333,80,0,0,0,0
2021-09-14 13:00:00,3440.892,28.333,80,0,0,0,0
2021-09-14 14:00:00,3113.188,28.333,80,0,0,0,0
2021-09-14 15:00:00,5450.909,28.333,77,0,0,0,0
2021-09-14 16:00:00,3566.015,28.333,77,0,0,0,0
2021-09-14 17:00:00,3311.3,28.333,77,0,0,0,0
2021-09-14 18:00:00,1002.178,25.556,91,0,0,0,0
2021-09-14 19:00:00,984.9,25.556,91,0,0,0,0
2021-09-14 20:00:00,933.063,25.556,91,0,0,0,0
2021-09-14 21:00:00,863.947,26.111,85,0,0,0,0
2021-09-14 22:00:00,794.831,26.111,85,0,0,0,0
2021-09-14 23:00:00,708.436,26.111,85,0,0,0,0
2021-09-15 00:00:00,2150.211,28.889,69,0,0,0,0
2021-09-15 01:00:00,2150.211,28.889,69,0,0,0,0
2021-09-15 02:00:00,2150.211,28.889,69,0,0,0,0
2021-09-15 03:00:00,2245.907,31.111,58,0,0,0,0
2021-09-15 04:00:00,2412.27,31.111,58,0,0,0,0
2021-09-15 05:00:00,2510.175,31.111,58,0,0,0,0
2021-09-15 06:00:00,3380.27,32.222,50,0,0,0,0
2021-09-15 07:00:00,3805.749,32.222,50,0,0,0,0
2021-09-15 08:00:00,4111.975,32.222,50,0,0,0,0
2021-09-15 09:00:00,4028.057,31.111,69,0,0,0,0
2021-09-15 10:00:00,4386.107,31.111,69,0,0,0,0
2021-09-15 11:00:00,4386.107,31.111,69,0,0,0,0
2021-09-15 12:00:00,4386.107,27.778,84,0,0,0,0
2021-09-15 13:00:00,3954.74,27.778,84,0,0,1,0
2021-09-15 14:00:00,3860.222,27.778,84,0,0,0,0
2021-09-15 15:00:00,4025.996,27.778,77,0,0,0,0
2021-09-15 16:00:00,3990.368,27.778,77,0,0,0,0
2021-09-15 17:00:00,3512.183,27.778,77,0,0,0,0
2021-09-15 18:00:00,981.986,27.778,80,0,0,0,0
2021-09-15 19:00:00,965.055,27.778,80,0,0,0,0
2021-09-15 20:00:00,906.313,27.778,80,0,0,0,0
2021-09-15 21:00:00,839.179,25.556,91,0,0,0,0
2021-09-15 22:00:00,772.044,25.556,91,0,0,0,0
2021-09-15 23:00:00,738.477,25.556,91,0,0,0,0
2021-09-16 00:00:00,2290.532,27.778,70,0,0,0,0
2021-09-16 01:00:00,2290.532,27.778,70,0,0,0,0
2021-09-16 02:00:00,2290.532,27.778,70,0,0,0,0
2021-09-16 03:00:00,2290.532,30.0,56,0,0,0,0
2021-09-16 04:00:00,2404.246,30.0,56,0,0,0,0
2021-09-16 05:00:00,2545.993,30.0,56,0,0,0,0
2021-09-16 06:00:00,3832.072,31.111,47,0,0,0,0
2021-09-16 07:00:00,3832.072,31.111,47,0,0,0,0
2021-09-16 08:00:00,4186.298,31.111,47,0,0,0,0
2021-09-16 09:00:00,4260.622,31.111,54,0,0,0,0
2021-09-16 10:00:00,4228.707,31.111,54,0,0,0,0
2021-09-16 11:00:00,4196.792,31.111,54,0,0,0,0
2021-09-16 12:00:00,4260.622,28.333,80,0,0,0,0
2021-09-16 13:00:00,4340.408,28.333,80,0,0,0,0
2021-09-16 14:00:00,4347.309,28.333,80,0,0,0,0
2021-09-16 15:00:00,4266.803,27.222,90,0,0,0,0
2021-09-16 16:00:00,4089.691,27.222,90,0,0,0,0
2021-09-16 17:00:00,3799.87,27.222,90,0,0,0,0
2021-09-16 18:00:00,942.348,26.667,87,0,0,0,0
2021-09-16 19:00:00,942.348,26.667,87,0,0,0,0
2021-09-16 20:00:00,942.348,26.667,87,0,0,0,0
2021-09-16 21:00:00,917.19,26.111,91,0,0,0,0
2021-09-16 22:00:00,833.809,26.111,91,0,0,0,0
2021-09-16 23:00:00,833.809,26.111,91,0,0,0,0
2021-09-17 00:00:00,1695.546,27.778,74,0,0,0,0
2021-09-17 01:00:00,1735.026,27.778,74,0,0,0,0
2021-09-17 02:00:00,1735.026,27.778,74,0,0,0,0
2021-09-17 03:00:00,1803.74,30.0,53,0,0,0,0
2021-09-17 04:00:00,1803.74,30.0,53,0,0,0,0
2021-09-17 05:00:00,1873.057,30.0,53,0,0,0,0
2021-09-17 06:00:00,4359.115,31.111,46,0,0,0,0
2021-09-17 07:00:00,4767.782,31.111,46,0,0,0,0
2021-09-17 08:00:00,5012.5,31.111,46,0,0,0,0
2021-09-17 09:00:00,5023.198,30.0,64,0,0,0,0
2021-09-17 10:00:00,4869.948,30.0,64,0,0,0,0
2021-09-17 11:00:00,4631.559,30.0,64,0,0,0,0
2021-09-17 12:00:00,4472.432,28.333,77,0,0,0,0
2021-09-17 13:00:00,4489.309,28.333,77,0,0,0,0
2021-09-17 14:00:00,4286.784,28.333,77,0,0,0,0
2021-09-17 15:00:00,4337.415,27.222,86,0,0,0,0
2021-09-17 16:00:00,4371.17,27.222,86,0,0,0,0
2021-09-17 17:00:00,4088.478,27.222,86,0,0,0,0
2021-09-17 18:00:00,1005.092,26.667,91,0,0,0,0
2021-09-17 19:00:00,987.763,26.667,91,0,0,0,0
2021-09-17 20:00:00,953.104,26.667,91,0,0,0,0
2021-09-17 21:00:00,866.458,25.556,87,0,0,0,0
2021-09-17 22:00:00,779.813,25.556,87,0,0,0,0
2021-09-17 23:00:00,745.154,25.556,87,0,0,0,0
2021-09-18 00:00:00,2450.402,27.222,89,0,0,0,0
2021-09-18 01:00:00,2450.402,27.222,89,0,0,0,0
2021-09-18 02:00:00,2450.402,27.222,89,0,0,0,0
2021-09-18 03:00:00,2601.454,27.778,74,0,0,0,0
2021-09-18 04:00:00,2685.372,27.778,74,0,0,0,0
2021-09-18 05:00:00,3127.633,27.778,74,0,0,0,0
2021-09-18 06:00:00,3561.651,28.333,70,0,0,0,0
2021-09-18 07:00:00,3776.304,28.333,70,0,0,0,0
2021-09-18 08:00:00,3759.52,28.333,70,0,0,0,0
2021-09-18 09:00:00,4414.08,28.333,74,0,0,0,0
2021-09-18 10:00:00,4757.996,28.333,74,0,0,0,0
2021-09-18 11:00:00,4708.086,28.333,74,0,0,0,0
2021-09-18 12:00:00,4658.177,27.222,86,0,0,0,0
2021-09-18 13:00:00,4841.177,27.222,86,0,0,0,0
2021-09-18 14:00:00,4741.359,27.222,86,0,0,0,0
2021-09-18 15:00:00,4841.177,26.667,89,0,0,0,0
2021-09-18 16:00:00,4658.177,26.667,89,0,0,0,0
2021-09-18 17:00:00,4497.997,26.667,89,0,0,0,0
2021-09-18 18:00:00,981.545,26.111,88,0,0,0,0
2021-09-18 19:00:00,981.986,26.111,88,0,0,0,0
2021-09-18 20:00:00,897.332,26.111,88,0,0,0,0
2021-09-18 21:00:00,939.88,25.556,91,0,0,0,0
2021-09-18 22:00:00,931.194,25.556,91,0,0,0,0
2021-09-18 23:00:00,931.194,25.556,91,0,0,0,0
2021-09-19 00:00:00,2510.469,27.778,84,1,0,0,0
2021-09-19 01:00:00,2114.73,27.778,84,1,0,0,0
2021-09-19 02:00:00,2114.73,27.778,84,1,0,0,0
2021-09-19 03:00:00,2181.864,31.111,58,1,0,0,0
2021-09-19 04:00:00,2601.454,31.111,58,1,0,0,0
2021-09-19 05:00:00,2685.372,31.111,58,1,0,0,0
2021-09-19 06:00:00,3493.633,30.556,57,1,0,0,0
2021-09-19 07:00:00,3576.815,30.556,57,1,0,0,0
2021-09-19 08:00:00,3776.304,30.556,57,1,0,0,0
2021-09-19 09:00:00,4138.77,29.444,69,1,0,0,0
2021-09-19 10:00:00,4138.77,29.444,69,1,0,0,0
2021-09-19 11:00:00,3826.36,29.444,69,1,0,0,0
2021-09-19 12:00:00,3826.36,27.222,87,1,0,0,0
2021-09-19 13:00:00,3221.121,27.222,87,1,0,0,0
2021-09-19 14:00:00,3221.121,27.222,87,1,0,0,0
2021-09-19 15:00:00,3221.121,27.222,89,1,0,0,0
2021-09-19 16:00:00,2928.292,27.222,89,1,0,0,0
2021-09-19 17:00:00,700.199,27.222,89,1,0,0,0
2021-09-19 18:00:00,981.986,26.111,91,1,0,0,0
2021-09-19 19:00:00,802.667,26.111,91,1,0,0,0
2021-09-19 20:00:00,802.667,26.111,91,1,0,0,0
2021-09-19 21:00:00,768.511,26.667,91,1,0,0,0
2021-09-19 22:00:00,717.277,26.667,91,1,0,0,0
2021-09-19 23:00:00,683.121,26.667,91,1,0,0,0
2021-09-20 00:00:00,572.616,27.778,87,0,0,0,0
2021-09-20 01:00:00,572.616,27.778,87,0,0,0,0
2021-09-20 02:00:00,572.616,27.778,87,0,0,0,0
2021-09-20 03:00:00,557.547,31.667,72,0,0,0,0
2021-09-20 04:00:00,1310.989,31.667,72,0,0,0,0
2021-09-20 05:00:00,1362.431,31.667,72,0,0,0,0
2021-09-20 06:00:00,1658.612,25.0,91,0,0,0,0
2021-09-20 07:00:00,1806.702,25.0,91,0,0,0,0
2021-09-20 08:00:00,1806.702,25.0,91,0,0,0,0
2021-09-20 09:00:00,1456.222,25.0,93,0,0,0,0
2021-09-20 10:00:00,1379.578,25.0,93,0,0,0,0
2021-09-20 11:00:00,1356.196,25.0,93,0,0,0,0
2021-09-20 12:00:00,1356.196,25.0,93,0,0,0,0
2021-09-20 13:00:00,1302.935,25.0,93,0,0,0,0
2021-09-20 14:00:00,942.972,25.0,93,0,0,0,0
2021-09-20 15:00:00,942.972,25.0,93,0,0,0,0
2021-09-20 16:00:00,889.062,25.0,93,0,0,0,0
2021-09-20 17:00:00,1024.681,25.0,93,0,0,0,0
2021-09-20 18:00:00,881.397,26.667,88,0,0,0,0
2021-09-20 19:00:00,746.947,26.667,88,0,0,0,0
2021-09-20 20:00:00,693.167,26.667,88,0,0,0,0
2021-09-20 21:00:00,632.891,25.0,93,0,0,0,0
2021-09-20 22:00:00,577.552,25.0,93,0,0,0,0
2021-09-20 23:00:00,516.757,25.0,93,0,0,0,0
2021-09-21 00:00:00,748.017,25.556,90,0,0,0,0
2021-09-21 01:00:00,748.017,25.556,90,0,0,0,0
2021-09-21 02:00:00,748.017,25.556,90,0,0,0,0
2021-09-21 03:00:00,748.017,27.778,75,0,0,0,0
2021-09-21 04:00:00,792.018,27.778,75,0,0,0,0
2021-09-21 05:00:00,843.353,27.778,75,0,0,0,0
2021-09-21 06:00:00,785.191,28.889,65,0,0,0,0
2021-09-21 07:00:00,1012.023,28.889,65,0,0,0,0
2021-09-21 08:00:00,1012.023,28.889,65,0,0,0,0
2021-09-21 09:00:00,865.353,28.333,75,0,0,0,0
2021-09-21 10:00:00,821.352,28.333,75,0,0,0,0
2021-09-21 11:00:00,806.685,28.333,75,0,0,0,0
2021-09-21 12:00:00,821.352,28.333,87,0,0,0,0
2021-09-21 13:00:00,1056.024,26.667,87,0,0,0,0
2021-09-21 14:00:00,880.02,26.667,87,0,0,0,0
2021-09-21 15:00:00,909.354,26.667,90,0,0,0,0
2021-09-21 16:00:00,880.02,26.667,90,0,0,0,0
2021-09-21 17:00:00,968.022,26.667,90,0,0,0,0
2021-09-21 18:00:00,997.356,25.0,93,0,0,0,0
2021-09-21 19:00:00,733.35,25.0,93,0,0,0,0
2021-09-21 20:00:00,674.682,25.0,93,0,0,0,0
2021-09-21 21:00:00,660.015,26.111,91,0,0,0,0
2021-09-21 22:00:00,616.014,26.111,91,0,0,0,0
2021-09-21 23:00:00,616.014,26.111,91,0,0,0,0
2021-09-22 00:00:00,800.467,26.111,90,0,0,0,0
2021-09-22 01:00:00,800.467,26.111,90,0,0,0,0
2021-09-22 02:00:00,800.467,26.111,90,0,0,0,0
2021-09-22 03:00:00,800.467,28.333,72,0,0,0,0
2021-09-22 04:00:00,800.467,28.333,72,0,0,0,0
2021-09-22 05:00:00,920.606,28.333,72,0,0,0,0
2021-09-22 06:00:00,968.223,26.667,90,0,0,0,0
2021-09-22 07:00:00,1047.586,26.667,90,0,0,0,0
2021-09-22 08:00:00,984.096,26.667,90,0,0,0,0
2021-09-22 09:00:00,826.739,26.667,83,0,0,0,0
2021-09-22 10:00:00,535.013,26.667,83,0,0,0,0
2021-09-22 11:00:00,1126.948,26.667,83,0,0,0,0
2021-09-22 12:00:00,841.243,26.111,88,0,0,0,0
2021-09-22 13:00:00,825.371,26.111,88,0,0,0,0
2021-09-22 14:00:00,730.136,26.111,88,0,0,0,0
2021-09-22 15:00:00,904.733,25.556,88,0,0,0,0
2021-09-22 16:00:00,698.391,25.556,88,0,0,0,0
2021-09-22 17:00:00,871.894,25.556,88,0,0,0,0
2021-09-22 18:00:00,775.017,26.111,91,0,0,0,0
2021-09-22 19:00:00,730.136,26.111,91,0,0,0,0
2021-09-22 20:00:00,730.136,26.111,91,0,0,0,0
2021-09-22 21:00:00,730.136,25.556,90,0,0,0,0
2021-09-22 22:00:00,698.391,25.556,90,0,0,0,0
2021-09-22 23:00:00,666.646,25.556,90,0,0,0,0
2021-09-23 00:00:00,813.717,27.222,81,0,0,0,0
2021-09-23 01:00:00,813.717,27.222,81,0,0,0,0
2021-09-23 02:00:00,813.717,27.222,81,0,0,0,0
2021-09-23 03:00:00,813.717,30.0,68,0,0,0,0
2021-09-23 04:00:00,813.717,30.0,68,0,0,0,0
2021-09-23 05:00:00,790.569,30.0,68,0,0,0,0
2021-09-23 06:00:00,1295.494,31.111,61,0,0,0,0
2021-09-23 07:00:00,1631.363,31.111,61,0,0,0,0
2021-09-23 08:00:00,1583.382,31.111,61,0,0,0,0
2021-09-23 09:00:00,1442.665,26.667,87,0,0,0,0
2021-09-23 10:00:00,1439.438,26.667,87,0,0,0,0
2021-09-23 11:00:00,1419.797,26.667,87,0,0,0,0
2021-09-23 12:00:00,1387.529,26.667,87,0,0,0,0
2021-09-23 13:00:00,1355.26,26.667,87,0,0,0,0
2021-09-23 14:00:00,1322.992,26.667,87,0,0,0,0
2021-09-23 15:00:00,1313.172,25.556,90,0,0,0,0
2021-09-23 16:00:00,1291.285,25.556,90,0,0,0,0
2021-09-23 17:00:00,1194.201,25.556,90,0,0,0,0
2021-09-23 18:00:00,1048.713,25.0,90,0,0,0,0
2021-09-23 19:00:00,1025.284,25.0,90,0,0,0,0
2021-09-23 20:00:00,927.638,25.0,90,0,0,0,0
2021-09-23 21:00:00,878.815,25.0,91,0,0,0,0
2021-09-23 22:00:00,820.732,25.0,91,0,0,0,0
2021-09-23 23:00:00,811.192,25.0,91,0,0,0,0
2021-09-24 00:00:00,1329.384,25.556,90,0,0,0,0
2021-09-24 01:00:00,1306.659,25.556,90,0,0,0,0
2021-09-24 02:00:00,1306.659,25.556,90,0,0,0,0
2021-09-24 03:00:00,1306.659,28.889,68,0,0,0,0
2021-09-24 04:00:00,1371.992,28.889,68,0,0,0,0
2021-09-24 05:00:00,1441.018,28.889,68,0,0,0,0
2021-09-24 06:00:00,1685.164,30.556,49,0,0,0,0
2021-09-24 07:00:00,1762.854,30.556,49,0,0,0,0
2021-09-24 08:00:00,1700.077,30.556,49,0,0,0,0
2021-09-24 09:00:00,1683.886,30.0,61,0,0,0,0
2021-09-24 10:00:00,1796.656,30.0,61,0,0,0,0
2021-09-24 11:00:00,1716.268,30.0,61,0,0,0,0
2021-09-24 12:00:00,1796.656,27.778,80,0,0,0,0
2021-09-24 13:00:00,1763.99,27.778,80,0,0,0,0
2021-09-24 14:00:00,1748.651,27.778,80,0,0,0,0
2021-09-24 15:00:00,1763.99,26.667,88,0,0,0,0
2021-09-24 16:00:00,1829.323,26.667,88,0,0,0,0
2021-09-24 17:00:00,1795.804,26.667,88,0,0,0,0
2021-09-24 18:00:00,1054.417,25.556,90,0,0,0,0
2021-09-24 19:00:00,1063.507,25.556,90,0,0,0,0
2021-09-24 20:00:00,955.566,25.556,90,0,0,0,0
2021-09-24 21:00:00,930.569,25.0,93,0,0,0,0
2021-09-24 22:00:00,830.865,25.0,93,0,0,0,0
2021-09-24 23:00:00,823.763,25.0,93,0,0,0,0
2021-09-25 00:00:00,1157.536,26.111,93,0,0,0,0
2021-09-25 01:00:00,1157.536,26.111,93,0,0,0,0
2021-09-25 02:00:00,1215.151,26.111,93,0,0,0,0
2021-09-25 03:00:00,1215.151,27.778,77,0,0,0,0
2021-09-25 04:00:00,1271.602,27.778,77,0,0,0,0
2021-09-25 05:00:00,1673.161,27.778,77,0,0,0,0
2021-09-25 06:00:00,1990.334,30.556,55,0,0,0,0
2021-09-25 07:00:00,2137.281,30.556,55,0,0,0,0
2021-09-25 08:00:00,2219.485,30.556,55,0,0,0,0
2021-09-25 09:00:00,2232.433,29.444,63,0,0,0,0
2021-09-25 10:00:00,2199.843,29.444,63,0,0,0,0
2021-09-25 11:00:00,2281.319,29.444,63,0,0,0,0
2021-09-25 12:00:00,2281.319,27.222,86,0,0,0,0
2021-09-25 13:00:00,2281.319,27.222,86,0,0,0,0
2021-09-25 14:00:00,1775.588,27.222,86,0,0,0,0
2021-09-25 15:00:00,2038.638,26.667,87,0,0,0,0
2021-09-25 16:00:00,2268.806,26.667,87,0,0,0,0
2021-09-25 17:00:00,2038.638,26.667,87,0,0,0,0
2021-09-25 18:00:00,1004.333,26.111,89,0,0,0,0
2021-09-25 19:00:00,919.22,26.111,89,0,0,0,0
2021-09-25 20:00:00,851.13,26.111,89,0,0,0,0
2021-09-25 21:00:00,817.085,25.556,91,0,0,0,0
2021-09-25 22:00:00,783.039,25.556,91,0,0,0,0
2021-09-25 23:00:00,680.904,25.556,91,0,0,0,0
2021-09-26 00:00:00,1622.412,25.556,91,1,0,0,0
2021-09-26 01:00:00,1622.412,25.556,91,1,0,0,0
2021-09-26 02:00:00,1622.412,25.556,91,1,0,0,0
2021-09-26 03:00:00,1622.412,28.889,65,1,0,0,0
2021-09-26 04:00:00,1622.412,28.889,65,1,0,0,0
2021-09-26 05:00:00,1696.907,28.889,65,1,0,0,0
2021-09-26 06:00:00,2291.988,30.556,60,1,0,0,0
2021-09-26 07:00:00,2621.771,30.556,60,1,0,0,0
2021-09-26 08:00:00,3077.724,30.556,60,1,0,0,0
2021-09-26 09:00:00,2752.506,30.0,61,1,0,0,0
2021-09-26 10:00:00,2886.774,30.0,61,1,0,0,0
2021-09-26 11:00:00,2903.558,30.0,61,1,0,0,0
2021-09-26 12:00:00,2962.889,27.778,86,1,0,0,0
2021-09-26 13:00:00,2979.82,27.778,86,1,0,0,0
2021-09-26 14:00:00,2920.342,27.778,86,1,0,0,0
2021-09-26 15:00:00,3088.177,27.778,89,1,0,0,0
2021-09-26 16:00:00,2776.651,27.778,89,1,0,0,0
2021-09-26 17:00:00,2223.676,27.778,89,1,0,0,0
2021-09-26 18:00:00,1075.915,26.111,90,1,0,0,0
2021-09-26 19:00:00,1067.965,26.111,90,1,0,0,0
2021-09-26 20:00:00,999.064,26.111,90,1,0,0,0
2021-09-26 21:00:00,973.447,25.556,91,1,0,0,0
2021-09-26 22:00:00,861.262,25.556,91,1,0,0,0
2021-09-26 23:00:00,844.037,25.556,91,1,0,0,0
2021-09-27 00:00:00,771.488,27.222,89,0,0,0,0
2021-09-27 01:00:00,787.903,27.222,89,0,0,0,0
2021-09-27 02:00:00,804.318,27.222,89,0,0,0,0
2021-09-27 03:00:00,804.318,26.667,85,0,0,0,0
2021-09-27 04:00:00,804.318,26.667,85,0,0,0,0
2021-09-27 05:00:00,804.318,26.667,85,0,0,0,0
2021-09-27 06:00:00,1548.869,26.111,88,0,0,0,0
2021-09-27 07:00:00,1448.417,26.111,88,0,0,0,0
2021-09-27 08:00:00,1367.045,26.111,88,0,0,0,0
2021-09-27 09:00:00,1322.992,25.0,91,0,0,0,0
2021-09-27 10:00:00,1347.544,25.0,91,0,0,0,0
2021-09-27 11:00:00,1347.544,25.0,91,0,0,0,0
2021-09-27 12:00:00,1347.544,25.0,91,0,0,0,0
2021-09-27 13:00:00,1371.395,25.0,91,0,0,0,0
2021-09-27 14:00:00,1371.395,25.0,91,0,0,0,0
2021-09-27 15:00:00,1371.395,25.0,91,0,0,0,0
2021-09-27 16:00:00,732.346,25.0,91,0,0,0,0
2021-09-27 17:00:00,829.992,25.0,91,0,0,0,0
2021-09-27 18:00:00,895.089,27.222,90,0,0,0,0
2021-09-27 19:00:00,878.815,27.222,90,0,0,0,0
2021-09-27 20:00:00,878.815,27.222,90,0,0,0,0
2021-09-27 21:00:00,781.169,25.0,91,0,0,0,0
2021-09-27 22:00:00,787.903,25.0,91,0,0,0,0
2021-09-27 23:00:00,771.488,25.0,91,0,0,0,0
2021-09-28 00:00:00,713.328,26.111,90,0,0,0,0
2021-09-28 01:00:00,713.328,26.111,90,0,0,0,0
2021-09-28 02:00:00,713.328,26.111,90,0,0,0,0
2021-09-28 03:00:00,713.328,30.556,71,0,0,0,0
2021-09-28 04:00:00,713.328,30.556,71,0,0,0,0
2021-09-28 05:00:00,794.388,30.556,71,0,0,0,0
2021-09-28 06:00:00,1358.482,31.667,62,0,0,0,0
2021-09-28 07:00:00,1358.482,31.667,62,0,0,0,0
2021-09-28 08:00:00,1358.482,31.667,62,0,0,0,0
2021-09-28 09:00:00,1326.889,28.889,73,0,0,0,0
2021-09-28 10:00:00,1311.093,28.889,73,0,0,0,0
2021-09-28 11:00:00,1279.501,28.889,73,0,0,0,0
2021-09-28 12:00:00,1247.908,27.222,87,0,0,0,0
2021-09-28 13:00:00,1216.315,27.222,87,0,0,0,0
2021-09-28 14:00:00,1226.985,27.222,87,0,0,0,0
2021-09-28 15:00:00,1179.18,26.667,88,0,0,0,0
2021-09-28 16:00:00,1195.115,26.667,88,0,0,0,0
2021-09-28 17:00:00,1189.434,26.667,88,0,0,0,0
2021-09-28 18:00:00,1012.626,25.0,91,0,0,0,0
2021-09-28 19:00:00,932.259,25.0,91,0,0,0,0
2021-09-28 20:00:00,891.66,25.0,91,0,0,0,0
2021-09-28 21:00:00,810.6,26.111,92,0,0,0,0
2021-09-28 22:00:00,778.176,26.111,92,0,0,0,0
2021-09-28 23:00:00,778.176,26.111,92,0,0,0,0
2021-09-29 00:00:00,1164.44,28.333,77,0,0,0,0
2021-09-29 01:00:00,1164.44,28.333,77,0,0,0,0
2021-09-29 02:00:00,1154.315,28.333,77,0,0,0,0
2021-09-29 03:00:00,1185.513,30.556,58,0,0,0,0
2021-09-29 04:00:00,1185.513,30.556,58,0,0,0,0
2021-09-29 05:00:00,1247.908,30.556,58,0,0,0,0
2021-09-29 06:00:00,1453.43,30.556,54,0,0,0,0
2021-09-29 07:00:00,1542.097,30.556,54,0,0,0,0
2021-09-29 08:00:00,1622.28,30.556,54,0,0,0,0
2021-09-29 09:00:00,1591.083,31.111,53,0,0,0,0
2021-09-29 10:00:00,1622.28,31.111,53,0,0,0,0
2021-09-29 11:00:00,1653.478,31.111,53,0,0,0,0
2021-09-29 12:00:00,3210.079,27.222,87,0,0,0,0
2021-09-29 13:00:00,1573.568,27.222,87,0,0,0,0
2021-09-29 14:00:00,1587.251,27.222,87,0,0,0,0
2021-09-29 15:00:00,1523.761,27.222,90,0,0,0,0
2021-09-29 16:00:00,1600.935,27.222,90,0,0,0,0
2021-09-29 17:00:00,1614.618,27.222,90,0,0,0,0
2021-09-29 18:00:00,999.968,26.111,91,0,0,0,0
2021-09-29 19:00:00,952.351,26.111,91,0,0,0,0
2021-09-29 20:00:00,904.733,26.111,91,0,0,0,0
2021-09-29 21:00:00,857.116,26.111,93,0,0,0,0
2021-09-29 22:00:00,768.449,26.111,93,0,0,0,0
2021-09-29 23:00:00,768.449,26.111,93,0,0,0,0
2021-09-30 00:00:00,1272.997,27.778,80,0,0,0,0
2021-09-30 01:00:00,1272.997,27.778,80,0,0,0,0
2021-09-30 02:00:00,1272.997,27.778,80,0,0,0,0
2021-09-30 03:00:00,1306.062,30.556,59,0,0,0,0
2021-09-30 04:00:00,1294.705,30.556,59,0,0,0,0
2021-09-30 05:00:00,1327.482,30.556,59,0,0,0,0
2021-09-30 06:00:00,1425.814,32.222,49,0,0,0,0
2021-09-30 07:00:00,1425.814,32.222,49,0,0,0,0
2021-09-30 08:00:00,1458.591,32.222,49,0,0,0,0
2021-09-30 09:00:00,1559.511,31.667,64,0,0,0,0
2021-09-30 10:00:00,1559.511,31.667,64,0,0,0,0
2021-09-30 11:00:00,1689.47,31.667,64,0,0,0,0
2021-09-30 12:00:00,1785.502,28.333,86,0,0,0,0
2021-09-30 13:00:00,1689.47,28.333,86,0,0,0,0
2021-09-30 14:00:00,1673.225,28.333,86,0,0,0,0
2021-09-30 15:00:00,1689.47,28.333,89,0,0,0,0
2021-09-30 16:00:00,1721.96,28.333,89,0,0,0,0
2021-09-30 17:00:00,1884.409,28.333,89,0,0,0,0
2021-09-30 18:00:00,1050.6,26.667,91,0,0,0,0
2021-09-30 19:00:00,1000.571,26.667,91,0,0,0,0
2021-09-30 20:00:00,958.737,26.667,91,0,0,0,0
2021-09-30 21:00:00,908.277,27.222,92,0,0,0,0
2021-09-30 22:00:00,824.177,27.222,92,0,0,0,0
2021-09-30 23:00:00,824.177,27.222,92,0,0,0,0
2021-10-01 00:00:00,1343.569,28.333,90,0,0,0,0
2021-10-01 01:00:00,1343.569,28.333,90,0,0,0,0
2021-10-01 02:00:00,1343.569,28.333,90,0,0,0,0
2021-10-01 03:00:00,1343.569,30.556,64,0,0,0,0
2021-10-01 04:00:00,1332.086,30.556,64,0,0,0,0
2021-10-01 05:00:00,1376.253,30.556,64,0,0,0,0
2021-10-01 06:00:00,1863.271,31.111,68,0,0,0,0
2021-10-01 07:00:00,2028.162,31.111,68,0,0,0,0
2021-10-01 08:00:00,2044.651,31.111,68,0,0,0,0
2021-10-01 09:00:00,2127.097,28.889,80,0,0,0,0
2021-10-01 10:00:00,1846.782,28.889,80,0,0,0,0
2021-10-01 11:00:00,2077.63,28.889,80,0,0,0,0
2021-10-01 12:00:00,2094.119,27.222,90,0,0,0,0
2021-10-01 13:00:00,2291.988,27.222,90,0,0,0,0
2021-10-01 14:00:00,2209.543,27.222,90,0,0,0,0
2021-10-01 15:00:00,2129.453,27.222,90,0,0,0,0
2021-10-01 16:00:00,1913.327,27.222,90,0,0,0,0
2021-10-01 17:00:00,1571.178,27.222,90,0,0,0,0
2021-10-01 18:00:00,1085.19,27.778,90,0,0,0,0
2021-10-01 19:00:00,1041.759,27.778,90,0,0,0,0
2021-10-01 20:00:00,1007.603,27.778,90,0,0,0,0
2021-10-01 21:00:00,947.388,25.556,91,0,0,0,0
2021-10-01 22:00:00,844.037,25.556,91,0,0,0,0
2021-10-01 23:00:00,826.812,25.556,91,0,0,0,0
2021-10-02 00:00:00,766.017,27.222,91,0,0,0,0
2021-10-02 01:00:00,1191.582,27.222,91,0,0,0,0
2021-10-02 02:00:00,1181.397,27.222,91,0,0,0,0
2021-10-02 03:00:00,1171.213,30.0,72,0,0,0,0
2021-10-02 04:00:00,1171.213,30.0,72,0,0,0,0
2021-10-02 05:00:00,1183.725,30.0,72,0,0,0,0
2021-10-02 06:00:00,1743.579,31.667,59,0,0,0,0
2021-10-02 07:00:00,1824.91,31.667,59,0,0,0,0
2021-10-02 08:00:00,2023.506,31.667,59,0,0,0,0
2021-10-02 09:00:00,2023.506,31.111,62,0,0,0,0
2021-10-02 10:00:00,2156.195,31.111,62,0,0,0,0
2021-10-02 11:00:00,2355.229,31.111,62,0,0,0,0
2021-10-02 12:00:00,2338.643,27.778,87,0,0,0,0
2021-10-02 13:00:00,2305.47,27.778,87,0,0,0,0
2021-10-02 14:00:00,2255.712,27.778,87,0,0,0,0
2021-10-02 15:00:00,2255.712,26.667,90,0,0,0,0
2021-10-02 16:00:00,2338.643,26.667,90,0,0,0,0
2021-10-02 17:00:00,2386.364,26.667,90,0,0,0,0
2021-10-02 18:00:00,731.972,26.667,92,0,0,0,0
2021-10-02 19:00:00,1021.356,26.667,92,0,0,0,0
2021-10-02 20:00:00,1021.356,26.667,92,0,0,0,0
2021-10-02 21:00:00,970.288,25.556,91,0,0,0,0
2021-10-02 22:00:00,902.198,25.556,91,0,0,0,0
2021-10-02 23:00:00,834.107,25.556,91,0,0,0,0
2021-10-03 00:00:00,1367.447,27.778,91,1,0,0,0
2021-10-03 01:00:00,1367.447,27.778,91,1,0,0,0
2021-10-03 02:00:00,1355.659,27.778,91,1,0,0,0
2021-10-03 03:00:00,1343.871,28.333,86,1,0,0,0
2021-10-03 04:00:00,1348.327,28.333,86,1,0,0,0
2021-10-03 05:00:00,1658.418,28.333,86,1,0,0,0
2021-10-03 06:00:00,2114.138,28.333,83,1,0,0,0
2021-10-03 07:00:00,2258.042,28.333,83,1,0,0,0
2021-10-03 08:00:00,2704.13,28.333,83,1,0,0,0
2021-10-03 09:00:00,2753.296,30.556,70,1,0,0,0
2021-10-03 10:00:00,3179.401,30.556,70,1,0,0,0
2021-10-03 11:00:00,3141.161,30.556,70,1,0,0,0
2021-10-03 12:00:00,3141.161,27.778,90,1,0,0,0
2021-10-03 13:00:00,3141.161,27.778,90,1,0,0,0
2021-10-03 14:00:00,3141.161,27.778,90,1,0,0,0
2021-10-03 15:00:00,3141.161,26.667,90,1,0,0,0
2021-10-03 16:00:00,3141.161,26.667,90,1,0,0,0
2021-10-03 17:00:00,2629.374,26.667,90,1,0,0,0
2021-10-03 18:00:00,1017.247,26.667,91,1,0,0,0
2021-10-03 19:00:00,1017.247,26.667,91,1,0,0,0
2021-10-03 20:00:00,967.219,26.667,91,1,0,0,0
2021-10-03 21:00:00,933.866,25.556,91,1,0,0,0
2021-10-03 22:00:00,867.162,25.556,91,1,0,0,0
2021-10-03 23:00:00,833.809,25.556,91,1,0,0,0
2021-10-04 00:00:00,1561.859,27.222,87,0,0,0,0
2021-10-04 01:00:00,1561.859,27.222,87,0,0,0,0
2021-10-04 02:00:00,1726.266,27.222,87,0,0,0,0
2021-10-04 03:00:00,1759.147,31.667,65,0,0,0,0
2021-10-04 04:00:00,1759.147,31.667,65,0,0,0,0
2021-10-04 05:00:00,1955.416,31.667,65,0,0,0,0
2021-10-04 06:00:00,1940.867,32.778,48,0,0,0,0
2021-10-04 07:00:00,2404.987,32.778,48,0,0,0,0
2021-10-04 08:00:00,2607.221,32.778,48,0,0,0,0
2021-10-04 09:00:00,2978.227,31.111,63,0,0,0,0
2021-10-04 10:00:00,3162.274,31.111,63,0,0,0,0
2021-10-04 11:00:00,3079.78,31.111,63,0,0,0,0
2021-10-04 12:00:00,3134.776,27.778,80,0,0,0,0
2021-10-04 13:00:00,3051.846,27.778,80,0,0,0,0
2021-10-04 14:00:00,3051.846,27.778,80,0,0,0,0
2021-10-04 15:00:00,3051.846,26.667,90,0,0,0,0
2021-10-04 16:00:00,3105.387,26.667,90,0,0,0,0
2021-10-04 17:00:00,2784.722,26.667,90,0,0,0,0
2021-10-04 18:00:00,1046.38,26.111,91,0,0,0,0
2021-10-04 19:00:00,995.749,26.111,91,0,0,0,0
2021-10-04 20:00:00,970.288,26.111,91,0,0,0,0
2021-10-04 21:00:00,911.364,26.111,90,0,0,0,0
2021-10-04 22:00:00,877.609,26.111,90,0,0,0,0
2021-10-04 23:00:00,826.978,26.111,90,0,0,0,0
2021-10-05 00:00:00,1835.333,27.778,81,0,0,0,0
2021-10-05 01:00:00,1835.333,27.778,81,0,0,0,0
2021-10-05 02:00:00,1835.333,27.778,81,0,0,0,0
2021-10-05 03:00:00,1835.333,30.556,70,0,0,0,0
2021-10-05 04:00:00,1803.134,30.556,70,0,0,0,0
2021-10-05 05:00:00,2414.912,30.556,70,0,0,0,0
2021-10-05 06:00:00,3170.121,32.222,56,0,0,0,0
2021-10-05 07:00:00,2291.971,32.222,56,0,0,0,0
2021-10-05 08:00:00,2037.747,32.222,56,0,0,0,0
2021-10-05 09:00:00,2123.366,31.111,59,0,0,0,0
2021-10-05 10:00:00,3236.421,31.111,59,0,0,0,0
2021-10-05 11:00:00,3197.929,31.111,59,0,0,0,0
2021-10-05 12:00:00,3022.006,28.333,80,0,0,0,0
2021-10-05 13:00:00,2852.23,28.333,80,0,0,0,0
2021-10-05 14:00:00,2903.163,28.333,80,0,0,0,0
2021-10-05 15:00:00,3072.939,26.667,79,0,0,0,0
2021-10-05 16:00:00,2575.174,26.667,79,0,0,0,0
2021-10-05 17:00:00,2120.732,26.667,79,0,0,0,0
2021-10-05 18:00:00,1086.564,26.111,90,0,0,0,0
2021-10-05 19:00:00,1086.564,26.111,90,0,0,0,0
2021-10-05 20:00:00,1154.474,26.111,90,0,0,0,0
2021-10-05 21:00:00,958.94,25.0,91,0,0,0,0
2021-10-05 22:00:00,873.32,25.0,91,0,0,0,0
2021-10-05 23:00:00,856.196,25.0,91,0,0,0,0
2021-10-06 00:00:00,851.13,28.333,80,0,0,0,0
2021-10-06 01:00:00,1378.83,28.333,80,0,0,0,0
2021-10-06 02:00:00,1502.062,28.333,80,0,0,0,0
2021-10-06 03:00:00,1556.04,32.778,53,0,0,0,0
2021-10-06 04:00:00,1625.44,32.778,53,0,0,0,0
2021-10-06 05:00:00,2338.643,32.778,53,0,0,0,0
2021-10-06 06:00:00,2666.582,32.778,49,0,0,0,0
2021-10-06 07:00:00,3400.154,32.778,49,0,0,0,0
2021-10-06 08:00:00,3156.6,32.778,49,0,0,0,0
2021-10-06 09:00:00,3011.69,32.222,62,0,0,0,0
2021-10-06 10:00:00,3251.316,32.222,62,0,0,0,0
2021-10-06 11:00:00,3223.527,32.222,62,0,0,0,0
2021-10-06 12:00:00,3122.264,27.778,86,0,0,0,0
2021-10-06 13:00:00,3122.264,27.778,86,0,0,0,0
2021-10-06 14:00:00,3122.264,27.778,86,0,0,0,0
2021-10-06 15:00:00,3459.806,27.222,90,0,0,0,0
2021-10-06 16:00:00,3459.806,27.222,90,0,0,0,0
2021-10-06 17:00:00,2935.743,27.222,90,0,0,0,0
2021-10-06 18:00:00,1012.626,26.111,88,0,0,0,0
2021-10-06 19:00:00,1012.626,26.111,88,0,0,0,0
2021-10-06 20:00:00,961.995,26.111,88,0,0,0,0
2021-10-06 21:00:00,928.241,26.111,90,0,0,0,0
2021-10-06 22:00:00,877.609,26.111,90,0,0,0,0
2021-10-06 23:00:00,843.855,26.111,90,0,0,0,0
2021-10-07 00:00:00,2301.792,28.333,83,0,0,0,0
2021-10-07 01:00:00,2301.792,28.333,83,0,0,0,0
2021-10-07 02:00:00,2301.792,28.333,83,0,0,0,0
2021-10-07 03:00:00,2301.792,31.111,61,0,0,0,0
2021-10-07 04:00:00,2387.043,31.111,61,0,0,0,0
2021-10-07 05:00:00,2563.329,31.111,61,0,0,0,0
2021-10-07 06:00:00,3216.133,32.222,51,0,0,0,0
2021-10-07 07:00:00,3518.294,32.222,51,0,0,0,0
2021-10-07 08:00:00,3685.832,32.222,51,0,0,0,0
2021-10-07 09:00:00,3603.397,31.111,59,0,0,0,0
2021-10-07 10:00:00,3448.017,31.111,59,0,0,0,0
2021-10-07 11:00:00,2898.404,31.111,59,0,0,0,0
2021-10-07 12:00:00,3082.696,28.333,84,0,0,0,0
2021-10-07 13:00:00,2931.912,28.333,84,0,0,0,0
2021-10-07 14:00:00,3109.976,28.333,84,0,0,0,0
2021-10-07 15:00:00,3099.449,27.778,87,0,0,0,0
2021-10-07 16:00:00,3105.084,27.778,87,0,0,0,0
2021-10-07 17:00:00,2631.381,27.778,87,0,0,0,0
2021-10-07 18:00:00,1066.311,26.667,90,0,0,0,0
2021-10-07 19:00:00,1066.311,26.667,90,0,0,0,0
2021-10-07 20:00:00,980.319,26.667,90,0,0,0,0
2021-10-07 21:00:00,945.921,26.111,92,0,0,0,0
2021-10-07 22:00:00,874.755,26.111,92,0,0,0,0
2021-10-07 23:00:00,867.342,26.111,92,0,0,0,0
2021-10-08 00:00:00,1489.91,28.333,87,0,0,0,0
2021-10-08 01:00:00,1665.194,28.333,87,0,0,0,0
2021-10-08 02:00:00,1824.473,28.333,87,0,0,0,0
2021-10-08 03:00:00,1824.473,30.556,64,0,0,0,0
2021-10-08 04:00:00,2085.112,30.556,64,0,0,0,0
2021-10-08 05:00:00,2432.631,30.556,64,0,0,0,0
2021-10-08 06:00:00,2971.285,33.333,39,0,0,0,0
2021-10-08 07:00:00,3330.387,33.333,39,0,0,0,0
2021-10-08 08:00:00,3599.714,33.333,39,0,0,0,0
2021-10-08 09:00:00,3823.925,31.667,61,0,0,0,0
2021-10-08 10:00:00,4013.993,31.667,61,0,0,0,0
2021-10-08 11:00:00,3892.209,31.667,61,0,0,0,0
2021-10-08 12:00:00,3197.172,28.889,79,0,0,0,0
2021-10-08 13:00:00,3197.172,28.889,79,0,0,0,0
2021-10-08 14:00:00,3518.474,28.889,79,0,0,0,0
2021-10-08 15:00:00,3518.474,27.778,89,0,0,0,0
2021-10-08 16:00:00,2949.641,27.778,89,0,0,0,0
2021-10-08 17:00:00,2924.644,27.778,89,0,0,0,0
2021-10-08 18:00:00,1096.208,27.222,90,0,0,0,0
2021-10-08 19:00:00,1096.208,27.222,90,0,0,0,0
2021-10-08 20:00:00,1043.166,27.222,90,0,0,0,0
2021-10-08 21:00:00,990.123,26.667,92,0,0,0,0
2021-10-08 22:00:00,919.4,26.667,92,0,0,0,0
2021-10-08 23:00:00,884.039,26.667,92,0,0,0,0
2021-10-09 00:00:00,2066.822,28.333,78,0,0,0,0
2021-10-09 01:00:00,2066.822,28.333,78,0,0,0,0
2021-10-09 02:00:00,2066.822,28.333,78,0,0,0,0
2021-10-09 03:00:00,2066.822,31.111,64,0,0,0,0
2021-10-09 04:00:00,2274.668,31.111,64,0,0,0,0
2021-10-09 05:00:00,2536.554,31.111,64,0,0,0,0
2021-10-09 06:00:00,3190.521,28.333,75,0,0,0,0
2021-10-09 07:00:00,3568.302,28.333,75,0,0,0,0
2021-10-09 08:00:00,3793.607,28.333,75,0,0,0,0
2021-10-09 09:00:00,3866.935,28.333,76,0,0,0,0
2021-10-09 10:00:00,3992.64,28.333,76,0,0,0,0
2021-10-09 11:00:00,3610.204,28.333,76,0,0,0,0
2021-10-09 12:00:00,3610.204,27.222,87,0,0,0,0
2021-10-09 13:00:00,3413.997,27.222,87,0,0,0,0
2021-10-09 14:00:00,3315.893,27.222,87,0,0,0,0
2021-10-09 15:00:00,3217.79,26.667,89,0,0,0,0
2021-10-09 16:00:00,3072.797,26.667,89,0,0,0,0
2021-10-09 17:00:00,2963.885,26.667,89,0,0,0,0
2021-10-09 18:00:00,1215.151,27.222,92,0,0,0,0
2021-10-09 19:00:00,1176.575,27.222,92,0,0,0,0
2021-10-09 20:00:00,1118.711,27.222,92,0,0,0,0
2021-10-09 21:00:00,1060.846,25.0,91,0,0,0,0
2021-10-09 22:00:00,1013.458,25.0,91,0,0,0,0
2021-10-09 23:00:00,956.092,25.0,91,0,0,0,0
2021-10-10 00:00:00,1595.379,27.778,80,1,0,0,0
2021-10-10 01:00:00,1633.822,27.778,80,1,0,0,0
2021-10-10 02:00:00,1633.822,27.778,80,1,0,0,0
2021-10-10 03:00:00,1633.822,31.667,56,1,0,0,0
2021-10-10 04:00:00,1829.212,31.667,56,1,0,0,0
2021-10-10 05:00:00,1964.263,31.667,56,1,0,0,0
2021-10-10 06:00:00,2583.361,33.889,40,1,0,0,0
2021-10-10 07:00:00,3140.949,33.889,40,1,0,0,0
2021-10-10 08:00:00,3218.504,33.889,40,1,0,0,0
2021-10-10 09:00:00,2190.909,30.556,52,1,0,1,0
2021-10-10 10:00:00,2518.008,30.556,52,1,0,1,0
2021-10-10 11:00:00,3575.187,30.556,52,1,0,0,0
2021-10-10 12:00:00,3567.498,26.111,73,1,0,0,0
2021-10-10 13:00:00,3451.167,26.111,73,1,0,0,0
2021-10-10 14:00:00,3683.83,26.111,73,1,0,0,0
2021-10-10 15:00:00,3182.067,25.0,88,1,0,0,0
2021-10-10 16:00:00,2767.886,25.0,88,1,0,0,0
2021-10-10 17:00:00,2772.566,25.0,88,1,0,0,0
2021-10-10 18:00:00,1163.315,26.667,92,1,0,0,0
2021-10-10 19:00:00,1124.537,26.667,92,1,0,0,0
2021-10-10 20:00:00,1046.983,26.667,92,1,0,0,0
2021-10-10 21:00:00,1008.206,23.889,90,1,0,0,0
2021-10-10 22:00:00,930.652,23.889,90,1,0,0,0
2021-10-10 23:00:00,930.652,23.889,90,1,0,0,0
2021-10-11 00:00:00,956.092,25.556,85,0,0,0,0
2021-10-11 01:00:00,1625.356,25.556,85,0,0,0,0
2021-10-11 02:00:00,2103.403,25.556,85,0,0,0,0
2021-10-11 03:00:00,2104.068,30.556,47,0,0,0,0
2021-10-11 04:00:00,2085.112,30.556,47,0,0,0,0
2021-10-11 05:00:00,2837.182,30.556,47,0,0,0,0
2021-10-11 06:00:00,3108.713,32.778,30,0,0,0,0
2021-10-11 07:00:00,3426.634,32.778,30,0,0,0,0
2021-10-11 08:00:00,3422.81,32.778,30,0,0,0,0
2021-10-11 09:00:00,3824.368,30.556,47,0,0,0,0
2021-10-11 10:00:00,4053.83,30.556,47,0,0,0,0
2021-10-11 11:00:00,4149.439,30.556,47,0,0,0,0
2021-10-11 12:00:00,4065.968,26.111,72,0,0,0,0
2021-10-11 13:00:00,3676.881,26.111,72,0,0,0,0
2021-10-11 14:00:00,3838.335,26.111,72,0,0,0,0
2021-10-11 15:00:00,4092.074,25.0,83,0,0,0,0
2021-10-11 16:00:00,4224.098,25.0,83,0,0,0,0
2021-10-11 17:00:00,4127.657,25.0,83,0,0,0,0
2021-10-11 18:00:00,1216.482,25.0,90,0,0,0,0
2021-10-11 19:00:00,1216.482,25.0,90,0,0,0,0
2021-10-11 20:00:00,1118.378,25.0,90,0,0,0,0
2021-10-11 21:00:00,1059.516,23.889,90,0,0,0,0
2021-10-11 22:00:00,1020.275,23.889,90,0,0,0,0
2021-10-11 23:00:00,981.034,23.889,90,0,0,0,0
2021-10-12 00:00:00,2294.621,27.222,78,0,0,0,0
2021-10-12 01:00:00,2294.621,27.222,78,0,0,0,0
2021-10-12 02:00:00,2294.621,27.222,78,0,0,0,0
2021-10-12 03:00:00,2294.621,31.667,48,0,0,0,0
2021-10-12 04:00:00,2464.223,31.667,48,0,0,0,0
2021-10-12 05:00:00,2536.554,31.667,48,0,0,0,0
2021-10-12 06:00:00,3317.556,32.778,39,0,0,0,0
2021-10-12 07:00:00,3728.759,32.778,39,0,0,0,0
2021-10-12 08:00:00,4111.196,32.778,39,0,0,0,0
2021-10-12 09:00:00,4111.196,30.556,52,0,0,0,0
2021-10-12 10:00:00,4092.074,30.556,52,0,0,0,0
2021-10-12 11:00:00,3996.465,30.556,52,0,0,0,0
2021-10-12 12:00:00,3805.246,26.667,78,0,0,0,0
2021-10-12 13:00:00,3799.759,26.667,78,0,0,0,0
2021-10-12 14:00:00,3774.153,26.667,78,0,0,0,0
2021-10-12 15:00:00,2970.37,25.556,83,0,0,0,0
2021-10-12 16:00:00,3259.692,25.556,83,0,0,0,0
2021-10-12 17:00:00,2908.183,25.556,83,0,0,0,0
2021-10-12 18:00:00,1236.102,24.444,88,0,0,0,0
2021-10-12 19:00:00,1186.718,24.444,88,0,0,0,0
2021-10-12 20:00:00,1147.809,24.444,88,0,0,0,0
2021-10-12 21:00:00,1562.338,24.444,90,0,0,0,0
2021-10-12 22:00:00,1504.473,24.444,90,0,0,0,0
2021-10-12 23:00:00,1446.609,24.444,90,0,0,0,0
2021-10-13 00:00:00,2395.21,27.222,86,0,0,0,0
2021-10-13 01:00:00,2395.21,27.222,86,0,0,0,0
2021-10-13 02:00:00,2374.382,27.222,86,0,0,0,0
2021-10-13 03:00:00,2469.357,32.222,48,0,0,0,0
2021-10-13 04:00:00,2659.308,32.222,48,0,0,0,0
2021-10-13 05:00:00,2705.962,32.222,48,0,0,0,0
2021-10-13 06:00:00,3440.771,33.333,42,0,0,0,0
2021-10-13 07:00:00,3735.694,33.333,42,0,0,0,0
2021-10-13 08:00:00,3801.51,33.333,42,0,0,0,0
2021-10-13 09:00:00,3898.985,28.889,60,0,0,0,0
2021-10-13 10:00:00,3775.017,28.889,60,0,0,0,0
2021-10-13 11:00:00,3735.694,28.889,60,0,0,0,0
2021-10-13 12:00:00,2667.306,26.111,82,0,0,0,0
2021-10-13 13:00:00,3363.124,26.111,82,0,0,0,0
2021-10-13 14:00:00,3363.124,26.111,82,0,0,0,0
2021-10-13 15:00:00,3653.049,25.0,88,0,0,0,0
2021-10-13 16:00:00,3595.064,25.0,88,0,0,0,0
2021-10-13 17:00:00,1207.186,25.0,88,0,0,0,0
2021-10-13 18:00:00,1198.355,25.0,88,0,0,0,0
2021-10-13 19:00:00,1159.698,25.0,88,0,0,0,0
2021-10-13 20:00:00,1111.211,25.0,88,0,0,0,0
2021-10-13 21:00:00,1033.231,23.889,91,0,0,0,0
2021-10-13 22:00:00,994.241,23.889,91,0,0,0,0
2021-10-13 23:00:00,966.415,23.889,91,0,0,0,0
2021-10-14 00:00:00,956.092,27.222,81,0,0,0,0
2021-10-14 01:00:00,1516.445,27.222,81,0,0,0,0
2021-10-14 02:00:00,1573.312,27.222,81,0,0,0,0
2021-10-14 03:00:00,1559.511,32.222,52,0,0,0,0
2021-10-14 04:00:00,1597.089,32.222,52,0,0,0,0
2021-10-14 05:00:00,2140.981,32.222,52,0,0,0,0
2021-10-14 06:00:00,2638.814,32.778,39,0,0,0,0
2021-10-14 07:00:00,3035.551,32.778,39,0,0,0,0
2021-10-14 08:00:00,3594.906,32.778,39,0,0,0,0
2021-10-14 09:00:00,3791.113,31.111,47,0,0,0,0
2021-10-14 10:00:00,3889.382,31.111,47,0,0,0,0
2021-10-14 11:00:00,3889.382,31.111,47,0,0,0,0
2021-10-14 12:00:00,3958.221,26.667,76,0,0,0,0
2021-10-14 13:00:00,3799.759,26.667,76,0,0,0,0
2021-10-14 14:00:00,3633.15,26.667,76,0,0,0,0
2021-10-14 15:00:00,3575.784,25.0,82,0,0,0,0
2021-10-14 16:00:00,3441.931,25.0,82,0,0,0,0
2021-10-14 17:00:00,3060.825,25.0,82,0,0,0,0
2021-10-14 18:00:00,1185.554,24.444,90,0,0,0,0
2021-10-14 19:00:00,1185.554,24.444,90,0,0,0,0
2021-10-14 20:00:00,1128.189,24.444,90,0,0,0,0
2021-10-14 21:00:00,1070.823,23.889,91,0,0,0,0
2021-10-14 22:00:00,1032.579,23.889,91,0,0,0,0
2021-10-14 23:00:00,956.092,23.889,91,0,0,0,0
2021-10-15 00:00:00,2274.668,27.222,81,0,0,0,0
2021-10-15 01:00:00,2274.668,27.222,81,0,0,0,0
2021-10-15 02:00:00,2274.668,27.222,81,0,0,0,0
2021-10-15 03:00:00,2254.714,32.222,52,0,0,0,0
2021-10-15 04:00:00,2254.714,32.222,52,0,0,0,0
2021-10-15 05:00:00,2498.975,32.222,52,0,0,0,0
2021-10-15 06:00:00,3041.204,32.778,39,0,0,0,0
2021-10-15 07:00:00,2989.658,32.778,39,0,0,0,0
2021-10-15 08:00:00,3174.226,32.778,39,0,0,0,0
2021-10-15 09:00:00,3201.828,31.111,47,0,0,0,0
2021-10-15 10:00:00,3209.975,31.111,47,0,0,0,0
2021-10-15 11:00:00,2918.159,31.111,47,0,0,0,0
2021-10-15 12:00:00,2879.25,26.667,76,0,0,0,0
2021-10-15 13:00:00,2923.48,26.667,76,0,0,0,0
2021-10-15 14:00:00,3217.79,26.667,76,0,0,0,0
2021-10-15 15:00:00,3158.928,25.0,82,0,0,0,0
2021-10-15 16:00:00,2584.608,25.0,82,0,0,0,0
2021-10-15 17:00:00,2394.221,25.0,82,0,0,0,0
2021-10-15 18:00:00,1185.554,24.444,90,0,0,0,0
2021-10-15 19:00:00,1147.31,24.444,90,0,0,0,0
2021-10-15 20:00:00,1118.711,24.444,90,0,0,0,0
2021-10-15 21:00:00,1080.135,26.111,92,0,0,0,0
2021-10-15 22:00:00,1022.27,26.111,92,0,0,0,0
2021-10-15 23:00:00,945.118,26.111,92,0,0,0,0
2021-10-16 00:00:00,2144.036,27.222,94,0,0,0,0
2021-10-16 01:00:00,2144.036,27.222,94,0,0,0,0
2021-10-16 02:00:00,1756.022,27.222,94,0,0,0,0
2021-10-16 03:00:00,1337.732,27.778,80,0,0,0,0
2021-10-16 04:00:00,1356.057,27.778,80,0,0,0,0
2021-10-16 05:00:00,1374.382,27.778,80,0,0,0,0
2021-10-16 06:00:00,1848.445,29.444,72,0,0,0,0
2021-10-16 07:00:00,1850.835,29.444,72,0,0,0,0
2021-10-16 08:00:00,1889.238,29.444,72,0,0,0,0
2021-10-16 09:00:00,1848.445,27.778,84,0,0,0,0
2021-10-16 10:00:00,1848.445,27.778,84,0,0,0,0
2021-10-16 11:00:00,1823.905,27.778,84,0,0,0,0
2021-10-16 12:00:00,1839.362,26.111,88,0,0,0,0
2021-10-16 13:00:00,1839.362,26.111,88,0,0,0,0
2021-10-16 14:00:00,1839.362,26.111,88,0,0,0,0
2021-10-16 15:00:00,1896.249,25.556,90,0,0,0,0
2021-10-16 16:00:00,1880.314,25.556,90,0,0,0,0
2021-10-16 17:00:00,1146.036,25.556,90,0,0,0,0
2021-10-16 18:00:00,1136.156,26.667,92,0,0,0,0
2021-10-16 19:00:00,1099.506,26.667,92,0,0,0,0
2021-10-16 20:00:00,1044.531,26.667,92,0,0,0,0
2021-10-16 21:00:00,971.23,25.556,90,0,0,0,0
2021-10-16 22:00:00,934.58,25.556,90,0,0,0,0
2021-10-16 23:00:00,916.255,25.556,90,0,0,0,0
2021-10-17 00:00:00,942.827,27.222,90,1,0,0,0
2021-10-17 01:00:00,942.827,27.222,90,1,0,0,0
2021-10-17 02:00:00,942.827,27.222,90,1,0,0,0
2021-10-17 03:00:00,942.827,29.444,73,1,0,0,0
2021-10-17 04:00:00,942.827,29.444,73,1,0,0,0
2021-10-17 05:00:00,942.827,29.444,73,1,0,0,0
2021-10-17 06:00:00,1012.365,31.111,65,1,0,0,0
2021-10-17 07:00:00,1658.678,31.111,65,1,0,0,0
2021-10-17 08:00:00,1776.08,31.111,65,1,0,0,0
2021-10-17 09:00:00,1811.601,28.333,84,1,0,0,0
2021-10-17 10:00:00,1920.574,28.333,84,1,0,0,0
2021-10-17 11:00:00,1065.648,28.333,84,1,0,0,0
2021-10-17 12:00:00,976.844,26.667,92,1,0,0,0
2021-10-17 13:00:00,941.322,26.667,92,1,0,0,0
2021-10-17 14:00:00,977.747,26.667,92,1,0,0,0
2021-10-17 15:00:00,960.287,26.667,92,1,0,0,0
2021-10-17 16:00:00,969.318,25.0,90,1,0,0,0
2021-10-17 17:00:00,1232.72,25.0,90,1,0,0,0
2021-10-17 18:00:00,890.448,25.0,90,1,0,0,0
2021-10-17 19:00:00,890.448,25.0,90,1,0,0,0
2021-10-17 20:00:00,838.069,25.0,90,1,0,0,0
2021-10-17 21:00:00,845.293,25.0,93,1,0,0,0
2021-10-17 22:00:00,768.23,25.0,93,1,0,0,0
2021-10-17 23:00:00,750.77,25.0,93,1,0,0,0
2021-10-18 00:00:00,1034.173,27.778,84,0,0,0,0
2021-10-18 01:00:00,1007.88,27.778,84,0,0,0,0
2021-10-18 02:00:00,1007.88,27.778,84,0,0,0,0
2021-10-18 03:00:00,1081.181,31.111,59,0,0,0,0
2021-10-18 04:00:00,1090.582,31.111,59,0,0,0,0
2021-10-18 05:00:00,1164.52,31.111,59,0,0,0,0
2021-10-18 06:00:00,1162.608,32.778,54,0,0,0,0
2021-10-18 07:00:00,1297.417,32.778,54,0,0,0,0
2021-10-18 08:00:00,1349.365,32.778,54,0,0,0,0
2021-10-18 09:00:00,1284.988,31.111,58,0,0,0,0
2021-10-18 10:00:00,1722.559,31.111,58,0,0,0,0
2021-10-18 11:00:00,1700.569,31.111,58,0,0,0,0
2021-10-18 12:00:00,1700.569,27.778,83,0,0,0,0
2021-10-18 13:00:00,1566.079,27.778,83,0,0,0,0
2021-10-18 14:00:00,1685.909,27.778,83,0,0,0,0
2021-10-18 15:00:00,1539.308,27.222,90,0,0,0,0
2021-10-18 16:00:00,1539.308,27.222,90,0,0,0,0
2021-10-18 17:00:00,1792.991,27.222,90,0,0,0,0
2021-10-18 18:00:00,1164.52,25.556,93,0,0,0,0
2021-10-18 19:00:00,1164.52,25.556,93,0,0,0,0
2021-10-18 20:00:00,1090.582,25.556,93,0,0,0,0
2021-10-18 21:00:00,1016.645,25.556,91,0,0,0,0
2021-10-18 22:00:00,988.121,25.556,91,0,0,0,0
2021-10-18 23:00:00,932.19,25.556,91,0,0,0,0
2021-10-19 00:00:00,1601.918,27.778,90,0,0,0,0
2021-10-19 01:00:00,1601.918,27.778,90,0,0,0,0
2021-10-19 02:00:00,1601.918,27.778,90,0,0,0,0
2021-10-19 03:00:00,1601.918,30.556,60,0,0,0,0
2021-10-19 04:00:00,1574.299,30.556,60,0,0,0,0
2021-10-19 05:00:00,1574.299,30.556,60,0,0,0,0
2021-10-19 06:00:00,1560.489,32.222,52,0,0,0,0
2021-10-19 07:00:00,1685.426,32.222,52,0,0,0,0
2021-10-19 08:00:00,1666.905,32.222,52,0,0,0,0
2021-10-19 09:00:00,1703.947,29.444,64,0,0,0,0
2021-10-19 10:00:00,1532.058,29.444,64,0,0,0,0
2021-10-19 11:00:00,1629.863,29.444,64,0,0,0,0
2021-10-19 12:00:00,1518.736,26.667,79,0,0,0,0
2021-10-19 13:00:00,1629.863,26.667,79,0,0,0,0
2021-10-19 14:00:00,1606.792,26.667,79,0,0,0,0
2021-10-19 15:00:00,1666.905,25.556,88,0,0,0,0
2021-10-19 16:00:00,1685.426,25.556,88,0,0,0,0
2021-10-19 17:00:00,1924.414,25.556,88,0,0,0,0
2021-10-19 18:00:00,1243.842,25.556,90,0,0,0,0
2021-10-19 19:00:00,1224.996,25.556,90,0,0,0,0
2021-10-19 20:00:00,1130.766,25.556,90,0,0,0,0
2021-10-19 21:00:00,1074.228,23.889,95,0,0,0,0
2021-10-19 22:00:00,950.428,23.889,95,0,0,0,0
2021-10-19 23:00:00,950.428,23.889,95,0,0,0,0
2021-10-20 00:00:00,1275.427,26.111,80,0,0,0,0
2021-10-20 01:00:00,1275.427,26.111,80,0,0,0,0
2021-10-20 02:00:00,1275.427,26.111,80,0,0,0,0
2021-10-20 03:00:00,1264.432,30.556,48,0,0,0,0
2021-10-20 04:00:00,1264.432,30.556,48,0,0,0,0
2021-10-20 05:00:00,1264.432,30.556,48,0,0,0,0
2021-10-20 06:00:00,1575.958,32.778,42,0,0,0,0
2021-10-20 07:00:00,1798.409,32.778,42,0,0,0,0
2021-10-20 08:00:00,1689.415,32.778,42,0,0,0,0
2021-10-20 09:00:00,1780.243,30.556,59,0,0,0,0
2021-10-20 10:00:00,1780.243,30.556,59,0,0,0,0
2021-10-20 11:00:00,1889.238,30.556,59,0,0,0,0
2021-10-20 12:00:00,1961.901,27.222,78,0,0,0,0
2021-10-20 13:00:00,1961.901,27.222,78,0,0,0,0
2021-10-20 14:00:00,1961.901,27.222,78,0,0,0,0
2021-10-20 15:00:00,1832.51,25.556,90,0,0,0,0
2021-10-20 16:00:00,1977.836,25.556,90,0,0,0,0
2021-10-20 17:00:00,2107.227,25.556,90,0,0,0,0
2021-10-20 18:00:00,1201.489,25.0,91,0,0,0,0
2021-10-20 19:00:00,1174.559,25.0,91,0,0,0,0
2021-10-20 20:00:00,1118.628,25.0,91,0,0,0,0
2021-10-20 21:00:00,1081.34,23.333,91,0,0,0,0
2021-10-20 22:00:00,1006.765,23.333,91,0,0,0,0
2021-10-20 23:00:00,913.546,23.333,91,0,0,0,0
2021-10-21 00:00:00,1383.756,24.444,88,0,0,0,0
2021-10-21 01:00:00,1383.756,24.444,88,0,0,0,0
2021-10-21 02:00:00,1383.756,24.444,88,0,0,0,0
2021-10-21 03:00:00,1383.756,30.0,44,0,0,0,0
2021-10-21 04:00:00,1371.618,30.0,44,0,0,0,0
2021-10-21 05:00:00,1371.618,30.0,44,0,0,0,0
2021-10-21 06:00:00,1663.6,32.222,30,0,0,0,0
2021-10-21 07:00:00,1935.297,32.222,30,0,0,0,0
2021-10-21 08:00:00,2085.777,32.222,30,0,0,0,0
2021-10-21 09:00:00,2085.112,30.556,49,0,0,0,0
2021-10-21 10:00:00,2179.89,30.556,49,0,0,0,0
2021-10-21 11:00:00,2179.89,30.556,49,0,0,0,0
2021-10-21 12:00:00,2179.89,26.111,78,0,0,0,0
2021-10-21 13:00:00,2179.89,26.111,78,0,0,0,0
2021-10-21 14:00:00,2293.623,26.111,78,0,0,0,0
2021-10-21 15:00:00,2350.49,23.889,87,0,0,0,0
2021-10-21 16:00:00,2179.89,23.889,87,0,0,0,0
2021-10-21 17:00:00,2179.89,23.889,87,0,0,0,0
2021-10-21 18:00:00,1176.575,24.444,93,0,0,0,0
2021-10-21 19:00:00,1176.575,24.444,93,0,0,0,0
2021-10-21 20:00:00,1118.711,24.444,93,0,0,0,0
2021-10-21 21:00:00,1080.135,22.778,91,0,0,0,0
2021-10-21 22:00:00,1022.27,22.778,91,0,0,0,0
2021-10-21 23:00:00,964.406,22.778,91,0,0,0,0
2021-10-22 00:00:00,1086.095,24.444,74,0,0,0,0
2021-10-22 01:00:00,1086.095,24.444,74,0,0,0,0
2021-10-22 02:00:00,1086.095,24.444,74,0,0,0,0
2021-10-22 03:00:00,1086.095,30.556,39,0,0,0,0
2021-10-22 04:00:00,1076.567,30.556,39,0,0,0,0
2021-10-22 05:00:00,1171.003,30.556,39,0,0,0,0
2021-10-22 06:00:00,1397.649,32.222,29,0,0,0,0
2021-10-22 07:00:00,1397.649,32.222,29,0,0,0,0
2021-10-22 08:00:00,1699.843,32.222,29,0,0,0,0
2021-10-22 09:00:00,1600.56,27.778,37,0,0,0,0
2021-10-22 10:00:00,1676.778,27.778,37,0,0,0,0
2021-10-22 11:00:00,1657.723,27.778,37,0,0,0,0
2021-10-22 12:00:00,1714.886,22.778,72,0,0,0,0
2021-10-22 13:00:00,1638.669,22.778,72,0,0,0,0
2021-10-22 14:00:00,1619.615,22.778,72,0,0,0,0
2021-10-22 15:00:00,1718.73,22.222,87,0,0,0,0
2021-10-22 16:00:00,1619.615,22.222,87,0,0,0,0
2021-10-22 17:00:00,1505.289,22.222,87,0,0,0,0
2021-10-22 18:00:00,1027.595,23.333,90,0,0,0,0
2021-10-22 19:00:00,1008.206,23.333,90,0,0,0,0
2021-10-22 20:00:00,969.429,23.333,90,0,0,0,0
2021-10-22 21:00:00,930.652,20.556,94,0,0,0,0
2021-10-22 22:00:00,860.452,20.556,94,0,0,0,0
2021-10-22 23:00:00,840.896,20.556,94,0,0,0,0
2021-10-23 00:00:00,1343.509,22.778,84,0,0,0,0
2021-10-23 01:00:00,1343.509,22.778,84,0,0,0,0
2021-10-23 02:00:00,1513.812,22.778,84,0,0,0,0
2021-10-23 03:00:00,1500.649,28.333,35,0,0,0,0
2021-10-23 04:00:00,1688.23,28.333,35,0,0,0,0
2021-10-23 05:00:00,1946.894,28.333,35,0,0,0,0
2021-10-23 06:00:00,2008.105,30.0,30,0,0,0,0
2021-10-23 07:00:00,2082.479,30.0,30,0,0,0,0
2021-10-23 08:00:00,2287.009,30.0,30,0,0,0,0
2021-10-23 09:00:00,2382.28,29.444,36,0,0,0,0
2021-10-23 10:00:00,2476.071,29.444,36,0,0,0,0
2021-10-23 11:00:00,2513.587,29.444,36,0,0,0,0
2021-10-23 12:00:00,2551.103,23.333,79,0,0,0,0
2021-10-23 13:00:00,2384.255,23.333,79,0,0,0,0
2021-10-23 14:00:00,2119.337,23.333,79,0,0,0,0
2021-10-23 15:00:00,2535.636,22.222,82,0,0,0,0
2021-10-23 16:00:00,2403.177,22.222,82,0,0,0,0
2021-10-23 17:00:00,2368.787,22.222,82,0,0,0,0
2021-10-23 18:00:00,1203.81,21.111,91,0,0,0,0
2021-10-23 19:00:00,1145.561,21.111,91,0,0,0,0
2021-10-23 20:00:00,1078.098,21.111,91,0,0,0,0
2021-10-23 21:00:00,1039.594,21.111,93,0,0,0,0
2021-10-23 22:00:00,981.839,21.111,93,0,0,0,0
2021-10-23 23:00:00,931.982,21.111,93,0,0,0,0
2021-10-24 00:00:00,1737.1,24.444,81,1,0,0,0
2021-10-24 01:00:00,1737.1,24.444,81,1,0,0,0
2021-10-24 02:00:00,1737.1,24.444,81,1,0,0,0
2021-10-24 03:00:00,1737.1,30.556,34,1,0,0,0
2021-10-24 04:00:00,1951.594,30.556,34,1,0,0,0
2021-10-24 05:00:00,1951.594,30.556,34,1,0,0,0
2021-10-24 06:00:00,2086.198,32.222,30,1,0,0,0
2021-10-24 07:00:00,2219.46,32.222,30,1,0,0,0
2021-10-24 08:00:00,2372.526,32.222,30,1,0,0,0
2021-10-24 09:00:00,2525.592,28.889,48,1,0,0,0
2021-10-24 10:00:00,2541.369,28.889,48,1,0,0,0
2021-10-24 11:00:00,2768.954,28.889,48,1,0,0,0
2021-10-24 12:00:00,2793.458,24.444,75,1,0,0,0
2021-10-24 13:00:00,2602.125,24.444,75,1,0,0,0
2021-10-24 14:00:00,2602.125,24.444,75,1,0,0,0
2021-10-24 15:00:00,2674.127,21.667,87,1,0,0,0
2021-10-24 16:00:00,2353.393,21.667,87,1,0,0,0
2021-10-24 17:00:00,2200.326,21.667,87,1,0,0,0
2021-10-24 18:00:00,1207.075,21.111,83,1,0,0,0
2021-10-24 19:00:00,1207.075,21.111,83,1,0,0,0
2021-10-24 20:00:00,1129.199,21.111,83,1,0,0,0
2021-10-24 21:00:00,1070.792,21.111,94,1,0,0,0
2021-10-24 22:00:00,981.839,21.111,94,1,0,0,0
2021-10-24 23:00:00,981.839,21.111,94,1,0,0,0
2021-10-25 00:00:00,1322.04,22.778,89,0,0,0,0
2021-10-25 01:00:00,1322.04,22.778,89,0,0,0,0
2021-10-25 02:00:00,1310.643,22.778,89,0,0,0,0
2021-10-25 03:00:00,1348.09,27.222,41,0,0,0,0
2021-10-25 04:00:00,1479.154,27.222,41,0,0,0,0
2021-10-25 05:00:00,1928.517,27.222,41,0,0,0,0
2021-10-25 06:00:00,2022.135,29.444,32,0,0,0,0
2021-10-25 07:00:00,2097.354,29.444,32,0,0,0,0
2021-10-25 08:00:00,2246.816,29.444,32,0,0,0,0
2021-10-25 09:00:00,2336.526,27.222,40,0,0,0,0
2021-10-25 10:00:00,2394.325,27.222,40,0,0,0,0
2021-10-25 11:00:00,2557.3,27.222,40,0,0,0,0
2021-10-25 12:00:00,2606.307,22.778,77,0,0,0,0
2021-10-25 13:00:00,2487.128,22.778,77,0,0,0,0
2021-10-25 14:00:00,2487.128,22.778,77,0,0,0,0
2021-10-25 15:00:00,2375.764,21.111,85,0,0,0,0
2021-10-25 16:00:00,2375.764,21.111,85,0,0,0,0
2021-10-25 17:00:00,2209.369,21.111,85,0,0,0,0
2021-10-25 18:00:00,1152.063,21.667,89,0,0,0,0
2021-10-25 19:00:00,1152.063,21.667,89,0,0,0,0
2021-10-25 20:00:00,1095.404,21.667,89,0,0,0,0
2021-10-25 21:00:00,1057.632,20.0,94,0,0,0,0
2021-10-25 22:00:00,963.2,20.0,94,0,0,0,0
2021-10-25 23:00:00,887.655,20.0,94,0,0,0,0
2021-10-26 00:00:00,1651.898,23.889,87,0,0,0,0
2021-10-26 01:00:00,1651.898,23.889,87,0,0,0,0
2021-10-26 02:00:00,1651.898,23.889,87,0,0,0,0
2021-10-26 03:00:00,1651.898,30.0,40,0,0,0,0
2021-10-26 04:00:00,1821.387,30.0,40,0,0,0,0
2021-10-26 05:00:00,1821.387,30.0,40,0,0,0,0
2021-10-26 06:00:00,2023.763,32.222,32,0,0,0,0
2021-10-26 07:00:00,2301.521,32.222,32,0,0,0,0
2021-10-26 08:00:00,2412.885,32.222,32,0,0,0,0
2021-10-26 09:00:00,2340.434,27.778,40,0,0,0,0
2021-10-26 10:00:00,2134.475,27.778,40,0,0,0,0
2021-10-26 11:00:00,2208.718,27.778,40,0,0,0,0
2021-10-26 12:00:00,2357.203,23.333,71,0,0,0,0
2021-10-26 13:00:00,2357.203,23.333,71,0,0,0,0
2021-10-26 14:00:00,2320.082,23.333,71,0,0,0,0
2021-10-26 15:00:00,2304.126,22.778,86,0,0,0,0
2021-10-26 16:00:00,2286.217,22.778,86,0,0,0,0
2021-10-26 17:00:00,2208.718,22.778,86,0,0,0,0
2021-10-26 18:00:00,1170.949,21.111,89,0,0,0,0
2021-10-26 19:00:00,1152.063,21.111,89,0,0,0,0
2021-10-26 20:00:00,1095.404,21.111,89,0,0,0,0
2021-10-26 21:00:00,1057.632,21.111,93,0,0,0,0
2021-10-26 22:00:00,944.314,21.111,93,0,0,0,0
2021-10-26 23:00:00,849.883,21.111,93,0,0,0,0
2021-10-27 00:00:00,1542.509,22.778,84,0,0,0,0
2021-10-27 01:00:00,1542.509,22.778,84,0,0,0,0
2021-10-27 02:00:00,1542.509,22.778,84,0,0,0,0
2021-10-27 03:00:00,1542.509,28.889,40,0,0,0,0
2021-10-27 04:00:00,1560.872,28.889,40,0,0,0,0
2021-10-27 05:00:00,1634.325,28.889,40,0,0,0,0
2021-10-27 06:00:00,1744.504,30.0,29,0,0,0,0
2021-10-27 07:00:00,2111.768,30.0,29,0,0,0,0
2021-10-27 08:00:00,2111.768,30.0,29,0,0,0,0
2021-10-27 09:00:00,2258.674,27.778,40,0,0,0,0
2021-10-27 10:00:00,2258.674,27.778,40,0,0,0,0
2021-10-27 11:00:00,2240.311,27.778,40,0,0,0,0
2021-10-27 12:00:00,2297.011,24.444,72,0,0,0,0
2021-10-27 13:00:00,2299.266,24.444,72,0,0,0,0
2021-10-27 14:00:00,2297.011,24.444,72,0,0,0,0
2021-10-27 15:00:00,2297.011,22.778,84,0,0,0,0
2021-10-27 16:00:00,2297.011,22.778,84,0,0,0,0
2021-10-27 17:00:00,2090.828,22.778,84,0,0,0,0
2021-10-27 18:00:00,1158.493,22.222,89,0,0,0,0
2021-10-27 19:00:00,1158.493,22.222,89,0,0,0,0
2021-10-27 20:00:00,1083.751,22.222,89,0,0,0,0
2021-10-27 21:00:00,1009.01,21.667,93,0,0,0,0
2021-10-27 22:00:00,934.268,21.667,93,0,0,0,0
2021-10-27 23:00:00,840.841,21.667,93,0,0,0,0
2021-10-28 00:00:00,1584.484,25.0,72,0,0,0,0
2021-10-28 01:00:00,1584.484,25.0,72,0,0,0,0
2021-10-28 02:00:00,1584.484,25.0,72,0,0,0,0
2021-10-28 03:00:00,1584.484,30.0,40,0,0,0,0
2021-10-28 04:00:00,1589.404,30.0,40,0,0,0,0
2021-10-28 05:00:00,1779.345,30.0,40,0,0,0,0
2021-10-28 06:00:00,2094.438,31.667,35,0,0,0,0
2021-10-28 07:00:00,2187.112,31.667,35,0,0,0,0
2021-10-28 08:00:00,2244.685,31.667,35,0,0,0,0
2021-10-28 09:00:00,2016.854,27.778,40,0,0,0,0
2021-10-28 10:00:00,1940.746,27.778,40,0,0,0,0
2021-10-28 11:00:00,1940.746,27.778,40,0,0,0,0
2021-10-28 12:00:00,1978.8,22.778,71,0,0,0,0
2021-10-28 13:00:00,2245.177,22.778,71,0,0,0,0
2021-10-28 14:00:00,1924.016,22.778,71,0,0,0,0
2021-10-28 15:00:00,1924.016,22.222,82,0,0,0,0
2021-10-28 16:00:00,2054.908,22.222,82,0,0,0,0
2021-10-28 17:00:00,1848.564,22.222,82,0,0,0,0
2021-10-28 18:00:00,1179.669,22.222,87,0,0,0,0
2021-10-28 19:00:00,1179.669,22.222,87,0,0,0,0
2021-10-28 20:00:00,1084.535,22.222,87,0,0,0,0
2021-10-28 21:00:00,1027.454,20.0,88,0,0,0,0
2021-10-28 22:00:00,951.346,20.0,88,0,0,0,0
2021-10-28 23:00:00,951.346,20.0,88,0,0,0,0
2021-10-29 00:00:00,1548.675,22.778,72,0,0,0,0
2021-10-29 01:00:00,1548.675,22.778,72,0,0,0,0
2021-10-29 02:00:00,1535.324,22.778,72,0,0,0,0
2021-10-29 03:00:00,1554.048,27.778,50,0,0,0,0
2021-10-29 04:00:00,1610.218,27.778,50,0,0,0,0
2021-10-29 05:00:00,1685.112,27.778,50,0,0,0,0
2021-10-29 06:00:00,1964.173,30.0,40,0,0,0,0
2021-10-29 07:00:00,2078.794,30.0,40,0,0,0,0
2021-10-29 08:00:00,2357.203,30.0,40,0,0,0,0
2021-10-29 09:00:00,2321.71,28.333,48,0,0,0,0
2021-10-29 10:00:00,2284.263,28.333,48,0,0,0,0
2021-10-29 11:00:00,2321.71,28.333,48,0,0,0,0
2021-10-29 12:00:00,2321.71,25.0,74,0,0,0,0
2021-10-29 13:00:00,2321.71,25.0,74,0,0,0,0
2021-10-29 14:00:00,2321.71,25.0,74,0,0,0,0
2021-10-29 15:00:00,2247.468,23.333,83,0,0,0,0
2021-10-29 16:00:00,2228.581,23.333,83,0,0,0,0
2021-10-29 17:00:00,2171.597,23.333,83,0,0,0,0
2021-10-29 18:00:00,1161.995,21.111,85,0,0,0,0
2021-10-29 19:00:00,1161.995,21.111,85,0,0,0,0
2021-10-29 20:00:00,704.817,21.111,85,0,0,0,0
2021-10-29 21:00:00,1009.602,22.222,92,0,0,0,0
2021-10-29 22:00:00,857.209,22.222,92,0,0,0,0
2021-10-29 23:00:00,857.209,22.222,92,0,0,0,0
2021-10-30 00:00:00,1662.997,25.556,70,0,0,0,0
2021-10-30 01:00:00,1662.997,25.556,70,0,0,0,0
2021-10-30 02:00:00,1662.997,25.556,70,0,0,0,0
2021-10-30 03:00:00,1662.997,30.0,53,0,0,0,0
2021-10-30 04:00:00,1662.997,30.0,53,0,0,0,0
2021-10-30 05:00:00,1726.141,30.0,53,0,0,0,0
2021-10-30 06:00:00,1891.41,31.667,44,0,0,0,0
2021-10-30 07:00:00,2001.589,31.667,44,0,0,0,0
2021-10-30 08:00:00,2038.638,31.667,44,0,0,0,0
2021-10-30 09:00:00,2002.233,28.889,53,0,0,0,0
2021-10-30 10:00:00,1965.829,28.889,53,0,0,0,0
2021-10-30 11:00:00,2001.589,28.889,53,0,0,0,0
2021-10-30 12:00:00,2111.768,25.0,83,0,0,0,0
2021-10-30 13:00:00,2111.768,25.0,83,0,0,0,0
2021-10-30 14:00:00,2185.221,25.0,83,0,0,0,0
2021-10-30 15:00:00,2185.221,23.889,90,0,0,0,0
2021-10-30 16:00:00,2093.244,23.889,90,0,0,0,0
2021-10-30 17:00:00,1980.649,23.889,90,0,0,0,0
2021-10-30 18:00:00,1149.633,22.778,88,0,0,0,0
2021-10-30 19:00:00,1111.94,22.778,88,0,0,0,0
2021-10-30 20:00:00,1074.247,22.778,88,0,0,0,0
2021-10-30 21:00:00,1017.708,21.667,93,0,0,0,0
2021-10-30 22:00:00,848.09,21.667,93,0,0,0,0
2021-10-30 23:00:00,848.09,21.667,93,0,0,0,0
2021-10-31 00:00:00,1579.235,23.889,73,1,0,0,0
2021-10-31 01:00:00,1579.235,23.889,73,1,0,0,0
2021-10-31 02:00:00,1579.235,23.889,73,1,0,0,0
2021-10-31 03:00:00,1565.621,28.889,33,1,0,0,0
2021-10-31 04:00:00,1565.621,28.889,33,1,0,0,0
2021-10-31 05:00:00,1773.113,28.889,33,1,0,0,0
2021-10-31 06:00:00,1938.286,30.556,29,1,0,0,0
2021-10-31 07:00:00,2225.166,30.556,29,1,0,0,0
2021-10-31 08:00:00,2318.66,30.556,29,1,0,0,0
2021-10-31 09:00:00,2505.649,28.889,40,1,0,0,0
2021-10-31 10:00:00,2224.182,28.889,40,1,0,0,0
2021-10-31 11:00:00,2224.182,28.889,40,1,0,0,0
2021-10-31 12:00:00,2356.058,28.889,72,1,0,0,0
2021-10-31 13:00:00,2281.263,28.889,72,1,0,0,0
2021-10-31 14:00:00,2281.263,28.889,72,1,0,0,0
2021-10-31 15:00:00,2281.263,22.222,87,1,0,0,0
2021-10-31 16:00:00,2056.876,22.222,87,1,0,0,0
2021-10-31 17:00:00,2206.959,22.222,87,1,0,0,0
2021-10-31 18:00:00,1179.669,23.333,91,1,0,0,0
2021-10-31 19:00:00,1179.669,23.333,91,1,0,0,0
2021-10-31 20:00:00,1046.481,23.333,91,1,0,0,0
2021-10-31 21:00:00,978.738,20.556,92,1,0,0,0
2021-10-31 22:00:00,863.593,20.556,92,1,0,0,0
2021-10-31 23:00:00,863.593,20.556,92,1,0,0,0
2021-11-01 00:00:00,1567.561,23.333,63,0,1,0,0
2021-11-01 01:00:00,1567.561,23.333,63,0,1,0,0
2021-11-01 02:00:00,1554.048,23.333,63,0,1,0,0
2021-11-01 03:00:00,1554.048,30.0,30,0,1,0,0
2021-11-01 04:00:00,1540.534,30.0,30,0,1,0,0
2021-11-01 05:00:00,1816.177,30.0,30,0,1,0,0
2021-11-01 06:00:00,1948.869,32.222,26,0,1,0,0
2021-11-01 07:00:00,2153.036,32.222,26,0,1,0,0
2021-11-01 08:00:00,2153.036,32.222,26,0,1,0,0
2021-11-01 09:00:00,2171.597,27.222,42,0,1,0,0
2021-11-01 10:00:00,2301.521,27.222,42,0,1,0,0
2021-11-01 11:00:00,2264.4,27.222,42,0,1,0,0
2021-11-01 12:00:00,2301.521,22.778,67,0,1,0,0
2021-11-01 13:00:00,2264.4,22.778,67,0,1,0,0
2021-11-01 14:00:00,2115.915,22.778,67,0,1,0,0
2021-11-01 15:00:00,2115.915,21.111,85,0,1,0,0
2021-11-01 16:00:00,2134.475,21.111,85,0,1,0,0
2021-11-01 17:00:00,2153.036,21.111,85,0,1,0,0
2021-11-01 18:00:00,1181.044,22.222,91,0,1,0,0
2021-11-01 19:00:00,1123.897,22.222,91,0,1,0,0
2021-11-01 20:00:00,1085.798,22.222,91,0,1,0,0
2021-11-01 21:00:00,1009.602,20.0,87,0,1,0,0
2021-11-01 22:00:00,857.209,20.0,87,0,1,0,0
2021-11-01 23:00:00,864.536,20.0,87,0,1,0,0
2021-11-02 00:00:00,1581.075,22.222,89,0,1,0,0
2021-11-02 01:00:00,1581.075,22.222,89,0,1,0,0
2021-11-02 02:00:00,1581.075,22.222,89,0,1,0,0
2021-11-02 03:00:00,1581.075,24.444,67,0,1,0,0
2021-11-02 04:00:00,1714.419,24.444,67,0,1,0,0
2021-11-02 05:00:00,1907.514,24.444,67,0,1,0,0
2021-11-02 06:00:00,2096.377,26.111,62,0,1,0,0
2021-11-02 07:00:00,2096.377,26.111,62,0,1,0,0
2021-11-02 08:00:00,2022.135,26.111,62,0,1,0,0
2021-11-02 09:00:00,1907.514,26.667,62,0,1,0,0
2021-11-02 10:00:00,1983.06,26.667,62,0,1,0,0
2021-11-02 11:00:00,1983.06,26.667,62,0,1,0,0
2021-11-02 12:00:00,1983.06,23.889,80,0,1,0,0
2021-11-02 13:00:00,1847.762,23.889,80,0,1,0,0
2021-11-02 14:00:00,1847.762,23.889,80,0,1,0,0
2021-11-02 15:00:00,2151.734,22.778,89,0,1,0,0
2021-11-02 16:00:00,1959.615,22.778,89,0,1,0,0
2021-11-02 17:00:00,2132.522,22.778,89,0,1,0,0
2021-11-02 18:00:00,1191.138,21.111,85,0,1,0,0
2021-11-02 19:00:00,1133.503,21.111,85,0,1,0,0
2021-11-02 20:00:00,1075.867,21.111,85,0,1,0,0
2021-11-02 21:00:00,999.019,21.667,95,0,1,0,0
2021-11-02 22:00:00,864.536,21.667,95,0,1,0,0
2021-11-02 23:00:00,864.536,21.667,95,0,1,0,0
2021-11-03 00:00:00,1440.841,23.889,87,0,1,0,0
2021-11-03 01:00:00,1440.841,23.889,87,0,1,0,0
2021-11-03 02:00:00,1440.841,23.889,87,0,1,0,0
2021-11-03 03:00:00,1258.456,29.444,57,0,1,0,0
2021-11-03 04:00:00,1258.456,29.444,57,0,1,0,0
2021-11-03 05:00:00,1283.865,29.444,57,0,1,0,0
2021-11-03 06:00:00,1844.426,31.667,49,0,1,0,0
2021-11-03 07:00:00,1951.519,31.667,49,0,1,0,0
2021-11-03 08:00:00,2097.427,31.667,49,0,1,0,0
2021-11-03 09:00:00,2115.354,29.444,64,0,1,0,0
2021-11-03 10:00:00,2115.354,29.444,64,0,1,0,0
2021-11-03 11:00:00,2079.188,29.444,64,0,1,0,0
2021-11-03 12:00:00,2042.711,25.556,86,0,1,0,0
2021-11-03 13:00:00,1971.94,25.556,86,0,1,0,0
2021-11-03 14:00:00,1913.015,25.556,86,0,1,0,0
2021-11-03 15:00:00,1637.1,25.0,88,0,1,0,0
2021-11-03 16:00:00,1434.762,25.0,88,0,1,0,0
2021-11-03 17:00:00,1294.933,25.0,88,0,1,0,0
2021-11-03 18:00:00,1122.057,22.222,93,0,1,0,0
2021-11-03 19:00:00,1057.833,22.222,93,0,1,0,0
2021-11-03 20:00:00,966.64,22.222,93,0,1,0,0
2021-11-03 21:00:00,919.719,22.778,92,0,1,0,0
2021-11-03 22:00:00,827.747,22.778,92,0,1,0,0
2021-11-03 23:00:00,827.747,22.778,92,0,1,0,0
2021-11-04 00:00:00,1456.85,25.556,88,0,1,0,0
2021-11-04 01:00:00,1456.85,25.556,88,0,1,0,0
2021-11-04 02:00:00,1456.85,25.556,88,0,1,0,0
2021-11-04 03:00:00,1456.85,29.444,67,0,1,0,0
2021-11-04 04:00:00,1733.468,29.444,67,0,1,0,0
2021-11-04 05:00:00,1718.652,29.444,67,0,1,0,0
2021-11-04 06:00:00,1919.77,31.667,43,0,1,0,0
2021-11-04 07:00:00,2157.614,31.667,43,0,1,0,0
2021-11-04 08:00:00,2194.496,31.667,43,0,1,0,0
2021-11-04 09:00:00,2306.246,29.444,59,0,1,0,0
2021-11-04 10:00:00,2269.049,29.444,59,0,1,0,0
2021-11-04 11:00:00,1973.203,29.444,59,0,1,0,0
2021-11-04 12:00:00,2065.408,26.667,79,0,1,0,0
2021-11-04 13:00:00,2102.606,26.667,79,0,1,0,0
2021-11-04 14:00:00,2231.851,26.667,79,0,1,0,0
2021-11-04 15:00:00,2176.055,25.0,90,0,1,0,0
2021-11-04 16:00:00,2120.259,25.0,90,0,1,0,0
2021-11-04 17:00:00,2083.849,25.0,90,0,1,0,0
2021-11-04 18:00:00,1153.123,24.444,91,0,1,0,0
2021-11-04 19:00:00,1124.91,24.444,91,0,1,0,0
2021-11-04 20:00:00,1069.586,24.444,91,0,1,0,0
2021-11-04 21:00:00,1041.531,22.778,92,0,1,0,0
2021-11-04 22:00:00,948.537,22.778,92,0,1,0,0
2021-11-04 23:00:00,911.339,22.778,92,0,1,0,0
2021-11-05 00:00:00,1393.366,25.556,91,0,1,0,0
2021-11-05 01:00:00,1393.366,25.556,91,0,1,0,0
2021-11-05 02:00:00,1393.366,25.556,91,0,1,0,0
2021-11-05 03:00:00,1417.389,28.889,64,0,1,0,0
2021-11-05 04:00:00,1381.354,28.889,64,0,1,0,0
2021-11-05 05:00:00,1627.348,28.889,64,0,1,0,0
2021-11-05 06:00:00,1905.923,32.222,43,0,1,0,0
2021-11-05 07:00:00,2175.447,32.222,43,0,1,0,0
2021-11-05 08:00:00,2213.951,32.222,43,0,1,0,0
2021-11-05 09:00:00,2213.951,28.889,45,0,1,0,0
2021-11-05 10:00:00,2156.195,28.889,45,0,1,0,0
2021-11-05 11:00:00,2156.195,28.889,45,0,1,0,0
2021-11-05 12:00:00,2156.195,24.444,80,0,1,0,0
2021-11-05 13:00:00,2156.195,24.444,80,0,1,0,0
2021-11-05 14:00:00,2077.543,24.444,80,0,1,0,0
2021-11-05 15:00:00,2059.937,22.222,91,0,1,0,0
2021-11-05 16:00:00,1905.923,22.222,91,0,1,0,0
2021-11-05 17:00:00,1961.045,22.222,91,0,1,0,0
2021-11-05 18:00:00,1174.356,24.444,93,0,1,0,0
2021-11-05 19:00:00,1174.356,24.444,93,0,1,0,0
2021-11-05 20:00:00,1097.349,24.444,93,0,1,0,0
2021-11-05 21:00:00,1039.594,20.0,94,0,1,0,0
2021-11-05 22:00:00,866.329,20.0,94,0,1,0,0
2021-11-05 23:00:00,866.329,20.0,94,0,1,0,0
2021-11-06 00:00:00,1271.02,23.889,86,0,1,0,0
2021-11-06 01:00:00,1271.02,23.889,86,0,1,0,0
2021-11-06 02:00:00,1271.02,23.889,86,0,1,0,0
2021-11-06 03:00:00,1260.157,28.333,47,0,1,0,0
2021-11-06 04:00:00,1249.294,28.333,47,0,1,0,0
2021-11-06 05:00:00,1315.832,28.333,47,0,1,0,0
2021-11-06 06:00:00,1988.685,29.444,34,0,1,0,0
2021-11-06 07:00:00,2106.825,29.444,34,0,1,0,0
2021-11-06 08:00:00,2106.825,29.444,34,0,1,0,0
2021-11-06 09:00:00,1968.995,27.222,48,0,1,0,0
2021-11-06 10:00:00,2085.268,27.222,48,0,1,0,0
2021-11-06 11:00:00,2106.825,27.222,48,0,1,0,0
2021-11-06 12:00:00,2244.655,22.778,81,0,1,0,0
2021-11-06 13:00:00,2402.174,22.778,81,0,1,0,0
2021-11-06 14:00:00,2303.725,22.778,81,0,1,0,0
2021-11-06 15:00:00,2186.264,21.111,91,0,1,0,0
2021-11-06 16:00:00,2028.065,21.111,91,0,1,0,0
2021-11-06 17:00:00,2065.408,21.111,91,0,1,0,0
2021-11-06 18:00:00,1211.441,21.667,91,0,1,0,0
2021-11-06 19:00:00,1211.441,21.667,91,0,1,0,0
2021-11-06 20:00:00,1132.003,21.667,91,0,1,0,0
2021-11-06 21:00:00,1081.59,19.444,94,0,1,0,0
2021-11-06 22:00:00,941.383,19.444,94,0,1,0,0
2021-11-06 23:00:00,901.325,19.444,94,0,1,0,0
2021-11-07 00:00:00,1230.49,22.222,80,1,1,0,0
2021-11-07 01:00:00,1194.824,22.222,80,1,1,0,0
2021-11-07 02:00:00,1194.824,22.222,80,1,1,0,0
2021-11-07 03:00:00,1166.931,29.444,37,1,1,0,0
2021-11-07 04:00:00,1156.871,29.444,37,1,1,0,0
2021-11-07 05:00:00,1226.985,29.444,37,1,1,0,0
2021-11-07 06:00:00,1591.27,30.556,33,1,1,0,0
2021-11-07 07:00:00,1805.42,30.556,33,1,1,0,0
2021-11-07 08:00:00,1891.843,30.556,33,1,1,0,0
2021-11-07 09:00:00,1980.247,27.222,37,1,1,0,0
2021-11-07 10:00:00,2068.651,27.222,37,1,1,0,0
2021-11-07 11:00:00,2032.984,27.222,37,1,1,0,0
2021-11-07 12:00:00,2015.761,20.556,71,1,1,0,0
2021-11-07 13:00:00,2280.82,20.556,71,1,1,0,0
2021-11-07 14:00:00,2280.82,20.556,71,1,1,0,0
2021-11-07 15:00:00,2192.416,19.444,79,1,1,0,0
2021-11-07 16:00:00,2068.651,19.444,79,1,1,0,0
2021-11-07 17:00:00,1927.204,19.444,79,1,1,0,0
2021-11-07 18:00:00,1123.491,20.556,92,1,1,0,0
2021-11-07 19:00:00,1123.491,20.556,92,1,1,0,0
2021-11-07 20:00:00,1034.325,20.556,92,1,1,0,0
2021-11-07 21:00:00,927.326,17.778,94,1,1,0,0
2021-11-07 22:00:00,802.494,17.778,94,1,1,0,0
2021-11-07 23:00:00,809.353,17.778,94,1,1,0,0
2021-11-08 00:00:00,1276.289,20.556,79,0,1,0,0
2021-11-08 01:00:00,1276.289,20.556,79,0,1,0,0
2021-11-08 02:00:00,1276.289,20.556,79,0,1,0,0
2021-11-08 03:00:00,1257.24,25.556,34,0,1,0,0
2021-11-08 04:00:00,1390.584,25.556,34,0,1,0,0
2021-11-08 05:00:00,1504.878,25.556,34,0,1,0,0
2021-11-08 06:00:00,1737.538,27.778,25,0,1,0,0
2021-11-08 07:00:00,1947.241,27.778,25,0,1,0,0
2021-11-08 08:00:00,1760.006,27.778,25,0,1,0,0
2021-11-08 09:00:00,2134.15,25.0,33,0,1,0,0
2021-11-08 10:00:00,2153.036,25.0,33,0,1,0,0
2021-11-08 11:00:00,2153.036,25.0,33,0,1,0,0
2021-11-08 12:00:00,2022.135,20.0,71,0,1,0,0
2021-11-08 13:00:00,2039.718,20.0,71,0,1,0,0
2021-11-08 14:00:00,2059.582,20.0,71,0,1,0,0
2021-11-08 15:00:00,2097.354,18.333,81,0,1,0,0
2021-11-08 16:00:00,1928.517,18.333,81,0,1,0,0
2021-11-08 17:00:00,1928.517,18.333,81,0,1,0,0
2021-11-08 18:00:00,1181.044,17.778,90,0,1,0,0
2021-11-08 19:00:00,1191.138,17.778,90,0,1,0,0
2021-11-08 20:00:00,1075.867,17.778,90,0,1,0,0
2021-11-08 21:00:00,990.553,17.778,94,0,1,0,0
2021-11-08 22:00:00,864.536,17.778,94,0,1,0,0
2021-11-08 23:00:00,864.536,17.778,94,0,1,0,0
2021-11-09 00:00:00,1208.402,20.556,78,0,1,0,0
2021-11-09 01:00:00,1208.402,20.556,78,0,1,0,0
2021-11-09 02:00:00,1198.073,20.556,78,0,1,0,0
2021-11-09 03:00:00,1198.073,25.556,41,0,1,0,0
2021-11-09 04:00:00,1215.955,25.556,41,0,1,0,0
2021-11-09 05:00:00,1258.655,25.556,41,0,1,0,0
2021-11-09 06:00:00,1555.707,27.778,37,0,1,0,0
2021-11-09 07:00:00,1896.847,27.778,37,0,1,0,0
2021-11-09 08:00:00,1895.459,27.778,37,0,1,0,0
2021-11-09 09:00:00,1841.814,25.0,50,0,1,0,0
2021-11-09 10:00:00,1861.392,25.0,50,0,1,0,0
2021-11-09 11:00:00,2414.028,25.0,50,0,1,0,0
2021-11-09 12:00:00,2360.383,21.667,72,0,1,0,0
2021-11-09 13:00:00,1823.933,21.667,72,0,1,0,0
2021-11-09 14:00:00,1913.341,21.667,72,0,1,0,0
2021-11-09 15:00:00,1698.761,20.0,87,0,1,0,0
2021-11-09 16:00:00,1823.933,20.0,87,0,1,0,0
2021-11-09 17:00:00,1929.835,20.0,87,0,1,0,0
2021-11-09 18:00:00,1136.258,18.333,90,0,1,0,0
2021-11-09 19:00:00,1136.258,18.333,90,0,1,0,0
2021-11-09 20:00:00,1046.079,18.333,90,0,1,0,0
2021-11-09 21:00:00,937.864,17.222,94,0,1,0,0
2021-11-09 22:00:00,811.613,17.222,94,0,1,0,0
2021-11-09 23:00:00,800.36,17.222,94,0,1,0,0
2021-11-10 00:00:00,1379.641,21.667,82,0,1,0,0
2021-11-10 01:00:00,1379.641,21.667,82,0,1,0,0
2021-11-10 02:00:00,1379.641,21.667,82,0,1,0,0
2021-11-10 03:00:00,1367.849,28.889,35,0,1,0,0
2021-11-10 04:00:00,1367.849,28.889,35,0,1,0,0
2021-11-10 05:00:00,1539.308,28.889,35,0,1,0,0
2021-11-10 06:00:00,1771.161,30.0,34,0,1,0,0
2021-11-10 07:00:00,1996.32,30.0,34,0,1,0,0
2021-11-10 08:00:00,1903.898,30.0,34,0,1,0,0
2021-11-10 09:00:00,1866.929,27.222,39,0,1,0,0
2021-11-10 10:00:00,1811.476,27.222,39,0,1,0,0
2021-11-10 11:00:00,1979.111,27.222,39,0,1,0,0
2021-11-10 12:00:00,1903.898,21.667,65,0,1,0,0
2021-11-10 13:00:00,1864.379,21.667,65,0,1,0,0
2021-11-10 14:00:00,1903.898,21.667,65,0,1,0,0
2021-11-10 15:00:00,1903.898,20.556,78,0,1,0,0
2021-11-10 16:00:00,1848.445,20.556,78,0,1,0,0
2021-11-10 17:00:00,1845.736,20.556,78,0,1,0,0
2021-11-10 18:00:00,1118.628,18.889,90,0,1,0,0
2021-11-10 19:00:00,1071.779,18.889,90,0,1,0,0
2021-11-10 20:00:00,902.551,18.889,90,0,1,0,0
2021-11-10 21:00:00,846.141,19.444,88,0,1,0,0
2021-11-10 22:00:00,846.141,19.444,88,0,1,0,0
2021-11-10 23:00:00,846.141,19.444,88,0,1,0,0
2021-11-11 00:00:00,1289.29,22.778,72,0,1,0,0
2021-11-11 01:00:00,1289.29,22.778,72,0,1,0,0
2021-11-11 02:00:00,1289.29,22.778,72,0,1,0,0
2021-11-11 03:00:00,1315.224,26.667,44,0,1,0,0
2021-11-11 04:00:00,1377.24,26.667,44,0,1,0,0
2021-11-11 05:00:00,1513.514,26.667,44,0,1,0,0
2021-11-11 06:00:00,1662.997,28.333,38,0,1,0,0
2021-11-11 07:00:00,1961.963,28.333,38,0,1,0,0
2021-11-11 08:00:00,1961.963,28.333,38,0,1,0,0
2021-11-11 09:00:00,1982.098,27.222,45,0,1,0,0
2021-11-11 10:00:00,1945.05,27.222,45,0,1,0,0
2021-11-11 11:00:00,1945.05,27.222,45,0,1,0,0
2021-11-11 12:00:00,1945.05,24.444,72,0,1,0,0
2021-11-11 13:00:00,1945.05,24.444,72,0,1,0,0
2021-11-11 14:00:00,1961.963,24.444,72,0,1,0,0
2021-11-11 15:00:00,1961.963,25.0,62,0,1,0,0
2021-11-11 16:00:00,1771.566,25.0,62,0,1,0,0
2021-11-11 17:00:00,1884.644,25.0,62,0,1,0,0
2021-11-11 18:00:00,1130.787,20.556,83,0,1,0,0
2021-11-11 19:00:00,1074.247,20.556,83,0,1,0,0
2021-11-11 20:00:00,904.629,20.556,83,0,1,0,0
2021-11-11 21:00:00,848.09,23.333,79,0,1,0,0
2021-11-11 22:00:00,848.09,23.333,79,0,1,0,0
2021-11-11 23:00:00,848.09,23.333,79,0,1,0,0
2021-11-12 00:00:00,1625.627,25.0,71,0,1,0,0
2021-11-12 01:00:00,1625.627,25.0,71,0,1,0,0
2021-11-12 02:00:00,1625.627,25.0,71,0,1,0,0
2021-11-12 03:00:00,1611.613,29.444,58,0,1,0,0
2021-11-12 04:00:00,1611.613,29.444,58,0,1,0,0
2021-11-12 05:00:00,1662.997,29.444,58,0,1,0,0
2021-11-12 06:00:00,1961.963,30.0,51,0,1,0,0
2021-11-12 07:00:00,1965.829,30.0,51,0,1,0,0
2021-11-12 08:00:00,1983.226,30.0,51,0,1,0,0
2021-11-12 09:00:00,1964.863,27.778,63,0,1,0,0
2021-11-12 10:00:00,2001.589,27.778,63,0,1,0,0
2021-11-12 11:00:00,1982.098,27.778,63,0,1,0,0
2021-11-12 12:00:00,1963.574,26.667,73,0,1,0,0
2021-11-12 13:00:00,1889.477,26.667,73,0,1,0,0
2021-11-12 14:00:00,1815.38,26.667,73,0,1,0,0
2021-11-12 15:00:00,1756.424,25.556,85,0,1,0,0
2021-11-12 16:00:00,1700.368,25.556,85,0,1,0,0
2021-11-12 17:00:00,1790.412,25.556,85,0,1,0,0
2021-11-12 18:00:00,1149.633,23.889,73,0,1,0,0
2021-11-12 19:00:00,1130.787,23.889,73,0,1,0,0
2021-11-12 20:00:00,1055.401,23.889,73,0,1,0,0
2021-11-12 21:00:00,912.361,24.444,90,0,1,0,0
2021-11-12 22:00:00,874.346,24.444,90,0,1,0,0
2021-11-12 23:00:00,855.339,24.444,90,0,1,0,0
2021-11-13 00:00:00,1323.245,26.111,85,0,1,0,0
2021-11-13 01:00:00,1323.245,26.111,85,0,1,0,0
2021-11-13 02:00:00,1323.245,26.111,85,0,1,0,0
2021-11-13 03:00:00,1323.245,28.889,65,0,1,0,0
2021-11-13 04:00:00,1430.535,28.889,65,0,1,0,0
2021-11-13 05:00:00,1511.311,28.889,65,0,1,0,0
2021-11-13 06:00:00,1595.479,29.444,62,0,1,0,0
2021-11-13 07:00:00,1609.352,29.444,62,0,1,0,0
2021-11-13 08:00:00,1662.997,29.444,62,0,1,0,0
2021-11-13 09:00:00,1843.664,28.889,68,0,1,1,0
2021-11-13 10:00:00,1932.302,28.889,68,0,1,1,0
2021-11-13 11:00:00,679.504,28.889,68,0,1,0,0
2021-11-13 12:00:00,1782.62,27.222,81,0,1,0,0
2021-11-13 13:00:00,1600.72,27.222,81,0,1,0,0
2021-11-13 14:00:00,1478.939,27.222,81,0,1,0,0
2021-11-13 15:00:00,1515.011,26.111,88,0,1,0,0
2021-11-13 16:00:00,1370.724,26.111,88,0,1,0,0
2021-11-13 17:00:00,1437.01,26.111,88,0,1,0,0
2021-11-13 18:00:00,1118.222,24.444,86,0,1,0,0
2021-11-13 19:00:00,1118.222,24.444,86,0,1,0,0
2021-11-13 20:00:00,937.864,24.444,86,0,1,0,0
2021-11-13 21:00:00,927.69,25.556,82,0,1,0,0
2021-11-13 22:00:00,836.74,25.556,82,0,1,0,0
2021-11-13 23:00:00,800.36,25.556,82,0,1,0,0
2021-11-14 00:00:00,1085.798,26.111,91,1,1,0,0
2021-11-14 01:00:00,1085.798,26.111,91,1,1,0,0
2021-11-14 02:00:00,1076.518,26.111,91,1,1,0,0
2021-11-14 03:00:00,1095.404,28.333,71,1,1,0,0
2021-11-14 04:00:00,1095.404,28.333,71,1,1,0,0
2021-11-14 05:00:00,1246.495,28.333,71,1,1,0,0
2021-11-14 06:00:00,1605.334,28.333,70,1,1,0,0
2021-11-14 07:00:00,1657.271,28.333,70,1,1,0,0
2021-11-14 08:00:00,1923.959,28.333,70,1,1,0,0
2021-11-14 09:00:00,1888.628,28.889,69,1,1,0,0
2021-11-14 10:00:00,2020.832,28.889,69,1,1,0,0
2021-11-14 11:00:00,2020.832,28.889,69,1,1,0,0
2021-11-14 12:00:00,1983.06,26.667,83,1,1,0,0
2021-11-14 13:00:00,1983.06,26.667,83,1,1,0,0
2021-11-14 14:00:00,1983.06,26.667,83,1,1,0,0
2021-11-14 15:00:00,2153.036,25.556,90,1,1,0,0
2021-11-14 16:00:00,1983.06,25.556,90,1,1,0,0
2021-11-14 17:00:00,2228.581,25.556,90,1,1,0,0
2021-11-14 18:00:00,1161.995,25.556,82,1,1,0,0
2021-11-14 19:00:00,1142.946,25.556,82,1,1,0,0
2021-11-14 20:00:00,1047.7,25.556,82,1,1,0,0
2021-11-14 21:00:00,952.455,24.444,93,1,1,0,0
2021-11-14 22:00:00,838.16,24.444,93,1,1,0,0
2021-11-14 23:00:00,838.16,24.444,93,1,1,0,0
2021-11-15 00:00:00,1631.051,26.667,89,0,1,0,0
2021-11-15 01:00:00,1631.051,26.667,89,0,1,0,0
2021-11-15 02:00:00,1332.688,26.667,89,0,1,0,0
2021-11-15 03:00:00,1332.688,27.778,67,0,1,0,0
2021-11-15 04:00:00,1332.688,27.778,67,0,1,0,0
2021-11-15 05:00:00,1340.919,27.778,67,0,1,0,0
2021-11-15 06:00:00,1971.94,31.111,53,0,1,0,0
2021-11-15 07:00:00,2031.098,31.111,53,0,1,0,0
2021-11-15 08:00:00,1538.113,31.111,53,0,1,0,0
2021-11-15 09:00:00,1971.94,30.0,56,0,1,0,0
2021-11-15 10:00:00,2148.214,30.0,56,0,1,0,0
2021-11-15 11:00:00,1949.305,30.0,56,0,1,0,0
2021-11-15 12:00:00,1949.305,27.222,78,0,1,0,0
2021-11-15 13:00:00,1810.069,27.222,78,0,1,0,0
2021-11-15 14:00:00,1730.506,27.222,78,0,1,0,0
2021-11-15 15:00:00,1745.424,26.667,87,0,1,0,0
2021-11-15 16:00:00,1670.833,26.667,87,0,1,0,0
2021-11-15 17:00:00,1459.235,26.667,87,0,1,0,0
2021-11-15 18:00:00,1243.865,25.0,91,0,1,0,0
2021-11-15 19:00:00,1243.865,25.0,91,0,1,0,0
2021-11-15 20:00:00,1083.367,25.0,91,0,1,0,0
2021-11-15 21:00:00,1043.242,23.889,93,0,1,0,0
2021-11-15 22:00:00,971.223,23.889,93,0,1,0,0
2021-11-15 23:00:00,930.756,23.889,93,0,1,0,0
2021-11-16 00:00:00,686.578,25.0,93,0,1,0,0
2021-11-16 01:00:00,686.578,25.0,93,0,1,0,0
2021-11-16 02:00:00,686.578,25.0,93,0,1,0,0
2021-11-16 03:00:00,686.578,30.0,83,0,1,0,0
2021-11-16 04:00:00,959.182,30.0,83,0,1,0,0
2021-11-16 05:00:00,1082.947,30.0,83,0,1,0,0
2021-11-16 06:00:00,1134.961,30.0,62,0,1,0,0
2021-11-16 07:00:00,1104.286,30.0,62,0,1,0,0
2021-11-16 08:00:00,1094.684,30.0,62,0,1,0,0
2021-11-16 09:00:00,1094.684,28.889,75,0,1,0,0
2021-11-16 10:00:00,1064.276,28.889,75,0,1,0,0
2021-11-16 11:00:00,1033.868,28.889,75,0,1,0,0
2021-11-16 12:00:00,1012.262,26.667,85,0,1,0,0
2021-11-16 13:00:00,1042.937,26.667,85,0,1,0,0
2021-11-16 14:00:00,1101.619,26.667,85,0,1,0,0
2021-11-16 15:00:00,1012.262,26.111,90,0,1,0,0
2021-11-16 16:00:00,1319.009,26.111,90,0,1,0,0
2021-11-16 17:00:00,1392.361,26.111,90,0,1,0,0
2021-11-16 18:00:00,959.182,25.556,90,0,1,0,0
2021-11-16 19:00:00,943.711,25.556,90,0,1,0,0
2021-11-16 20:00:00,912.77,25.556,90,0,1,0,0
2021-11-16 21:00:00,873.827,25.0,91,0,1,0,0
2021-11-16 22:00:00,811.41,25.0,91,0,1,0,0
2021-11-16 23:00:00,733.39,25.0,91,0,1,0,0
2021-11-17 00:00:00,1240.218,26.667,90,0,1,0,0
2021-11-17 01:00:00,1240.218,26.667,90,0,1,0,0
2021-11-17 02:00:00,1240.218,26.667,90,0,1,0,0
2021-11-17 03:00:00,1240.218,30.556,56,0,1,0,0
2021-11-17 04:00:00,1229.618,30.556,56,0,1,0,0
2021-11-17 05:00:00,1286.741,30.556,56,0,1,0,0
2021-11-17 06:00:00,1309.119,30.556,52,0,1,0,0
2021-11-17 07:00:00,1409.82,30.556,52,0,1,0,0
2021-11-17 08:00:00,1320.602,30.556,52,0,1,0,0
2021-11-17 09:00:00,1510.522,30.0,61,0,1,0,0
2021-11-17 10:00:00,1510.522,30.0,61,0,1,0,0
2021-11-17 11:00:00,1320.602,30.0,61,0,1,0,0
2021-11-17 12:00:00,1343.569,27.778,84,0,1,0,0
2021-11-17 13:00:00,1343.569,27.778,84,0,1,0,0
2021-11-17 14:00:00,1446.921,27.778,84,0,1,0,0
2021-11-17 15:00:00,1446.921,26.667,88,0,1,0,0
2021-11-17 16:00:00,1811.595,26.667,88,0,1,0,0
2021-11-17 17:00:00,1127.149,26.667,88,0,1,0,0
2021-11-17 18:00:00,1040.581,25.556,91,0,1,0,0
2021-11-17 19:00:00,1041.759,25.556,91,0,1,0,0
2021-11-17 20:00:00,1007.603,25.556,91,0,1,0,0
2021-11-17 21:00:00,956.369,25.556,92,0,1,0,0
2021-11-17 22:00:00,870.979,25.556,92,0,1,0,0
2021-11-17 23:00:00,785.589,25.556,92,0,1,0,0
2021-11-18 00:00:00,1532.2,27.222,89,0,1,0,0
2021-11-18 01:00:00,1532.2,27.222,89,0,1,0,0
2021-11-18 02:00:00,1532.2,27.222,89,0,1,0,0
2021-11-18 03:00:00,1532.2,30.0,63,0,1,0,0
2021-11-18 04:00:00,1505.783,30.0,63,0,1,0,0
2021-11-18 05:00:00,1510.776,30.0,63,0,1,0,0
2021-11-18 06:00:00,1569.571,31.111,53,0,1,0,0
2021-11-18 07:00:00,1662.997,31.111,53,0,1,0,0
2021-11-18 08:00:00,1778.331,31.111,53,0,1,0,0
2021-11-18 09:00:00,1583.101,26.667,87,0,1,0,0
2021-11-18 10:00:00,1488.869,26.667,87,0,1,0,0
2021-11-18 11:00:00,1488.869,26.667,87,0,1,0,0
2021-11-18 12:00:00,1539.61,25.556,90,0,1,0,0
2021-11-18 13:00:00,1461.324,25.556,90,0,1,0,0
2021-11-18 14:00:00,1476.144,25.556,90,0,1,0,0
2021-11-18 15:00:00,1526.562,26.111,92,0,1,0,0
2021-11-18 16:00:00,1526.562,26.111,92,0,1,0,0
2021-11-18 17:00:00,1513.514,26.111,92,0,1,0,0
2021-11-18 18:00:00,1129.981,23.889,88,0,1,0,0
2021-11-18 19:00:00,1129.981,23.889,88,0,1,0,0
2021-11-18 20:00:00,1055.884,23.889,88,0,1,0,0
2021-11-18 21:00:00,963.263,23.889,88,0,1,0,0
2021-11-18 22:00:00,840.841,23.889,88,0,1,0,0
2021-11-18 23:00:00,840.841,23.889,88,0,1,0,0
2021-11-19 00:00:00,1181.397,25.0,75,0,1,0,0
2021-11-19 01:00:00,1201.766,25.0,75,0,1,0,0
2021-11-19 02:00:00,1181.397,25.0,75,0,1,0,0
2021-11-19 03:00:00,1238.139,29.444,59,0,1,0,0
2021-11-19 04:00:00,1254.871,29.444,59,0,1,0,0
2021-11-19 05:00:00,1310.303,29.444,59,0,1,0,0
2021-11-19 06:00:00,1293.717,30.0,53,0,1,0,0
2021-11-19 07:00:00,1426.406,30.0,53,0,1,0,0
2021-11-19 08:00:00,1699.641,30.0,53,0,1,0,0
2021-11-19 09:00:00,1333.291,28.889,61,0,1,0,0
2021-11-19 10:00:00,1310.74,28.889,61,0,1,0,0
2021-11-19 11:00:00,1121.018,28.889,61,0,1,0,0
2021-11-19 12:00:00,1111.27,26.667,84,0,1,0,0
2021-11-19 13:00:00,1293.717,26.667,84,0,1,0,0
2021-11-19 14:00:00,1288.334,26.667,84,0,1,0,0
2021-11-19 15:00:00,1121.018,25.556,88,0,1,0,0
2021-11-19 16:00:00,1111.27,25.556,88,0,1,0,0
2021-11-19 17:00:00,1333.291,25.556,88,0,1,0,0
2021-11-19 18:00:00,1029.503,25.0,88,0,1,0,0
2021-11-19 19:00:00,995.749,25.0,88,0,1,0,0
2021-11-19 20:00:00,961.995,25.0,88,0,1,0,0
2021-11-19 21:00:00,877.609,25.0,90,0,1,0,0
2021-11-19 22:00:00,843.855,25.0,90,0,1,0,0
2021-11-19 23:00:00,793.224,25.0,90,0,1,0,0
2021-11-20 00:00:00,1209.526,26.667,81,0,1,0,0
2021-11-20 01:00:00,1209.526,26.667,81,0,1,0,0
2021-11-20 02:00:00,1209.526,26.667,81,0,1,0,0
2021-11-20 03:00:00,1209.526,27.778,70,0,1,0,0
2021-11-20 04:00:00,1278.641,27.778,70,0,1,0,0
2021-11-20 05:00:00,1267.619,27.778,70,0,1,0,0
2021-11-20 06:00:00,1426.406,28.889,60,0,1,0,0
2021-11-20 07:00:00,1324.52,28.889,60,0,1,0,0
2021-11-20 08:00:00,1289.664,28.889,60,0,1,0,0
2021-11-20 09:00:00,1324.52,27.778,60,0,1,0,0
2021-11-20 10:00:00,1289.664,27.778,60,0,1,0,0
2021-11-20 11:00:00,1267.619,27.778,60,0,1,0,0
2021-11-20 12:00:00,1267.619,26.667,78,0,1,0,0
2021-11-20 13:00:00,1267.619,26.667,78,0,1,0,0
2021-11-20 14:00:00,1267.619,26.667,78,0,1,0,0
2021-11-20 15:00:00,1267.619,25.556,86,0,1,0,0
2021-11-20 16:00:00,1289.664,25.556,86,0,1,0,0
2021-11-20 17:00:00,1177.649,25.556,86,0,1,0,0
2021-11-20 18:00:00,1062.059,25.556,86,0,1,0,0
2021-11-20 19:00:00,1019.457,24.444,93,0,1,0,0
2021-11-20 20:00:00,984.9,24.444,93,0,1,0,0
2021-11-20 21:00:00,933.063,24.444,93,0,1,0,0
2021-11-20 22:00:00,846.668,24.444,93,0,1,0,0
2021-11-20 23:00:00,819.111,24.444,93,0,1,0,0
2021-11-21 00:00:00,1345.949,26.667,83,1,1,0,0
2021-11-21 01:00:00,1345.949,26.667,83,1,1,0,0
2021-11-21 02:00:00,1345.949,26.667,83,1,1,0,0
2021-11-21 03:00:00,1345.949,31.111,53,1,1,0,0
2021-11-21 04:00:00,1345.949,31.111,53,1,1,0,0
2021-11-21 05:00:00,1420.992,31.111,53,1,1,0,0
2021-11-21 06:00:00,1420.992,31.111,50,1,1,0,0
2021-11-21 07:00:00,1408.635,31.111,50,1,1,0,0
2021-11-21 08:00:00,1538.227,31.111,50,1,1,0,0
2021-11-21 09:00:00,1555.707,28.889,65,1,1,0,0
2021-11-21 10:00:00,1639.641,28.889,65,1,1,0,0
2021-11-21 11:00:00,1639.641,28.889,65,1,1,0,0
2021-11-21 12:00:00,1551.488,26.667,82,1,1,0,0
2021-11-21 13:00:00,1529.186,26.667,82,1,1,0,0
2021-11-21 14:00:00,1493.624,26.667,82,1,1,0,0
2021-11-21 15:00:00,1493.624,26.667,85,1,1,0,0
2021-11-21 16:00:00,1516.227,26.667,85,1,1,0,0
2021-11-21 17:00:00,1528.885,26.667,85,1,1,0,0
2021-11-21 18:00:00,1299.688,25.0,90,1,1,0,0
2021-11-21 19:00:00,1310.989,25.0,90,1,1,0,0
2021-11-21 20:00:00,1293.509,25.0,90,1,1,0,0
2021-11-21 21:00:00,1380.909,25.0,90,1,1,0,0
2021-11-21 22:00:00,1241.07,25.0,90,1,1,0,0
2021-11-21 23:00:00,1244.686,25.0,90,1,1,0,0
2021-11-22 00:00:00,1296.7,25.556,91,0,1,0,0
2021-11-22 01:00:00,1296.7,25.556,91,0,1,0,0
2021-11-22 02:00:00,1296.7,25.556,91,0,1,0,0
2021-11-22 03:00:00,1296.7,28.889,73,0,1,0,0
2021-11-22 04:00:00,1285.424,28.889,73,0,1,0,0
2021-11-22 05:00:00,1303.787,28.889,73,0,1,0,0
2021-11-22 06:00:00,1345.346,31.667,56,0,1,0,0
2021-11-22 07:00:00,1756.424,31.667,56,0,1,0,0
2021-11-22 08:00:00,1793.795,31.667,56,0,1,0,0
2021-11-22 09:00:00,1569.571,29.444,60,0,1,0,0
2021-11-22 10:00:00,1382.717,29.444,60,0,1,0,0
2021-11-22 11:00:00,1307.975,29.444,60,0,1,0,0
2021-11-22 12:00:00,1270.605,26.667,82,0,1,0,0
2021-11-22 13:00:00,1270.605,26.667,82,0,1,0,0
2021-11-22 14:00:00,1307.975,26.667,82,0,1,0,0
2021-11-22 15:00:00,1395.603,26.111,90,0,1,0,0
2021-11-22 16:00:00,1395.603,26.111,90,0,1,0,0
2021-11-22 17:00:00,1556.04,26.111,90,0,1,0,0
2021-11-22 18:00:00,1167.03,25.0,88,0,1,0,0
2021-11-22 19:00:00,1121.122,25.0,88,0,1,0,0
2021-11-22 20:00:00,1083.751,25.0,88,0,1,0,0
2021-11-22 21:00:00,1027.695,25.0,91,0,1,0,0
2021-11-22 22:00:00,934.268,25.0,91,0,1,0,0
2021-11-22 23:00:00,866.936,25.0,91,0,1,0,0
2021-11-23 00:00:00,1322.04,26.111,90,0,1,0,0
2021-11-23 01:00:00,1322.04,26.111,90,0,1,0,0
2021-11-23 02:00:00,1310.643,26.111,90,0,1,0,0
2021-11-23 03:00:00,1310.643,26.111,88,0,1,0,0
2021-11-23 04:00:00,1273.196,26.111,88,0,1,0,0
2021-11-23 05:00:00,1466.292,26.111,88,0,1,0,0
2021-11-23 06:00:00,1628.942,28.333,59,0,1,0,0
2021-11-23 07:00:00,1628.942,28.333,59,0,1,0,0
2021-11-23 08:00:00,1529.789,28.333,59,0,1,0,0
2021-11-23 09:00:00,1510.903,28.333,67,0,1,0,0
2021-11-23 10:00:00,1965.964,28.333,67,0,1,0,0
2021-11-23 11:00:00,1965.964,28.333,67,0,1,0,0
2021-11-23 12:00:00,1965.964,26.111,90,0,1,0,0
2021-11-23 13:00:00,1983.06,26.111,90,0,1,0,0
2021-11-23 14:00:00,1983.06,26.111,90,0,1,0,0
2021-11-23 15:00:00,2003.411,25.0,90,0,1,0,0
2021-11-23 16:00:00,2003.411,25.0,90,0,1,0,0
2021-11-23 17:00:00,1794.197,25.0,90,0,1,0,0
2021-11-23 18:00:00,1189.836,26.111,90,0,1,0,0
2021-11-23 19:00:00,1133.177,26.111,90,0,1,0,0
2021-11-23 20:00:00,1076.518,26.111,90,0,1,0,0
2021-11-23 21:00:00,1038.746,23.889,93,0,1,0,0
2021-11-23 22:00:00,963.2,23.889,93,0,1,0,0
2021-11-23 23:00:00,868.769,23.889,93,0,1,0,0
2021-11-24 00:00:00,1548.675,25.0,90,0,1,0,0
2021-11-24 01:00:00,1548.675,25.0,90,0,1,0,0
2021-11-24 02:00:00,1548.675,25.0,90,0,1,0,0
2021-11-24 03:00:00,1548.675,28.889,64,0,1,0,0
2021-11-24 04:00:00,1535.324,28.889,64,0,1,0,0
2021-11-24 05:00:00,1591.495,28.889,64,0,1,0,0
2021-11-24 06:00:00,1385.537,30.556,42,0,1,0,0
2021-11-24 07:00:00,1853.623,30.556,42,0,1,0,0
2021-11-24 08:00:00,1888.628,30.556,42,0,1,0,0
2021-11-24 09:00:00,1778.73,29.444,55,0,1,0,0
2021-11-24 10:00:00,1661.993,29.444,55,0,1,0,0
2021-11-24 11:00:00,1813.083,29.444,55,0,1,0,0
2021-11-24 12:00:00,1813.083,25.556,80,0,1,0,0
2021-11-24 13:00:00,1661.993,25.556,80,0,1,0,0
2021-11-24 14:00:00,1643.107,25.556,80,0,1,0,0
2021-11-24 15:00:00,1586.448,23.889,91,0,1,0,0
2021-11-24 16:00:00,1666.389,23.889,91,0,1,0,0
2021-11-24 17:00:00,1643.107,23.889,91,0,1,0,0
2021-11-24 18:00:00,1152.063,24.444,93,0,1,0,0
2021-11-24 19:00:00,1161.995,24.444,93,0,1,0,0
2021-11-24 20:00:00,1066.749,24.444,93,0,1,0,0
2021-11-24 21:00:00,990.553,22.222,92,0,1,0,0
2021-11-24 22:00:00,838.16,22.222,92,0,1,0,0
2021-11-24 23:00:00,838.16,22.222,92,0,1,0,0
2021-11-25 00:00:00,1083.751,23.333,91,0,1,0,0
2021-11-25 01:00:00,1083.751,23.333,91,0,1,0,0
2021-11-25 02:00:00,1083.751,23.333,91,0,1,0,0
2021-11-25 03:00:00,1083.751,28.889,40,0,1,0,0
2021-11-25 04:00:00,1185.554,28.889,40,0,1,0,0
2021-11-25 05:00:00,1222.603,28.889,40,0,1,0,0
2021-11-25 06:00:00,1685.71,30.556,30,0,1,0,0
2021-11-25 07:00:00,1889.477,30.556,30,0,1,0,0
2021-11-25 08:00:00,1700.368,30.556,30,0,1,0,0
2021-11-25 09:00:00,1685.71,28.333,42,0,1,0,0
2021-11-25 10:00:00,1634.325,28.333,42,0,1,0,0
2021-11-25 11:00:00,1597.599,28.333,42,0,1,0,0
2021-11-25 12:00:00,1505.783,23.889,78,0,1,0,0
2021-11-25 13:00:00,1469.056,23.889,78,0,1,0,0
2021-11-25 14:00:00,1481.943,23.889,78,0,1,0,0
2021-11-25 15:00:00,1420.088,22.778,89,0,1,0,0
2021-11-25 16:00:00,1241.127,22.778,89,0,1,0,0
2021-11-25 17:00:00,1481.943,22.778,89,0,1,0,0
2021-11-25 18:00:00,1158.493,22.778,92,0,1,0,0
2021-11-25 19:00:00,1139.807,22.778,92,0,1,0,0
2021-11-25 20:00:00,1102.436,22.778,92,0,1,0,0
2021-11-25 21:00:00,1055.401,21.667,93,0,1,0,0
2021-11-25 22:00:00,904.629,21.667,93,0,1,0,0
2021-11-25 23:00:00,829.244,21.667,93,0,1,0,0
2021-11-26 00:00:00,1085.961,23.333,89,0,1,0,0
2021-11-26 01:00:00,1085.961,23.333,89,0,1,0,0
2021-11-26 02:00:00,1085.961,23.333,89,0,1,0,0
2021-11-26 03:00:00,1085.961,28.889,51,0,1,0,0
2021-11-26 04:00:00,1113.639,28.889,51,0,1,0,0
2021-11-26 05:00:00,1246.495,28.889,51,0,1,0,0
2021-11-26 06:00:00,1473.13,30.556,35,0,1,0,0
2021-11-26 07:00:00,1689.02,30.556,35,0,1,0,0
2021-11-26 08:00:00,1813.083,30.556,35,0,1,0,0
2021-11-26 09:00:00,2041.672,27.222,47,0,1,0,0
2021-11-26 10:00:00,2041.672,27.222,47,0,1,0,0
2021-11-26 11:00:00,2041.672,27.222,47,0,1,0,0
2021-11-26 12:00:00,2039.718,23.333,78,0,1,0,0
2021-11-26 13:00:00,2039.718,23.333,78,0,1,0,0
2021-11-26 14:00:00,2041.672,23.333,78,0,1,0,0
2021-11-26 15:00:00,2041.672,22.778,93,0,1,0,0
2021-11-26 16:00:00,1893.187,22.778,93,0,1,0,0
2021-11-26 17:00:00,1943.008,22.778,93,0,1,0,0
2021-11-26 18:00:00,1170.949,22.222,91,0,1,0,0
2021-11-26 19:00:00,1152.063,22.222,91,0,1,0,0
2021-11-26 20:00:00,1114.291,22.222,91,0,1,0,0
2021-11-26 21:00:00,1028.651,21.111,93,0,1,0,0
2021-11-26 22:00:00,914.357,21.111,93,0,1,0,0
2021-11-26 23:00:00,838.16,21.111,93,0,1,0,0
2021-11-27 00:00:00,1532.2,22.778,91,0,1,0,0
2021-11-27 01:00:00,1532.2,22.778,91,0,1,0,0
2021-11-27 02:00:00,1532.2,22.778,91,0,1,0,0
2021-11-27 03:00:00,1532.2,27.222,42,0,1,0,0
2021-11-27 04:00:00,1542.509,27.222,42,0,1,0,0
2021-11-27 05:00:00,1542.509,27.222,42,0,1,0,0
2021-11-27 06:00:00,1796.855,28.889,28,0,1,0,0
2021-11-27 07:00:00,2111.768,28.889,28,0,1,0,0
2021-11-27 08:00:00,2111.768,28.889,28,0,1,0,0
2021-11-27 09:00:00,2056.679,27.222,44,0,1,0,0
2021-11-27 10:00:00,2092.761,27.222,44,0,1,0,0
2021-11-27 11:00:00,1946.499,27.222,44,0,1,0,0
2021-11-27 12:00:00,2000.623,22.222,77,0,1,0,0
2021-11-27 13:00:00,2000.623,22.222,77,0,1,0,0
2021-11-27 14:00:00,2000.623,22.222,77,0,1,0,0
2021-11-27 15:00:00,1873.047,21.111,81,0,1,0,0
2021-11-27 16:00:00,1852.428,21.111,81,0,1,0,0
2021-11-27 17:00:00,1926.525,21.111,81,0,1,0,0
2021-11-27 18:00:00,1158.493,21.667,93,0,1,0,0
2021-11-27 19:00:00,1139.807,21.667,93,0,1,0,0
2021-11-27 20:00:00,1065.066,21.667,93,0,1,0,0
2021-11-27 21:00:00,980.015,20.0,92,0,1,0,0
2021-11-27 22:00:00,829.244,20.0,92,0,1,0,0
2021-11-27 23:00:00,829.244,20.0,92,0,1,0,0
2021-11-28 00:00:00,1374.278,20.556,79,1,1,0,0
2021-11-28 01:00:00,1374.278,20.556,79,1,1,0,0
2021-11-28 02:00:00,1374.278,20.556,79,1,1,0,0
2021-11-28 03:00:00,1362.431,27.222,38,1,1,0,0
2021-11-28 04:00:00,1362.431,27.222,38,1,1,0,0
2021-11-28 05:00:00,1400.276,27.222,38,1,1,0,0
2021-11-28 06:00:00,1800.779,29.444,28,1,1,0,0
2021-11-28 07:00:00,1950.843,29.444,28,1,1,0,0
2021-11-28 08:00:00,2214.115,29.444,28,1,1,0,0
2021-11-28 09:00:00,2288.489,27.222,44,1,1,0,0
2021-11-28 10:00:00,2195.028,27.222,44,1,1,0,0
2021-11-28 11:00:00,2138.26,27.222,44,1,1,0,0
2021-11-28 12:00:00,2024.724,22.778,72,1,1,0,0
2021-11-28 13:00:00,2024.724,22.778,72,1,1,0,0
2021-11-28 14:00:00,2024.724,22.778,72,1,1,0,0
2021-11-28 15:00:00,2081.492,22.778,76,1,1,0,0
2021-11-28 16:00:00,2138.26,22.778,76,1,1,0,0
2021-11-28 17:00:00,1570.58,22.778,76,1,1,0,0
2021-11-28 18:00:00,1565.15,20.0,92,1,1,0,0
2021-11-28 19:00:00,1145.232,20.0,92,1,1,0,0
2021-11-28 20:00:00,1107.058,20.0,92,1,1,0,0
2021-11-28 21:00:00,1030.709,21.667,82,1,1,0,0
2021-11-28 22:00:00,916.186,21.667,82,1,1,0,0
2021-11-28 23:00:00,847.077,21.667,82,1,1,0,0
2021-11-29 00:00:00,1316.414,22.778,59,0,1,0,0
2021-11-29 01:00:00,1316.414,22.778,59,0,1,0,0
2021-11-29 02:00:00,1305.066,22.778,59,0,1,0,0
2021-11-29 03:00:00,1305.066,26.111,47,0,1,0,0
2021-11-29 04:00:00,1329.654,26.111,47,0,1,0,0
2021-11-29 05:00:00,1329.654,26.111,47,0,1,0,0
2021-11-29 06:00:00,1656.393,27.778,36,0,1,0,0
2021-11-29 07:00:00,1727.636,27.778,36,0,1,0,0
2021-11-29 08:00:00,1886.671,27.778,36,0,1,0,0
2021-11-29 09:00:00,1886.671,26.667,47,0,1,0,0
2021-11-29 10:00:00,1794.465,26.667,47,0,1,0,0
2021-11-29 11:00:00,1794.465,26.667,47,0,1,0,0
2021-11-29 12:00:00,1794.465,23.889,67,0,1,0,0
2021-11-29 13:00:00,1794.465,23.889,67,0,1,0,0
2021-11-29 14:00:00,1866.969,23.889,67,0,1,0,0
2021-11-29 15:00:00,1866.969,22.222,74,0,1,0,0
2021-11-29 16:00:00,1758.213,22.222,74,0,1,0,0
2021-11-29 17:00:00,1755.219,22.222,74,0,1,0,0
2021-11-29 18:00:00,1133.579,22.222,80,0,1,0,0
2021-11-29 19:00:00,1097.012,22.222,80,0,1,0,0
2021-11-29 20:00:00,1060.445,22.222,80,0,1,0,0
2021-11-29 21:00:00,987.311,22.222,89,0,1,0,0
2021-11-29 22:00:00,877.609,22.222,89,0,1,0,0
2021-11-29 23:00:00,811.41,22.222,89,0,1,0,0
2021-11-30 00:00:00,1556.04,23.333,51,0,1,0,0
2021-11-30 01:00:00,1556.04,23.333,51,0,1,0,0
2021-11-30 02:00:00,1556.04,23.333,51,0,1,0,0
2021-11-30 03:00:00,1556.04,28.333,35,0,1,0,0
2021-11-30 04:00:00,1542.509,28.333,35,0,1,0,0
2021-11-30 05:00:00,1528.978,28.333,35,0,1,0,0
2021-11-30 06:00:00,1854.683,29.444,30,0,1,0,0
2021-11-30 07:00:00,2020.436,29.444,30,0,1,0,0
2021-11-30 08:00:00,2056.679,29.444,30,0,1,0,0
2021-11-30 09:00:00,2056.679,26.667,35,0,1,0,0
2021-11-30 10:00:00,2056.679,26.667,35,0,1,0,0
2021-11-30 11:00:00,2148.817,26.667,35,0,1,0,0
2021-11-30 12:00:00,1982.098,22.778,71,0,1,0,0
2021-11-30 13:00:00,1946.499,22.778,71,0,1,0,0
2021-11-30 14:00:00,2056.679,22.778,71,0,1,0,0
2021-11-30 15:00:00,2167.341,21.111,74,0,1,0,0
2021-11-30 16:00:00,1964.863,21.111,74,0,1,0,0
2021-11-30 17:00:00,1905.907,21.111,74,0,1,0,0
2021-11-30 18:00:00,1158.493,21.667,80,0,1,0,0
2021-11-30 19:00:00,1159.459,21.667,80,0,1,0,0
2021-11-30 20:00:00,1065.066,21.667,80,0,1,0,0
2021-11-30 21:00:00,934.268,19.444,88,0,1,0,0
2021-11-30 22:00:00,829.244,19.444,88,0,1,0,0
2021-11-30 23:00:00,829.244,19.444,88,0,1,0,0
2021-12-01 00:00:00,1421.681,21.667,76,0,1,0,0
2021-12-01 01:00:00,1421.681,21.667,76,0,1,0,0
2021-12-01 02:00:00,1421.681,21.667,76,0,1,0,0
2021-12-01 03:00:00,1421.681,27.778,40,0,1,0,0
2021-12-01 04:00:00,1421.681,27.778,40,0,1,0,0
2021-12-01 05:00:00,1556.165,27.778,40,0,1,0,0
2021-12-01 06:00:00,1959.615,29.444,30,0,1,0,0
2021-12-01 07:00:00,2151.734,29.444,30,0,1,0,0
2021-12-01 08:00:00,2227.279,29.444,30,0,1,0,0
2021-12-01 09:00:00,2338.643,27.222,40,0,1,0,0
2021-12-01 10:00:00,2468.567,27.222,40,0,1,0,0
2021-12-01 11:00:00,2338.643,27.222,40,0,1,0,0
2021-12-01 12:00:00,2097.029,22.778,76,0,1,0,0
2021-12-01 13:00:00,2321.71,22.778,76,0,1,0,0
2021-12-01 14:00:00,2208.718,22.778,76,0,1,0,0
2021-12-01 15:00:00,2078.794,21.667,87,0,1,0,0
2021-12-01 16:00:00,1834.9,21.667,87,0,1,0,0
2021-12-01 17:00:00,1170.949,21.667,87,0,1,0,0
2021-12-01 18:00:00,1189.836,20.0,84,0,1,0,0
2021-12-01 19:00:00,1152.063,20.0,84,0,1,0,0
2021-12-01 20:00:00,1019.859,20.0,84,0,1,0,0
2021-12-01 21:00:00,1000.973,19.444,94,0,1,0,0
2021-12-01 22:00:00,868.769,19.444,94,0,1,0,0
2021-12-01 23:00:00,830.996,19.444,94,0,1,0,0
2021-12-02 00:00:00,1412.453,20.556,91,0,1,0,0
2021-12-02 01:00:00,1412.453,20.556,91,0,1,0,0
2021-12-02 02:00:00,1412.453,20.556,91,0,1,0,0
2021-12-02 03:00:00,1475.967,25.556,61,0,1,0,0
2021-12-02 04:00:00,1475.967,25.556,61,0,1,0,0
2021-12-02 05:00:00,1688.23,25.556,61,0,1,0,0
2021-12-02 06:00:00,1916.618,28.889,40,0,1,0,0
2021-12-02 07:00:00,2289.641,28.889,40,0,1,0,0
2021-12-02 08:00:00,2213.951,28.889,40,0,1,0,0
2021-12-02 09:00:00,2138.26,27.222,45,0,1,0,0
2021-12-02 10:00:00,2176.105,27.222,45,0,1,0,0
2021-12-02 11:00:00,2328.638,27.222,45,0,1,0,0
2021-12-02 12:00:00,2268.415,24.444,67,0,1,0,0
2021-12-02 13:00:00,2231.228,24.444,67,0,1,0,0
2021-12-02 14:00:00,2194.041,24.444,67,0,1,0,0
2021-12-02 15:00:00,2194.041,22.778,83,0,1,0,0
2021-12-02 16:00:00,2138.26,22.778,83,0,1,0,0
2021-12-02 17:00:00,1952.324,22.778,83,0,1,0,0
2021-12-02 18:00:00,1202.494,20.556,95,0,1,0,0
2021-12-02 19:00:00,1145.232,20.556,95,0,1,0,0
2021-12-02 20:00:00,1030.709,20.556,95,0,1,0,0
2021-12-02 21:00:00,973.447,21.111,93,0,1,0,0
2021-12-02 22:00:00,878.011,21.111,93,0,1,0,0
2021-12-02 23:00:00,839.837,21.111,93,0,1,0,0
2021-12-03 00:00:00,1492.016,22.778,81,0,1,0,0
2021-12-03 01:00:00,1492.016,22.778,81,0,1,0,0
2021-12-03 02:00:00,1492.016,22.778,81,0,1,0,0
2021-12-03 03:00:00,1492.016,26.667,59,0,1,0,0
2021-12-03 04:00:00,1610.218,26.667,59,0,1,0,0
2021-12-03 05:00:00,1710.999,26.667,59,0,1,0,0
2021-12-03 06:00:00,1931.774,30.0,41,0,1,0,0
2021-12-03 07:00:00,2208.718,30.0,41,0,1,0,0
2021-12-03 08:00:00,2338.643,30.0,41,0,1,0,0
2021-12-03 09:00:00,2245.839,26.667,56,0,1,0,0
2021-12-03 10:00:00,2396.604,26.667,56,0,1,0,0
2021-12-03 11:00:00,2301.521,26.667,56,0,1,0,0
2021-12-03 12:00:00,2359.157,22.778,79,0,1,0,0
2021-12-03 13:00:00,2321.71,22.778,79,0,1,0,0
2021-12-03 14:00:00,2284.263,22.778,79,0,1,0,0
2021-12-03 15:00:00,2338.643,21.111,85,0,1,0,0
2021-12-03 16:00:00,2246.816,21.111,85,0,1,0,0
2021-12-03 17:00:00,2133.499,21.111,85,0,1,0,0
2021-12-03 18:00:00,1170.949,22.222,86,0,1,0,0
2021-12-03 19:00:00,1170.949,22.222,86,0,1,0,0
2021-12-03 20:00:00,1019.859,22.222,86,0,1,0,0
2021-12-03 21:00:00,914.357,19.444,92,0,1,0,0
2021-12-03 22:00:00,838.16,19.444,92,0,1,0,0
2021-12-03 23:00:00,838.16,19.444,92,0,1,0,0
2021-12-04 00:00:00,1397.585,21.667,82,0,1,0,0
2021-12-04 01:00:00,1397.585,21.667,82,0,1,0,0
2021-12-04 02:00:00,1397.585,21.667,82,0,1,0,0
2021-12-04 03:00:00,1397.585,21.667,82,0,1,0,0
2021-12-04 04:00:00,1460.431,21.667,82,0,1,0,0
2021-12-04 05:00:00,1813.083,28.889,31,0,1,0,0
2021-12-04 06:00:00,2153.036,28.889,31,0,1,0,0
2021-12-04 07:00:00,2301.521,28.889,31,0,1,0,0
2021-12-04 08:00:00,2415.328,28.889,31,0,1,0,0
2021-12-04 09:00:00,2321.71,27.222,40,0,1,0,0
2021-12-04 10:00:00,2301.521,27.222,40,0,1,0,0
2021-12-04 11:00:00,2359.157,27.222,40,0,1,0,0
2021-12-04 12:00:00,2452.774,22.222,76,0,1,0,0
2021-12-04 13:00:00,2434.051,22.222,76,0,1,0,0
2021-12-04 14:00:00,2431.446,22.222,76,0,1,0,0
2021-12-04 15:00:00,2487.128,20.556,85,0,1,0,0
2021-12-04 16:00:00,2284.263,20.556,85,0,1,0,0
2021-12-04 17:00:00,2190.646,20.556,85,0,1,0,0
2021-12-04 18:00:00,1181.044,20.0,88,0,1,0,0
2021-12-04 19:00:00,952.455,20.0,88,0,1,0,0
2021-12-04 20:00:00,1047.7,20.0,88,0,1,0,0
2021-12-04 21:00:00,952.455,20.0,88,0,1,0,0
2021-12-04 22:00:00,838.16,20.0,88,0,1,0,0
2021-12-04 23:00:00,838.16,21.667,89,0,1,0,0
2021-12-05 00:00:00,1397.585,21.667,89,1,1,0,0
2021-12-05 01:00:00,1397.585,21.667,89,1,1,0,0
2021-12-05 02:00:00,1397.585,21.667,89,1,1,0,0
2021-12-05 03:00:00,1385.537,27.222,48,1,1,0,0
2021-12-05 04:00:00,1484.853,27.222,48,1,1,0,0
2021-12-05 05:00:00,1710.999,27.222,48,1,1,0,0
2021-12-05 06:00:00,1896.443,29.444,32,1,1,0,0
2021-12-05 07:00:00,2078.794,29.444,32,1,1,0,0
2021-12-05 08:00:00,2579.931,29.444,32,1,1,0,0
2021-12-05 09:00:00,2704.483,27.778,44,1,1,0,0
2021-12-05 10:00:00,2778.074,27.778,44,1,1,0,0
2021-12-05 11:00:00,2778.074,27.778,44,1,1,0,0
2021-12-05 12:00:00,2709.856,22.778,81,1,1,0,0
2021-12-05 13:00:00,2583.839,22.778,81,1,1,0,0
2021-12-05 14:00:00,2583.839,22.778,81,1,1,0,0
2021-12-05 15:00:00,2579.931,21.111,87,1,1,0,0
2021-12-05 16:00:00,2246.816,21.111,87,1,1,0,0
2021-12-05 17:00:00,2228.581,21.111,87,1,1,0,0
2021-12-05 18:00:00,1181.044,21.111,87,1,1,0,0
2021-12-05 19:00:00,1104.847,19.444,90,1,1,0,0
2021-12-05 20:00:00,1047.7,19.444,90,1,1,0,0
2021-12-05 21:00:00,952.455,19.444,90,1,1,0,0
2021-12-05 22:00:00,838.16,19.444,90,1,1,0,0
2021-12-05 23:00:00,838.16,19.444,90,1,1,0,0
2021-12-06 00:00:00,1570.58,22.222,84,0,1,0,0
2021-12-06 01:00:00,1570.58,22.222,84,0,1,0,0
2021-12-06 02:00:00,1570.58,22.222,84,0,1,0,0
2021-12-06 03:00:00,1570.58,28.333,56,0,1,0,0
2021-12-06 04:00:00,1669.472,28.333,56,0,1,0,0
2021-12-06 05:00:00,1824.473,28.333,56,0,1,0,0
2021-12-06 06:00:00,2156.195,30.556,39,0,1,0,0
2021-12-06 07:00:00,2324.196,30.556,39,0,1,0,0
2021-12-06 08:00:00,2432.631,30.556,39,0,1,0,0
2021-12-06 09:00:00,2379.976,27.778,55,0,1,0,0
2021-12-06 10:00:00,2395.773,27.778,55,0,1,0,0
2021-12-06 11:00:00,2438.554,27.778,55,0,1,0,0
2021-12-06 12:00:00,2326.006,22.778,78,0,1,0,0
2021-12-06 13:00:00,2288.489,22.778,78,0,1,0,0
2021-12-06 14:00:00,2288.489,22.778,78,0,1,0,0
2021-12-06 15:00:00,2305.602,21.111,83,0,1,0,0
2021-12-06 16:00:00,2175.941,21.111,83,0,1,0,0
2021-12-06 17:00:00,2116.376,21.111,83,0,1,0,0
2021-12-06 18:00:00,1174.356,20.0,90,0,1,0,0
2021-12-06 19:00:00,1174.356,20.0,90,0,1,0,0
2021-12-06 20:00:00,973.447,20.0,90,0,1,0,0
2021-12-06 21:00:00,935.273,18.889,92,0,1,0,0
2021-12-06 22:00:00,839.837,18.889,92,0,1,0,0
2021-12-06 23:00:00,832.597,18.889,92,0,1,0,0
2021-12-07 00:00:00,1280.685,21.667,89,0,1,0,0
2021-12-07 01:00:00,1280.685,21.667,89,0,1,0,0
2021-12-07 02:00:00,1280.685,21.667,89,0,1,0,0
2021-12-07 03:00:00,1280.685,27.222,52,0,1,0,0
2021-12-07 04:00:00,1447.731,27.222,52,0,1,0,0
2021-12-07 05:00:00,1651.898,27.222,52,0,1,0,0
2021-12-07 06:00:00,2443.494,28.889,37,0,1,0,0
2021-12-07 07:00:00,2625.844,28.889,37,0,1,0,0
2021-12-07 08:00:00,2789.797,28.889,37,0,1,0,0
2021-12-07 09:00:00,2621.286,27.222,44,0,1,0,0
2021-12-07 10:00:00,2696.18,27.222,44,0,1,0,0
2021-12-07 11:00:00,2579.931,27.222,44,0,1,0,0
2021-12-07 12:00:00,2662.966,22.778,79,0,1,0,0
2021-12-07 13:00:00,2479.964,22.778,79,0,1,0,0
2021-12-07 14:00:00,2207.741,22.778,79,0,1,0,0
2021-12-07 15:00:00,2407.024,21.111,89,0,1,0,0
2021-12-07 16:00:00,2621.286,21.111,89,0,1,0,0
2021-12-07 17:00:00,2323.99,21.111,89,0,1,0,0
2021-12-07 18:00:00,1161.995,19.444,90,0,1,0,0
2021-12-07 19:00:00,1152.063,19.444,90,0,1,0,0
2021-12-07 20:00:00,963.2,19.444,90,0,1,0,0
2021-12-07 21:00:00,925.428,19.444,94,0,1,0,0
2021-12-07 22:00:00,830.996,19.444,94,0,1,0,0
2021-12-07 23:00:00,823.833,19.444,94,0,1,0,0
2021-12-08 00:00:00,1542.509,21.111,89,0,1,0,0
2021-12-08 01:00:00,1542.509,21.111,89,0,1,0,0
2021-12-08 02:00:00,1542.509,21.111,89,0,1,0,0
2021-12-08 03:00:00,1542.509,26.667,50,0,1,0,0
2021-12-08 04:00:00,1601.787,26.667,50,0,1,0,0
2021-12-08 05:00:00,1804.104,26.667,50,0,1,0,0
2021-12-08 06:00:00,2222.914,29.444,30,0,1,0,0
2021-12-08 07:00:00,2515.759,29.444,30,0,1,0,0
2021-12-08 08:00:00,2515.759,29.444,30,0,1,0,0
2021-12-08 09:00:00,2445.205,27.778,36,0,1,0,0
2021-12-08 10:00:00,2408.157,27.778,36,0,1,0,0
2021-12-08 11:00:00,2371.108,27.778,36,0,1,0,0
2021-12-08 12:00:00,2391.727,23.333,78,0,1,0,0
2021-12-08 13:00:00,2350.49,23.333,78,0,1,0,0
2021-12-08 14:00:00,2387.216,23.333,78,0,1,0,0
2021-12-08 15:00:00,2332.127,21.111,87,0,1,0,0
2021-12-08 16:00:00,2316.985,21.111,87,0,1,0,0
2021-12-08 17:00:00,2242.888,21.111,87,0,1,0,0
2021-12-08 18:00:00,1168.48,20.0,92,0,1,0,0
2021-12-08 19:00:00,1111.94,20.0,92,0,1,0,0
2021-12-08 20:00:00,980.015,20.0,92,0,1,0,0
2021-12-08 21:00:00,923.476,20.556,92,0,1,0,0
2021-12-08 22:00:00,840.841,20.556,92,0,1,0,0
2021-12-08 23:00:00,822.156,20.556,92,0,1,0,0
2021-12-09 00:00:00,1471.426,22.778,84,0,1,0,0
2021-12-09 01:00:00,1471.426,22.778,84,0,1,0,0
2021-12-09 02:00:00,1471.426,22.778,84,0,1,0,0
2021-12-09 03:00:00,1471.426,27.778,58,0,1,0,0
2021-12-09 04:00:00,1728.614,27.778,58,0,1,0,0
2021-12-09 05:00:00,1981.023,27.778,58,0,1,0,0
2021-12-09 06:00:00,2235.662,30.556,45,0,1,0,0
2021-12-09 07:00:00,2452.376,30.556,45,0,1,0,0
2021-12-09 08:00:00,2418.913,30.556,45,0,1,0,0
2021-12-09 09:00:00,2382.263,27.222,51,0,1,0,0
2021-12-09 10:00:00,2382.263,27.222,51,0,1,0,0
2021-12-09 11:00:00,1814.185,27.222,51,0,1,0,0
2021-12-09 12:00:00,2513.885,23.889,70,0,1,0,0
2021-12-09 13:00:00,2181.165,23.889,70,0,1,0,0
2021-12-09 14:00:00,2366.009,23.889,70,0,1,0,0
2021-12-09 15:00:00,2439.947,21.667,87,0,1,0,0
2021-12-09 16:00:00,2272.312,21.667,87,0,1,0,0
2021-12-09 17:00:00,2011.936,21.667,87,0,1,0,0
2021-12-09 18:00:00,1137.271,20.556,90,0,1,0,0
2021-12-09 19:00:00,1099.984,20.556,90,0,1,0,0
2021-12-09 20:00:00,977.763,20.556,90,0,1,0,0
2021-12-09 21:00:00,921.354,20.0,92,0,1,0,0
2021-12-09 22:00:00,827.338,20.0,92,0,1,0,0
2021-12-09 23:00:00,827.338,20.0,92,0,1,0,0
2021-12-10 00:00:00,1676.32,21.667,91,0,1,0,0
2021-12-10 01:00:00,1676.32,21.667,91,0,1,0,0
2021-12-10 02:00:00,1676.32,21.667,91,0,1,0,0
2021-12-10 03:00:00,1661.993,26.111,72,0,1,0,0
2021-12-10 04:00:00,1756.424,26.111,72,0,1,0,0
2021-12-10 05:00:00,1928.517,26.111,72,0,1,0,0
2021-12-10 06:00:00,2357.203,27.222,54,0,1,0,0
2021-12-10 07:00:00,2561.371,27.222,54,0,1,0,0
2021-12-10 08:00:00,2617.053,27.222,54,0,1,0,0
2021-12-10 09:00:00,2568.534,26.111,57,0,1,0,0
2021-12-10 10:00:00,2546.392,26.111,57,0,1,0,0
2021-12-10 11:00:00,2471.498,26.111,57,0,1,0,0
2021-12-10 12:00:00,2455.217,22.778,86,0,1,0,0
2021-12-10 13:00:00,2455.217,22.778,86,0,1,0,0
2021-12-10 14:00:00,2334.084,22.778,86,0,1,0,0
2021-12-10 15:00:00,2323.99,21.111,91,0,1,0,0
2021-12-10 16:00:00,2247.793,21.111,91,0,1,0,0
2021-12-10 17:00:00,2169.969,21.111,91,0,1,0,0
2021-12-10 18:00:00,1161.995,21.111,91,0,1,0,0
2021-12-10 19:00:00,1123.897,20.0,94,0,1,0,0
2021-12-10 20:00:00,1066.749,20.0,94,0,1,0,0
2021-12-10 21:00:00,960.595,20.0,94,0,1,0,0
2021-12-10 22:00:00,864.536,20.0,94,0,1,0,0
2021-12-10 23:00:00,845.324,20.0,94,0,1,0,0
2021-12-11 00:00:00,1640.654,20.556,96,0,1,0,0
2021-12-11 01:00:00,1640.654,20.556,96,0,1,0,0
2021-12-11 02:00:00,1677.942,20.556,96,0,1,0,0
2021-12-11 03:00:00,1700.569,27.778,49,0,1,0,0
2021-12-11 04:00:00,1725.746,27.778,49,0,1,0,0
2021-12-11 05:00:00,1908.678,27.778,49,0,1,0,0
2021-12-11 06:00:00,2125.711,30.0,36,0,1,0,0
2021-12-11 07:00:00,2498.587,30.0,36,0,1,0,0
2021-12-11 08:00:00,2498.587,30.0,36,0,1,0,0
2021-12-11 09:00:00,2557.228,26.111,44,0,1,0,0
2021-12-11 10:00:00,2840.39,26.111,44,0,1,0,0
2021-12-11 11:00:00,2809.636,26.111,44,0,1,1,0
2021-12-11 12:00:00,2717.214,21.667,76,0,1,1,0
2021-12-11 13:00:00,2670.365,21.667,76,0,1,0,0
2021-12-11 14:00:00,2815.691,21.667,76,0,1,0,0
2021-12-11 15:00:00,2815.691,20.556,81,0,1,0,0
2021-12-11 16:00:00,2652.199,20.556,81,0,1,0,0
2021-12-11 17:00:00,2519.621,20.556,81,0,1,0,0
2021-12-11 18:00:00,1137.271,20.556,94,0,1,0,0
2021-12-11 19:00:00,1099.984,20.556,94,0,1,0,0
2021-12-11 20:00:00,1044.053,20.556,94,0,1,0,0
2021-12-11 21:00:00,940.157,18.333,92,0,1,0,0
2021-12-11 22:00:00,846.141,18.333,92,0,1,0,0
2021-12-11 23:00:00,827.338,18.333,92,0,1,0,0
2021-12-12 00:00:00,1915.302,20.0,94,1,1,0,0
2021-12-12 01:00:00,1915.302,20.0,94,1,1,0,0
2021-12-12 02:00:00,1915.302,20.0,94,1,1,0,0
2021-12-12 03:00:00,1915.302,27.778,46,1,1,0,0
2021-12-12 04:00:00,1994.602,27.778,46,1,1,0,0
2021-12-12 05:00:00,2051.053,27.778,46,1,1,0,0
2021-12-12 06:00:00,2672.014,29.444,38,1,1,0,0
2021-12-12 07:00:00,3208.467,29.444,38,1,1,0,0
2021-12-12 08:00:00,3246.437,29.444,38,1,1,0,0
2021-12-12 09:00:00,3170.496,25.556,44,1,1,0,0
2021-12-12 10:00:00,3170.496,25.556,44,1,1,0,0
2021-12-12 11:00:00,3064.483,25.556,44,1,1,0,0
2021-12-12 12:00:00,2719.729,20.0,78,1,1,0,0
2021-12-12 13:00:00,2936.796,20.0,78,1,1,0,0
2021-12-12 14:00:00,2604.81,20.0,78,1,1,0,0
2021-12-12 15:00:00,1461.678,18.333,84,1,1,0,0
2021-12-12 16:00:00,2589.018,18.333,84,1,1,0,0
2021-12-12 17:00:00,2260.056,18.333,84,1,1,0,0
2021-12-12 18:00:00,1218.737,19.444,88,1,1,0,0
2021-12-12 19:00:00,1169.342,19.444,88,1,1,0,0
2021-12-12 20:00:00,1070.553,19.444,88,1,1,0,0
2021-12-12 21:00:00,963.195,16.667,93,1,1,0,0
2021-12-12 22:00:00,864.91,16.667,93,1,1,0,0
2021-12-12 23:00:00,864.91,16.667,93,1,1,0,0
2021-12-13 00:00:00,1539.634,19.444,94,0,1,0,0
2021-12-13 01:00:00,1539.634,19.444,94,0,1,0,0
2021-12-13 02:00:00,1539.634,19.444,94,0,1,0,0
2021-12-13 03:00:00,1570.547,24.444,44,0,1,0,0
2021-12-13 04:00:00,1570.547,24.444,44,0,1,0,0
2021-12-13 05:00:00,1951.424,24.444,44,0,1,0,0
2021-12-13 06:00:00,2822.55,27.778,30,0,1,0,0
2021-12-13 07:00:00,3323.217,27.778,30,0,1,0,0
2021-12-13 08:00:00,3303.896,27.778,30,0,1,0,0
2021-12-13 09:00:00,3430.07,26.111,40,0,1,0,0
2021-12-13 10:00:00,3508.026,26.111,40,0,1,0,0
2021-12-13 11:00:00,3332.625,26.111,40,0,1,0,0
2021-12-13 12:00:00,3176.713,21.111,80,0,1,0,0
2021-12-13 13:00:00,3014.08,21.111,80,0,1,0,0
2021-12-13 14:00:00,2845.399,21.111,80,0,1,0,0
2021-12-13 15:00:00,2611.531,19.444,88,0,1,0,0
2021-12-13 16:00:00,2437.474,19.444,88,0,1,0,0
2021-12-13 17:00:00,2339.356,19.444,88,0,1,0,0
2021-12-13 18:00:00,1218.737,17.222,91,0,1,0,0
2021-12-13 19:00:00,1130.364,17.222,91,0,1,0,0
2021-12-13 20:00:00,1032.919,17.222,91,0,1,0,0
2021-12-13 21:00:00,963.195,17.778,94,0,1,0,0
2021-12-13 22:00:00,884.567,17.778,94,0,1,0,0
2021-12-13 23:00:00,857.518,17.778,94,0,1,0,0
2021-12-14 00:00:00,1562.338,18.889,94,0,1,0,0
2021-12-14 01:00:00,1562.338,18.889,94,0,1,0,0
2021-12-14 02:00:00,1562.338,18.889,94,0,1,0,0
2021-12-14 03:00:00,1535.401,25.0,47,0,1,0,0
2021-12-14 04:00:00,1691.036,25.0,47,0,1,0,0
2021-12-14 05:00:00,2085.777,25.0,47,0,1,0,0
2021-12-14 06:00:00,2756.206,27.778,39,0,1,0,0
2021-12-14 07:00:00,3453.238,27.778,39,0,1,0,0
2021-12-14 08:00:00,3669.066,27.778,39,0,1,0,0
2021-12-14 09:00:00,3594.906,25.0,50,0,1,0,0
2021-12-14 10:00:00,3529.726,25.0,50,0,1,0,0
2021-12-14 11:00:00,3633.15,25.0,50,0,1,0,0
2021-12-14 12:00:00,3529.726,18.889,75,0,1,0,0
2021-12-14 13:00:00,3193.347,18.889,75,0,1,1,0
2021-12-14 14:00:00,3346.156,18.889,75,0,1,0,0
2021-12-14 15:00:00,3457.229,18.333,84,0,1,0,0
2021-12-14 16:00:00,2606.889,18.333,84,0,1,1,0
2021-12-14 17:00:00,2431.799,18.333,84,0,1,0,0
2021-12-14 18:00:00,1166.432,18.333,92,0,1,0,0
2021-12-14 19:00:00,1109.067,18.333,92,0,1,0,0
2021-12-14 20:00:00,1013.458,18.333,92,0,1,0,0
2021-12-14 21:00:00,936.97,16.667,93,0,1,0,0
2021-12-14 22:00:00,841.361,16.667,93,0,1,0,0
2021-12-14 23:00:00,841.361,16.667,93,0,1,0,0
2021-12-15 00:00:00,1676.071,17.778,94,0,1,0,0
2021-12-15 01:00:00,1676.071,17.778,94,0,1,0,0
2021-12-15 02:00:00,1676.071,17.778,94,0,1,0,0
2021-12-15 03:00:00,1676.071,23.333,45,0,1,0,0
2021-12-15 04:00:00,1843.678,23.333,45,0,1,0,0
2021-12-15 05:00:00,2309.253,23.333,45,0,1,0,0
2021-12-15 06:00:00,3333.519,26.667,30,0,1,0,0
2021-12-15 07:00:00,3488.323,26.667,30,0,1,0,0
2021-12-15 08:00:00,3506.779,26.667,30,0,1,0,0
2021-12-15 09:00:00,3612.864,25.0,40,0,1,0,0
2021-12-15 10:00:00,3519.749,25.0,40,0,1,0,0
2021-12-15 11:00:00,3556.995,25.0,40,0,1,0,0
2021-12-15 12:00:00,3513.597,18.889,77,0,1,0,0
2021-12-15 13:00:00,3384.566,18.889,77,0,1,0,0
2021-12-15 14:00:00,3135.982,18.889,77,0,1,0,0
2021-12-15 15:00:00,2989.658,16.667,87,0,1,0,0
2021-12-15 16:00:00,2801.433,16.667,87,0,1,0,0
2021-12-15 17:00:00,2509.617,16.667,87,0,1,0,0
2021-12-15 18:00:00,1195.863,17.222,91,0,1,0,0
2021-12-15 19:00:00,1137.999,17.222,91,0,1,0,0
2021-12-15 20:00:00,1051.701,17.222,91,0,1,0,0
2021-12-15 21:00:00,994.336,15.0,93,0,1,0,0
2021-12-15 22:00:00,898.727,15.0,93,0,1,0,0
2021-12-15 23:00:00,803.117,15.0,93,0,1,0,0
2021-12-16 00:00:00,1750.896,16.667,91,0,1,0,0
2021-12-16 01:00:00,1706.001,16.667,91,0,1,0,0
2021-12-16 02:00:00,1706.001,16.667,91,0,1,0,0
2021-12-16 03:00:00,1691.036,23.889,34,0,1,0,0
2021-12-16 04:00:00,1803.772,23.889,34,0,1,0,0
2021-12-16 05:00:00,2774.829,23.889,34,0,1,0,0
2021-12-16 06:00:00,3047.523,27.222,24,0,1,0,0
2021-12-16 07:00:00,3645.454,27.222,24,0,1,0,0
2021-12-16 08:00:00,3968.697,27.222,24,0,1,0,0
2021-12-16 09:00:00,3810.068,24.444,30,0,1,0,0
2021-12-16 10:00:00,3961.713,24.444,30,0,1,0,0
2021-12-16 11:00:00,3923.802,24.444,30,0,1,0,0
2021-12-16 12:00:00,3829.024,19.444,55,0,1,0,0
2021-12-16 13:00:00,3904.514,19.444,55,0,1,0,0
2021-12-16 14:00:00,4027.06,19.444,55,0,1,0,0
2021-12-16 15:00:00,4260.512,17.222,84,0,1,0,0
2021-12-16 16:00:00,3791.113,17.222,84,0,1,0,0
2021-12-16 17:00:00,2824.379,17.222,84,0,1,0,0
2021-12-16 18:00:00,1195.863,15.556,91,0,1,0,0
2021-12-16 19:00:00,1137.999,15.556,91,0,1,0,0
2021-12-16 20:00:00,1060.846,15.556,91,0,1,0,0
2021-12-16 21:00:00,1002.982,15.556,93,0,1,0,0
2021-12-16 22:00:00,906.542,15.556,93,0,1,0,0
2021-12-16 23:00:00,848.677,15.556,93,0,1,0,0
2021-12-17 00:00:00,1759.209,17.778,92,0,1,0,0
2021-12-17 01:00:00,1759.209,17.778,92,0,1,0,0
2021-12-17 02:00:00,1759.209,17.778,92,0,1,0,0
2021-12-17 03:00:00,1876.601,25.556,38,0,1,0,0
2021-12-17 04:00:00,2141.979,25.556,38,0,1,0,0
2021-12-17 05:00:00,2681.713,25.556,38,0,1,0,0
2021-12-17 06:00:00,3513.597,27.778,26,0,1,0,0
2021-12-17 07:00:00,3734.246,27.778,26,0,1,0,0
2021-12-17 08:00:00,3961.713,27.778,26,0,1,0,0
2021-12-17 09:00:00,4094.402,25.0,31,0,1,0,0
2021-12-17 10:00:00,3963.376,25.0,31,0,1,0,0
2021-12-17 11:00:00,3961.713,25.0,31,0,1,0,0
2021-12-17 12:00:00,4053.83,20.0,71,0,1,0,0
2021-12-17 13:00:00,4159.582,20.0,71,0,1,0,0
2021-12-17 14:00:00,3919.977,20.0,71,0,1,0,0
2021-12-17 15:00:00,3973.352,17.222,79,0,1,0,0
2021-12-17 16:00:00,3813.061,17.222,79,0,1,0,0
2021-12-17 17:00:00,2854.641,17.222,79,0,1,0,0
2021-12-17 18:00:00,1195.863,16.111,90,0,1,0,0
2021-12-17 19:00:00,1206.172,16.111,90,0,1,0,0
2021-12-17 20:00:00,1050.537,16.111,90,0,1,0,0
2021-12-17 21:00:00,983.694,14.444,93,0,1,0,0
2021-12-17 22:00:00,867.965,14.444,93,0,1,0,0
2021-12-17 23:00:00,855.993,14.444,93,0,1,0,0
2021-12-18 00:00:00,1687.045,17.778,94,0,1,0,0
2021-12-18 01:00:00,1687.045,17.778,94,0,1,0,0
2021-12-18 02:00:00,1687.045,17.778,94,0,1,0,0
2021-12-18 03:00:00,1933.468,25.556,40,0,1,0,0
2021-12-18 04:00:00,2028.245,25.556,40,0,1,0,0
2021-12-18 05:00:00,3175.39,25.556,40,0,1,0,0
2021-12-18 06:00:00,3519.749,28.333,34,0,1,0,0
2021-12-18 07:00:00,3896.2,28.333,34,0,1,0,0
2021-12-18 08:00:00,4143.786,28.333,34,0,1,0,0
2021-12-18 09:00:00,4015.587,24.444,32,0,1,0,0
2021-12-18 10:00:00,3996.465,24.444,32,0,1,0,0
2021-12-18 11:00:00,4283.292,24.444,32,0,1,0,0
2021-12-18 12:00:00,4113.357,18.333,69,0,1,0,0
2021-12-18 13:00:00,4168.561,18.333,69,0,1,0,0
2021-12-18 14:00:00,4056.491,18.333,69,0,1,0,0
2021-12-18 15:00:00,3896.2,17.222,75,0,1,0,0
2021-12-18 16:00:00,3610.204,17.222,75,0,1,0,0
2021-12-18 17:00:00,2873.93,17.222,75,0,1,0,0
2021-12-18 18:00:00,1186.718,15.556,91,0,1,0,0
2021-12-18 19:00:00,1128.355,15.556,91,0,1,0,0
2021-12-18 20:00:00,1089.446,15.556,91,0,1,0,0
2021-12-18 21:00:00,906.542,15.556,93,0,1,0,0
2021-12-18 22:00:00,848.677,15.556,93,0,1,0,0
2021-12-18 23:00:00,848.677,15.556,93,0,1,0,0
2021-12-19 00:00:00,2217.801,17.778,91,1,1,0,0
2021-12-19 01:00:00,2217.801,17.778,91,1,1,0,0
2021-12-19 02:00:00,2217.801,17.778,91,1,1,0,0
2021-12-19 03:00:00,2217.801,22.778,32,1,1,0,0
2021-12-19 04:00:00,2198.347,22.778,32,1,1,0,0
2021-12-19 05:00:00,3054.174,22.778,32,1,1,0,0
2021-12-19 06:00:00,4163.24,27.222,30,1,1,0,0
2021-12-19 07:00:00,4246.046,27.222,30,1,1,0,0
2021-12-19 08:00:00,4378.403,27.222,30,1,1,0,0
2021-12-19 09:00:00,4436.267,24.444,33,1,1,0,0
2021-12-19 10:00:00,4208.135,24.444,33,1,1,0,0
2021-12-19 11:00:00,4114.854,24.444,33,1,1,0,0
2021-12-19 12:00:00,4246.046,19.444,68,1,1,0,0
2021-12-19 13:00:00,4340.824,19.444,68,1,1,0,0
2021-12-19 14:00:00,4056.491,19.444,68,1,1,0,0
2021-12-19 15:00:00,3919.977,17.222,87,1,1,0,0
2021-12-19 16:00:00,3805.246,17.222,87,1,1,0,0
2021-12-19 17:00:00,3640.799,17.222,87,1,1,0,0
2021-12-19 18:00:00,1167.264,16.111,89,1,1,0,0
2021-12-19 19:00:00,1089.446,16.111,89,1,1,0,0
2021-12-19 20:00:00,1069.992,16.111,89,1,1,0,0
2021-12-19 21:00:00,914.357,14.444,93,1,1,0,0
2021-12-19 22:00:00,848.677,14.444,93,1,1,0,0
2021-12-19 23:00:00,848.677,14.444,93,1,1,0,0
2021-12-20 00:00:00,2388.401,14.444,88,0,1,0,0
2021-12-20 01:00:00,2388.401,14.444,88,0,1,0,0
2021-12-20 02:00:00,2388.401,14.444,88,0,1,0,0
2021-12-20 03:00:00,2388.401,22.222,35,0,1,0,0
2021-12-20 04:00:00,2686.868,22.222,35,0,1,0,0
2021-12-20 05:00:00,3054.174,22.222,35,0,1,0,0
2021-12-20 06:00:00,3799.094,25.556,29,0,1,0,0
2021-12-20 07:00:00,4357.784,25.556,29,0,1,0,0
2021-12-20 08:00:00,4357.784,25.556,29,0,1,0,0
2021-12-20 09:00:00,4190.177,22.778,34,0,1,0,0
2021-12-20 10:00:00,4339.161,22.778,34,0,1,0,0
2021-12-20 11:00:00,4377.904,22.778,34,0,1,0,0
2021-12-20 12:00:00,4015.587,16.111,59,0,1,0,0
2021-12-20 13:00:00,4151.269,16.111,59,0,1,0,0
2021-12-20 14:00:00,4151.269,16.111,59,0,1,0,0
2021-12-20 15:00:00,4151.269,12.778,88,0,1,0,0
2021-12-20 16:00:00,4108.369,12.778,88,0,1,0,0
2021-12-20 17:00:00,3298.268,12.778,88,0,1,0,0
2021-12-20 18:00:00,1167.264,15.0,93,0,1,0,0
2021-12-20 19:00:00,1128.355,15.0,93,0,1,0,0
2021-12-20 20:00:00,1050.537,15.0,93,0,1,0,0
2021-12-20 21:00:00,914.357,10.0,95,0,1,0,0
2021-12-20 22:00:00,848.677,10.0,95,0,1,0,0
2021-12-20 23:00:00,848.677,10.0,95,0,1,0,0
2021-12-21 00:00:00,2249.821,14.444,91,0,1,0,0
2021-12-21 01:00:00,2249.821,14.444,91,0,1,0,0
2021-12-21 02:00:00,2249.821,14.444,91,0,1,0,0
2021-12-21 03:00:00,2342.789,22.222,35,0,1,0,0
2021-12-21 04:00:00,2635.35,22.222,35,0,1,0,0
2021-12-21 05:00:00,3077.646,22.222,35,0,1,0,0
2021-12-21 06:00:00,3830.274,26.111,23,0,1,0,0
2021-12-21 07:00:00,4257.104,26.111,23,0,1,0,0
2021-12-21 08:00:00,4441.394,26.111,23,0,1,0,0
2021-12-21 09:00:00,4533.539,23.889,34,0,1,0,0
2021-12-21 10:00:00,4533.539,23.889,34,0,1,0,0
2021-12-21 11:00:00,4388.081,23.889,34,0,1,0,0
2021-12-21 12:00:00,4501.946,16.111,65,0,1,0,0
2021-12-21 13:00:00,4237.358,16.111,65,0,1,0,0
2021-12-21 14:00:00,4483.188,16.111,65,0,1,0,0
2021-12-21 15:00:00,4427.901,13.333,82,0,1,0,0
2021-12-21 16:00:00,4258.091,13.333,82,0,1,0,0
2021-12-21 17:00:00,3619.328,13.333,82,0,1,0,0
2021-12-21 18:00:00,1174.356,12.222,91,0,1,0,0
2021-12-21 19:00:00,1135.853,12.222,91,0,1,0,0
2021-12-21 20:00:00,1011.622,12.222,91,0,1,0,0
2021-12-21 21:00:00,897.098,11.667,95,0,1,0,0
2021-12-21 22:00:00,847.077,11.667,95,0,1,0,0
2021-12-21 23:00:00,847.077,11.667,95,0,1,0,0
2021-12-22 00:00:00,2123.023,15.556,93,0,1,0,0
2021-12-22 01:00:00,2123.023,15.556,93,0,1,0,0
2021-12-22 02:00:00,2141.646,15.556,93,0,1,0,0
2021-12-22 03:00:00,2218.134,25.0,38,0,1,0,0
2021-12-22 04:00:00,2409.352,25.0,38,0,1,0,0
2021-12-22 05:00:00,2810.911,25.0,38,0,1,0,0
2021-12-22 06:00:00,3682.7,28.333,32,0,1,0,0
2021-12-22 07:00:00,4300.419,28.333,32,0,1,0,0
2021-12-22 08:00:00,4484.986,28.333,32,0,1,0,0
2021-12-22 09:00:00,4320.538,23.889,34,0,1,0,0
2021-12-22 10:00:00,4810.058,23.889,34,0,1,0,0
2021-12-22 11:00:00,4549.335,23.889,34,0,1,0,0
2021-12-22 12:00:00,848.677,16.111,67,0,1,0,0
2021-12-22 13:00:00,882.93,16.111,67,0,1,0,0
2021-12-22 14:00:00,4490.64,16.111,67,0,1,0,0
2021-12-22 15:00:00,4395.03,14.444,75,0,1,0,0
2021-12-22 16:00:00,4397.691,14.444,75,0,1,0,0
2021-12-22 17:00:00,3551.175,14.444,75,0,1,0,0
2021-12-22 18:00:00,1195.863,12.222,95,0,1,0,0
2021-12-22 19:00:00,1118.711,12.222,95,0,1,0,0
2021-12-22 20:00:00,1002.982,12.222,95,0,1,0,0
2021-12-22 21:00:00,917.848,12.222,92,0,1,0,0
2021-12-22 22:00:00,841.361,12.222,92,0,1,0,0
2021-12-22 23:00:00,834.045,12.222,92,0,1,0,0
2021-12-23 00:00:00,2232.215,16.111,93,0,1,0,0
2021-12-23 01:00:00,2232.215,16.111,93,0,1,0,0
2021-12-23 02:00:00,2232.215,16.111,93,0,1,0,0
2021-12-23 03:00:00,2398.57,26.111,36,0,1,0,0
2021-12-23 04:00:00,2491.538,26.111,36,0,1,0,0
2021-12-23 05:00:00,3473.87,26.111,36,0,1,0,0
2021-12-23 06:00:00,3890.333,30.556,20,0,1,0,0
2021-12-23 07:00:00,4164.959,30.556,20,0,1,0,0
2021-12-23 08:00:00,4293.962,30.556,20,0,1,0,0
2021-12-23 09:00:00,4773.116,27.222,31,0,1,0,0
2021-12-23 10:00:00,4797.14,27.222,31,0,1,0,0
2021-12-23 11:00:00,4629.798,27.222,31,0,1,0,0
2021-12-23 12:00:00,4595.737,21.111,68,0,1,0,0
2021-12-23 13:00:00,4595.737,21.111,68,0,1,0,0
2021-12-23 14:00:00,4595.737,21.111,68,0,1,0,0
2021-12-23 15:00:00,4447.318,17.222,84,0,1,0,0
2021-12-23 16:00:00,4312.391,17.222,84,0,1,0,0
2021-12-23 17:00:00,1145.561,17.222,84,0,1,0,0
2021-12-23 18:00:00,1184.394,12.778,90,0,1,0,0
2021-12-23 19:00:00,1126.145,12.778,90,0,1,0,0
2021-12-23 20:00:00,1030.709,12.778,90,0,1,0,0
2021-12-23 21:00:00,935.273,15.0,93,0,1,0,0
2021-12-23 22:00:00,839.837,15.0,93,0,1,0,0
2021-12-23 23:00:00,2459.945,15.0,93,0,1,0,0
2021-12-24 00:00:00,2537.628,16.667,93,0,1,0,0
2021-12-24 01:00:00,2537.628,16.667,93,0,1,0,0
2021-12-24 02:00:00,2537.628,16.667,93,0,1,0,0
2021-12-24 03:00:00,2537.628,26.667,43,0,1,0,0
2021-12-24 04:00:00,2589.399,26.667,43,0,1,0,0
2021-12-24 05:00:00,2984.725,26.667,43,0,1,0,0
2021-12-24 06:00:00,4411.568,31.667,24,0,1,0,0
2021-12-24 07:00:00,4809.78,31.667,24,0,1,0,0
2021-12-24 08:00:00,4699.279,31.667,24,0,1,0,0
2021-12-24 09:00:00,4606.77,28.333,34,0,1,0,0
2021-12-24 10:00:00,4508.999,28.333,34,0,1,0,0
2021-12-24 11:00:00,4627.139,28.333,34,0,1,0,0
2021-12-24 12:00:00,2547.473,23.333,57,0,1,0,0
2021-12-24 13:00:00,4392.557,23.333,57,0,1,0,0
2021-12-24 14:00:00,4237.753,23.333,57,0,1,0,0
2021-12-24 15:00:00,4373.207,21.111,81,0,1,0,0
2021-12-24 16:00:00,4230.115,21.111,81,0,1,0,0
2021-12-24 17:00:00,978.217,21.111,81,0,1,0,0
2021-12-24 18:00:00,1231.301,15.556,87,0,1,0,0
2021-12-24 19:00:00,1083.626,15.556,87,0,1,0,0
2021-12-24 20:00:00,1004.188,15.556,87,0,1,0,0
2021-12-24 21:00:00,925.428,19.444,94,0,1,0,0
2021-12-24 22:00:00,866.358,19.444,94,0,1,0,0
2021-12-24 23:00:00,858.889,19.444,94,0,1,0,0
2021-12-25 00:00:00,2062.569,18.333,94,0,1,0,0
2021-12-25 01:00:00,2062.569,18.333,94,0,1,0,0
2021-12-25 02:00:00,2044.634,18.333,94,0,1,0,0
2021-12-25 03:00:00,2044.634,27.222,58,0,1,0,0
2021-12-25 04:00:00,2269.731,27.222,58,0,1,0,0
2021-12-25 05:00:00,3822.376,27.222,58,0,1,0,0
2021-12-25 06:00:00,4273.887,28.889,44,0,1,0,0
2021-12-25 07:00:00,4383.474,28.889,44,0,1,0,0
2021-12-25 08:00:00,5094.637,28.889,44,0,1,0,0
2021-12-25 09:00:00,5373.54,28.333,41,0,1,0,0
2021-12-25 10:00:00,4858.351,28.333,41,0,1,0,0
2021-12-25 11:00:00,4848.149,28.333,41,0,1,0,0
2021-12-25 12:00:00,4617.128,23.889,78,0,1,0,0
2021-12-25 13:00:00,4579.283,23.889,78,0,1,0,0
2021-12-25 14:00:00,4238.675,23.889,78,0,1,0,0
2021-12-25 15:00:00,4126.784,19.444,90,0,1,0,0
2021-12-25 16:00:00,973.447,19.444,90,0,1,0,0
2021-12-25 17:00:00,1164.319,19.444,90,0,1,0,0
2021-12-25 18:00:00,1183.406,20.0,90,0,1,0,0
2021-12-25 19:00:00,1116.601,20.0,90,0,1,0,0
2021-12-25 20:00:00,1039.594,20.0,90,0,1,0,0
2021-12-25 21:00:00,924.084,18.889,94,0,1,0,0
2021-12-25 22:00:00,2532.345,18.889,94,0,1,0,0
2021-12-25 23:00:00,2569.861,18.889,94,0,1,0,0
2021-12-26 00:00:00,2513.587,21.111,94,1,1,0,0
2021-12-26 01:00:00,2513.587,21.111,94,1,1,0,0
2021-12-26 02:00:00,2513.587,21.111,94,1,1,0,0
2021-12-26 03:00:00,2677.473,23.889,70,1,1,0,0
2021-12-26 04:00:00,3142.313,23.889,70,1,1,0,0
2021-12-26 05:00:00,3451.492,23.889,70,1,1,0,0
2021-12-26 06:00:00,4312.391,27.778,50,1,1,0,0
2021-12-26 07:00:00,4711.741,27.778,50,1,1,0,0
2021-12-26 08:00:00,4820.834,27.778,50,1,1,0,0
2021-12-26 09:00:00,4689.528,26.111,52,1,1,0,0
2021-12-26 10:00:00,4825.277,26.111,52,1,1,0,0
2021-12-26 11:00:00,4981.759,26.111,52,1,1,0,0
2021-12-26 12:00:00,4892.905,22.222,80,1,1,0,0
2021-12-26 13:00:00,4711.741,22.222,80,1,1,0,0
2021-12-26 14:00:00,4711.741,22.222,80,1,1,0,0
2021-12-26 15:00:00,4314.365,21.111,91,1,1,0,0
2021-12-26 16:00:00,970.814,21.111,91,1,1,0,0
2021-12-26 17:00:00,970.814,21.111,91,1,1,0,0
2021-12-26 18:00:00,1164.319,18.333,94,1,1,0,0
2021-12-26 19:00:00,1164.319,18.333,94,1,1,0,0
2021-12-26 20:00:00,1107.058,18.333,94,1,1,0,0
2021-12-26 21:00:00,1030.709,18.889,94,1,1,0,0
2021-12-26 22:00:00,839.837,18.889,94,1,1,0,0
2021-12-26 23:00:00,643.37,18.889,94,1,1,0,0
2021-12-27 00:00:00,2535.636,22.222,92,0,1,0,0
2021-12-27 01:00:00,2535.636,22.222,92,0,1,0,0
2021-12-27 02:00:00,2724.862,22.222,92,0,1,0,0
2021-12-27 03:00:00,2701.168,25.556,64,0,1,0,0
2021-12-27 04:00:00,3142.313,25.556,64,0,1,0,0
2021-12-27 05:00:00,3298.795,25.556,64,0,1,0,0
2021-12-27 06:00:00,4312.391,28.889,55,0,1,0,0
2021-12-27 07:00:00,5064.69,28.889,55,0,1,0,0
2021-12-27 08:00:00,4806.354,28.889,55,0,1,0,0
2021-12-27 09:00:00,4200.829,26.667,58,0,1,0,0
2021-12-27 10:00:00,4981.759,26.667,58,0,1,0,0
2021-12-27 11:00:00,4986.202,26.667,58,0,1,0,0
2021-12-27 12:00:00,4795.824,22.222,78,0,1,0,0
2021-12-27 13:00:00,4601.167,22.222,78,0,1,0,0
2021-12-27 14:00:00,4465.747,22.222,78,0,1,0,0
2021-12-27 15:00:00,4332.794,21.667,91,0,1,0,0
2021-12-27 16:00:00,1211.05,21.667,91,0,1,0,0
2021-12-27 17:00:00,1189.988,21.667,91,0,1,0,0
2021-12-27 18:00:00,1173.205,20.0,92,0,1,0,0
2021-12-27 19:00:00,1097.514,20.0,92,0,1,0,0
2021-12-27 20:00:00,965.055,20.0,92,0,1,0,0
2021-12-27 21:00:00,919.147,18.889,94,0,1,0,0
2021-12-27 22:00:00,825.357,18.889,94,0,1,0,0
2021-12-27 23:00:00,825.357,18.889,94,0,1,0,0
2021-12-28 00:00:00,2232.215,20.0,94,0,1,0,0
2021-12-28 01:00:00,2326.006,20.0,94,0,1,0,0
2021-12-28 02:00:00,2326.006,20.0,94,0,1,0,0
2021-12-28 03:00:00,2472.944,26.667,62,0,1,0,0
2021-12-28 04:00:00,2714.661,26.667,62,0,1,0,0
2021-12-28 05:00:00,3927.356,26.667,62,0,1,0,0
2021-12-28 06:00:00,4459.823,29.444,43,0,1,0,0
2021-12-28 07:00:00,5096.282,29.444,43,0,1,0,0
2021-12-28 08:00:00,4976.658,29.444,43,0,1,0,0
2021-12-28 09:00:00,5203.73,27.222,42,0,1,0,0
2021-12-28 10:00:00,5128.04,27.222,42,0,1,0,0
2021-12-28 11:00:00,4943.585,27.222,42,0,1,0,0
2021-12-28 12:00:00,4752.713,23.333,68,0,1,0,0
2021-12-28 13:00:00,4727.044,23.333,68,0,1,0,0
2021-12-28 14:00:00,4711.741,23.333,68,0,1,0,0
2021-12-28 15:00:00,4541.437,22.222,78,0,1,0,0
2021-12-28 16:00:00,1116.437,22.222,78,0,1,0,0
2021-12-28 17:00:00,1173.205,22.222,78,0,1,0,0
2021-12-28 18:00:00,1248.895,20.0,94,0,1,0,0
2021-12-28 19:00:00,1116.437,20.0,94,0,1,0,0
2021-12-28 20:00:00,1021.823,20.0,94,0,1,0,0
2021-12-28 21:00:00,946.133,18.889,94,0,1,0,0
2021-12-28 22:00:00,878.011,18.889,94,0,1,0,0
2021-12-28 23:00:00,2462.249,18.889,94,0,1,0,0
2021-12-29 00:00:00,2363.522,21.667,92,0,1,0,0
2021-12-29 01:00:00,2384.255,21.667,92,0,1,0,0
2021-12-29 02:00:00,2384.255,21.667,92,0,1,0,0
2021-12-29 03:00:00,2630.249,25.556,58,0,1,0,0
2021-12-29 04:00:00,2724.862,25.556,58,0,1,0,0
2021-12-29 05:00:00,3732.864,25.556,58,0,1,0,0
2021-12-29 06:00:00,4536.83,28.889,43,0,1,0,0
2021-12-29 07:00:00,4952.141,28.889,43,0,1,0,0
2021-12-29 08:00:00,3225.737,28.889,43,0,1,0,0
2021-12-29 09:00:00,5033.426,26.667,44,0,1,0,0
2021-12-29 10:00:00,5172.631,26.667,44,0,1,0,0
2021-12-29 11:00:00,5172.631,26.667,44,0,1,0,0
2021-12-29 12:00:00,4555.424,22.222,76,0,1,0,0
2021-12-29 13:00:00,4555.424,22.222,76,0,1,0,0
2021-12-29 14:00:00,4555.424,22.222,76,0,1,0,0
2021-12-29 15:00:00,4499.643,21.111,89,0,1,0,0
2021-12-29 16:00:00,3034.865,21.111,89,0,1,0,0
2021-12-29 17:00:00,1097.02,21.111,89,0,1,0,0
2021-12-29 18:00:00,1154.282,21.667,80,0,1,0,0
2021-12-29 19:00:00,1154.282,21.667,80,0,1,0,0
2021-12-29 20:00:00,965.055,21.667,80,0,1,0,0
2021-12-29 21:00:00,851.519,20.0,89,0,1,0,0
2021-12-29 22:00:00,2668.094,20.0,89,0,1,0,0
2021-12-29 23:00:00,2724.862,20.0,89,0,1,0,0
2021-12-30 00:00:00,2696.18,20.556,88,0,1,0,0
2021-12-30 01:00:00,2696.18,20.556,88,0,1,0,0
2021-12-30 02:00:00,2696.18,20.556,88,0,1,0,0
2021-12-30 03:00:00,2696.18,23.889,70,0,1,0,0
2021-12-30 04:00:00,2977.032,23.889,70,0,1,0,0
2021-12-30 05:00:00,3475.076,23.889,70,0,1,0,0
2021-12-30 06:00:00,4452.278,27.222,54,0,1,0,0
2021-12-30 07:00:00,5011.377,27.222,54,0,1,0,0
2021-12-30 08:00:00,5042.637,27.222,54,0,1,0,0
2021-12-30 09:00:00,5042.637,24.444,64,0,1,0,0
2021-12-30 10:00:00,4860.613,24.444,64,0,1,0,0
2021-12-30 11:00:00,4608.253,24.444,64,0,1,0,0
2021-12-30 12:00:00,4688.682,21.667,82,0,1,0,0
2021-12-30 13:00:00,4605.973,21.667,82,0,1,0,0
2021-12-30 14:00:00,4553.059,21.667,82,0,1,0,0
2021-12-30 15:00:00,4268.3,20.556,88,0,1,0,0
2021-12-30 16:00:00,717.679,20.556,88,0,1,0,0
2021-12-30 17:00:00,906.542,20.556,88,0,1,0,0
2021-12-30 18:00:00,1160.855,20.556,88,0,1,0,0
2021-12-30 19:00:00,1160.855,20.556,88,0,1,0,0
2021-12-30 20:00:00,1011.067,20.556,88,0,1,0,0
2021-12-30 21:00:00,898.727,18.333,94,0,1,0,0
2021-12-30 22:00:00,2023.112,18.333,94,0,1,0,0
2021-12-30 23:00:00,2023.112,18.333,94,0,1,0,0
2021-12-31 00:00:00,2044.634,20.0,94,0,1,0,0
2021-12-31 01:00:00,2100.908,20.0,94,0,1,0,0
2021-12-31 02:00:00,2288.489,20.0,94,0,1,0,0
2021-12-31 03:00:00,2138.425,23.889,66,0,1,0,0
2021-12-31 04:00:00,2524.776,23.889,66,0,1,0,0
2021-12-31 05:00:00,2690.637,23.889,66,0,1,0,0
2021-12-31 06:00:00,4237.358,27.222,50,0,1,0,0
2021-12-31 07:00:00,4614.495,27.222,50,0,1,0,0
2021-12-31 08:00:00,4943.585,27.222,50,0,1,0,0
2021-12-31 09:00:00,4947.698,25.556,52,0,1,0,0
2021-12-31 10:00:00,4889.943,25.556,52,0,1,0,0
2021-12-31 11:00:00,4711.741,25.556,52,0,1,0,0
2021-12-31 12:00:00,4834.656,22.222,80,0,1,0,0
2021-12-31 13:00:00,4924.498,22.222,80,0,1,0,0
2021-12-31 14:00:00,4877.109,22.222,80,0,1,0,0
2021-12-31 15:00:00,4727.044,20.556,91,0,1,0,0
2021-12-31 16:00:00,847.077,20.556,91,0,1,0,0
2021-12-31 17:00:00,1011.622,20.556,91,0,1,0,0
2021-12-31 18:00:00,1240.668,19.444,92,0,1,0,0
2021-12-31 19:00:00,1221.581,19.444,92,0,1,0,0
2021-12-31 20:00:00,1173.205,19.444,92,0,1,0,0
2021-12-31 21:00:00,1078.591,18.333,94,0,1,0,0
2021-12-31 22:00:00,908.287,18.333,94,0,1,0,0
2021-12-31 23:00:00,839.837,18.333,94,0,1,0,0
