timestamp,load_kw,temperature_c,humidity_pct,is_weekend,season_code,substation_shutdown
2021-01-01 00:00:00,1967.3880148948756,18.333333333333332,90,0,1,0
2021-01-01 01:00:00,1967.3880148948756,18.333333333333332,90,0,1,0
2021-01-01 02:00:00,1967.3880148948756,18.333333333333332,90,0,1,0
2021-01-01 03:00:00,2442.6073308659334,25.555555555555557,49,0,1,0
2021-01-01 04:00:00,2756.205521881124,25.555555555555557,49,0,1,0
2021-01-01 05:00:00,3203.1577686726573,25.555555555555557,49,0,1,0
2021-01-01 06:00:00,4168.561319592168,28.333333333333332,34,0,1,0
2021-01-01 07:00:00,5102.704817536675,28.333333333333332,34,0,1,0
2021-01-01 08:00:00,5214.442879234559,28.333333333333332,34,0,1,0
2021-01-01 09:00:00,4856.947592552343,27.22222222222222,42,0,1,0
2021-01-01 10:00:00,4856.947592552343,27.22222222222222,42,0,1,0
2021-01-01 11:00:00,4646.607342481178,27.22222222222222,42,0,1,0
2021-01-01 12:00:00,4455.555210203101,21.666666666666668,42,0,1,0
2021-01-01 13:00:00,4198.823711302011,21.666666666666668,87,0,1,0
2021-01-01 14:00:00,4022.2376673687495,21.666666666666668,87,0,1,0
2021-01-01 15:00:00,4182.694854181929,19.444444444444443,87,0,1,0
2021-01-01 16:00:00,3709.637137618718,19.444444444444443,87,0,1,0
2021-01-01 17:00:00,855.9933655069996,19.444444444444443,87,0,1,0
2021-01-01 18:00:00,824.0682050218901,18.88888888888889,88,0,1,0
2021-01-01 19:00:00,765.2061903774694,18.88888888888889,88,0,1,0
2021-01-01 20:00:00,588.6201464442073,18.88888888888889,88,0,1,0
2021-01-01 21:00:00,490.516788703506,16.666666666666668,89,0,1,0
2021-01-01 22:00:00,431.6547740590853,16.666666666666668,89,0,1,0
2021-01-01 23:00:00,412.03410251094505,16.666666666666668,89,0,1,0
2021-01-02 00:00:00,1828.9157489821664,18.333333333333332,90,0,1,0
2021-01-02 01:00:00,1828.9157489821664,18.333333333333332,90,0,1,0
2021-01-02 02:00:00,1828.9157489821664,18.333333333333332,90,0,1,0
2021-01-02 03:00:00,1892.2655072689984,25.555555555555557,48,0,1,0
2021-01-02 04:00:00,2532.3448832060767,25.555555555555557,48,0,1,0
2021-01-02 05:00:00,3012.1575979188074,25.555555555555557,48,0,1,0
2021-01-02 06:00:00,4030.5255304829666,28.333333333333332,32,0,1,0
2021-01-02 07:00:00,4778.546312747738,28.333333333333332,32,0,1,0
2021-01-02 08:00:00,4797.13987816699,28.333333333333332,32,0,1,0
2021-01-02 09:00:00,4871.514139843997,26.666666666666668,38,0,1,0
2021-01-02 10:00:00,4919.8903188993945,26.666666666666668,38,0,1,0
2021-01-02 11:00:00,4886.3231742487105,26.666666666666668,38,0,1,0
2021-01-02 12:00:00,4327.36439788412,21.666666666666668,73,0,1,0
2021-01-02 13:00:00,4294.6199773670305,21.666666666666668,73,0,1,0
2021-01-02 14:00:00,4273.887329200431,21.666666666666668,73,0,1,0
2021-01-02 15:00:00,4004.3629030346383,19.444444444444443,88,0,1,0
2021-01-02 16:00:00,3720.3585321175697,19.444444444444443,88,0,1,0
2021-01-02 17:00:00,885.5802574018911,19.444444444444443,88,0,1,0
2021-01-02 18:00:00,834.9004507724259,18.88888888888889,88,0,1,0
2021-01-02 19:00:00,776.6515821138845,18.88888888888889,88,0,1,0
2021-01-02 20:00:00,660.1538447968018,18.88888888888889,88,0,1,0
2021-01-02 21:00:00,504.82352837402493,16.666666666666668,89,0,1,0
2021-01-02 22:00:00,446.5746597154841,16.666666666666668,89,0,1,0
2021-01-02 23:00:00,2175.940788532631,16.666666666666668,89,0,1,0
2021-01-03 00:00:00,2236.7565564879874,18.333333333333332,92,1,1,0
2021-01-03 01:00:00,2236.7565564879874,18.333333333333332,92,1,1,0
2021-01-03 02:00:00,2354.4805857768292,18.333333333333332,92,1,1,0
2021-01-03 03:00:00,2511.445958161951,25.0,52,1,1,0
2021-01-03 04:00:00,2805.756031384054,25.0,52,1,1,0
2021-01-03 05:00:00,3212.4692738141475,25.0,52,1,1,0
2021-01-03 06:00:00,4494.131445789274,27.77777777777778,33,1,1,0
2021-01-03 07:00:00,5497.1135710297995,27.77777777777778,33,1,1,0
2021-01-03 08:00:00,4997.950384694909,27.77777777777778,33,1,1,1
2021-01-03 09:00:00,5288.602366611428,26.666666666666668,41,1,1,0
2021-01-03 10:00:00,5155.913418345191,26.666666666666668,41,1,1,0
2021-01-03 11:00:00,5174.868982383225,26.666666666666668,41,1,1,0
2021-01-03 12:00:00,4983.650573227621,21.666666666666668,76,1,1,0
2021-01-03 13:00:00,4983.650573227621,21.666666666666668,76,1,1,0
2021-01-03 14:00:00,4748.202514649938,21.666666666666668,76,1,1,0
2021-01-03 15:00:00,4283.29236508553,20.0,85,1,1,0
2021-01-03 16:00:00,3461.0532057164332,20.0,85,1,1,0
2021-01-03 17:00:00,829.3890651027416,20.0,85,1,1,0
2021-01-03 18:00:00,836.5389708363859,17.77777777777778,89,1,1,0
2021-01-03 19:00:00,758.7213921539313,17.77777777777778,89,1,1,0
2021-01-03 20:00:00,680.9038134714768,17.77777777777778,89,1,1,0
2021-01-03 21:00:00,568.999474896067,19.444444444444443,88,1,1,0
2021-01-03 22:00:00,431.6547740590853,19.444444444444443,88,1,1,0
2021-01-03 23:00:00,431.6547740590853,19.444444444444443,88,1,1,0
2021-01-04 00:00:00,2260.0561039514037,20.0,88,0,1,0
2021-01-04 01:00:00,2260.0561039514037,20.0,88,0,1,0
2021-01-04 02:00:00,2260.0561039514037,20.0,88,0,1,0
2021-01-04 03:00:00,2555.4157999628937,25.0,54,0,1,0
2021-01-04 04:00:00,2845.3992102676903,25.0,54,0,1,0
2021-01-04 05:00:00,3072.043254590501,25.0,54,0,1,0
2021-01-04 06:00:00,4872.258921691251,28.333333333333332,32,0,1,0
2021-01-04 07:00:00,5106.127349932431,28.333333333333332,32,0,1,0
2021-01-04 08:00:00,5106.127349932431,28.333333333333332,32,0,1,0
2021-01-04 09:00:00,5242.550599739786,26.666666666666668,35,0,1,0
2021-01-04 10:00:00,4956.263385858342,26.666666666666668,35,0,1,0
2021-01-04 11:00:00,4462.149127627516,26.666666666666668,35,0,1,0
2021-01-04 12:00:00,4324.5498153218205,22.22222222222222,70,0,1,0
2021-01-04 13:00:00,4022.133744320295,22.22222222222222,70,0,1,0
2021-01-04 14:00:00,4213.663922621262,22.22222222222222,70,0,1,0
2021-01-04 15:00:00,4252.641993994791,20.0,83,0,1,0
2021-01-04 16:00:00,4138.731940584217,20.0,83,0,1,0
2021-01-04 17:00:00,818.5394988441301,20.0,83,0,1,0
2021-01-04 18:00:00,818.5394988441301,18.88888888888889,88,0,1,0
2021-01-04 19:00:00,812.827195280768,18.88888888888889,88,0,1,0
2021-01-04 20:00:00,654.2267669333012,18.88888888888889,88,0,1,0
2021-01-04 21:00:00,515.4513921292676,17.22222222222222,87,0,1,0
2021-01-04 22:00:00,455.9762314989675,17.22222222222222,87,0,1,0
2021-01-04 23:00:00,2083.6467292005136,17.22222222222222,87,0,1,0
2021-01-05 00:00:00,2062.1658350850444,18.88888888888889,90,0,1,0
2021-01-05 01:00:00,2062.1658350850444,18.88888888888889,90,0,1,0
2021-01-05 02:00:00,2062.1658350850444,18.88888888888889,90,0,1,0
2021-01-05 03:00:00,2294.620909867248,26.666666666666668,40,0,1,0
2021-01-05 04:00:00,2710.645657438832,26.666666666666668,40,0,1,0
2021-01-05 05:00:00,3178.548790798719,26.666666666666668,40,0,1,0
2021-01-05 06:00:00,4321.536046916651,28.333333333333332,32,0,1,0
2021-01-05 07:00:00,5136.9578543071575,28.333333333333332,32,0,1,0
2021-01-05 08:00:00,5383.380186801597,28.333333333333332,32,0,1,0
2021-01-05 09:00:00,4706.3007415132315,27.22222222222222,38,0,1,0
2021-01-05 10:00:00,4879.893801651014,27.22222222222222,38,0,1,0
2021-01-05 11:00:00,4802.741330478667,27.22222222222222,38,0,1,0
2021-01-05 12:00:00,4688.509115617883,22.22222222222222,69,0,1,0
2021-01-05 13:00:00,4552.328352923588,22.22222222222222,69,0,1,0
2021-01-05 14:00:00,4552.328352923588,22.22222222222222,69,0,1,0
2021-01-05 15:00:00,4375.409755235274,21.666666666666668,78,0,1,0
2021-01-05 16:00:00,3988.1509074757932,21.666666666666668,78,0,1,0
2021-01-05 17:00:00,790.8128295165676,21.666666666666668,78,0,1,0
2021-01-05 18:00:00,829.3890651027416,18.333333333333332,88,0,1,0
2021-01-05 19:00:00,790.8128295165676,18.333333333333332,88,0,1,0
2021-01-05 20:00:00,622.540629459636,18.333333333333332,88,0,1,0
2021-01-05 21:00:00,505.8142614359543,20.555555555555557,85,0,1,0
2021-01-05 22:00:00,505.8142614359543,20.555555555555557,85,0,1,0
2021-01-05 23:00:00,2044.5404860672234,20.555555555555557,85,0,1,0
2021-01-06 00:00:00,2001.9458926074897,22.77777777777778,86,0,1,0
2021-01-06 01:00:00,2001.9458926074897,22.77777777777778,86,0,1,0
2021-01-06 02:00:00,2001.9458926074897,22.77777777777778,86,0,1,0
2021-01-06 03:00:00,2171.596805107246,26.666666666666668,56,0,1,0
2021-01-06 04:00:00,2512.038319538139,26.666666666666668,56,0,1,0
2021-01-06 05:00:00,3421.9989241073704,26.666666666666668,56,0,1,0
2021-01-06 06:00:00,4473.118205391849,27.22222222222222,55,0,1,0
2021-01-06 07:00:00,5029.937899009092,27.22222222222222,55,0,1,0
2021-01-06 08:00:00,5122.741181278631,27.22222222222222,55,0,1,0
2021-01-06 09:00:00,5004.8647315187245,26.666666666666668,59,0,1,0
2021-01-06 10:00:00,4853.774475472876,26.666666666666668,59,0,1,0
2021-01-06 11:00:00,4853.774475472876,26.666666666666668,59,0,1,0
2021-01-06 12:00:00,4702.6842194270275,24.444444444444443,74,0,1,0
2021-01-06 13:00:00,3669.4743434928114,24.444444444444443,74,0,1,0
2021-01-06 14:00:00,3437.303325043048,24.444444444444443,74,0,1,0
2021-01-06 15:00:00,3437.303325043048,23.333333333333332,79,0,1,0
2021-01-06 16:00:00,3669.4743434928114,23.333333333333332,79,0,1,0
2021-01-06 17:00:00,768.4763023021594,23.333333333333332,79,0,1,0
2021-01-06 18:00:00,768.4763023021594,21.11111111111111,83,0,1,0
2021-01-06 19:00:00,749.2643947446054,21.11111111111111,83,0,1,0
2021-01-06 20:00:00,614.7810418417275,21.11111111111111,83,0,1,0
2021-01-06 21:00:00,499.5095964964036,22.22222222222222,89,0,1,0
2021-01-06 22:00:00,499.5095964964036,22.22222222222222,89,0,1,0
2021-01-06 23:00:00,1863.5550330827366,22.22222222222222,89,0,1,0
2021-01-07 00:00:00,1942.8552472564702,21.666666666666668,89,0,1,0
2021-01-07 01:00:00,1942.8552472564702,21.666666666666668,89,0,1,0
2021-01-07 02:00:00,1942.8552472564702,21.666666666666668,89,0,1,0
2021-01-07 03:00:00,1942.8552472564702,22.22222222222222,87,0,1,0
2021-01-07 04:00:00,2323.584263471415,22.22222222222222,87,0,1,0
2021-01-07 05:00:00,3288.22224793398,22.22222222222222,87,0,1,0
2021-01-07 06:00:00,4196.845709279768,25.0,68,0,1,0
2021-01-07 07:00:00,4743.411662116203,25.0,68,0,1,0
2021-01-07 08:00:00,4665.330811710997,25.0,68,0,1,0
2021-01-07 09:00:00,4704.371236913599,25.555555555555557,67,0,1,0
2021-01-07 10:00:00,4448.571581346982,25.555555555555557,67,0,1,0
2021-01-07 11:00:00,1918.0730643017746,25.555555555555557,67,0,1,0
2021-01-07 12:00:00,3445.741876577524,23.333333333333332,79,0,1,0
2021-01-07 13:00:00,3513.638268234224,23.333333333333332,79,0,1,0
2021-01-07 14:00:00,3347.292108675309,23.333333333333332,79,0,1,0
2021-01-07 15:00:00,3475.44654792733,22.77777777777778,83,0,1,0
2021-01-07 16:00:00,3296.7092968910674,22.77777777777778,83,0,1,0
2021-01-07 17:00:00,834.1071715025593,22.77777777777778,83,0,1,0
2021-01-07 18:00:00,881.2951637039658,22.77777777777778,84,0,1,0
2021-01-07 19:00:00,881.2951637039658,22.77777777777778,84,0,1,0
2021-01-07 20:00:00,761.1185504716068,22.77777777777778,84,0,1,0
2021-01-07 21:00:00,600.8830661617949,22.22222222222222,86,0,1,0
2021-01-07 22:00:00,540.7947595456153,22.22222222222222,86,0,1,0
2021-01-07 23:00:00,1882.7669406402906,22.22222222222222,86,0,1,0
2021-01-08 00:00:00,1863.5550330827366,23.333333333333332,89,0,1,0
2021-01-08 01:00:00,1863.5550330827366,23.333333333333332,89,0,1,0
2021-01-08 02:00:00,1863.5550330827366,23.333333333333332,89,0,1,0
2021-01-08 03:00:00,1863.5550330827366,27.22222222222222,47,0,1,0
2021-01-08 04:00:00,2589.01758562973,27.22222222222222,47,0,1,0
2021-01-08 05:00:00,3130.0063348657936,27.22222222222222,47,0,1,0
2021-01-08 06:00:00,4250.625886854781,29.444444444444443,32,0,1,0
2021-01-08 07:00:00,5047.660242872136,29.444444444444443,32,0,1,0
2021-01-08 08:00:00,4872.258921691251,29.444444444444443,32,0,1,0
2021-01-08 09:00:00,5134.6888677492425,28.333333333333332,35,0,1,0
2021-01-08 10:00:00,4378.4806813170935,28.333333333333332,35,0,1,0
2021-01-08 11:00:00,4092.697494220651,28.333333333333332,35,0,1,0
2021-01-08 12:00:00,4112.186529907416,23.88888888888889,69,0,1,0
2021-01-08 13:00:00,3929.89684266483,23.88888888888889,69,0,1,0
2021-01-08 14:00:00,3929.89684266483,23.88888888888889,69,0,1,0
2021-01-08 15:00:00,3910.911833763067,22.22222222222222,84,0,1,0
2021-01-08 16:00:00,3872.9418159595425,22.22222222222222,84,0,1,0
2021-01-08 17:00:00,892.1274094545015,22.22222222222222,84,0,1,0
2021-01-08 18:00:00,931.7775165413683,22.22222222222222,84,0,1,0
2021-01-08 19:00:00,911.952462997935,22.22222222222222,84,0,1,0
2021-01-08 20:00:00,892.1274094545015,22.22222222222222,84,0,1,0
2021-01-08 21:00:00,793.0021417373348,17.77777777777778,87,0,1,0
2021-01-08 22:00:00,713.7019275636012,17.77777777777778,87,0,1,0
2021-01-08 23:00:00,1903.2051401696033,17.77777777777778,87,0,1,0
2021-01-09 00:00:00,1982.5053543433369,19.444444444444443,90,0,1,0
2021-01-09 01:00:00,1982.5053543433369,19.444444444444443,90,0,1,0
2021-01-09 02:00:00,2022.1554614302033,19.444444444444443,90,0,1,0
2021-01-09 03:00:00,2024.6755953552158,27.22222222222222,30,0,1,0
2021-01-09 04:00:00,2604.8104248931436,27.22222222222222,30,0,1,0
2021-01-09 05:00:00,3725.7659947387997,27.22222222222222,30,0,1,0
2021-01-09 06:00:00,4558.418243563002,30.555555555555557,22,0,1,0
2021-01-09 07:00:00,5133.0087784659,30.555555555555557,22,0,1,0
2021-01-09 08:00:00,5487.171599394354,30.555555555555557,22,0,1,0
2021-01-09 09:00:00,4791.614636090844,28.88888888888889,25,0,1,1
2021-01-09 10:00:00,4599.748439933209,28.88888888888889,25,0,1,1
2021-01-09 11:00:00,5429.208519119062,28.88888888888889,25,0,1,0
2021-01-09 12:00:00,5249.942992586491,22.77777777777778,59,0,1,0
2021-01-09 13:00:00,5286.2329211066735,22.77777777777778,59,0,1,0
2021-01-09 14:00:00,5190.46783195619,22.77777777777778,59,0,1,0
2021-01-09 15:00:00,5190.46783195619,20.555555555555557,78,0,1,0
2021-01-09 16:00:00,5281.528671113317,20.555555555555557,78,0,1,0
2021-01-09 17:00:00,3245.9324954163785,20.555555555555557,78,0,1,0
2021-01-09 18:00:00,2575.0728445779932,20.555555555555557,87,0,1,0
2021-01-09 19:00:00,2339.3563181251375,20.555555555555557,87,0,1,0
2021-01-09 20:00:00,2099.2715595355926,20.555555555555557,87,0,1,0
2021-01-09 21:00:00,2022.1554614302033,17.77777777777778,86,0,1,0
2021-01-09 22:00:00,2022.1554614302033,17.77777777777778,86,0,1,0
2021-01-09 23:00:00,1982.5053543433369,17.77777777777778,86,0,1,0
2021-01-10 00:00:00,1922.8258117177436,19.444444444444443,87,1,1,0
2021-01-10 01:00:00,1922.8258117177436,19.444444444444443,87,1,1,0
2021-01-10 02:00:00,1922.8258117177436,19.444444444444443,87,1,1,0
2021-01-10 03:00:00,1922.8258117177436,27.77777777777778,36,1,1,0
2021-01-10 04:00:00,2758.2008444114426,27.77777777777778,36,1,1,0
2021-01-10 05:00:00,3463.879912634385,27.77777777777778,36,1,1,0
2021-01-10 06:00:00,4104.877275499474,31.11111111111111,25,1,1,0
2021-01-10 07:00:00,5193.824546421259,31.11111111111111,25,1,1,0
2021-01-10 08:00:00,5185.8432562999815,31.11111111111111,25,1,1,0
2021-01-10 09:00:00,1967.3880148948756,28.88888888888889,26,1,1,0
2021-01-10 10:00:00,1936.7930694299787,28.88888888888889,26,1,1,0
2021-01-10 11:00:00,4918.470037237189,28.88888888888889,26,1,1,0
2021-01-10 12:00:00,5265.656157512755,23.333333333333332,61,1,1,0
2021-01-10 13:00:00,5363.426961498403,23.333333333333332,61,1,1,0
2021-01-10 14:00:00,4455.388933325574,23.333333333333332,61,1,1,1
2021-01-10 15:00:00,5065.458796970714,21.666666666666668,76,1,1,0
2021-01-10 16:00:00,4847.636087410852,21.666666666666668,76,1,1,0
2021-01-10 17:00:00,3229.429515321862,21.666666666666668,76,1,1,0
2021-01-10 18:00:00,882.9302196663108,18.333333333333332,86,1,1,0
2021-01-10 19:00:00,902.5508912144511,18.333333333333332,86,1,1,0
2021-01-10 20:00:00,882.9302196663108,18.333333333333332,86,1,1,0
2021-01-10 21:00:00,686.7235041849084,18.333333333333332,88,1,1,0
2021-01-10 22:00:00,529.7581317997865,18.333333333333332,88,1,1,0
2021-01-10 23:00:00,1942.446483265884,18.333333333333332,88,1,1,0
2021-01-11 00:00:00,1962.6803007999035,20.0,87,0,1,0
2021-01-11 01:00:00,1962.6803007999035,20.0,87,0,1,0
2021-01-11 02:00:00,1962.6803007999035,20.0,87,0,1,0
2021-01-11 03:00:00,1962.6803007999035,26.11111111111111,49,0,1,0
2021-01-11 04:00:00,2923.3553530147506,26.11111111111111,49,0,1,0
2021-01-11 05:00:00,3351.7781202669125,26.11111111111111,49,0,1,0
2021-01-11 06:00:00,4443.500136582421,29.444444444444443,27,0,1,0
2021-01-11 07:00:00,5268.759992559919,29.444444444444443,27,0,1,0
2021-01-11 08:00:00,5551.014992161343,29.444444444444443,27,0,1,0
2021-01-11 09:00:00,4499.447109717704,28.333333333333332,43,0,1,0
2021-01-11 10:00:00,4810.935662849275,28.333333333333332,43,0,1,0
2021-01-11 11:00:00,4791.614636090844,28.333333333333332,43,0,1,0
2021-01-11 12:00:00,4580.09139531811,22.77777777777778,71,0,1,0
2021-01-11 13:00:00,4154.020753062628,22.77777777777778,71,0,1,0
2021-01-11 14:00:00,4868.898743124568,22.77777777777778,71,0,1,1
2021-01-11 15:00:00,4385.873074163797,21.666666666666668,76,0,1,0
2021-01-11 16:00:00,4290.612011798317,21.666666666666668,76,0,1,0
2021-01-11 17:00:00,3152.1835134059056,21.666666666666668,76,0,1,0
2021-01-11 18:00:00,951.6025700848016,20.0,83,0,1,0
2021-01-11 19:00:00,832.6522488242015,20.0,83,0,1,0
2021-01-11 20:00:00,812.827195280768,20.0,83,0,1,0
2021-01-11 21:00:00,654.2267669333012,19.444444444444443,88,0,1,0
2021-01-11 22:00:00,515.4513921292676,19.444444444444443,88,0,1,0
2021-01-11 23:00:00,1982.5053543433369,19.444444444444443,88,0,1,0
2021-01-12 00:00:00,1982.5053543433369,20.0,92,0,1,0
2021-01-12 01:00:00,1987.8816400500305,20.0,92,0,1,0
2021-01-12 02:00:00,2046.3487471103256,20.0,92,0,1,0
2021-01-12 03:00:00,2067.3498631520984,25.0,56,0,1,0
2021-01-12 04:00:00,3026.1768171552694,25.0,56,0,1,0
2021-01-12 05:00:00,3405.8769951905188,25.0,56,0,1,0
2021-01-12 06:00:00,4308.588967130074,27.77777777777778,44,0,1,0
2021-01-12 07:00:00,5042.9559928787785,27.77777777777778,44,0,1,0
2021-01-12 08:00:00,5486.667572609352,27.77777777777778,44,0,1,0
2021-01-12 09:00:00,4615.877297053292,27.22222222222222,54,0,1,0
2021-01-12 10:00:00,4749.948421863968,27.22222222222222,54,0,1,0
2021-01-12 11:00:00,4735.835671883896,27.22222222222222,54,0,1,0
2021-01-12 12:00:00,4735.835671883896,20.555555555555557,78,0,1,0
2021-01-12 13:00:00,4521.456279329481,20.555555555555557,78,0,1,0
2021-01-12 14:00:00,4560.434350703011,20.555555555555557,78,0,1,0
2021-01-12 15:00:00,4480.462100815941,21.11111111111111,83,0,1,0
2021-01-12 16:00:00,4202.911351207874,21.11111111111111,83,0,1,0
2021-01-12 17:00:00,852.4773023676348,21.11111111111111,83,0,1,0
2021-01-12 18:00:00,832.6522488242015,20.555555555555557,85,0,1,0
2021-01-12 19:00:00,793.0021417373348,20.555555555555557,85,0,1,0
2021-01-12 20:00:00,733.5269811070347,20.555555555555557,85,0,1,0
2021-01-12 21:00:00,614.5766598464344,18.88888888888889,88,0,1,0
2021-01-12 22:00:00,535.2764456727009,18.88888888888889,88,0,1,0
2021-01-12 23:00:00,535.2764456727009,18.88888888888889,88,0,1,0
2021-01-13 00:00:00,1946.0474168948192,21.11111111111111,87,0,1,0
2021-01-13 01:00:00,1946.0474168948192,21.11111111111111,87,0,1,0
2021-01-13 02:00:00,1946.0474168948192,21.11111111111111,87,0,1,0
2021-01-13 03:00:00,2104.8158541706207,24.444444444444443,63,0,1,0
2021-01-13 04:00:00,2241.2391039779754,24.444444444444443,63,0,1,0
2021-01-13 05:00:00,3728.958164377149,24.444444444444443,63,0,1,0
2021-01-13 06:00:00,4922.325582334837,27.22222222222222,48,0,1,0
2021-01-13 07:00:00,5362.844992427061,27.22222222222222,48,0,1,0
2021-01-13 08:00:00,5496.916117237737,27.22222222222222,48,0,1,0
2021-01-13 09:00:00,5496.916117237737,28.88888888888889,32,0,1,0
2021-01-13 10:00:00,5324.538956766867,28.88888888888889,32,0,1,0
2021-01-13 11:00:00,4888.219769882999,28.88888888888889,32,0,1,0
2021-01-13 12:00:00,4695.009502298691,27.77777777777778,71,0,1,0
2021-01-13 13:00:00,4695.009502298691,27.77777777777778,71,0,1,0
2021-01-13 14:00:00,4579.083341748105,27.77777777777778,71,0,1,0
2021-01-13 15:00:00,4501.799234714383,21.666666666666668,82,0,1,0
2021-01-13 16:00:00,3806.4102803392066,21.666666666666668,82,0,1,0
2021-01-13 17:00:00,812.827195280768,21.666666666666668,82,0,1,0
2021-01-13 18:00:00,832.6522488242015,20.555555555555557,88,0,1,0
2021-01-13 19:00:00,773.1770881939013,20.555555555555557,88,0,1,0
2021-01-13 20:00:00,693.8768740201679,20.555555555555557,88,0,1,0
2021-01-13 21:00:00,555.1014992161342,17.77777777777778,86,0,1,0
2021-01-13 22:00:00,555.1014992161342,17.77777777777778,86,0,1,0
2021-01-13 23:00:00,555.1014992161342,17.77777777777778,86,0,1,0
2021-01-14 00:00:00,2005.018550740117,19.444444444444443,88,0,1,0
2021-01-14 01:00:00,2005.018550740117,19.444444444444443,88,0,1,0
2021-01-14 02:00:00,1987.8816400500305,19.444444444444443,88,0,1,0
2021-01-14 03:00:00,1987.8816400500305,26.666666666666668,45,0,1,0
2021-01-14 04:00:00,2317.515157441694,26.666666666666668,45,0,1,0
2021-01-14 05:00:00,3436.286611219006,26.666666666666668,45,0,1,0
2021-01-14 06:00:00,4045.6549942870806,30.0,25,0,1,0
2021-01-14 07:00:00,4613.357163128279,30.0,25,0,1,0
2021-01-14 08:00:00,4613.357163128279,30.0,25,0,1,0
2021-01-14 09:00:00,5050.012367868815,28.333333333333332,26,0,1,0
2021-01-14 10:00:00,3001.3114957618104,28.333333333333332,26,0,1,0
2021-01-14 11:00:00,4716.3466361971305,28.333333333333332,26,0,1,0
2021-01-14 12:00:00,4714.330529057122,22.22222222222222,67,0,1,0
2021-01-14 13:00:00,4560.434350703011,22.22222222222222,67,0,1,0
2021-01-14 14:00:00,4405.194100922227,22.22222222222222,67,0,1,0
2021-01-14 15:00:00,4499.447109717704,20.0,78,0,1,0
2021-01-14 16:00:00,4347.567038503604,20.0,78,0,1,0
2021-01-14 17:00:00,662.6272133500102,20.0,78,0,1,0
2021-01-14 18:00:00,904.2240522945625,20.0,87,0,1,0
2021-01-14 19:00:00,825.5958738341658,20.0,87,0,1,0
2021-01-14 20:00:00,687.9965615284714,20.0,87,0,1,0
2021-01-14 21:00:00,629.0254276831739,16.666666666666668,87,0,1,0
2021-01-14 22:00:00,589.7113384529755,16.666666666666668,87,0,1,0
2021-01-14 23:00:00,2083.6467292005136,16.666666666666668,87,0,1,0
2021-01-15 00:00:00,2083.6467292005136,18.88888888888889,79,0,1,0
2021-01-15 01:00:00,2083.6467292005136,18.88888888888889,79,0,1,0
2021-01-15 02:00:00,2083.6467292005136,18.88888888888889,79,0,1,0
2021-01-15 03:00:00,2143.7939255441506,26.11111111111111,37,0,1,0
2021-01-15 04:00:00,2704.943746180315,26.11111111111111,37,0,1,0
2021-01-15 05:00:00,3094.5564509872816,26.11111111111111,37,0,1,0
2021-01-15 06:00:00,4213.663922621262,30.0,29,0,1,0
2021-01-15 07:00:00,5464.154376212571,30.0,29,0,1,0
2021-01-15 08:00:00,5352.260429942006,30.0,29,0,1,0
2021-01-15 09:00:00,5203.068501581254,28.333333333333332,36,0,1,0
2021-01-15 10:00:00,4998.937653655224,28.333333333333332,36,0,1,0
2021-01-15 11:00:00,4730.795404033871,28.333333333333332,36,0,1,0
2021-01-15 12:00:00,4327.909993888505,21.11111111111111,66,0,1,0
2021-01-15 13:00:00,4154.020753062628,21.11111111111111,66,0,1,0
2021-01-15 14:00:00,4248.60977971477,21.11111111111111,66,0,1,0
2021-01-15 15:00:00,4309.597020700079,20.0,79,0,1,0
2021-01-15 16:00:00,3998.61249435351,20.0,79,0,1,0
2021-01-15 17:00:00,707.6536061435706,20.0,79,0,1,0
2021-01-15 18:00:00,915.9846772779553,19.444444444444443,84,0,1,0
2021-01-15 19:00:00,864.9099630643641,19.444444444444443,84,0,1,0
2021-01-15 20:00:00,793.0021417373348,19.444444444444443,84,0,1,0
2021-01-16 00:00:00,1987.8816400500305,17.22222222222222,87,0,1,0
2021-01-16 01:00:00,1987.8816400500305,17.22222222222222,87,0,1,0
2021-01-16 02:00:00,2143.7939255441506,17.22222222222222,87,0,1,0
2021-01-16 03:00:00,2299.7062110382703,25.555555555555557,48,0,1,0
2021-01-16 04:00:00,2395.807318045422,25.555555555555557,48,0,1,0
2021-01-16 05:00:00,3639.0733877183625,25.555555555555557,48,0,1,0
2021-01-16 06:00:00,4501.967243642716,30.0,25,0,1,0
2021-01-16 07:00:00,5147.121528445972,30.0,25,0,1,0
2021-01-16 08:00:00,5352.260429942006,30.0,25,0,1,0
2021-01-16 09:00:00,5137.04099274592,28.333333333333332,39,0,1,0
2021-01-16 10:00:00,2885.721353067894,28.333333333333332,39,0,1,0
2021-01-16 11:00:00,4714.330529057122,28.333333333333332,39,0,1,1
2021-01-16 12:00:00,4558.418243563002,22.22222222222222,62,0,1,0
2021-01-16 13:00:00,5113.855760635804,22.22222222222222,62,0,1,0
2021-01-16 14:00:00,4613.357163128279,22.22222222222222,62,0,1,0
2021-01-16 15:00:00,4986.504992958495,17.77777777777778,80,0,1,0
2021-01-16 16:00:00,4482.478207955952,17.77777777777778,80,0,1,0
2021-01-16 17:00:00,3548.684584274573,17.77777777777778,80,0,1,0
2021-01-16 18:00:00,1011.0777307151017,18.333333333333332,86,0,1,0
2021-01-16 19:00:00,892.1274094545015,18.333333333333332,86,0,1,0
2021-01-16 20:00:00,793.0021417373348,18.333333333333332,86,0,1,0
2021-01-16 21:00:00,713.7019275636012,17.22222222222222,87,0,1,0
2021-01-16 22:00:00,594.751606303001,17.22222222222222,87,0,1,0
2021-01-16 23:00:00,574.9265527595677,17.22222222222222,87,0,1,0
2021-01-17 00:00:00,2160.930836234237,19.444444444444443,88,1,1,0
2021-01-17 01:00:00,2141.1057826908036,19.444444444444443,88,1,1,0
2021-01-17 02:00:00,2122.960818430712,19.444444444444443,88,1,1,0
2021-01-17 03:00:00,2339.3563181251375,26.11111111111111,50,1,1,0
2021-01-17 04:00:00,2923.691370871419,26.11111111111111,50,1,1,0
2021-01-17 05:00:00,3439.9828076423573,26.11111111111111,50,1,1,0
2021-01-17 06:00:00,4403.1779937822175,30.0,30,1,1,0
2021-01-17 07:00:00,4922.325582334837,30.0,30,1,1,0
2021-01-17 08:00:00,4922.325582334837,30.0,30,1,1,0
2021-01-17 09:00:00,5203.572528366256,27.77777777777778,35,1,1,0
2021-01-17 10:00:00,4794.302778944191,27.77777777777778,35,1,1,0
2021-01-17 11:00:00,4758.012850424008,27.77777777777778,35,1,1,0
2021-01-17 12:00:00,4718.362743337142,22.77777777777778,63,1,1,0
2021-01-17 13:00:00,4347.567038503604,22.77777777777778,63,1,1,0
2021-01-17 14:00:00,4271.627002896555,22.77777777777778,63,1,1,0
2021-01-17 15:00:00,4079.592797810585,20.555555555555557,79,1,1,0
2021-01-17 16:00:00,3975.763280100061,20.555555555555557,79,1,1,0
2021-01-17 17:00:00,974.4517843382503,20.555555555555557,79,1,1,0
2021-01-17 18:00:00,935.4737129647202,18.88888888888889,84,1,1,0
2021-01-17 19:00:00,877.0066059044252,18.88888888888889,84,1,1,0
2021-01-17 20:00:00,825.5958738341658,18.88888888888889,84,1,1,0
2021-01-17 21:00:00,786.2817846039674,17.22222222222222,86,1,1,0
2021-01-17 22:00:00,707.6536061435706,17.22222222222222,86,1,1,0
2021-01-17 23:00:00,589.7113384529755,17.22222222222222,86,1,1,0
2021-01-18 00:00:00,2162.2749076609102,19.444444444444443,90,0,1,0
2021-01-18 01:00:00,2162.2749076609102,19.444444444444443,90,0,1,0
2021-01-18 02:00:00,2260.560130736406,19.444444444444443,90,0,1,0
2021-01-18 03:00:00,2357.165264528561,24.444444444444443,51,0,1,0
2021-01-18 04:00:00,2451.5862822523704,24.444444444444443,51,0,1,0
2021-01-18 05:00:00,3458.4637897591174,24.444444444444443,51,0,1,0
2021-01-18 06:00:00,4366.5520474053665,25.555555555555557,38,0,1,0
2021-01-18 07:00:00,4986.504992958495,25.555555555555557,38,0,1,0
2021-01-18 08:00:00,5171.314814126094,25.555555555555557,38,0,1,0
2021-01-18 09:00:00,5301.017706800081,25.0,37,0,1,0
2021-01-18 10:00:00,5086.638314245666,25.0,37,0,1,0
2021-01-18 11:00:00,4656.367448781828,25.0,37,0,1,0
2021-01-18 12:00:00,4656.367448781828,20.555555555555557,71,0,1,0
2021-01-18 13:00:00,4092.697494220651,20.555555555555557,71,0,1,0
2021-01-18 14:00:00,3868.909601679522,20.555555555555557,71,0,1,0
2021-01-18 15:00:00,3868.909601679522,18.333333333333332,82,0,1,0
2021-01-18 16:00:00,3839.3400302927057,18.333333333333332,82,0,1,0
2021-01-18 17:00:00,746.967695373769,18.333333333333332,82,0,1,0
2021-01-18 18:00:00,915.9846772779553,18.88888888888889,86,0,1,0
2021-01-18 19:00:00,818.5394988441301,18.88888888888889,86,0,1,0
2021-01-18 20:00:00,773.1770881939013,18.88888888888889,86,0,1,0
2021-01-18 21:00:00,654.2267669333012,16.666666666666668,91,0,1,0
2021-01-18 22:00:00,594.751606303001,16.666666666666668,91,0,1,0
2021-01-18 23:00:00,2122.960818430712,16.666666666666668,91,0,1,0
2021-01-19 00:00:00,2166.733206439593,19.444444444444443,92,0,1,0
2021-01-19 01:00:00,2166.733206439593,19.444444444444443,92,0,1,0
2021-01-19 02:00:00,2166.733206439593,19.444444444444443,92,0,1,0
2021-01-19 03:00:00,2148.2141192050663,25.0,55,0,1,0
2021-01-19 04:00:00,2345.751049706682,25.0,55,0,1,0
2021-01-19 05:00:00,2803.9269857312615,25.0,55,0,1,0
2021-01-19 06:00:00,3341.6664076523252,27.77777777777778,35,0,1,0
2021-01-19 07:00:00,4940.995357989623,27.77777777777778,35,0,1,0
2021-01-19 08:00:00,5541.665381902087,27.77777777777778,35,0,1,0
2021-01-19 09:00:00,5442.896916651278,27.22222222222222,35,0,1,0
2021-01-19 10:00:00,4935.336748001294,27.22222222222222,35,0,1,0
2021-01-19 11:00:00,4693.216829712856,27.22222222222222,35,0,1,0
2021-01-19 12:00:00,4632.858323170697,22.77777777777778,68,0,1,0
2021-01-19 13:00:00,4359.187367371584,22.77777777777778,68,0,1,0
2021-01-19 14:00:00,4634.40158044024,22.77777777777778,68,0,1,0
2021-01-19 15:00:00,4006.2958717358856,20.0,81,0,1,0
2021-01-19 16:00:00,3691.4713887489356,20.0,81,0,1,0
2021-01-19 17:00:00,768.8850662927457,20.0,81,0,1,0
2021-01-19 18:00:00,910.521789030883,17.77777777777778,87,0,1,0
2021-01-19 19:00:00,870.0541539628438,17.77777777777778,87,0,1,0
2021-01-19 20:00:00,789.1188838267653,17.77777777777778,87,0,1,0
2021-01-19 21:00:00,667.7159786226476,18.333333333333332,90,0,1,0
2021-01-19 22:00:00,647.4821610886279,18.333333333333332,90,0,1,0
2021-01-19 23:00:00,2186.795550943663,18.333333333333332,90,0,1,0
2021-01-20 00:00:00,2142.617863045811,18.88888888888889,92,0,1,0
2021-01-20 01:00:00,2142.617863045811,18.88888888888889,92,0,1,0
2021-01-20 02:00:00,2142.617863045811,18.88888888888889,92,0,1,0
2021-01-20 03:00:00,2434.449371562284,26.666666666666668,40,0,1,0
2021-01-20 04:00:00,3026.1768171552694,26.666666666666668,40,0,1,0
2021-01-20 05:00:00,3187.9694151410863,26.666666666666668,40,0,1,0
2021-01-20 06:00:00,4307.076886775066,30.0,26,0,1,0
2021-01-20 07:00:00,5005.321992931923,30.0,26,0,1,0
2021-01-20 08:00:00,4930.053993038209,30.0,26,0,1,0
2021-01-20 09:00:00,4788.254457524161,28.333333333333332,28,0,1,0
2021-01-20 10:00:00,4675.68847554026,28.333333333333332,28,0,1,0
2021-01-20 11:00:00,4459.628993702503,28.333333333333332,28,0,1,0
2021-01-20 12:00:00,4137.051851300875,22.22222222222222,67,0,1,0
2021-01-20 13:00:00,4175.357886961068,22.22222222222222,67,0,1,0
2021-01-20 14:00:00,4018.7735657536114,22.22222222222222,67,0,1,0
2021-01-20 15:00:00,4231.30486009635,20.555555555555557,78,0,1,0
2021-01-20 16:00:00,3999.4525389951805,20.555555555555557,78,0,1,0
2021-01-20 17:00:00,734.1990168203713,20.555555555555557,78,0,1,0
2021-01-20 18:00:00,877.0066059044252,18.88888888888889,86,0,1,0
2021-01-20 19:00:00,904.2240522945625,18.88888888888889,86,0,1,0
2021-01-20 20:00:00,786.2817846039674,18.88888888888889,86,0,1,0
2021-01-20 21:00:00,687.9965615284714,18.333333333333332,92,0,1,0
2021-01-20 22:00:00,648.6824722982731,18.333333333333332,92,0,1,0
2021-01-20 23:00:00,604.1601062897151,18.333333333333332,92,0,1,0
2021-01-21 00:00:00,2004.1559894379477,20.555555555555557,83,0,1,0
2021-01-21 01:00:00,2004.1559894379477,20.555555555555557,83,0,1,0
2021-01-21 02:00:00,2004.1559894379477,20.555555555555557,83,0,1,0
2021-01-21 03:00:00,2004.1559894379477,25.555555555555557,41,0,1,0
2021-01-21 04:00:00,2616.9209241396647,25.555555555555557,41,0,1,0
2021-01-21 05:00:00,3067.938294176563,25.555555555555557,41,0,1,0
2021-01-21 06:00:00,4049.4481855556564,28.88888888888889,26,0,1,0
2021-01-21 07:00:00,4820.834333214531,28.88888888888889,26,0,1,0
2021-01-21 08:00:00,4933.382994690357,28.88888888888889,26,0,1,0
2021-01-21 09:00:00,4844.199698608635,27.77777777777778,32,0,1,0
2021-01-21 10:00:00,4735.929202627504,27.77777777777778,32,0,1,0
2021-01-21 11:00:00,4601.660624024766,27.77777777777778,32,0,1,0
2021-01-21 12:00:00,4562.8280449190715,22.77777777777778,68,0,1,0
2021-01-21 13:00:00,3708.5113045937987,22.77777777777778,68,0,1,0
2021-01-21 14:00:00,2912.443432927067,22.77777777777778,68,0,1,0
2021-01-21 15:00:00,3436.6832508539387,22.22222222222222,74,0,1,0
2021-01-21 16:00:00,3339.6018030897035,22.22222222222222,74,0,1,0
2021-01-21 17:00:00,1762.2750941609538,22.22222222222222,74,0,1,0
2021-01-21 18:00:00,1766.8823493090872,19.444444444444443,88,0,1,0
2021-01-21 19:00:00,1450.627192355086,19.444444444444443,88,0,1,0
2021-01-21 20:00:00,1386.1256202812208,19.444444444444443,88,0,1,0
2021-01-21 21:00:00,1336.1039929586316,17.77777777777778,80,0,1,0
2021-01-21 22:00:00,1211.0499246521588,17.77777777777778,80,0,1,0
2021-01-21 23:00:00,1059.668684070639,17.77777777777778,80,0,1,0
2021-01-22 00:00:00,1932.1026758430826,19.444444444444443,88,0,1,0
2021-01-22 01:00:00,1932.1026758430826,19.444444444444443,88,0,1,0
2021-01-22 02:00:00,1915.3017830096642,19.444444444444443,88,0,1,0
2021-01-22 03:00:00,2088.350979193871,27.77777777777778,34,0,1,0
2021-01-22 04:00:00,2562.9762017379326,27.77777777777778,34,0,1,0
2021-01-22 05:00:00,3640.753477001704,27.77777777777778,34,0,1,0
2021-01-22 06:00:00,4666.615993410213,30.0,29,0,1,0
2021-01-22 07:00:00,5212.308992639633,30.0,29,0,1,0
2021-01-22 08:00:00,5080.589992825636,30.0,29,0,1,0
2021-01-22 09:00:00,4788.254457524161,28.333333333333332,35,0,1,0
2021-01-22 10:00:00,4500.287154359375,28.333333333333332,35,0,1,0
2021-01-22 11:00:00,4192.6628065794885,28.333333333333332,35,0,1,0
2021-01-22 12:00:00,4192.6628065794885,22.77777777777778,62,0,1,0
2021-01-22 13:00:00,4057.4156192704727,22.77777777777778,62,0,1,0
2021-01-22 14:00:00,4092.697494220651,22.77777777777778,62,0,1,0
2021-01-22 15:00:00,4209.631708341241,21.11111111111111,78,0,1,0
2021-01-22 16:00:00,3878.318101666236,21.11111111111111,78,0,1,0
2021-01-22 17:00:00,773.1770881939013,21.11111111111111,78,0,1,0
2021-01-22 18:00:00,852.4773023676348,19.444444444444443,70,0,1,0
2021-01-22 19:00:00,832.6522488242015,19.444444444444443,70,0,1,0
2021-01-22 20:00:00,713.7019275636012,19.444444444444443,70,0,1,0
2021-01-22 21:00:00,634.4017133898677,18.333333333333332,88,0,1,0
2021-01-22 22:00:00,634.4017133898677,18.333333333333332,88,0,1,0
2021-01-22 23:00:00,1948.9035686765005,18.333333333333332,88,0,1,0
2021-01-23 00:00:00,1928.8117793087015,20.555555555555557,83,0,1,0
2021-01-23 01:00:00,1912.1840915560404,20.555555555555557,83,0,1,0
2021-01-23 02:00:00,1912.1840915560404,20.555555555555557,83,0,1,0
2021-01-23 03:00:00,2141.9787362978186,27.22222222222222,54,0,1,0
2021-01-23 04:00:00,2588.5984293342985,27.22222222222222,54,0,1,0
2021-01-23 05:00:00,3499.2968875475535,27.22222222222222,54,0,1,0
2021-01-23 06:00:00,4436.267092410014,30.0,33,0,1,0
2021-01-23 07:00:00,4828.846800250345,30.0,33,0,1,0
2021-01-23 08:00:00,4665.729183396738,30.0,33,0,1,0
2021-01-23 09:00:00,4436.267092410014,28.333333333333332,35,0,1,0
2021-01-23 10:00:00,4436.267092410013,28.333333333333332,35,0,1,0
2021-01-23 11:00:00,4378.402739030753,28.333333333333332,35,0,1,1
2021-01-23 12:00:00,4246.046344519569,23.88888888888889,64,0,1,0
2021-01-23 13:00:00,4706.467018390758,23.88888888888889,64,0,1,0
2021-01-23 14:00:00,4651.0968181743965,23.88888888888889,64,0,1,0
2021-01-23 15:00:00,4166.233443306795,21.666666666666668,80,0,1,1
2021-01-23 16:00:00,4159.582368205731,21.666666666666668,80,0,1,0
2021-01-23 17:00:00,4273.980859944039,21.666666666666668,80,0,1,0
2021-01-23 18:00:00,1117.380616978834,19.444444444444443,88,0,1,0
2021-01-23 19:00:00,957.7548145532863,19.444444444444443,88,0,1,0
2021-01-23 20:00:00,877.9419133405125,19.444444444444443,88,0,1,0
2021-01-23 21:00:00,738.2693362181583,18.88888888888889,90,0,1,0
2021-01-23 22:00:00,638.5032097021909,18.88888888888889,90,0,1,0
2021-01-23 23:00:00,2018.2687394180186,18.88888888888889,90,0,1,0
2021-01-24 00:00:00,2060.316004822561,20.555555555555557,91,1,1,0
2021-01-24 01:00:00,2060.316004822561,20.555555555555557,91,1,1,0
2021-01-24 02:00:00,2060.316004822561,20.555555555555557,91,1,1,0
2021-01-24 03:00:00,2362.794429653159,27.77777777777778,37,1,1,0
2021-01-24 04:00:00,2800.386673880591,27.77777777777778,37,1,1,0
2021-01-24 05:00:00,3279.9049399560345,27.77777777777778,37,1,1,0
2021-01-24 06:00:00,4919.093575527914,30.555555555555557,27,1,1,0
2021-01-24 07:00:00,5418.13205420466,30.555555555555557,27,1,1,0
2021-01-24 08:00:00,5287.770982223795,30.555555555555557,27,1,1,0
2021-01-24 09:00:00,4968.997423395588,29.444444444444443,30,1,1,0
2021-01-24 10:00:00,4883.108487949863,29.444444444444443,30,1,1,0
2021-01-24 11:00:00,4466.564125136008,29.444444444444443,30,1,1,0
2021-01-24 12:00:00,4082.949512275654,23.88888888888889,69,1,1,0
2021-01-24 13:00:00,3859.2309017668267,23.88888888888889,69,1,1,0
2021-01-24 14:00:00,3682.0213195428396,23.88888888888889,69,1,1,0
2021-01-24 15:00:00,3898.6108089277127,22.22222222222222,76,1,1,0
2021-01-24 16:00:00,3264.7979928124187,22.22222222222222,76,1,1,0
2021-01-24 17:00:00,681.0008083167008,22.22222222222222,76,1,1,0
2021-01-24 18:00:00,1041.5306480137779,20.555555555555557,85,1,1,0
2021-01-24 19:00:00,961.4129058588717,20.555555555555557,85,1,1,0
2021-01-24 20:00:00,921.3540347814188,20.555555555555557,85,1,1,0
2021-01-24 21:00:00,801.1774215490599,20.0,88,1,1,0
2021-01-24 22:00:00,681.0008083167008,20.0,88,1,1,0
2021-01-24 23:00:00,1762.5903274079317,20.0,88,1,1,0
2021-01-25 00:00:00,1726.6190962363412,21.11111111111111,91,0,1,0
2021-01-25 01:00:00,1726.6190962363412,21.11111111111111,91,0,1,0
2021-01-25 02:00:00,1726.6190962363412,21.11111111111111,91,0,1,0
2021-01-25 03:00:00,2141.646182542765,28.333333333333332,46,0,1,0
2021-01-25 04:00:00,2555.3430538289763,28.333333333333332,46,0,1,0
2021-01-25 05:00:00,3047.5226113077483,28.333333333333332,46,0,1,0
2021-01-25 06:00:00,4133.643175311579,31.666666666666668,30,0,1,0
2021-01-25 07:00:00,5081.7539309683225,31.666666666666668,30,0,1,0
2021-01-25 08:00:00,4727.417904959111,31.666666666666668,30,0,1,0
2021-01-25 09:00:00,4844.144272982792,30.0,33,0,1,0
2021-01-25 10:00:00,4983.650573227621,30.0,33,0,1,0
2021-01-25 11:00:00,4630.478485361096,30.0,33,0,1,0
2021-01-25 12:00:00,4551.995799168535,25.555555555555557,60,0,1,0
2021-01-25 13:00:00,4474.510774241134,25.555555555555557,60,0,1,0
2021-01-25 14:00:00,4279.966827534998,25.555555555555557,60,0,1,0
2021-01-25 15:00:00,4202.149248852544,22.77777777777778,73,0,1,0
2021-01-25 16:00:00,3727.927594146646,22.77777777777778,73,0,1,0
2021-01-25 17:00:00,863.3095481181706,22.77777777777778,73,0,1,0
2021-01-25 18:00:00,922.1715627625913,20.555555555555557,83,0,1,0
2021-01-25 19:00:00,863.3095481181706,20.555555555555557,83,0,1,0
2021-01-25 20:00:00,843.6888765700303,20.555555555555557,83,0,1,0
2021-01-25 21:00:00,686.7235041849084,20.0,88,0,1,0
2021-01-25 22:00:00,686.7235041849084,20.0,88,0,1,0
2021-01-25 23:00:00,667.1028326367681,20.0,88,0,1,0
2021-01-26 00:00:00,2181.9319522760093,21.666666666666668,89,0,1,0
2021-01-26 01:00:00,2181.9319522760093,21.666666666666668,89,0,1,0
2021-01-26 02:00:00,2181.9319522760093,21.666666666666668,89,0,1,0
2021-01-26 03:00:00,2163.2829612309156,27.22222222222222,40,0,1,0
2021-01-26 04:00:00,4598.404368506536,27.22222222222222,40,0,1,0
2021-01-26 05:00:00,3349.4259952702337,27.22222222222222,40,0,1,0
2021-01-26 06:00:00,4327.909993888505,30.555555555555557,24,0,1,0
2021-01-26 07:00:00,5353.772510297015,30.555555555555557,24,0,1,0
2021-01-26 08:00:00,5482.803367257666,30.555555555555557,24,0,1,0
2021-01-26 09:00:00,5201.892439082915,29.444444444444443,30,0,1,0
2021-01-26 10:00:00,5008.682171498606,29.444444444444443,30,0,1,0
2021-01-26 11:00:00,4973.232287620093,29.444444444444443,30,0,1,0
2021-01-26 12:00:00,4559.762314989674,23.88888888888889,67,0,1,0
2021-01-26 13:00:00,4443.500136582421,23.88888888888889,67,0,1,0
2021-01-26 14:00:00,4363.8639045520185,23.88888888888889,67,0,1,0
2021-01-26 15:00:00,4285.235726091622,22.22222222222222,74,0,1,0
2021-01-26 16:00:00,3897.807137353001,22.22222222222222,74,0,1,1
2021-01-26 17:00:00,4163.261244121007,22.22222222222222,74,0,1,0
2021-01-26 18:00:00,971.427623628235,21.666666666666668,85,0,1,0
2021-01-26 19:00:00,974.4517843382503,21.666666666666668,85,0,1,0
2021-01-26 20:00:00,943.5381415247608,21.666666666666668,85,0,1,0
2021-01-26 21:00:00,793.0021417373348,19.444444444444443,90,0,1,0
2021-01-26 22:00:00,713.7019275636012,19.444444444444443,90,0,1,0
2021-01-26 23:00:00,2143.7939255441506,19.444444444444443,90,0,1,0
2021-01-27 00:00:00,2180.7558897776707,21.666666666666668,91,0,1,0
2021-01-27 01:00:00,2180.7558897776707,21.666666666666668,91,0,1,0
2021-01-27 02:00:00,2181.9319522760093,21.666666666666668,91,0,1,0
2021-01-27 03:00:00,2182.7719969176806,26.666666666666668,45,0,1,0
2021-01-27 04:00:00,2728.4649961471005,26.666666666666668,45,0,1,0
2021-01-27 05:00:00,3477.7848165175483,26.666666666666668,45,0,1,0
2021-01-27 06:00:00,4716.3466361971305,29.444444444444443,32,0,1,0
2021-01-27 07:00:00,5163.92242127939,29.444444444444443,32,0,1,0
2021-01-27 08:00:00,5505.6525815111145,29.444444444444443,32,0,1,0
2021-01-27 09:00:00,5255.319278293185,27.77777777777778,35,0,1,0
2021-01-27 10:00:00,4969.704100125076,27.77777777777778,35,0,1,0
2021-01-27 11:00:00,4143.436190577574,27.77777777777778,35,0,1,0
2021-01-27 12:00:00,4222.736404751307,23.88888888888889,60,0,1,0
2021-01-27 13:00:00,4139.739994154222,23.88888888888889,60,0,1,0
2021-01-27 14:00:00,4403.1779937822175,23.88888888888889,60,0,1,0
2021-01-27 15:00:00,4500.959190072712,22.77777777777778,74,0,1,0
2021-01-27 16:00:00,4041.286762150392,22.77777777777778,74,0,1,0
2021-01-27 17:00:00,740.5833560970702,22.77777777777778,74,0,1,0
2021-01-27 18:00:00,935.4737129647202,21.11111111111111,85,0,1,0
2021-01-27 19:00:00,943.5381415247608,21.11111111111111,85,0,1,0
2021-01-27 20:00:00,943.5381415247608,21.11111111111111,85,0,1,0
2021-01-27 21:00:00,786.2817846039674,21.11111111111111,89,0,1,0
2021-01-27 22:00:00,707.6536061435706,21.11111111111111,89,0,1,0
2021-01-27 23:00:00,662.6272133500102,21.11111111111111,89,0,1,0
2021-01-28 00:00:00,2065.8377827970903,22.77777777777778,81,0,1,0
2021-01-28 01:00:00,2065.8377827970903,22.77777777777778,81,0,1,0
2021-01-28 02:00:00,2065.8377827970903,22.77777777777778,81,0,1,0
2021-01-28 03:00:00,2065.8377827970903,27.22222222222222,48,0,1,0
2021-01-28 04:00:00,2980.646397576707,27.22222222222222,48,0,1,0
2021-01-28 05:00:00,3370.2591023836726,27.22222222222222,48,0,1,0
2021-01-28 06:00:00,4309.429011771745,30.0,37,0,1,0
2021-01-28 07:00:00,5197.356198017891,30.0,37,0,1,0
2021-01-28 08:00:00,5496.916117237737,30.0,37,0,1,0
2021-01-28 09:00:00,4973.232287620093,27.77777777777778,41,0,1,0
2021-01-28 10:00:00,4916.613278771475,27.77777777777778,41,0,1,0
2021-01-28 11:00:00,4501.967243642716,27.77777777777778,41,0,1,0
2021-01-28 12:00:00,4151.164601280946,24.444444444444443,69,0,1,0
2021-01-28 13:00:00,4170.653636967711,24.444444444444443,69,0,1,0
2021-01-28 14:00:00,4096.057672787335,24.444444444444443,69,0,1,0
2021-01-28 15:00:00,4038.094592512042,22.77777777777778,76,0,1,0
2021-01-28 16:00:00,4064.1359764038407,22.77777777777778,76,0,1,0
2021-01-28 17:00:00,779.5614274706002,22.77777777777778,76,0,1,0
2021-01-28 18:00:00,954.9627486514852,22.22222222222222,84,0,1,0
2021-01-28 19:00:00,982.8522307549592,22.22222222222222,84,0,1,0
2021-01-28 20:00:00,911.952462997935,22.22222222222222,84,0,1,0
2021-01-28 21:00:00,793.0021417373348,20.0,88,0,1,0
2021-01-28 22:00:00,713.7019275636012,20.0,88,0,1,0
2021-01-28 23:00:00,1965.7044615099185,20.0,88,0,1,0
2021-01-29 00:00:00,1948.9035686765005,21.666666666666668,91,0,1,0
2021-01-29 01:00:00,1948.9035686765005,21.666666666666668,91,0,1,0
2021-01-29 02:00:00,1987.8816400500305,21.666666666666668,91,0,1,0
2021-01-29 03:00:00,2125.3129434273906,26.666666666666668,59,0,1,0
2021-01-29 04:00:00,2885.721353067894,26.666666666666668,59,0,1,0
2021-01-29 05:00:00,3575.229994951373,26.666666666666668,59,0,1,0
2021-01-29 06:00:00,4774.813743257426,29.444444444444443,36,0,1,0
2021-01-29 07:00:00,5203.572528366256,29.444444444444443,36,0,1,0
2021-01-29 08:00:00,5145.105421305961,29.444444444444443,36,0,1,0
2021-01-29 09:00:00,4833.280850317721,28.88888888888889,33,0,1,1
2021-01-29 10:00:00,4758.012850424008,28.88888888888889,33,0,1,0
2021-01-29 11:00:00,4956.263385858342,28.88888888888889,33,0,1,0
2021-01-29 12:00:00,4443.836154439089,24.444444444444443,67,0,1,0
2021-01-29 13:00:00,4268.098815401536,24.444444444444443,67,0,1,0
2021-01-29 14:00:00,4170.653636967711,24.444444444444443,67,0,1,0
2021-01-29 15:00:00,4287.587851088301,22.77777777777778,79,0,1,0
2021-01-29 16:00:00,4147.636413785927,22.77777777777778,79,0,1,0
2021-01-29 17:00:00,676.2359365450787,22.77777777777778,79,0,1,0
2021-01-29 18:00:00,963.19518613986,21.11111111111111,87,0,1,0
2021-01-29 19:00:00,963.19518613986,21.11111111111111,87,0,1,0
2021-01-29 20:00:00,904.2240522945625,21.11111111111111,87,0,1,0
2021-01-29 21:00:00,786.2817846039674,21.11111111111111,89,0,1,0
2021-01-29 22:00:00,668.3395169133722,21.11111111111111,89,0,1,0
2021-01-29 23:00:00,2024.6755953552158,21.11111111111111,89,0,1,0
2021-01-30 00:00:00,2024.6755953552158,21.11111111111111,62,0,1,0
2021-01-30 01:00:00,2024.6755953552158,21.11111111111111,62,0,1,0
2021-01-30 02:00:00,2024.6755953552158,21.11111111111111,62,0,1,0
2021-01-30 03:00:00,2125.3129434273906,25.0,34,0,1,0
2021-01-30 04:00:00,2885.721353067894,25.0,34,0,1,0
2021-01-30 05:00:00,3118.2457098824007,25.0,34,0,1,0
2021-01-30 06:00:00,4158.55699412765,28.333333333333332,32,0,1,0
2021-01-30 07:00:00,4638.3904934500715,28.333333333333332,32,0,1,0
2021-01-30 08:00:00,4637.046422023397,28.333333333333332,32,0,1,0
2021-01-30 09:00:00,4714.330529057122,27.77777777777778,35,0,1,0
2021-01-30 10:00:00,4714.330529057122,27.77777777777778,35,0,1,0
2021-01-30 11:00:00,4290.275993941648,27.77777777777778,35,0,1,0
2021-01-30 12:00:00,4290.275993941648,23.88888888888889,64,0,1,0
2021-01-30 13:00:00,4173.341779821058,23.88888888888889,64,0,1,0
2021-01-30 14:00:00,4173.341779821058,23.88888888888889,64,0,1,0
2021-01-30 15:00:00,4057.4156192704727,22.22222222222222,72,0,1,0
2021-01-30 16:00:00,3400.668718412159,22.22222222222222,72,0,1,0
2021-01-30 17:00:00,3271.1338346665057,22.22222222222222,72,0,1,0
2021-01-30 18:00:00,963.19518613986,22.22222222222222,80,0,1,0
2021-01-30 19:00:00,845.2529184492649,22.22222222222222,80,0,1,0
2021-01-30 20:00:00,805.9388292190666,22.22222222222222,80,0,1,0
2021-01-30 21:00:00,648.6824722982731,18.88888888888889,58,0,1,0
2021-01-30 22:00:00,648.6824722982731,18.88888888888889,58,0,1,0
2021-01-30 23:00:00,1987.8816400500305,18.88888888888889,58,0,1,0
2021-01-31 00:00:00,2008.3752652051855,21.11111111111111,50,1,1,0
2021-01-31 01:00:00,2008.3752652051855,21.11111111111111,50,1,1,0
2021-01-31 02:00:00,2008.3752652051855,21.11111111111111,50,1,1,0
2021-01-31 03:00:00,2244.654708170501,26.11111111111111,39,1,1,0
2021-01-31 04:00:00,2641.339376424771,26.11111111111111,39,1,1,0
2021-01-31 05:00:00,3405.0040415835047,26.11111111111111,39,1,1,0
2021-01-31 06:00:00,4011.3188190778346,29.444444444444443,36,1,1,0
2021-01-31 07:00:00,4562.637519330238,29.444444444444443,36,1,1,0
2021-01-31 08:00:00,4699.279007539349,29.444444444444443,36,1,1,0
2021-01-31 09:00:00,4702.164604184758,28.333333333333332,40,1,1,0
2021-01-31 10:00:00,4587.249961305793,28.333333333333332,40,1,1,0
2021-01-31 11:00:00,4410.54960201923,28.333333333333332,40,1,1,0
2021-01-31 12:00:00,4331.789787697459,24.444444444444443,64,1,1,0
2021-01-31 13:00:00,4196.845709279768,24.444444444444443,64,1,1,0
2021-01-31 14:00:00,4196.845709279768,24.444444444444443,64,1,1,0
2021-01-31 15:00:00,4138.285071475864,22.22222222222222,72,1,1,0
2021-01-31 16:00:00,3565.239525893316,22.22222222222222,72,1,1,0
2021-01-31 17:00:00,992.9847279792372,22.22222222222222,72,1,1,0
2021-01-31 18:00:00,933.4056443004829,20.555555555555557,66,1,1,0
2021-01-31 19:00:00,893.6862551813134,20.555555555555557,66,1,1,0
2021-01-31 20:00:00,873.8265606217287,20.555555555555557,66,1,1,0
2021-01-31 21:00:00,721.0596793941538,18.333333333333332,75,1,1,0
2021-01-31 22:00:00,681.0008083167008,18.333333333333332,75,1,1,0
2021-01-31 23:00:00,1926.3903722797202,18.333333333333332,75,1,1,0
2021-02-01 00:00:00,1906.733327664621,18.88888888888889,75,0,1,0
2021-02-01 01:00:00,1906.733327664621,18.88888888888889,75,0,1,0
2021-02-01 02:00:00,1906.733327664621,18.88888888888889,75,0,1,0
2021-02-01 03:00:00,1874.13959556779,26.11111111111111,48,0,1,0
2021-02-01 04:00:00,2502.6609964659615,26.11111111111111,48,0,1,0
2021-02-01 05:00:00,3236.860013286333,26.11111111111111,48,0,1,0
2021-02-01 06:00:00,4157.716949485979,29.444444444444443,32,0,1,0
2021-02-01 07:00:00,4516.079993622787,29.444444444444443,32,0,1,0
2021-02-01 08:00:00,2373.126112720308,29.444444444444443,32,0,1,0
2021-02-01 09:00:00,2458.3066393857375,27.22222222222222,37,0,1,0
2021-02-01 10:00:00,4596.724279223195,27.22222222222222,37,0,1,0
2021-02-01 11:00:00,4598.404368506536,27.22222222222222,37,0,1,0
2021-02-01 12:00:00,4341.686726011907,21.666666666666668,68,0,1,0
2021-02-01 13:00:00,3984.835762230107,21.666666666666668,68,0,1,0
2021-02-01 14:00:00,4004.6608157735404,21.666666666666668,68,0,1,0
2021-02-01 15:00:00,4108.322324555729,17.77777777777778,78,0,1,0
2021-02-01 16:00:00,3683.091726941918,17.77777777777778,78,0,1,0
2021-02-01 17:00:00,3066.4989599554724,17.77777777777778,78,0,1,0
2021-02-01 18:00:00,971.427623628235,19.444444444444443,72,0,1,0
2021-02-01 19:00:00,951.6025700848016,19.444444444444443,72,0,1,0
2021-02-01 20:00:00,812.827195280768,19.444444444444443,72,0,1,0
2021-02-02 00:00:00,1942.85524725647,16.666666666666668,87,0,1,0
2021-02-02 01:00:00,1942.85524725647,16.666666666666668,87,0,1,0
2021-02-02 02:00:00,1942.85524725647,16.666666666666668,87,0,1,0
2021-02-02 03:00:00,1965.7044615099185,25.555555555555557,28,0,1,0
2021-02-02 04:00:00,2318.5232110116985,25.555555555555557,28,0,1,0
2021-02-02 05:00:00,2653.70102303839,25.555555555555557,28,0,1,0
2021-02-02 06:00:00,3709.637137618718,28.333333333333332,22,0,1,0
2021-02-02 07:00:00,4462.653154412517,28.333333333333332,22,0,1,0
2021-02-02 08:00:00,4537.417127521229,28.333333333333332,22,0,1,0
2021-02-02 09:00:00,4424.347118752325,27.22222222222222,26,0,1,1
2021-02-02 10:00:00,4365.543993835361,27.22222222222222,26,0,1,1
2021-02-02 11:00:00,4004.6608157735404,27.22222222222222,26,0,1,0
2021-02-02 12:00:00,3970.723012250035,18.333333333333332,54,0,1,0
2021-02-02 13:00:00,3878.318101666236,18.333333333333332,54,0,1,0
2021-02-02 14:00:00,3819.8509946059407,18.333333333333332,54,0,1,0
2021-02-02 15:00:00,3741.894851858881,16.11111111111111,69,0,1,0
2021-02-02 16:00:00,3984.835762230107,16.11111111111111,69,0,1,0
2021-02-02 17:00:00,2379.006425212004,16.11111111111111,69,0,1,0
2021-02-02 18:00:00,951.6025700848016,16.11111111111111,79,0,1,0
2021-02-02 19:00:00,899.6878112295396,16.11111111111111,79,0,1,0
2021-02-02 20:00:00,799.722498870702,16.11111111111111,79,0,1,0
2021-02-03 00:00:00,1926.39037227972,17.22222222222222,91,0,1,0
2021-02-03 01:00:00,1926.39037227972,17.22222222222222,91,0,1,0
2021-02-03 02:00:00,1926.39037227972,17.22222222222222,91,0,1,0
2021-02-03 03:00:00,1929.4145329897353,27.77777777777778,41,0,1,0
2021-02-03 04:00:00,2163.2829612309156,27.77777777777778,41,0,1,0
2021-02-03 05:00:00,2885.721353067894,27.77777777777778,41,0,1,0
2021-02-03 06:00:00,3728.958164377149,30.0,29,0,1,0
2021-02-03 07:00:00,4173.341779821058,30.0,29,0,1,0
2021-02-03 08:00:00,4462.9891722691855,30.0,29,0,1,0
2021-02-03 09:00:00,4385.033029522126,28.333333333333332,22,0,1,0
2021-02-03 10:00:00,4214.671976191267,28.333333333333332,22,0,1,0
2021-02-03 11:00:00,4119.7469316824545,28.333333333333332,22,0,1,0
2021-02-03 12:00:00,4151.164601280946,20.555555555555557,50,0,1,0
2021-02-03 13:00:00,3975.763280100061,20.555555555555557,50,0,1,0
2021-02-03 14:00:00,3970.723012250035,20.555555555555557,50,0,1,0
2021-02-03 15:00:00,3941.489458719888,17.77777777777778,67,0,1,0
2021-02-03 16:00:00,3849.756583849425,17.77777777777778,67,0,1,0
2021-02-03 17:00:00,2897.8179959079553,17.77777777777778,67,0,1,0
2021-02-04 00:00:00,1887.0762830495216,16.11111111111111,89,0,1,0
2021-02-04 01:00:00,1887.0762830495216,16.11111111111111,89,0,1,0
2021-02-04 02:00:00,1887.0762830495216,16.11111111111111,89,0,1,0
2021-02-04 03:00:00,1929.4145329897353,26.666666666666668,46,0,1,0
2021-02-04 04:00:00,2125.3129434273906,26.666666666666668,46,0,1,0
2021-02-04 05:00:00,2562.9762017379326,26.666666666666668,46,0,1,0
2021-02-04 06:00:00,4290.275993941648,28.88888888888889,18,0,1,0
2021-02-04 07:00:00,4572.530993543072,28.88888888888889,18,0,1,0
2021-02-04 08:00:00,4459.628993702503,28.88888888888889,18,0,1,0
2021-02-04 09:00:00,4421.994993755646,27.77777777777778,18,0,1,0
2021-02-04 10:00:00,4579.083341748105,27.77777777777778,18,0,1,0
2021-02-04 11:00:00,4167.293458401027,27.77777777777778,18,0,1,0
2021-02-04 12:00:00,3897.807137353001,20.555555555555557,42,0,1,0
2021-02-04 13:00:00,3905.5355480563735,20.555555555555557,42,0,1,0
2021-02-04 14:00:00,3670.9950841018567,20.555555555555557,42,0,1,0
2021-02-04 15:00:00,3767.6002178940107,18.333333333333332,73,0,1,0
2021-02-04 16:00:00,3825.563298169303,18.333333333333332,73,0,1,0
2021-02-04 17:00:00,3121.941906305753,18.333333333333332,73,0,1,0
2021-02-05 00:00:00,1802.6491984853844,17.77777777777778,90,0,1,0
2021-02-05 01:00:00,1802.6491984853844,17.77777777777778,90,0,1,0
2021-02-05 02:00:00,1802.6491984853844,17.77777777777778,90,0,1,0
2021-02-05 03:00:00,1949.3054044638563,26.666666666666668,38,0,1,0
2021-02-05 04:00:00,2128.5518784375445,26.666666666666668,38,0,1,0
2021-02-05 05:00:00,2496.210839258575,26.666666666666668,38,0,1,0
2021-02-05 06:00:00,3490.8929770292298,29.444444444444443,20,0,1,0
2021-02-05 07:00:00,4353.516633027603,29.444444444444443,20,0,1,0
2021-02-05 08:00:00,4702.164604184758,29.444444444444443,20,0,1,0
2021-02-05 09:00:00,4622.5560849672775,27.77777777777778,24,0,1,0
2021-02-05 10:00:00,4626.290386508395,27.77777777777778,24,0,1,0
2021-02-05 11:00:00,4276.454228497249,27.77777777777778,24,0,1,0
2021-02-05 12:00:00,4524.615540002486,22.22222222222222,56,0,1,0
2021-02-05 13:00:00,4961.868302271634,22.22222222222222,56,0,1,0
2021-02-05 14:00:00,4600.65949865799,22.22222222222222,56,0,1,0
2021-02-05 15:00:00,4469.110239823135,20.0,72,0,1,0
2021-02-05 16:00:00,4257.103756875089,20.0,72,0,1,0
2021-02-05 17:00:00,2423.901182144189,20.0,72,0,1,0
2021-02-05 18:00:00,2423.561700185906,16.666666666666668,83,0,1,0
2021-02-05 19:00:00,2242.1085934833754,16.666666666666668,83,0,1,0
2021-02-05 20:00:00,1962.8846827951966,16.666666666666668,83,0,1,0
2021-02-05 21:00:00,1902.796376179017,18.333333333333332,84,0,1,0
2021-02-05 22:00:00,1842.7080695628376,18.333333333333332,84,0,1,0
2021-02-05 23:00:00,1787.3725103626268,18.333333333333332,84,0,1,0
2021-02-06 00:00:00,1769.1340153589267,18.88888888888889,88,0,1,0
2021-02-06 01:00:00,1769.1340153589267,18.88888888888889,88,0,1,0
2021-02-06 02:00:00,1754.0132118088504,18.88888888888889,88,0,1,0
2021-02-06 03:00:00,1934.454800839761,26.666666666666668,54,0,1,0
2021-02-06 04:00:00,2068.5259256504373,26.666666666666668,54,0,1,0
2021-02-06 05:00:00,2506.0211750326453,26.666666666666668,54,0,1,0
2021-02-06 06:00:00,3815.986789254255,28.88888888888889,32,0,1,0
2021-02-06 07:00:00,5600.577626019927,28.88888888888889,32,0,1,0
2021-02-06 08:00:00,4749.948421863968,28.88888888888889,32,0,1,0
2021-02-06 09:00:00,4772.293609332413,29.444444444444443,26,0,1,0
2021-02-06 10:00:00,4579.083341748105,29.444444444444443,26,0,1,0
2021-02-06 11:00:00,4361.5117795553415,29.444444444444443,26,0,1,0
2021-02-06 12:00:00,4134.699726304197,23.333333333333332,61,0,1,0
2021-02-06 13:00:00,3922.1684319614574,23.333333333333332,61,0,1,0
2021-02-06 14:00:00,3936.785208726531,23.333333333333332,61,0,1,0
2021-02-06 15:00:00,3902.8474052030265,21.666666666666668,73,0,1,0
2021-02-06 16:00:00,3868.909601679522,21.666666666666668,73,0,1,0
2021-02-06 17:00:00,2903.8663173279856,21.666666666666668,73,0,1,0
2021-02-06 18:00:00,943.5381415247608,18.333333333333332,82,0,1,0
2021-02-06 19:00:00,884.5670076794634,18.333333333333332,82,0,1,0
2021-02-06 20:00:00,786.2817846039674,18.333333333333332,82,0,1,0
2021-02-06 21:00:00,693.8768740201679,20.0,54,0,1,0
2021-02-06 22:00:00,594.751606303001,20.0,54,0,1,0
2021-02-06 23:00:00,1769.1340153589267,20.0,54,0,1,0
2021-02-07 00:00:00,1769.1340153589267,20.0,54,1,1,0
2021-02-07 01:00:00,1769.1340153589267,20.0,54,1,1,0
2021-02-07 02:00:00,1769.1340153589267,20.0,54,1,1,0
2021-02-07 03:00:00,1754.0132118088504,24.444444444444443,35,1,1,0
2021-02-07 04:00:00,2357.165264528561,24.444444444444443,35,1,1,0
2021-02-07 05:00:00,2627.6596391465923,24.444444444444443,35,1,1,0
2021-02-07 06:00:00,3485.8492450775893,27.77777777777778,22,1,1,0
2021-02-07 07:00:00,4177.373994101078,27.77777777777778,22,1,1,0
2021-02-07 08:00:00,4405.194100922227,27.77777777777778,22,1,1,0
2021-02-07 09:00:00,4346.054958148596,26.666666666666668,20,1,1,0
2021-02-07 10:00:00,4137.051851300875,26.666666666666668,20,1,1,0
2021-02-07 11:00:00,4151.164601280946,26.666666666666668,20,1,1,0
2021-02-07 12:00:00,3917.2961730397656,20.555555555555557,53,1,1,0
2021-02-07 13:00:00,3727.110066165473,20.555555555555557,53,1,1,0
2021-02-07 14:00:00,3469.048352244171,20.555555555555557,53,1,1,0
2021-02-07 15:00:00,3670.9950841018567,17.77777777777778,62,1,1,0
2021-02-07 16:00:00,3690.3161108602876,17.77777777777778,62,1,1,0
2021-02-07 17:00:00,2782.2278532140385,17.77777777777778,62,1,1,0
2021-02-07 18:00:00,943.5381415247608,20.555555555555557,72,1,1,0
2021-02-07 19:00:00,884.5670076794634,20.555555555555557,72,1,1,0
2021-02-07 20:00:00,786.2817846039674,20.555555555555557,72,1,1,0
2021-02-08 03:00:00,1704.9546047352696,25.0,22,0,1,0
2021-02-08 04:00:00,1854.818568809359,25.0,22,0,1,0
2021-02-08 05:00:00,2316.1710860150206,25.0,22,0,1,0
2021-02-08 06:00:00,3670.9950841018567,27.77777777777778,18,0,1,0
2021-02-08 07:00:00,4617.725395264967,27.77777777777778,18,0,1,0
2021-02-08 08:00:00,4788.254457524161,27.77777777777778,18,0,1,0
2021-02-08 09:00:00,4615.877297053292,27.22222222222222,18,0,1,0
2021-02-08 10:00:00,4102.7780299207025,27.22222222222222,18,0,1,0
2021-02-08 11:00:00,3911.751878404738,27.22222222222222,18,0,1,0
2021-02-08 12:00:00,3774.1525660990433,18.88888888888889,48,0,1,0
2021-02-08 13:00:00,3722.405816172116,18.88888888888889,48,0,1,0
2021-02-08 14:00:00,3670.9950841018567,18.88888888888889,48,0,1,0
2021-02-08 15:00:00,3868.909601679522,16.666666666666668,56,0,1,0
2021-02-08 16:00:00,3658.226405548459,16.666666666666668,56,0,1,0
2021-02-08 17:00:00,2801.5488799724694,16.666666666666668,56,0,1,0
2021-02-09 00:00:00,1784.254818909003,17.22222222222222,91,0,1,0
2021-02-09 01:00:00,1784.254818909003,17.22222222222222,91,0,1,0
2021-02-09 02:00:00,1784.254818909003,17.22222222222222,91,0,1,0
2021-02-09 03:00:00,1784.254818909003,27.22222222222222,27,0,1,0
2021-02-09 04:00:00,2379.006425212004,27.22222222222222,27,0,1,0
2021-02-09 05:00:00,2696.2072819069376,27.22222222222222,27,0,1,0
2021-02-09 06:00:00,3600.7673520581693,30.0,16,0,1,0
2021-02-09 07:00:00,4628.981993463357,30.0,16,0,1,0
2021-02-09 08:00:00,4539.265225732905,30.0,16,0,1,0
2021-02-09 09:00:00,4115.378699545766,28.88888888888889,20,0,1,0
2021-02-09 10:00:00,4346.054958148596,28.88888888888889,20,0,1,0
2021-02-09 11:00:00,4422.835038397317,28.88888888888889,20,0,1,0
2021-02-09 12:00:00,3999.4525389951805,20.0,48,0,1,0
2021-02-09 13:00:00,3844.884324927734,20.0,48,0,1,0
2021-02-09 14:00:00,3839.3400302927057,20.0,48,0,1,0
2021-02-09 15:00:00,4112.186529907416,17.22222222222222,72,0,1,0
2021-02-09 16:00:00,3636.553253793349,17.22222222222222,72,0,1,0
2021-02-09 17:00:00,2834.9826567109717,17.22222222222222,72,0,1,0
2021-02-10 00:00:00,1804.0798724524366,17.22222222222222,84,0,1,0
2021-02-10 01:00:00,1804.0798724524366,17.22222222222222,84,0,1,0
2021-02-10 02:00:00,1804.0798724524366,17.22222222222222,84,0,1,0
2021-02-10 03:00:00,1804.0798724524366,25.0,31,0,1,0
2021-02-10 04:00:00,1990.0657561183748,25.0,31,0,1,0
2021-02-10 05:00:00,2696.2072819069376,25.0,31,0,1,0
2021-02-10 06:00:00,3481.1449950842316,28.333333333333332,24,0,1,0
2021-02-10 07:00:00,4442.492083012416,28.333333333333332,24,0,1,0
2021-02-10 08:00:00,4718.362743337142,28.333333333333332,24,0,1,0
2021-02-10 09:00:00,4619.237475619974,28.88888888888889,22,0,1,0
2021-02-10 10:00:00,4458.452931204163,28.88888888888889,22,0,1,0
2021-02-10 11:00:00,4245.921636861424,28.88888888888889,22,0,1,0
2021-02-10 12:00:00,3995.252315786826,22.22222222222222,52,0,1,0
2021-02-10 13:00:00,3858.8290659794707,22.22222222222222,52,0,1,0
2021-02-10 14:00:00,3663.938709111821,22.22222222222222,52,0,1,0
2021-02-10 15:00:00,3741.894851858881,19.444444444444443,72,0,1,0
2021-02-10 16:00:00,3878.6541195229042,19.444444444444443,72,0,1,0
2021-02-10 17:00:00,2775.5074960806714,19.444444444444443,72,0,1,0
2021-02-11 00:00:00,1946.0474168948192,18.88888888888889,92,0,1,0
2021-02-11 01:00:00,1946.0474168948192,18.88888888888889,92,0,1,0
2021-02-11 02:00:00,1946.0474168948192,18.88888888888889,92,0,1,0
2021-02-11 03:00:00,1946.0474168948192,28.333333333333332,38,0,1,0
2021-02-11 04:00:00,2183.4440326310173,28.333333333333332,38,0,1,0
2021-02-11 05:00:00,3274.1579953765204,28.333333333333332,38,0,1,0
2021-02-11 06:00:00,3929.89684266483,32.22222222222222,18,0,1,0
2021-02-11 07:00:00,4328.582029601842,32.22222222222222,18,0,1,0
2021-02-11 08:00:00,4572.530993543072,32.22222222222222,18,0,1,0
2021-02-11 09:00:00,4328.582029601841,30.555555555555557,16,0,1,0
2021-02-11 10:00:00,4405.194100922227,30.555555555555557,16,0,1,0
2021-02-11 11:00:00,4307.076886775066,30.555555555555557,16,0,1,0
2021-02-11 12:00:00,3627.9847984483063,24.444444444444443,51,0,1,0
2021-02-11 13:00:00,3429.734263013973,24.444444444444443,51,0,1,0
2021-02-11 14:00:00,3447.5432094173957,24.444444444444443,51,0,1,0
2021-02-11 15:00:00,3706.948994765371,21.666666666666668,72,0,1,0
2021-02-11 16:00:00,3575.229994951373,21.666666666666668,72,0,1,0
2021-02-11 17:00:00,3013.408138601872,21.666666666666668,72,0,1,0
2021-02-11 18:00:00,951.6025700848016,18.333333333333332,80,0,1,0
2021-02-11 19:00:00,852.4773023676348,18.333333333333332,80,0,1,0
2021-02-11 20:00:00,753.352034650468,18.333333333333332,80,0,1,0
2021-02-11 21:00:00,713.7019275636012,19.444444444444443,90,0,1,0
2021-02-11 22:00:00,555.1014992161342,19.444444444444443,90,0,1,0
2021-02-11 23:00:00,1887.0762830495216,19.444444444444443,90,0,1,0
2021-02-12 00:00:00,1906.5306777201354,20.555555555555557,91,0,1,0
2021-02-12 01:00:00,1906.5306777201354,20.555555555555557,91,0,1,0
2021-02-12 02:00:00,1906.5306777201354,20.555555555555557,91,0,1,0
2021-02-12 03:00:00,1906.5306777201354,28.333333333333332,42,0,1,0
2021-02-12 04:00:00,2128.5518784375445,28.333333333333332,42,0,1,0
2021-02-12 05:00:00,2732.829764182174,28.333333333333332,42,0,1,0
2021-02-12 06:00:00,3970.4112431046733,31.11111111111111,24,0,1,0
2021-02-12 07:00:00,4565.013893038224,31.11111111111111,24,0,1,0
2021-02-12 08:00:00,4876.3188487841935,31.11111111111111,24,0,1,0
2021-02-12 09:00:00,4567.729748704492,30.0,25,0,1,0
2021-02-12 10:00:00,4170.535857512796,30.0,25,0,1,0
2021-02-12 11:00:00,3611.2393312407303,30.0,25,0,1,0
2021-02-12 12:00:00,3780.4710874450548,24.444444444444443,54,0,1,0
2021-02-12 13:00:00,3685.4161391256753,24.444444444444443,54,0,1,0
2021-02-12 14:00:00,3591.719118639429,24.444444444444443,54,0,1,0
2021-02-12 15:00:00,3812.042909565421,22.22222222222222,69,0,1,0
2021-02-12 16:00:00,3825.961669855044,22.22222222222222,69,0,1,0
2021-02-12 17:00:00,3051.9428049686644,22.22222222222222,69,0,1,0
2021-02-12 18:00:00,886.0479111199347,20.555555555555557,87,0,1,0
2021-02-12 19:00:00,807.2880967981628,20.555555555555557,87,0,1,0
2021-02-12 20:00:00,741.7680788494473,20.555555555555557,87,0,1,0
2021-02-12 21:00:00,702.7276536468448,18.88888888888889,88,0,1,0
2021-02-12 22:00:00,546.5659528364349,18.88888888888889,88,0,1,0
2021-02-12 23:00:00,2005.8291505180591,18.88888888888889,88,0,1,0
2021-02-13 00:00:00,1988.6853116247426,21.666666666666668,91,0,1,0
2021-02-13 01:00:00,1988.6853116247426,21.666666666666668,91,0,1,0
2021-02-13 02:00:00,1988.6853116247426,21.666666666666668,91,0,1,0
2021-02-13 03:00:00,1988.6853116247426,27.77777777777778,45,0,1,0
2021-02-13 04:00:00,2244.824449149643,27.77777777777778,45,0,1,0
2021-02-13 05:00:00,2947.5521027964883,27.77777777777778,45,0,1,0
2021-02-13 06:00:00,4258.4616847082225,30.555555555555557,28,0,1,0
2021-02-13 07:00:00,5075.93424025489,30.555555555555557,28,0,1,0
2021-02-13 08:00:00,5102.07435104272,30.555555555555557,28,0,1,0
2021-02-13 09:00:00,4841.012725122709,30.0,27,0,1,0
2021-02-13 10:00:00,4390.859648438787,30.0,27,0,1,1
2021-02-13 11:00:00,4095.5103447321426,30.0,27,0,1,1
2021-02-13 12:00:00,4528.689323501889,23.88888888888889,52,0,1,0
2021-02-13 13:00:00,4948.628505898579,23.88888888888889,52,0,1,0
2021-02-13 14:00:00,4467.582571010858,23.88888888888889,52,0,1,0
2021-02-13 15:00:00,4809.780384960626,22.22222222222222,72,0,1,0
2021-02-13 16:00:00,4790.769395296751,22.22222222222222,72,0,1,0
2021-02-13 17:00:00,3425.0334771222306,22.22222222222222,72,0,1,0
2021-02-13 18:00:00,2663.914926650624,20.0,85,0,1,0
2021-02-13 19:00:00,2663.914926650624,20.0,85,0,1,0
2021-02-13 20:00:00,2603.826620034444,20.0,85,0,1,0
2021-02-13 21:00:00,2403.5322646471795,20.555555555555557,87,0,1,0
2021-02-13 22:00:00,2403.5322646471795,20.555555555555557,87,0,1,0
2021-02-13 23:00:00,2203.2379092599144,20.555555555555557,87,0,1,0
2021-02-14 00:00:00,1962.067154814024,22.22222222222222,87,1,1,0
2021-02-14 01:00:00,1962.067154814024,22.22222222222222,87,1,1,0
2021-02-14 02:00:00,1962.067154814024,22.22222222222222,87,1,1,0
2021-02-14 03:00:00,1962.067154814024,29.444444444444443,33,1,1,0
2021-02-14 04:00:00,2581.4485236006544,29.444444444444443,33,1,1,0
2021-02-14 05:00:00,2979.6816452768903,29.444444444444443,33,1,1,0
2021-02-14 06:00:00,4132.312960291367,30.0,25,1,1,0
2021-02-14 07:00:00,5121.327827819655,30.0,25,1,1,0
2021-02-14 08:00:00,5307.557930649461,30.0,25,1,1,0
2021-02-14 09:00:00,4833.668829698617,30.555555555555557,24,1,1,0
2021-02-14 10:00:00,4397.69085682384,30.555555555555557,24,1,1,0
2021-02-14 11:00:00,4108.369089927533,30.555555555555557,24,1,1,0
2021-02-14 12:00:00,4085.4228808288613,25.0,59,1,1,0
2021-02-14 13:00:00,3924.134309628048,25.0,59,1,1,0
2021-02-14 14:00:00,3826.030951887347,25.0,59,1,1,0
2021-02-14 15:00:00,4434.271769879694,22.77777777777778,78,1,1,0
2021-02-14 16:00:00,4111.195796845487,22.77777777777778,78,1,1,0
2021-02-14 17:00:00,2772.666932756258,22.77777777777778,78,1,1,0
2021-02-14 18:00:00,1465.896952274613,21.11111111111111,81,1,1,0
2021-02-14 19:00:00,882.9302196663108,21.11111111111111,81,1,1,0
2021-02-14 20:00:00,804.4475334737498,21.11111111111111,81,1,1,0
2021-02-14 21:00:00,706.3441757330487,17.77777777777778,91,1,1,0
2021-02-14 22:00:00,588.6201464442073,17.77777777777778,91,1,1,0
2021-02-14 23:00:00,2001.3084979103044,17.77777777777778,91,1,1,0
2021-02-15 00:00:00,2022.1554614302033,21.666666666666668,89,0,1,0
2021-02-15 01:00:00,2022.1554614302033,21.666666666666668,89,0,1,0
2021-02-15 02:00:00,2022.1554614302033,21.666666666666668,89,0,1,0
2021-02-15 03:00:00,2022.1554614302033,28.88888888888889,30,0,1,0
2021-02-15 04:00:00,2673.358067653489,28.88888888888889,30,0,1,0
2021-02-15 05:00:00,3130.0063348657936,28.88888888888889,30,0,1,0
2021-02-15 06:00:00,4666.615993410213,32.22222222222222,20,0,1,0
2021-02-15 07:00:00,5099.406992799064,32.22222222222222,20,0,1,0
2021-02-15 08:00:00,5277.832474689965,32.22222222222222,20,0,1,0
2021-02-15 09:00:00,4998.937653655224,30.555555555555557,23,0,1,0
2021-02-15 10:00:00,4559.762314989674,30.555555555555557,23,0,1,0
2021-02-15 11:00:00,4579.587368533108,30.555555555555557,23,0,1,0
2021-02-15 12:00:00,2439.1536215556407,24.444444444444443,56,0,1,0
2021-02-15 13:00:00,3849.756583849425,24.444444444444443,56,0,1,0
2021-02-15 14:00:00,4119.7469316824545,24.444444444444443,56,0,1,0
2021-02-15 15:00:00,4384.360993808789,21.666666666666668,74,0,1,0
2021-02-15 16:00:00,4558.418243563002,21.666666666666668,74,0,1,0
2021-02-15 17:00:00,2801.5488799724694,21.666666666666668,74,0,1,0
2021-02-15 18:00:00,931.7775165413683,20.0,85,0,1,0
2021-02-15 19:00:00,892.1274094545015,20.0,85,0,1,0
2021-02-15 20:00:00,793.0021417373348,20.0,85,0,1,0
2021-02-15 21:00:00,733.5269811070347,18.333333333333332,84,0,1,0
2021-02-15 22:00:00,634.4017133898677,18.333333333333332,84,0,1,0
2021-02-15 23:00:00,2046.3487471103256,18.333333333333332,84,0,1,0
2021-02-16 00:00:00,2063.8286038603105,21.666666666666668,87,0,1,0
2021-02-16 01:00:00,2063.8286038603105,21.666666666666668,87,0,1,0
2021-02-16 02:00:00,2063.8286038603105,21.666666666666668,87,0,1,0
2021-02-16 03:00:00,2063.8286038603105,30.0,30,0,1,0
2021-02-16 04:00:00,2791.788773671819,30.0,30,0,1,0
2021-02-16 05:00:00,3352.1418509365017,30.0,30,0,1,0
2021-02-16 06:00:00,4757.8465735464815,32.77777777777778,21,0,1,0
2021-02-16 07:00:00,5345.46905872553,32.77777777777778,21,0,1,0
2021-02-16 08:00:00,5364.424622763563,32.77777777777778,21,0,1,0
2021-02-16 09:00:00,4999.779430347701,31.11111111111111,23,0,1,0
2021-02-16 10:00:00,4941.416246335861,31.11111111111111,23,0,1,0
2021-02-16 11:00:00,4493.965168911748,31.11111111111111,23,0,1,0
2021-02-16 12:00:00,4375.409755235274,25.0,58,0,1,0
2021-02-16 13:00:00,4190.011036793101,25.0,58,0,1,0
2021-02-16 14:00:00,4190.011036793101,25.0,58,0,1,0
2021-02-16 15:00:00,4376.407416500433,25.0,58,0,1,0
2021-02-16 16:00:00,4416.646420861873,19.444444444444443,83,0,1,0
2021-02-16 17:00:00,3606.8780273072716,19.444444444444443,83,0,1,0
2021-02-16 18:00:00,933.8109441894541,19.444444444444443,83,0,1,0
2021-02-16 19:00:00,894.9021548482268,19.444444444444443,83,0,1,0
2021-02-16 20:00:00,778.175786824545,19.444444444444443,83,0,1,0
2021-02-16 21:00:00,719.8126028127041,20.555555555555557,78,0,1,0
2021-02-16 22:00:00,622.540629459636,20.555555555555557,78,0,1,0
2021-02-16 23:00:00,2314.5741351704414,20.555555555555557,78,0,1,0
2021-02-17 00:00:00,2314.5741351704414,21.666666666666668,78,0,1,0
2021-02-17 01:00:00,2314.5741351704414,21.666666666666668,78,0,1,0
2021-02-17 02:00:00,2314.5741351704414,21.666666666666668,78,0,1,0
2021-02-17 03:00:00,2314.5741351704414,27.77777777777778,34,0,1,0
2021-02-17 04:00:00,2772.666932756258,27.77777777777778,34,0,1,0
2021-02-17 05:00:00,3453.2381924726824,27.77777777777778,34,0,1,0
2021-02-17 06:00:00,4697.321790126794,30.0,25,0,1,0
2021-02-17 07:00:00,5336.157553584038,30.0,25,0,1,0
2021-02-17 08:00:00,5525.04808645427,30.0,25,0,1,0
2021-02-17 09:00:00,5311.049745077519,29.444444444444443,26,0,1,0
2021-02-17 10:00:00,4887.376261139712,29.444444444444443,26,0,1,0
2021-02-17 11:00:00,4552.328352923588,29.444444444444443,26,0,1,0
2021-02-17 12:00:00,4318.875616876225,22.77777777777778,56,0,1,0
2021-02-17 13:00:00,4182.694854181929,22.77777777777778,56,0,1,0
2021-02-17 14:00:00,3988.1509074757932,22.77777777777778,56,0,1,0
2021-02-17 15:00:00,4377.238800888066,21.666666666666668,70,0,1,0
2021-02-17 16:00:00,4436.267092410014,21.666666666666668,70,0,1,0
2021-02-17 17:00:00,2835.3533155837913,21.666666666666668,70,0,1,0
2021-02-17 18:00:00,972.7197335306813,22.77777777777778,71,0,1,0
2021-02-17 19:00:00,902.5508912144511,22.77777777777778,71,0,1,0
2021-02-17 20:00:00,667.1028326367681,22.77777777777778,71,0,1,0
2021-02-17 21:00:00,686.7235041849084,18.333333333333332,88,0,1,0
2021-02-17 22:00:00,608.2408179923474,18.333333333333332,88,0,1,0
2021-02-17 23:00:00,2218.1335462050065,18.333333333333332,88,0,1,0
2021-02-18 00:00:00,2241.2391039779754,20.555555555555557,87,0,1,0
2021-02-18 01:00:00,2241.2391039779754,20.555555555555557,87,0,1,0
2021-02-18 02:00:00,2241.2391039779754,20.555555555555557,87,0,1,0
2021-02-18 03:00:00,2202.5970504611137,25.555555555555557,61,0,1,0
2021-02-18 04:00:00,2766.0989960939573,25.555555555555557,61,0,1,0
2021-02-18 05:00:00,3537.5959950045167,25.555555555555557,61,0,1,0
2021-02-18 06:00:00,5401.1510280872535,29.444444444444443,32,0,1,0
2021-02-18 07:00:00,4830.256689607706,29.444444444444443,32,0,1,0
2021-02-18 08:00:00,5650.14025987851,29.444444444444443,32,0,1,0
2021-02-18 09:00:00,5320.506742486846,28.88888888888889,34,0,1,0
2021-02-18 10:00:00,4598.404368506536,28.88888888888889,34,0,1,0
2021-02-18 11:00:00,4540.945315016246,28.88888888888889,34,0,1,0
2021-02-18 12:00:00,4112.186529907416,25.0,42,0,1,0
2021-02-18 13:00:00,3878.318101666236,25.0,42,0,1,0
2021-02-18 14:00:00,3995.252315786826,25.0,42,0,1,0
2021-02-18 15:00:00,3839.3400302927057,23.333333333333332,46,0,1,0
2021-02-18 16:00:00,3905.5355480563735,23.333333333333332,46,0,1,0
2021-02-18 17:00:00,2923.3553530147506,23.333333333333332,46,0,1,0
2021-02-18 18:00:00,838.0285345308952,20.0,85,0,1,0
2021-02-18 19:00:00,892.1274094545015,20.0,85,0,1,0
2021-02-18 20:00:00,753.352034650468,20.0,85,0,1,0
2021-02-18 21:00:00,693.8768740201679,22.22222222222222,70,0,1,0
2021-02-18 22:00:00,555.1014992161342,22.22222222222222,70,0,1,0
2021-02-18 23:00:00,1823.90492599587,22.22222222222222,70,0,1,0
2021-02-19 00:00:00,1823.90492599587,21.666666666666668,72,0,1,0
2021-02-19 01:00:00,1823.90492599587,21.666666666666668,72,0,1,0
2021-02-19 02:00:00,1823.90492599587,21.666666666666668,72,0,1,0
2021-02-19 03:00:00,1808.448104589125,25.0,51,0,1,0
2021-02-19 04:00:00,2086.670889910529,25.0,51,0,1,0
2021-02-19 05:00:00,2828.7663263626073,25.0,51,0,1,0
2021-02-19 06:00:00,3360.3465756119563,27.22222222222222,34,0,1,0
2021-02-19 07:00:00,4076.7366460289036,27.22222222222222,34,0,1,0
2021-02-19 08:00:00,4481.806172242615,27.22222222222222,34,0,1,0
2021-02-19 09:00:00,4560.434350703011,27.22222222222222,31,0,1,0
2021-02-19 10:00:00,3925.360601599807,27.22222222222222,31,0,1,0
2021-02-19 11:00:00,3925.360601599807,27.22222222222222,31,0,1,0
2021-02-19 12:00:00,3846.0603874260732,30.0,45,0,1,0
2021-02-19 13:00:00,3793.8096107141428,30.0,45,0,1,0
2021-02-19 14:00:00,3754.495521483944,30.0,45,0,1,0
2021-02-19 15:00:00,3748.27919113558,22.77777777777778,62,0,1,0
2021-02-19 16:00:00,3675.867343023547,22.77777777777778,62,0,1,0
2021-02-19 17:00:00,2859.511960247762,22.77777777777778,62,0,1,0
2021-02-19 18:00:00,825.5958738341658,22.22222222222222,67,0,1,0
2021-02-19 19:00:00,832.6522488242015,22.22222222222222,67,0,1,0
2021-02-19 20:00:00,773.1770881939013,22.22222222222222,67,0,1,0
2021-02-19 21:00:00,693.8768740201679,18.88888888888889,77,0,1,0
2021-02-19 22:00:00,594.751606303001,18.88888888888889,77,0,1,0
2021-02-19 23:00:00,1823.90492599587,18.88888888888889,77,0,1,0
2021-02-20 00:00:00,1823.90492599587,21.666666666666668,72,0,1,0
2021-02-20 01:00:00,1823.90492599587,21.666666666666668,72,0,1,0
2021-02-20 02:00:00,1823.90492599587,21.666666666666668,72,0,1,0
2021-02-20 03:00:00,1965.7044615099185,27.22222222222222,47,0,1,0
2021-02-20 04:00:00,2451.5862822523704,27.22222222222222,47,0,1,0
2021-02-20 05:00:00,2806.421138894161,27.22222222222222,47,0,1,0
2021-02-20 06:00:00,4096.057672787335,30.555555555555557,33,0,1,0
2021-02-20 07:00:00,4841.177269949429,30.555555555555557,33,0,1,0
2021-02-20 08:00:00,5068.997376770578,30.555555555555557,33,0,1,0
2021-02-20 09:00:00,4903.172564504741,29.444444444444443,43,0,1,0
2021-02-20 10:00:00,4788.254457524161,29.444444444444443,43,0,1,0
2021-02-20 11:00:00,4714.330529057122,29.444444444444443,43,0,1,0
2021-02-20 12:00:00,3913.9359944730822,23.88888888888889,69,0,1,0
2021-02-20 13:00:00,4045.6549942870806,23.88888888888889,69,0,1,0
2021-02-20 14:00:00,4081.7769138789295,23.88888888888889,69,0,1,0
2021-02-20 15:00:00,4002.980726490199,21.11111111111111,80,0,1,0
2021-02-20 16:00:00,3780.872923232411,21.11111111111111,80,0,1,0
2021-02-20 17:00:00,3033.233192145305,21.11111111111111,80,0,1,0
2021-02-20 18:00:00,1645.4794441049696,21.666666666666668,72,0,1,0
2021-02-20 19:00:00,832.6522488242015,21.666666666666668,72,0,1,0
2021-02-20 20:00:00,799.722498870702,21.666666666666668,72,0,1,0
2021-02-20 21:00:00,693.8768740201679,18.88888888888889,90,0,1,0
2021-02-20 22:00:00,614.5766598464344,18.88888888888889,90,0,1,0
2021-02-20 23:00:00,2221.7500682912105,18.88888888888889,90,0,1,0
2021-02-21 00:00:00,2198.84542841192,22.22222222222222,87,1,1,0
2021-02-21 01:00:00,2198.84542841192,22.22222222222222,87,1,1,0
2021-02-21 02:00:00,2198.84542841192,22.22222222222222,87,1,1,0
2021-02-21 03:00:00,2314.5741351704414,27.77777777777778,59,1,1,0
2021-02-21 04:00:00,2615.867837248663,27.77777777777778,59,1,1,0
2021-02-21 05:00:00,3501.1259332003465,27.77777777777778,59,1,1,0
2021-02-21 06:00:00,4488.145478198317,31.666666666666668,40,1,1,0
2021-02-21 07:00:00,5239.38441086355,31.666666666666668,40,1,1,0
2021-02-21 08:00:00,5326.180940932441,31.666666666666668,40,1,1,0
2021-02-21 09:00:00,5048.166001707947,30.0,49,1,1,0
2021-02-21 10:00:00,4687.012623720145,30.0,49,1,1,0
2021-02-21 11:00:00,4669.719828457377,30.0,49,1,1,0
2021-02-21 12:00:00,4591.237142264817,23.88888888888889,78,1,1,0
2021-02-21 13:00:00,4078.439251972744,23.88888888888889,78,1,1,0
2021-02-21 14:00:00,3900.855546774322,23.88888888888889,78,1,1,0
2021-02-21 15:00:00,4359.7797287477715,21.11111111111111,87,1,1,0
2021-02-21 16:00:00,4108.369089927533,21.11111111111111,87,1,1,0
2021-02-21 17:00:00,3512.1002071171033,21.11111111111111,87,1,1,0
2021-02-21 18:00:00,902.5508912144511,20.555555555555557,87,1,1,0
2021-02-21 19:00:00,843.6888765700303,20.555555555555557,87,1,1,0
2021-02-21 20:00:00,784.8268619256096,20.555555555555557,87,1,1,0
2021-02-21 21:00:00,686.7235041849084,18.333333333333332,96,1,1,0
2021-02-21 22:00:00,608.2408179923474,18.333333333333332,96,1,1,0
2021-02-21 23:00:00,2198.3465977793394,18.333333333333332,96,1,1,0
2021-02-22 00:00:00,2202.2610326044455,20.555555555555557,87,0,1,0
2021-02-22 01:00:00,2202.2610326044455,20.555555555555557,87,0,1,0
2021-02-22 02:00:00,2202.2610326044455,20.555555555555557,87,0,1,0
2021-02-22 03:00:00,2415.128344803853,26.666666666666668,62,0,1,0
2021-02-22 04:00:00,2657.901246246745,26.666666666666668,62,0,1,0
2021-02-22 05:00:00,3085.987995642238,26.666666666666668,62,0,1,0
2021-02-22 06:00:00,4675.68847554026,30.555555555555557,45,0,1,0
2021-02-22 07:00:00,5313.282358568476,30.555555555555557,45,0,1,0
2021-02-22 08:00:00,5343.691974596964,30.555555555555557,45,0,1,0
2021-02-22 09:00:00,4891.747957378016,30.555555555555557,49,0,1,0
2021-02-22 10:00:00,4896.7882252280415,30.555555555555557,49,0,1,0
2021-02-22 11:00:00,4599.748439933209,30.555555555555557,49,0,1,0
2021-02-22 12:00:00,4242.561458294741,23.88888888888889,67,0,1,0
2021-02-22 13:00:00,3960.810485478319,23.88888888888889,67,0,1,0
2021-02-22 14:00:00,3922.1684319614574,23.88888888888889,67,0,1,0
2021-02-22 15:00:00,5286.2329211066735,20.555555555555557,79,0,1,0
2021-02-22 16:00:00,4271.122976111551,20.555555555555557,79,0,1,0
2021-02-22 17:00:00,3612.86399489823,20.555555555555557,79,0,1,0
2021-02-22 18:00:00,923.8810969096617,20.0,90,0,1,0
2021-02-22 19:00:00,845.2529184492649,20.0,90,0,1,0
2021-02-22 20:00:00,793.0021417373348,20.0,90,0,1,0
2021-02-22 21:00:00,687.9965615284714,17.77777777777778,90,0,1,0
2021-02-22 22:00:00,623.6491419764801,17.77777777777778,90,0,1,0
2021-02-22 23:00:00,2319.1952467250358,17.77777777777778,90,0,1,0
2021-02-23 00:00:00,2319.1952467250358,21.666666666666668,82,0,1,0
2021-02-23 01:00:00,2319.1952467250358,21.666666666666668,82,0,1,0
2021-02-23 02:00:00,2319.1952467250358,21.666666666666668,82,0,1,0
2021-02-23 03:00:00,2494.5965679059204,30.0,30,0,1,0
2021-02-23 04:00:00,2834.646638854303,30.0,30,0,1,0
2021-02-23 05:00:00,3198.889995482808,30.0,30,0,1,0
2021-02-23 06:00:00,4481.806172242615,34.44444444444444,21,0,1,0
2021-02-23 07:00:00,5277.832474689965,34.44444444444444,21,0,1,0
2021-02-23 08:00:00,5448.529545877493,34.44444444444444,21,0,1,0
2021-02-23 09:00:00,3864.205351686165,32.22222222222222,35,0,1,0
2021-02-23 10:00:00,4501.799234714383,32.22222222222222,35,0,1,0
2021-02-23 11:00:00,4302.036618925041,32.22222222222222,35,0,1,0
2021-02-23 12:00:00,3965.0107086866738,24.444444444444443,57,0,1,0
2021-02-23 13:00:00,3616.89620917825,24.444444444444443,57,0,1,0
2021-02-23 14:00:00,3761.383887545646,24.444444444444443,57,0,1,0
2021-02-23 15:00:00,4117.898833470778,20.0,69,0,1,0
2021-02-23 16:00:00,4231.30486009635,20.0,69,0,1,0
2021-02-23 17:00:00,2473.0914250791457,20.0,69,0,1,0
2021-02-23 18:00:00,923.8810969096617,18.333333333333332,84,0,1,0
2021-02-23 19:00:00,892.1274094545015,18.333333333333332,84,0,1,0
2021-02-23 20:00:00,793.0021417373348,18.333333333333332,84,0,1,0
2021-02-23 21:00:00,693.8768740201679,17.22222222222222,90,0,1,0
2021-02-23 22:00:00,634.4017133898677,17.22222222222222,90,0,1,0
2021-02-23 23:00:00,584.6710706029501,17.22222222222222,90,0,1,0
2021-02-24 00:00:00,2280.2171753515054,21.666666666666668,77,0,1,0
2021-02-24 01:00:00,2280.2171753515054,21.666666666666668,77,0,1,0
2021-02-24 02:00:00,2280.2171753515054,21.666666666666668,77,0,1,0
2021-02-24 03:00:00,2318.5232110116985,29.444444444444443,43,0,1,0
2021-02-24 04:00:00,2449.066148327358,29.444444444444443,43,0,1,0
2021-02-24 05:00:00,3361.3546291819603,29.444444444444443,43,0,1,0
2021-02-24 06:00:00,4955.087323360003,35.55555555555556,23,0,1,0
2021-02-24 07:00:00,5429.712545904064,35.55555555555556,23,0,1,0
2021-02-24 08:00:00,5228.7738676163835,35.55555555555556,37,0,1,0
2021-02-24 09:00:00,4678.376618393606,32.22222222222222,37,0,1,0
2021-02-24 10:00:00,4696.857600510366,32.22222222222222,37,0,1,0
2021-02-24 11:00:00,4599.412422076542,32.22222222222222,73,0,1,0
2021-02-24 12:00:00,4405.194100922227,23.333333333333332,73,0,1,0
2021-02-24 13:00:00,4022.133744320295,23.333333333333332,73,0,1,0
2021-02-24 14:00:00,3907.2156373397156,23.333333333333332,75,0,1,0
2021-02-24 15:00:00,4328.582029601842,21.666666666666668,75,0,1,0
2021-02-24 16:00:00,4591.3479935165005,21.666666666666668,75,0,1,0
2021-02-24 17:00:00,2627.6596391465923,21.666666666666668,75,0,1,0
2021-02-24 18:00:00,963.19518613986,18.88888888888889,75,0,1,0
2021-02-24 19:00:00,864.9099630643641,18.88888888888889,75,0,1,0
2021-02-24 20:00:00,812.827195280768,18.88888888888889,75,0,1,0
2021-02-24 21:00:00,713.7019275636012,17.22222222222222,89,0,1,0
2021-02-24 22:00:00,594.751606303001,17.22222222222222,89,0,1,0
2021-02-24 23:00:00,2436.1294608456255,17.22222222222222,89,0,1,0
2021-02-25 00:00:00,2411.014724135877,22.22222222222222,70,0,1,0
2021-02-25 01:00:00,2411.014724135877,22.22222222222222,70,0,1,0
2021-02-25 02:00:00,2411.014724135877,22.22222222222222,70,0,1,0
2021-02-25 03:00:00,2507.455313101312,32.22222222222222,39,0,1,0
2021-02-25 04:00:00,3461.0532057164332,32.22222222222222,39,0,1,0
2021-02-25 05:00:00,3791.112807606758,32.22222222222222,39,0,1,0
2021-02-25 06:00:00,5288.934920366481,35.55555555555556,24,0,1,0
2021-02-25 07:00:00,5572.935827181935,35.55555555555556,24,0,1,0
2021-02-25 08:00:00,5486.471850868096,35.55555555555556,24,0,1,0
2021-02-25 09:00:00,5246.368039719668,33.888888888888886,33,0,1,0
2021-02-25 10:00:00,4728.581843101798,33.888888888888886,33,0,1,0
2021-02-25 11:00:00,4494.131445789274,33.888888888888886,33,0,1,1
2021-02-25 12:00:00,4075.446268177265,25.0,63,0,1,0
2021-02-25 13:00:00,4146.945325513709,25.0,63,0,1,0
2021-02-25 14:00:00,4134.308282821686,25.0,63,0,1,0
2021-02-25 15:00:00,4625.157625280245,21.666666666666668,75,0,1,0
2021-02-25 16:00:00,4473.513112975975,21.666666666666668,75,0,1,0
2021-02-25 17:00:00,4238.065054398292,21.666666666666668,75,0,1,0
2021-02-25 18:00:00,887.2534184820026,18.88888888888889,81,0,1,0
2021-02-25 19:00:00,875.4477601776132,18.88888888888889,81,0,1,0
2021-02-25 20:00:00,817.0845761657723,18.88888888888889,81,0,1,0
2021-02-25 21:00:00,706.3441757330487,18.333333333333332,88,0,1,0
2021-02-25 22:00:00,641.9950241302496,18.333333333333332,88,0,1,0
2021-02-25 23:00:00,2458.2373573534346,18.333333333333332,88,0,1,0
2021-02-26 00:00:00,2550.3755321128688,25.0,62,0,1,0
2021-02-26 01:00:00,2550.3755321128688,25.0,62,0,1,0
2021-02-26 02:00:00,2550.3755321128688,25.0,62,0,1,0
2021-02-26 03:00:00,2550.3755321128688,32.22222222222222,30,0,1,0
2021-02-26 04:00:00,2916.6349958813835,32.22222222222222,30,0,1,0
2021-02-26 05:00:00,3616.89620917825,32.22222222222222,30,0,1,0
2021-02-26 06:00:00,5047.660242872136,37.22222222222222,26,0,1,0
2021-02-26 07:00:00,5439.457063747447,37.22222222222222,26,0,1,0
2021-02-26 08:00:00,5339.995778173611,37.22222222222222,26,0,1,0
2021-02-26 09:00:00,5621.914759918367,33.888888888888886,45,0,1,0
2021-02-26 10:00:00,4580.09139531811,33.888888888888886,45,0,1,0
2021-02-26 11:00:00,4500.959190072712,33.888888888888886,45,0,1,0
2021-02-26 12:00:00,4307.076886775066,26.11111111111111,66,0,1,0
2021-02-26 13:00:00,4226.264592246324,26.11111111111111,66,0,1,0
2021-02-26 14:00:00,4501.463216857713,26.11111111111111,66,0,1,0
2021-02-26 15:00:00,4833.280850317721,23.333333333333332,63,0,1,0
2021-02-26 16:00:00,4596.724279223195,23.333333333333332,63,0,1,0
2021-02-26 17:00:00,4262.386511838174,23.333333333333332,63,0,1,0
2021-02-26 18:00:00,991.2526771716684,18.333333333333332,94,0,1,0
2021-02-26 19:00:00,959.6669986448422,18.333333333333332,94,0,1,0
2021-02-26 20:00:00,872.3023559110683,18.333333333333332,94,0,1,0
2021-02-26 21:00:00,793.0021417373348,20.0,85,0,1,0
2021-02-26 22:00:00,693.8768740201679,20.0,85,0,1,0
2021-02-26 23:00:00,2553.0636749662153,20.0,85,0,1,0
2021-02-27 00:00:00,2553.0636749662153,23.88888888888889,80,0,1,0
2021-02-27 01:00:00,2531.054505354438,23.88888888888889,80,0,1,0
2021-02-27 02:00:00,2531.054505354438,23.88888888888889,80,0,1,0
2021-02-27 03:00:00,2509.0453357426604,32.77777777777778,35,0,1,0
2021-02-27 04:00:00,3151.511477692569,32.77777777777778,35,0,1,0
2021-02-27 05:00:00,4102.7780299207025,32.77777777777778,35,0,1,0
2021-02-27 06:00:00,5155.857992719349,37.22222222222222,21,0,1,0
2021-02-27 07:00:00,5516.0691350678335,37.22222222222222,21,0,1,0
2021-02-27 08:00:00,5779.17111683916,37.22222222222222,21,0,1,0
2021-02-27 09:00:00,5551.014992161343,34.44444444444444,38,0,1,0
2021-02-27 10:00:00,5184.083492679491,34.44444444444444,38,0,1,0
2021-02-27 11:00:00,4678.376618393606,34.44444444444444,38,0,1,0
2021-02-27 12:00:00,4520.112207902807,26.11111111111111,59,0,1,0
2021-02-27 13:00:00,4521.120261472812,26.11111111111111,59,0,1,0
2021-02-27 14:00:00,4209.631708341241,26.11111111111111,59,0,1,0
2021-02-27 15:00:00,4635.030314883388,22.77777777777778,69,0,1,0
2021-02-27 16:00:00,4482.478207955952,22.77777777777778,69,0,1,0
2021-02-27 17:00:00,4004.6608157735404,22.77777777777778,69,0,1,0
2021-02-27 18:00:00,1011.0777307151017,19.444444444444443,81,0,1,0
2021-02-27 19:00:00,951.6025700848016,19.444444444444443,81,0,1,0
2021-02-27 20:00:00,892.1274094545015,19.444444444444443,81,0,1,0
2021-02-27 21:00:00,793.0021417373348,19.444444444444443,87,0,1,0
2021-02-27 22:00:00,693.8768740201679,19.444444444444443,87,0,1,0
2021-02-27 23:00:00,2646.9806659050228,19.444444444444443,87,0,1,0
2021-02-28 00:00:00,2646.9806659050228,24.444444444444443,69,1,1,0
2021-02-28 01:00:00,2646.9806659050228,24.444444444444443,69,1,1,0
2021-02-28 02:00:00,2646.9806659050228,24.444444444444443,69,1,1,0
2021-02-28 03:00:00,2653.196996253387,33.333333333333336,38,1,1,0
2021-02-28 04:00:00,2923.691370871419,33.333333333333336,38,1,1,0
2021-02-28 05:00:00,3786.9212446524416,33.333333333333336,38,1,1,0
2021-02-28 06:00:00,5106.127349932431,37.22222222222222,17,1,1,0
2021-02-28 07:00:00,5467.682563707589,37.22222222222222,17,1,1,0
2021-02-28 08:00:00,5353.772510297015,37.22222222222222,17,1,1,0
2021-02-28 09:00:00,4746.252225440616,35.0,45,1,1,0
2021-02-28 10:00:00,4716.3466361971305,35.0,45,1,1,0
2021-02-28 11:00:00,4520.112207902807,35.0,45,1,1,0
2021-02-28 12:00:00,4044.3109228604067,25.555555555555557,61,1,1,0
2021-02-28 13:00:00,3907.2156373397156,25.555555555555557,61,1,1,0
2021-02-28 14:00:00,3891.9268248613052,25.555555555555557,61,1,1,0
2021-02-28 15:00:00,4553.713993569644,24.444444444444443,62,1,1,0
2021-02-28 16:00:00,4553.713993569644,24.444444444444443,62,1,1,0
2021-02-28 17:00:00,4045.6549942870806,24.444444444444443,62,1,1,0
2021-02-28 18:00:00,943.5381415247608,21.666666666666668,82,1,1,0
2021-02-28 19:00:00,943.5381415247608,21.666666666666668,82,1,1,0
2021-02-28 20:00:00,892.1274094545015,21.666666666666668,82,1,1,0
2021-02-28 21:00:00,793.0021417373348,23.333333333333332,65,1,1,0
2021-02-28 22:00:00,693.8768740201679,23.333333333333332,65,1,1,0
2021-02-28 23:00:00,2777.1875853640136,23.333333333333332,65,1,1,0
2021-03-01 00:00:00,2777.1875853640136,25.555555555555557,71,0,2,0
2021-03-01 01:00:00,2777.1875853640136,25.555555555555557,71,0,2,0
2021-03-01 02:00:00,2777.1875853640136,25.555555555555557,71,0,2,0
2021-03-01 03:00:00,2777.1875853640136,32.22222222222222,47,0,2,0
2021-03-01 04:00:00,3274.1579953765204,32.22222222222222,47,0,2,0
2021-03-01 05:00:00,3806.4102803392066,32.22222222222222,47,0,2,0
2021-03-01 06:00:00,5113.855760635804,37.22222222222222,23,0,2,0
2021-03-01 07:00:00,5695.502670528739,37.22222222222222,23,0,2,0
2021-03-01 08:00:00,5467.8505726359235,37.22222222222222,23,0,2,0
2021-03-01 09:00:00,5307.40204607678,34.44444444444444,39,0,2,0
2021-03-01 10:00:00,4956.263385858342,34.44444444444444,39,0,2,0
2021-03-01 11:00:00,4418.466806260628,34.44444444444444,39,0,2,0
2021-03-01 12:00:00,2535.758755347795,26.666666666666668,65,0,2,0
2021-03-01 13:00:00,4057.4156192704727,26.666666666666668,65,0,2,0
2021-03-01 14:00:00,4115.378699545766,26.666666666666668,65,0,2,0
2021-03-01 15:00:00,4385.537056307129,27.22222222222222,55,0,2,0
2021-03-01 16:00:00,535.2764456727009,27.22222222222222,55,0,2,0
2021-03-01 17:00:00,753.352034650468,27.22222222222222,55,0,2,0
2021-03-01 18:00:00,991.2526771716684,23.88888888888889,58,0,2,0
2021-03-01 19:00:00,991.2526771716684,23.88888888888889,58,0,2,0
2021-03-01 20:00:00,872.3023559110683,23.88888888888889,58,0,2,0
2021-03-01 21:00:00,799.722498870702,21.11111111111111,83,0,2,0
2021-03-01 22:00:00,2666.3016926634537,21.11111111111111,83,0,2,0
2021-03-01 23:00:00,2681.4224962135304,21.11111111111111,83,0,2,0
2021-03-02 00:00:00,2653.778965324731,25.0,74,0,2,0
2021-03-02 01:00:00,2653.778965324731,25.0,74,0,2,0
2021-03-02 02:00:00,2653.778965324731,25.0,74,0,2,0
2021-03-02 03:00:00,2653.778965324731,31.11111111111111,49,0,2,0
2021-03-02 04:00:00,3441.931364800873,31.11111111111111,49,0,2,0
2021-03-02 05:00:00,4469.522467915335,31.11111111111111,49,0,2,0
2021-03-02 06:00:00,5439.249217650538,35.55555555555556,26,0,2,0
2021-03-02 07:00:00,5773.133187723975,35.55555555555556,26,0,2,0
2021-03-02 08:00:00,5787.100445436211,35.55555555555556,26,0,2,0
2021-03-02 09:00:00,5362.09674647819,34.44444444444444,34,0,2,1
2021-03-02 10:00:00,4883.05306232402,34.44444444444444,34,0,2,1
2021-03-02 11:00:00,4571.616470716675,34.44444444444444,34,0,2,1
2021-03-02 12:00:00,3422.809523885312,27.22222222222222,69,0,2,1
2021-03-02 13:00:00,4944.409230131341,27.22222222222222,69,0,2,0
2021-03-02 14:00:00,5851.283320161483,27.22222222222222,69,0,2,0
2021-03-02 16:00:00,2677.0577281784563,22.77777777777778,81,0,2,1
2021-03-02 17:00:00,5611.512062768108,22.77777777777778,81,0,2,0
2021-03-02 18:00:00,3610.2035648578044,24.444444444444443,72,0,2,0
2021-03-02 19:00:00,3298.268142617879,24.444444444444443,72,0,2,0
2021-03-02 20:00:00,2937.6135952626573,24.444444444444443,72,0,2,0
2021-03-02 21:00:00,2723.6152538859074,20.0,94,0,2,0
2021-03-02 22:00:00,2677.0577281784563,20.0,94,0,2,0
2021-03-02 23:00:00,2677.0577281784563,20.0,94,0,2,0
2021-03-03 00:00:00,2843.3346057050685,23.88888888888889,60,0,2,0
2021-03-03 01:00:00,2843.3346057050685,23.88888888888889,60,0,2,0
2021-03-03 02:00:00,2843.3346057050685,23.88888888888889,60,0,2,0
2021-03-03 03:00:00,2979.6816452768903,33.333333333333336,21,0,2,0
2021-03-03 04:00:00,3279.312578579846,33.333333333333336,21,0,2,0
2021-03-03 05:00:00,4397.69085682384,33.333333333333336,21,0,2,0
2021-03-03 06:00:00,5223.255553743469,36.666666666666664,15,0,2,0
2021-03-03 07:00:00,5838.313723714407,36.666666666666664,15,0,2,0
2021-03-03 08:00:00,5468.846501850275,36.666666666666664,15,0,2,0
2021-03-03 09:00:00,5468.846501850275,34.44444444444444,29,0,2,0
2021-03-03 10:00:00,4902.507456994634,34.44444444444444,29,0,2,0
2021-03-03 11:00:00,4785.781088970952,34.44444444444444,29,0,2,0
2021-03-03 12:00:00,4340.824164709738,25.555555555555557,62,0,2,0
2021-03-03 13:00:00,3999.62401202513,25.555555555555557,62,0,2,0
2021-03-03 14:00:00,3999.62401202513,25.555555555555557,62,0,2,0
2021-03-03 15:00:00,4340.325334077158,21.666666666666668,70,0,2,0
2021-03-03 16:00:00,4730.244611877063,21.666666666666668,70,0,2,0
2021-03-03 17:00:00,3833.014580743465,21.666666666666668,70,0,2,0
2021-03-03 18:00:00,981.033577407012,21.11111111111111,87,0,2,0
2021-03-03 19:00:00,1020.2749205032926,21.11111111111111,87,0,2,0
2021-03-03 20:00:00,941.7922343107315,21.11111111111111,87,0,2,0
2021-03-03 21:00:00,855.9933655069996,17.22222222222222,87,0,2,0
2021-03-03 22:00:00,855.9933655069996,17.22222222222222,87,0,2,0
2021-03-03 23:00:00,2623.184019859834,17.22222222222222,87,0,2,0
2021-03-04 00:00:00,2689.4869247735705,23.333333333333332,73,0,2,0
2021-03-04 01:00:00,2689.4869247735705,23.333333333333332,73,0,2,0
2021-03-04 02:00:00,2666.3016926634537,23.333333333333332,73,0,2,0
2021-03-04 03:00:00,3130.0063348657936,32.22222222222222,39,0,2,0
2021-03-04 04:00:00,3398.316593415481,32.22222222222222,39,0,2,0
2021-03-04 05:00:00,4139.739994154222,32.22222222222222,39,0,2,0
2021-03-04 06:00:00,4903.172564504741,36.111111111111114,17,0,2,0
2021-03-04 07:00:00,5870.903991709623,36.111111111111114,17,0,2,0
2021-03-04 08:00:00,5448.697554805827,36.111111111111114,17,0,2,0
2021-03-04 09:00:00,5669.965313421943,33.888888888888886,33,0,2,0
2021-03-04 10:00:00,4346.054958148596,33.888888888888886,33,0,2,0
2021-03-04 11:00:00,4282.211565381607,33.888888888888886,33,0,2,0
2021-03-04 12:00:00,3838.667994579369,23.88888888888889,63,0,2,0
2021-03-04 13:00:00,3885.71049451294,23.88888888888889,63,0,2,0
2021-03-04 14:00:00,3945.18565514324,23.88888888888889,63,0,2,0
2021-03-04 15:00:00,4268.098815401536,22.77777777777778,63,0,2,0
2021-03-04 16:00:00,3830.6035660193284,22.77777777777778,63,0,2,0
2021-03-04 17:00:00,3600.7673520581693,22.77777777777778,63,0,2,0
2021-03-04 18:00:00,1030.9027842585351,19.444444444444443,77,0,2,0
2021-03-04 19:00:00,991.2526771716684,19.444444444444443,77,0,2,0
2021-03-04 20:00:00,951.6025700848016,19.444444444444443,77,0,2,0
2021-03-04 21:00:00,864.9099630643641,17.77777777777778,90,0,2,0
2021-03-04 22:00:00,727.3106507586698,17.77777777777778,90,0,2,0
2021-03-04 23:00:00,2728.4649961471005,17.77777777777778,90,0,2,0
2021-03-05 00:00:00,2728.4649961471005,23.88888888888889,61,0,2,0
2021-03-05 01:00:00,2728.4649961471005,23.88888888888889,61,0,2,0
2021-03-05 02:00:00,2704.943746180315,23.88888888888889,61,0,2,0
2021-03-05 03:00:00,3064.482852815463,31.666666666666668,35,0,2,0
2021-03-05 04:00:00,3161.255995535951,31.666666666666668,35,0,2,0
2021-03-05 05:00:00,4215.0079940479345,31.666666666666668,35,0,2,0
2021-03-05 06:00:00,4873.602993117925,35.0,34,0,2,0
2021-03-05 07:00:00,5381.998010257157,35.0,34,0,2,0
2021-03-05 08:00:00,5152.161796295997,35.0,34,0,2,0
2021-03-05 09:00:00,4698.033663008705,35.0,37,0,2,0
2021-03-05 10:00:00,4521.120261472812,35.0,37,0,2,0
2021-03-05 11:00:00,4044.3109228604067,35.0,37,0,2,0
2021-03-05 12:00:00,3883.5263784445956,25.555555555555557,57,0,2,0
2021-03-05 13:00:00,3702.9167804853505,25.555555555555557,57,0,2,0
2021-03-05 14:00:00,3683.427744798586,25.555555555555557,57,0,2,0
2021-03-05 15:00:00,4327.909993888505,22.22222222222222,72,0,2,0
2021-03-05 16:00:00,4405.194100922227,22.22222222222222,72,0,2,0
2021-03-05 17:00:00,3656.210298408448,22.22222222222222,72,0,2,0
2021-03-05 18:00:00,1030.9027842585351,20.555555555555557,74,0,2,0
2021-03-05 19:00:00,1011.0777307151017,20.555555555555557,74,0,2,0
2021-03-05 20:00:00,892.1274094545015,20.555555555555557,74,0,2,0
2021-03-05 21:00:00,825.5958738341658,18.333333333333332,81,0,2,0
2021-03-05 22:00:00,714.8779900619405,18.333333333333332,81,0,2,0
2021-03-05 23:00:00,2917.4750405230548,18.333333333333332,81,0,2,0
2021-03-06 00:00:00,2975.438120798347,24.444444444444443,63,0,2,0
2021-03-06 01:00:00,2975.438120798347,24.444444444444443,63,0,2,0
2021-03-06 02:00:00,2975.438120798347,24.444444444444443,63,0,2,0
2021-03-06 03:00:00,3275.166048946526,33.333333333333336,23,0,2,0
2021-03-06 04:00:00,3531.211655727818,33.333333333333336,23,0,2,0
2021-03-06 05:00:00,4233.824994021363,33.333333333333336,23,0,2,0
2021-03-06 06:00:00,4794.302778944191,37.22222222222222,17,0,2,0
2021-03-06 07:00:00,5216.677224776322,37.22222222222222,17,0,2,0
2021-03-06 08:00:00,5164.594456992726,37.22222222222222,17,0,2,0
2021-03-06 09:00:00,4678.376618393607,35.0,31,0,2,0
2021-03-06 10:00:00,4398.473743788861,35.0,31,0,2,0
2021-03-06 11:00:00,4078.5847442405798,35.0,31,0,2,0
2021-03-06 12:00:00,3838.667994579369,25.0,61,0,2,0
2021-03-06 13:00:00,3585.9825663647607,25.0,61,0,2,0
2021-03-06 14:00:00,3619.9203698882657,25.0,61,0,2,0
2021-03-06 15:00:00,4102.105994207365,22.77777777777778,63,0,2,0
2021-03-06 16:00:00,4403.1779937822175,22.77777777777778,63,0,2,0
2021-03-06 17:00:00,4163.261244121007,22.77777777777778,63,0,2,0
2021-03-06 18:00:00,2183.4440326310173,20.0,78,0,2,0
2021-03-06 19:00:00,991.2526771716684,20.0,78,0,2,0
2021-03-06 20:00:00,943.5381415247608,20.0,78,0,2,0
2021-03-06 21:00:00,838.0285345308952,18.88888888888889,81,0,2,0
2021-03-06 22:00:00,695.5569633035096,18.88888888888889,81,0,2,0
2021-03-06 23:00:00,3014.0801743152088,18.88888888888889,81,0,2,0
2021-03-07 00:00:00,3014.0801743152088,23.88888888888889,73,1,2,0
2021-03-07 01:00:00,3014.0801743152088,23.88888888888889,73,1,2,0
2021-03-07 02:00:00,3014.0801743152088,23.88888888888889,73,1,2,0
2021-03-07 03:00:00,3275.166048946526,32.22222222222222,45,1,2,0
2021-03-07 04:00:00,3550.196664629581,32.22222222222222,45,1,2,0
2021-03-07 05:00:00,4233.824994021363,32.22222222222222,45,1,2,0
2021-03-07 06:00:00,4579.923386389776,37.22222222222222,25,1,2,0
2021-03-07 07:00:00,5235.998251534754,37.22222222222222,25,1,2,0
2021-03-07 08:00:00,5273.464242553276,37.22222222222222,25,1,2,0
2021-03-07 09:00:00,4992.889332235192,35.0,34,1,2,0
2021-03-07 10:00:00,4173.341779821058,35.0,34,1,2,0
2021-03-07 11:00:00,4553.713993569644,35.0,34,1,2,0
2021-03-07 12:00:00,4639.062529163409,28.88888888888889,51,1,2,0
2021-03-07 13:00:00,3819.8509946059407,28.88888888888889,51,1,2,0
2021-03-07 14:00:00,3858.8290659794707,28.88888888888889,51,1,2,0
2021-03-07 15:00:00,4326.565922461831,25.0,61,1,2,0
2021-03-07 16:00:00,4559.762314989674,25.0,61,1,2,0
2021-03-07 17:00:00,4076.7366460289036,25.0,61,1,2,0
2021-03-07 18:00:00,1070.5528913454018,20.555555555555557,76,1,2,0
2021-03-07 19:00:00,1050.7278378019685,20.555555555555557,76,1,2,0
2021-03-07 20:00:00,951.6025700848016,20.555555555555557,76,1,2,0
2021-03-07 21:00:00,839.708623814237,20.0,87,1,2,0
2021-03-07 22:00:00,759.7363739271668,20.0,87,1,2,0
2021-03-07 23:00:00,2975.438120798347,20.0,87,1,2,0
2021-03-08 00:00:00,2975.438120798347,25.0,77,0,2,0
2021-03-08 01:00:00,2975.438120798347,25.0,77,0,2,0
2021-03-08 02:00:00,2975.438120798347,25.0,77,0,2,0
2021-03-08 03:00:00,3179.400959796043,32.22222222222222,43,0,2,0
2021-03-08 04:00:00,3773.144512529039,32.22222222222222,43,0,2,0
2021-03-08 05:00:00,4421.994993755646,32.22222222222222,43,0,2,0
2021-03-08 06:00:00,5005.321992931923,34.44444444444444,37,0,2,0
2021-03-08 07:00:00,5324.538956766867,34.44444444444444,37,0,2,0
2021-03-08 08:00:00,5273.464242553276,34.44444444444444,37,0,2,0
2021-03-08 09:00:00,5218.18930513133,32.77777777777778,43,0,2,0
2021-03-08 10:00:00,4658.719573778507,32.77777777777778,43,0,2,0
2021-03-08 11:00:00,4520.112207902807,32.77777777777778,43,0,2,0
2021-03-08 12:00:00,3999.4525389951805,25.555555555555557,73,0,2,0
2021-03-08 13:00:00,3677.3794233785557,25.555555555555557,73,0,2,0
2021-03-08 14:00:00,3811.450548189232,25.555555555555557,73,0,2,0
2021-03-08 15:00:00,4158.55699412765,25.555555555555557,63,0,2,0
2021-03-08 16:00:00,4365.543993835361,25.555555555555557,63,0,2,0
2021-03-08 17:00:00,3876.301994526226,25.555555555555557,63,0,2,0
2021-03-08 18:00:00,1011.0777307151017,22.22222222222222,74,0,2,0
2021-03-08 19:00:00,982.8522307549592,22.22222222222222,74,0,2,0
2021-03-08 20:00:00,951.6025700848016,22.22222222222222,74,0,2,0
2021-03-08 21:00:00,832.6522488242015,23.88888888888889,72,0,2,0
2021-03-08 22:00:00,714.8779900619405,23.88888888888889,72,0,2,0
2021-03-08 23:00:00,2936.796067281485,23.88888888888889,72,0,2,0
2021-03-09 00:00:00,2936.796067281485,25.0,85,0,2,0
2021-03-09 01:00:00,2936.796067281485,25.0,85,0,2,0
2021-03-09 02:00:00,2936.796067281485,25.0,85,0,2,0
2021-03-09 03:00:00,3160.247941965946,29.444444444444443,54,0,2,0
2021-03-09 04:00:00,3368.242995243662,29.444444444444443,54,0,2,0
2021-03-09 05:00:00,3922.1684319614574,29.444444444444443,54,0,2,0
2021-03-09 06:00:00,4788.254457524161,32.77777777777778,41,0,2,0
2021-03-09 07:00:00,5193.491992666205,32.77777777777778,41,0,2,0
2021-03-09 08:00:00,4922.325582334837,32.77777777777778,41,0,2,0
2021-03-09 09:00:00,4658.719573778507,32.22222222222222,47,0,2,0
2021-03-09 10:00:00,4480.462100815941,32.22222222222222,47,0,2,0
2021-03-09 11:00:00,4265.578681476523,32.22222222222222,47,0,2,0
2021-03-09 12:00:00,4265.578681476523,26.666666666666668,66,0,2,0
2021-03-09 13:00:00,3778.01677145073,26.666666666666668,66,0,2,0
2021-03-09 14:00:00,4005.8368782718794,26.666666666666668,66,0,2,0
2021-03-09 15:00:00,4346.726993861932,24.444444444444443,74,0,2,0
2021-03-09 16:00:00,4723.066993330499,24.444444444444443,74,0,2,0
2021-03-09 17:00:00,4119.7469316824545,24.444444444444443,74,0,2,0
2021-03-09 18:00:00,1011.0777307151017,24.444444444444443,74,0,2,0
2021-03-09 19:00:00,991.2526771716684,24.444444444444443,74,0,2,0
2021-03-09 20:00:00,931.7775165413683,24.444444444444443,74,0,2,0
2021-03-09 21:00:00,832.6522488242015,22.22222222222222,84,0,2,0
2021-03-09 22:00:00,766.6247399888681,22.22222222222222,84,0,2,0
2021-03-09 23:00:00,714.8779900619405,22.22222222222222,84,0,2,0
2021-03-10 00:00:00,3189.481495496094,24.444444444444443,78,0,2,0
2021-03-10 01:00:00,3094.5564509872816,24.444444444444443,78,0,2,0
2021-03-10 02:00:00,3094.5564509872816,24.444444444444443,78,0,2,0
2021-03-10 03:00:00,3292.974995349949,30.0,58,0,2,0
2021-03-10 04:00:00,3481.1449950842316,30.0,58,0,2,0
2021-03-10 05:00:00,3970.386994393367,30.0,58,0,2,0
2021-03-10 06:00:00,4922.325582334837,33.333333333333336,46,0,2,0
2021-03-10 07:00:00,5268.759992559919,33.333333333333336,46,0,2,0
2021-03-10 08:00:00,4965.503876916721,33.333333333333336,46,0,2,0
2021-03-10 09:00:00,4813.791814630956,32.77777777777778,54,0,2,0
2021-03-10 10:00:00,4639.062529163409,32.77777777777778,54,0,2,0
2021-03-10 11:00:00,3951.065967634936,32.77777777777778,54,0,2,0
2021-03-10 12:00:00,3341.6975845668617,25.555555555555557,76,0,2,0
2021-03-10 13:00:00,3663.938709111821,25.555555555555557,76,0,2,0
2021-03-10 14:00:00,3844.884324927734,25.555555555555557,76,0,2,0
2021-03-10 15:00:00,3986.8518693701176,23.88888888888889,72,0,2,0
2021-03-10 16:00:00,4290.275993941648,23.88888888888889,72,0,2,0
2021-03-10 17:00:00,4619.237475619974,23.88888888888889,72,0,2,0
2021-03-10 18:00:00,1050.7278378019685,23.333333333333332,79,0,2,0
2021-03-10 19:00:00,1011.0777307151017,23.333333333333332,79,0,2,0
2021-03-10 20:00:00,951.6025700848016,23.333333333333332,79,0,2,0
2021-03-10 21:00:00,879.6947487577721,23.333333333333332,74,0,2,0
2021-03-10 22:00:00,786.2817846039674,23.333333333333332,74,0,2,0
2021-03-10 23:00:00,689.5086418834792,23.333333333333332,74,0,2,0
2021-03-11 00:00:00,3160.247941965946,26.11111111111111,70,0,2,0
2021-03-11 01:00:00,3132.5264687908066,26.11111111111111,70,0,2,0
2021-03-11 02:00:00,3104.804995615666,26.11111111111111,70,0,2,0
2021-03-11 03:00:00,3349.4259952702337,32.77777777777778,40,0,2,0
2021-03-11 04:00:00,3951.569994419939,32.77777777777778,40,0,2,0
2021-03-11 05:00:00,4854.785993144496,32.77777777777778,40,0,2,0
2021-03-11 06:00:00,5094.702742805707,36.111111111111114,27,0,2,0
2021-03-11 07:00:00,5657.532652725215,36.111111111111114,27,0,2,0
2021-03-11 08:00:00,5125.952403475865,36.111111111111114,27,0,2,0
2021-03-11 09:00:00,4638.3904934500715,33.888888888888886,37,0,2,0
2021-03-11 10:00:00,4229.120744028006,33.888888888888886,37,0,2,0
2021-03-11 11:00:00,3878.318101666236,33.888888888888886,37,0,2,0
2021-03-11 12:00:00,3826.23533388264,26.11111111111111,64,0,2,0
2021-03-11 13:00:00,3605.4716020515257,26.11111111111111,64,0,2,0
2021-03-11 14:00:00,3980.1315122367496,26.11111111111111,64,0,2,0
2021-03-11 15:00:00,4098.745815640682,25.0,62,0,2,0
2021-03-11 16:00:00,4537.417127521229,25.0,62,0,2,0
2021-03-11 17:00:00,4321.861672468474,25.0,62,0,2,0
2021-03-11 18:00:00,1041.8233646002568,20.555555555555557,87,0,2,0
2021-03-11 19:00:00,971.427623628235,20.555555555555557,87,0,2,0
2021-03-11 20:00:00,911.952462997935,20.555555555555557,87,0,2,0
2021-03-11 21:00:00,879.6947487577721,20.555555555555557,85,0,2,0
2021-03-11 22:00:00,812.827195280768,20.555555555555557,85,0,2,0
2021-03-11 23:00:00,708.6616597135758,20.555555555555557,85,0,2,0
2021-03-12 00:00:00,3203.490322427711,26.11111111111111,68,0,2,0
2021-03-12 01:00:00,3203.490322427711,26.11111111111111,68,0,2,0
2021-03-12 02:00:00,3203.490322427711,26.11111111111111,68,0,2,0
2021-03-12 03:00:00,3314.8958303705404,31.666666666666668,49,0,2,0
2021-03-12 04:00:00,3501.1259332003465,31.666666666666668,49,0,2,0
2021-03-12 05:00:00,3724.602056596113,31.666666666666668,49,0,2,0
2021-03-12 06:00:00,4922.793236052881,35.55555555555556,35,0,2,0
2021-03-12 07:00:00,5270.3119100835,35.55555555555556,35,0,2,0
2021-03-12 08:00:00,5102.704817536675,35.55555555555556,35,0,2,0
2021-03-12 09:00:00,4629.148270340883,33.888888888888886,46,0,2,0
2021-03-12 10:00:00,4513.419563582362,33.888888888888886,46,0,2,0
2021-03-12 11:00:00,4355.789083687133,33.888888888888886,46,0,2,0
2021-03-12 12:00:00,4007.6053021464068,25.0,68,0,2,0
2021-03-12 13:00:00,3813.0613554402707,25.0,68,0,2,0
2021-03-12 14:00:00,3677.3794233785557,25.0,68,0,2,0
2021-03-12 15:00:00,4340.325334077158,23.333333333333332,71,0,2,0
2021-03-12 16:00:00,4581.260529613219,23.333333333333332,71,0,2,0
2021-03-12 17:00:00,4320.538385651491,23.333333333333332,71,0,2,0
2021-03-12 18:00:00,1031.0829175425222,22.22222222222222,84,0,2,0
2021-03-12 19:00:00,1000.6542489551522,22.22222222222222,84,0,2,0
2021-03-12 20:00:00,941.7922343107315,22.22222222222222,84,0,2,0
2021-03-12 21:00:00,887.2534184820026,18.88888888888889,84,0,2,0
2021-03-12 22:00:00,777.1781255593855,18.88888888888889,84,0,2,0
2021-03-12 23:00:00,676.4143377782584,18.88888888888889,84,0,2,0
2021-03-13 00:00:00,3112.079609007456,24.444444444444443,67,0,2,0
2021-03-13 01:00:00,3085.01804719,24.444444444444443,67,0,2,0
2021-03-13 02:00:00,3085.01804719,24.444444444444443,67,0,2,0
2021-03-13 03:00:00,3085.01804719,30.555555555555557,40,0,2,0
2021-03-13 04:00:00,3525.7349110742857,30.555555555555557,40,0,2,0
2021-03-13 05:00:00,4333.715828195476,30.555555555555557,40,0,2,0
2021-03-13 06:00:00,5078.392020350832,33.888888888888886,33,0,2,0
2021-03-13 07:00:00,5069.532580470117,33.888888888888886,33,0,2,0
2021-03-13 08:00:00,5007.677582030216,33.888888888888886,33,0,2,0
2021-03-13 09:00:00,4753.814359266462,32.77777777777778,40,0,2,0
2021-03-13 10:00:00,4219.67067482191,32.77777777777778,40,0,2,1
2021-03-13 11:00:00,4086.617995886085,32.77777777777778,40,0,2,1
2021-03-13 12:00:00,3788.1354122685475,23.333333333333332,62,0,2,1
2021-03-13 13:00:00,4477.7219964383685,23.333333333333332,62,0,2,0
2021-03-13 14:00:00,4550.530484185333,23.333333333333332,62,0,2,0
2021-03-13 15:00:00,4798.916962295555,22.22222222222222,72,0,2,0
2021-03-13 16:00:00,4871.081127142104,22.22222222222222,72,0,2,0
2021-03-13 17:00:00,4255.430595794978,22.22222222222222,72,0,2,0
2021-03-13 18:00:00,3801.505112452172,21.11111111111111,81,0,2,0
2021-03-13 19:00:00,3546.1921631624814,21.11111111111111,81,0,2,0
2021-03-13 20:00:00,3450.349131725657,21.11111111111111,81,0,2,0
2021-03-13 21:00:00,3383.339550082433,21.11111111111111,81,0,2,0
2021-03-13 22:00:00,3326.3169733956506,21.11111111111111,67,0,2,0
2021-03-13 23:00:00,3204.7010259422013,30.555555555555557,67,0,2,0
2021-03-14 00:00:00,3342.5376292085325,23.88888888888889,67,1,2,0
2021-03-14 01:00:00,3256.0130311164294,23.88888888888889,67,1,2,0
2021-03-14 02:00:00,3256.0130311164294,23.88888888888889,67,1,2,0
2021-03-14 03:00:00,3256.0130311164294,30.555555555555557,41,1,2,0
2021-03-14 04:00:00,3830.6035660193284,30.555555555555557,41,1,2,0
2021-03-14 05:00:00,4632.342172030041,30.555555555555557,41,1,2,0
2021-03-14 06:00:00,4892.419993091353,36.111111111111114,26,1,2,0
2021-03-14 07:00:00,5113.855760635804,36.111111111111114,26,1,2,0
2021-03-14 08:00:00,4639.062529163408,36.111111111111114,26,1,2,0
2021-03-14 09:00:00,4639.062529163408,34.44444444444444,26,1,2,0
2021-03-14 10:00:00,4024.4858693169735,34.44444444444444,26,1,2,0
2021-03-14 11:00:00,3865.885440969507,34.44444444444444,26,1,2,0
2021-03-14 12:00:00,3800.361958919176,25.0,59,1,2,0
2021-03-14 13:00:00,3715.1814322537457,25.0,59,1,2,0
2021-03-14 14:00:00,3479.2968968725554,25.0,59,1,2,0
2021-03-14 15:00:00,4117.898833470778,21.666666666666668,68,1,2,0
2021-03-14 16:00:00,4461.477091914179,21.666666666666668,68,1,2,0
2021-03-14 17:00:00,3656.210298408448,21.666666666666668,68,1,2,0
2021-03-14 18:00:00,1030.9027842585351,20.0,79,1,2,0
2021-03-14 19:00:00,1011.0777307151017,20.0,79,1,2,0
2021-03-14 20:00:00,951.6025700848016,20.0,79,1,2,0
2021-03-14 21:00:00,892.1274094545015,19.444444444444443,87,1,2,0
2021-03-14 22:00:00,812.827195280768,19.444444444444443,87,1,2,0
2021-03-14 23:00:00,713.7019275636012,19.444444444444443,87,1,2,0
2021-03-15 00:00:00,2892.105692344593,24.444444444444443,64,0,2,0
2021-03-15 01:00:00,2968.71776366498,24.444444444444443,64,0,2,0
2021-03-15 02:00:00,2942.676379773182,24.444444444444443,64,0,2,0
2021-03-15 03:00:00,3274.1579953765204,32.22222222222222,45,0,2,0
2021-03-15 04:00:00,3876.301994526226,32.22222222222222,45,0,2,0
2021-03-15 05:00:00,4497.262993649359,32.22222222222222,45,0,2,0
2021-03-15 06:00:00,5018.090671485321,35.55555555555556,37,0,2,0
2021-03-15 07:00:00,4967.687992985066,35.55555555555556,37,0,2,0
2021-03-15 08:00:00,4984.824903675152,35.55555555555556,37,0,2,0
2021-03-15 09:00:00,4324.5498153218205,32.77777777777778,42,0,2,0
2021-03-15 10:00:00,4238.5292440147205,32.77777777777778,42,0,2,0
2021-03-15 11:00:00,4123.6111370341405,32.77777777777778,42,0,2,0
2021-03-15 12:00:00,3833.1236999443413,25.555555555555557,71,0,2,0
2021-03-15 13:00:00,3400.500709483825,25.555555555555557,71,0,2,0
2021-03-15 14:00:00,3932.7529944465105,25.555555555555557,71,0,2,0
2021-03-15 15:00:00,3951.569994419939,22.22222222222222,80,0,2,0
2021-03-15 16:00:00,3989.2039943667955,22.22222222222222,80,0,2,0
2021-03-15 17:00:00,3608.159744904873,22.22222222222222,80,0,2,0
2021-03-15 18:00:00,1050.7278378019685,20.0,81,0,2,0
2021-03-15 19:00:00,1002.5092753700585,20.0,81,0,2,0
2021-03-15 20:00:00,923.8810969096617,20.0,81,0,2,0
2021-03-15 21:00:00,892.1274094545015,21.666666666666668,78,0,2,0
2021-03-15 22:00:00,793.0021417373348,21.666666666666668,78,0,2,0
2021-03-15 23:00:00,713.7019275636012,21.666666666666668,78,0,2,0
2021-03-16 00:00:00,3182.539435859357,25.0,71,0,2,0
2021-03-16 01:00:00,3182.539435859357,25.0,71,0,2,0
2021-03-16 02:00:00,3182.539435859357,25.0,71,0,2,0
2021-03-16 03:00:00,3278.9800248247925,31.11111111111111,54,0,2,0
2021-03-16 04:00:00,4050.5047365482733,31.11111111111111,54,0,2,0
2021-03-16 05:00:00,4435.601984899907,31.11111111111111,54,0,2,0
2021-03-16 06:00:00,5231.735674497326,36.666666666666664,34,0,2,0
2021-03-16 07:00:00,5073.107533336938,36.666666666666664,34,0,2,0
2021-03-16 08:00:00,5014.910626202624,36.666666666666664,34,0,2,0
2021-03-16 09:00:00,4669.054720947271,32.22222222222222,48,0,2,0
2021-03-16 10:00:00,4532.873958252974,32.22222222222222,48,0,2,0
2021-03-16 11:00:00,4473.513112975975,32.22222222222222,48,0,2,0
2021-03-16 12:00:00,4061.479010465029,26.11111111111111,66,0,2,0
2021-03-16 13:00:00,3780.4710874450548,26.11111111111111,66,0,2,0
2021-03-16 14:00:00,3525.7349110742853,26.11111111111111,66,0,2,0
2021-03-16 15:00:00,4002.1181651880293,23.333333333333332,78,0,2,0
2021-03-16 16:00:00,4339.161395934471,23.333333333333332,78,0,2,0
2021-03-16 17:00:00,4002.6169958206087,23.333333333333332,78,0,2,0
2021-03-16 18:00:00,939.464358025359,21.11111111111111,92,0,2,0
2021-03-16 19:00:00,983.6940074474378,21.11111111111111,92,0,2,0
2021-03-16 20:00:00,922.1715627625913,21.11111111111111,92,0,2,0
2021-03-16 21:00:00,843.6888765700303,21.666666666666668,87,0,2,0
2021-03-16 22:00:00,745.7517957068558,21.666666666666668,87,0,2,0
2021-03-16 23:00:00,657.6250506177513,21.666666666666668,87,0,2,0
2021-03-17 00:00:00,2914.0230632635694,26.11111111111111,79,0,2,0
2021-03-17 01:00:00,2988.2656890792023,26.11111111111111,79,0,2,0
2021-03-17 02:00:00,3229.554222980007,26.11111111111111,79,0,2,0
2021-03-17 03:00:00,3257.8836459886033,33.333333333333336,47,0,2,0
2021-03-17 04:00:00,3531.734735071703,33.333333333333336,47,0,2,0
2021-03-17 05:00:00,4139.352014773326,33.333333333333336,47,0,2,0
2021-03-17 06:00:00,4631.697849129624,35.55555555555556,44,0,2,0
2021-03-17 07:00:00,4788.6493651082865,35.55555555555556,44,0,2,0
2021-03-17 08:00:00,4552.73365281256,35.55555555555556,44,0,2,0
2021-03-17 09:00:00,4646.025373409834,35.0,47,0,2,0
2021-03-17 10:00:00,4494.935117363986,35.0,47,0,2,0
2021-03-17 11:00:00,4514.635463249274,35.0,47,0,2,0
2021-03-17 12:00:00,4207.407755104322,27.22222222222222,76,0,2,0
2021-03-17 13:00:00,3276.4443024425113,27.22222222222222,76,0,2,0
2021-03-17 14:00:00,3352.6406815690816,27.22222222222222,76,0,2,0
2021-03-17 15:00:00,3688.5234382744534,26.11111111111111,76,0,2,0
2021-03-17 16:00:00,4287.186015300945,26.11111111111111,76,0,2,0
2021-03-17 17:00:00,3719.9463040253677,26.11111111111111,76,0,2,0
2021-03-17 18:00:00,944.3141002865517,22.22222222222222,77,0,2,0
2021-03-17 19:00:00,960.5953778776992,22.22222222222222,77,0,2,0
2021-03-17 20:00:00,902.9596552050373,22.22222222222222,77,0,2,0
2021-03-17 21:00:00,845.3239325323754,23.88888888888889,75,0,2,0
2021-03-17 22:00:00,730.215299962963,23.88888888888889,75,0,2,0
2021-03-17 23:00:00,662.3223724078781,23.88888888888889,75,0,2,0
2021-03-18 00:00:00,3064.482852815463,25.555555555555557,72,0,2,0
2021-03-18 01:00:00,3102.7888884756567,25.555555555555557,72,0,2,0
2021-03-18 02:00:00,3102.7888884756567,25.555555555555557,72,0,2,0
2021-03-18 03:00:00,3351.7781202669125,31.11111111111111,49,0,2,0
2021-03-18 04:00:00,3379.3315845137186,31.11111111111111,49,0,2,0
2021-03-18 05:00:00,3917.2961730397656,31.11111111111111,49,0,2,0
2021-03-18 06:00:00,4833.280850317721,35.55555555555556,40,0,2,0
2021-03-18 07:00:00,4946.182850158291,35.55555555555556,40,0,2,0
2021-03-18 08:00:00,4772.293609332413,35.55555555555556,40,0,2,0
2021-03-18 09:00:00,4599.748439933209,32.77777777777778,44,0,2,0
2021-03-18 10:00:00,4262.386511838174,32.77777777777778,44,0,2,0
2021-03-18 11:00:00,4151.164601280946,32.77777777777778,44,0,2,0
2021-03-18 12:00:00,4044.3109228604067,29.444444444444443,52,0,2,0
2021-03-18 13:00:00,3709.637137618718,29.444444444444443,52,0,2,0
2021-03-18 14:00:00,3477.7848165175483,29.444444444444443,52,0,2,0
2021-03-18 15:00:00,3888.062619509619,28.333333333333332,63,0,2,0
2021-03-18 16:00:00,4309.429011771745,28.333333333333332,63,0,2,0
2021-03-18 17:00:00,3849.756583849425,28.333333333333332,63,0,2,0
2021-03-18 18:00:00,1030.9027842585351,25.555555555555557,66,0,2,0
2021-03-18 19:00:00,1011.0777307151017,25.555555555555557,66,0,2,0
2021-03-18 20:00:00,951.6025700848016,25.555555555555557,66,0,2,0
2021-03-18 21:00:00,852.4773023676348,24.444444444444443,72,0,2,0
2021-03-18 22:00:00,740.5833560970702,24.444444444444443,72,0,2,0
2021-03-18 23:00:00,689.5086418834792,24.444444444444443,72,0,2,0
2021-03-19 00:00:00,3045.3298349853662,26.666666666666668,69,0,2,0
2021-03-19 01:00:00,3083.63587064556,26.666666666666668,69,0,2,0
2021-03-19 02:00:00,3083.63587064556,26.666666666666668,69,0,2,0
2021-03-19 03:00:00,3284.406540004906,31.666666666666668,51,0,2,0
2021-03-19 04:00:00,3895.1189944996536,31.666666666666668,51,0,2,0
2021-03-19 05:00:00,4460.6370472725075,31.666666666666668,51,0,2,0
2021-03-19 06:00:00,5061.772992852207,35.55555555555556,27,0,2,0
2021-03-19 07:00:00,5293.9613318100455,35.55555555555556,27,0,2,0
2021-03-19 08:00:00,4989.193135811841,35.55555555555556,27,0,2,0
2021-03-19 09:00:00,4717.690707623804,33.333333333333336,38,0,2,0
2021-03-19 10:00:00,4418.466806260628,33.333333333333336,38,0,2,0
2021-03-19 11:00:00,4018.6055568252773,33.333333333333336,38,0,2,0
2021-03-19 12:00:00,3702.9167804853505,25.555555555555557,64,0,2,0
2021-03-19 13:00:00,3616.89620917825,25.555555555555557,64,0,2,0
2021-03-19 14:00:00,3429.734263013973,25.555555555555557,64,0,2,0
2021-03-19 15:00:00,3945.521672999909,24.444444444444443,66,0,2,0
2021-03-19 16:00:00,4404.522065208891,24.444444444444443,66,0,2,0
2021-03-19 17:00:00,3600.7673520581693,24.444444444444443,66,0,2,0
2021-03-19 18:00:00,1050.7278378019685,27.22222222222222,64,0,2,0
2021-03-19 19:00:00,991.2526771716684,27.22222222222222,64,0,2,0
2021-03-19 20:00:00,919.6808737013072,27.22222222222222,64,0,2,0
2021-03-19 21:00:00,832.6522488242015,23.333333333333332,67,0,2,0
2021-03-19 22:00:00,740.5833560970702,23.333333333333332,67,0,2,0
2021-03-19 23:00:00,701.6052847235402,23.333333333333332,67,0,2,0
2021-03-20 00:00:00,3091.3642813489314,25.0,63,0,2,0
2021-03-20 01:00:00,3091.3642813489314,25.0,63,0,2,0
2021-03-20 02:00:00,3083.63587064556,25.0,63,0,2,0
2021-03-20 03:00:00,3351.7781202669125,31.11111111111111,41,0,2,0
2021-03-20 04:00:00,3951.569994419939,31.11111111111111,41,0,2,0
2021-03-20 05:00:00,4361.5117795553415,31.11111111111111,41,0,2,0
2021-03-20 06:00:00,4462.149127627516,35.0,32,0,2,0
2021-03-20 07:00:00,5133.0087784659,35.0,32,0,2,0
2021-03-20 08:00:00,4758.012850424008,35.0,32,0,2,0
2021-03-20 09:00:00,4718.362743337142,35.0,40,0,2,1
2021-03-20 10:00:00,4043.8068960754044,35.0,40,0,2,0
2021-03-20 11:00:00,4024.8218871736417,35.0,40,0,2,0
2021-03-20 12:00:00,3709.637137618718,27.22222222222222,71,0,2,0
2021-03-20 13:00:00,2260.056103951404,27.22222222222222,71,0,2,0
2021-03-20 14:00:00,3669.3149948185146,27.22222222222222,71,0,2,0
2021-03-20 15:00:00,4572.530993543072,23.88888888888889,76,0,2,0
2021-03-20 16:00:00,4309.0929939150765,23.88888888888889,76,0,2,0
2021-03-20 17:00:00,3895.1189944996536,23.88888888888889,76,0,2,0
2021-03-20 18:00:00,954.9627486514852,25.555555555555557,64,0,2,0
2021-03-20 19:00:00,927.4092844046795,25.555555555555557,64,0,2,0
2021-03-20 20:00:00,951.6025700848016,25.555555555555557,64,0,2,0
2021-03-20 21:00:00,832.6522488242015,21.666666666666668,75,0,2,0
2021-03-20 22:00:00,740.5833560970702,21.666666666666668,75,0,2,0
2021-03-20 23:00:00,701.6052847235402,21.666666666666668,75,0,2,0
2021-03-21 00:00:00,3057.571970093263,25.0,61,1,2,0
2021-03-21 01:00:00,3057.571970093263,25.0,61,1,2,0
2021-03-21 02:00:00,3057.571970093263,25.0,61,1,2,0
2021-03-21 03:00:00,3245.1530725529724,31.11111111111111,43,1,2,0
2021-03-21 04:00:00,3435.6959818936243,31.11111111111111,43,1,2,0
2021-03-21 05:00:00,3833.236283246833,31.11111111111111,43,1,2,0
2021-03-21 06:00:00,4478.252003985483,35.55555555555556,30,1,2,0
2021-03-21 07:00:00,4858.350553706473,35.55555555555556,30,1,2,0
2021-03-21 08:00:00,4611.20422397447,35.55555555555556,30,1,2,0
2021-03-21 09:00:00,4332.794377165848,33.888888888888886,45,1,2,0
2021-03-21 10:00:00,3927.355924130126,33.888888888888886,45,1,2,0
2021-03-21 11:00:00,3786.176462805187,33.888888888888886,45,1,2,0
2021-03-21 12:00:00,3669.678725488104,27.22222222222222,65,1,2,0
2021-03-21 13:00:00,3292.5419826480565,27.22222222222222,65,1,2,0
2021-03-21 14:00:00,3427.79783021111,27.22222222222222,65,1,2,0
2021-03-21 15:00:00,3704.233139099103,24.444444444444443,76,1,2,0
2021-03-21 16:00:00,3841.2989797560663,24.444444444444443,76,1,2,0
2021-03-21 17:00:00,3580.8245190598204,24.444444444444443,76,1,2,0
2021-03-21 18:00:00,962.5872363064033,23.88888888888889,64,1,2,0
2021-03-21 19:00:00,970.8144776423557,23.88888888888889,64,1,2,0
2021-03-21 20:00:00,904.8320021280191,23.88888888888889,64,1,2,0
2021-03-21 21:00:00,820.749595674588,22.22222222222222,89,1,2,0
2021-03-21 22:00:00,700.1382376895293,22.22222222222222,89,1,2,0
2021-03-21 23:00:00,656.5338586089829,22.22222222222222,89,1,2,0
2021-03-22 00:00:00,3265.4215311031435,26.11111111111111,72,0,2,0
2021-03-22 01:00:00,3341.3615667101935,26.11111111111111,72,0,2,0
2021-03-22 02:00:00,3341.3615667101935,26.11111111111111,72,0,2,0
2021-03-22 03:00:00,3424.693995163947,32.77777777777778,40,0,2,0
2021-03-22 04:00:00,3715.685459038749,32.77777777777778,40,0,2,0
2021-03-22 05:00:00,4076.7366460289036,32.77777777777778,40,0,2,0
2021-03-22 06:00:00,4577.571261393098,32.77777777777778,40,0,2,0
2021-03-22 07:00:00,4955.087323360003,32.77777777777778,40,0,2,0
2021-03-22 08:00:00,4730.795404033871,32.77777777777778,40,0,2,0
2021-03-22 09:00:00,4678.712636250275,35.55555555555556,43,0,2,0
2021-03-22 10:00:00,3970.723012250035,35.55555555555556,43,0,2,0
2021-03-22 11:00:00,3639.0733877183625,35.55555555555556,43,0,2,0
2021-03-22 12:00:00,3458.4637897591174,30.0,48,0,2,0
2021-03-22 13:00:00,3341.6975845668617,30.0,48,0,2,0
2021-03-22 14:00:00,3538.2680307178534,30.0,48,0,2,0
2021-03-22 15:00:00,3819.8509946059407,30.0,31,0,2,0
2021-03-22 16:00:00,4117.898833470778,30.0,31,0,2,0
2021-03-22 17:00:00,3489.209423644273,30.0,31,0,2,0
2021-03-22 18:00:00,1059.6323110036801,22.77777777777778,87,0,2,0
2021-03-22 19:00:00,1050.7278378019685,22.77777777777778,87,0,2,0
2021-03-22 20:00:00,951.6025700848016,22.77777777777778,87,0,2,0
2021-03-22 21:00:00,852.4773023676348,26.11111111111111,60,0,2,0
2021-03-22 22:00:00,786.2817846039674,26.11111111111111,60,0,2,0
2021-03-22 23:00:00,740.5833560970702,26.11111111111111,60,0,2,0
2021-03-23 00:00:00,3250.8792325227955,27.77777777777778,50,0,2,0
2021-03-23 01:00:00,3250.8792325227955,27.77777777777778,50,0,2,0
2021-03-23 02:00:00,3289.5801757671143,27.77777777777778,50,0,2,0
2021-03-23 03:00:00,3452.531515743194,32.22222222222222,39,0,2,0
2021-03-23 04:00:00,3759.4232060314785,32.22222222222222,39,0,2,0
2021-03-23 05:00:00,4196.845709279768,32.22222222222222,39,0,2,0
2021-03-23 06:00:00,4507.471701109171,33.888888888888886,36,0,2,0
2021-03-23 07:00:00,5293.881657472898,33.888888888888886,36,0,2,0
2021-03-23 08:00:00,4756.821199468401,33.888888888888886,36,0,2,0
2021-03-23 09:00:00,4860.53293772401,32.22222222222222,38,0,2,0
2021-03-23 10:00:00,4469.110239823135,32.22222222222222,38,0,2,0
2021-03-23 11:00:00,4060.204221070659,32.22222222222222,38,0,2,0
2021-03-23 12:00:00,4099.244646273261,28.333333333333332,44,0,2,0
2021-03-23 13:00:00,3986.1971541648563,28.333333333333332,44,0,2,0
2021-03-23 14:00:00,3932.049781818638,28.333333333333332,44,0,2,0
2021-03-23 15:00:00,4427.693440912548,26.11111111111111,55,0,2,0
2021-03-23 16:00:00,4276.9634514346735,26.11111111111111,55,0,2,0
2021-03-23 17:00:00,3536.044077480935,26.11111111111111,55,0,2,0
2021-03-23 18:00:00,3004.4153308089744,27.22222222222222,50,0,2,0
2021-03-23 19:00:00,1582.3254075593932,27.22222222222222,50,0,2,0
2021-03-23 20:00:00,1562.2959720206666,27.22222222222222,50,0,2,0
2021-03-23 21:00:00,961.4129058588717,21.11111111111111,74,0,2,0
2021-03-23 22:00:00,834.1071715025593,21.11111111111111,74,0,2,0
2021-03-23 23:00:00,708.8383288959478,21.11111111111111,74,0,2,0
2021-03-24 00:00:00,3184.534758389677,25.555555555555557,68,0,2,0
2021-03-24 01:00:00,3184.534758389677,25.555555555555557,68,0,2,0
2021-03-24 02:00:00,3184.534758389677,25.555555555555557,68,0,2,0
2021-03-24 03:00:00,3419.650263212307,32.77777777777778,35,0,2,0
2021-03-24 04:00:00,3650.110015464191,32.77777777777778,35,0,2,0
2021-03-24 05:00:00,3873.5861388599574,32.77777777777778,35,0,2,0
2021-03-24 06:00:00,4723.094706143419,36.666666666666664,29,0,2,0
2021-03-24 07:00:00,4971.678638045704,36.666666666666664,29,0,2,0
2021-03-24 08:00:00,4435.601984899907,36.666666666666664,29,0,2,0
2021-03-24 09:00:00,4198.823711302011,36.111111111111114,44,0,2,0
2021-03-24 10:00:00,3793.6069607696572,36.111111111111114,44,0,2,0
2021-03-24 11:00:00,3610.2035648578044,36.111111111111114,44,0,2,0
2021-03-24 12:00:00,3462.715974491699,27.22222222222222,61,0,2,0
2021-03-24 13:00:00,3375.4206137902274,27.22222222222222,61,0,2,0
2021-03-24 14:00:00,3365.444001138631,27.22222222222222,61,0,2,0
2021-03-24 15:00:00,4246.046344519569,24.444444444444443,77,0,2,0
2021-03-24 16:00:00,4432.276447349374,24.444444444444443,77,0,2,0
2021-03-24 17:00:00,3715.2905514546233,24.444444444444443,77,0,2,0
2021-03-24 18:00:00,994.3357276091409,25.555555555555557,65,0,2,0
2021-03-24 19:00:00,1000.6542489551522,25.555555555555557,65,0,2,0
2021-03-24 20:00:00,981.033577407012,25.555555555555557,65,0,2,0
2021-03-24 21:00:00,941.7922343107315,22.77777777777778,86,0,2,0
2021-03-24 22:00:00,817.0845761657723,22.77777777777778,86,0,2,0
2021-03-24 23:00:00,739.2669974833177,22.77777777777778,86,0,2,0
2021-03-25 00:00:00,3272.7966034417714,27.22222222222222,71,0,2,0
2021-03-25 01:00:00,3272.7966034417714,27.22222222222222,71,0,2,0
2021-03-25 02:00:00,3272.7966034417714,27.22222222222222,71,0,2,0
2021-03-25 03:00:00,3503.817540155308,35.55555555555556,29,0,2,0
2021-03-25 04:00:00,3657.831497964333,35.55555555555556,29,0,2,0
2021-03-25 05:00:00,3855.614379680623,35.55555555555556,29,0,2,0
2021-03-25 06:00:00,4659.909492683308,37.22222222222222,27,0,2,0
2021-03-25 07:00:00,4733.625575053438,37.22222222222222,27,0,2,0
2021-03-25 08:00:00,4676.363975355211,37.22222222222222,27,0,2,0
2021-03-25 09:00:00,4659.909492683308,35.55555555555556,37,0,2,0
2021-03-25 10:00:00,4427.901287009455,35.55555555555556,37,0,2,0
2021-03-25 11:00:00,4310.416280732059,35.55555555555556,37,0,2,0
2021-03-25 12:00:00,3960.923068780811,27.77777777777778,59,0,2,0
2021-03-25 13:00:00,3747.343883699493,27.77777777777778,59,0,2,0
2021-03-25 14:00:00,3376.459844274769,27.77777777777778,59,0,2,0
2021-03-25 15:00:00,4276.520046427936,25.555555555555557,72,0,2,0
2021-03-25 16:00:00,4367.677880430286,25.555555555555557,72,0,2,0
2021-03-25 17:00:00,4096.837095650741,25.555555555555557,72,0,2,0
2021-03-25 18:00:00,1067.8959254065912,23.88888888888889,76,0,2,0
2021-03-25 19:00:00,1009.6470567480499,23.88888888888889,76,0,2,0
2021-03-25 20:00:00,990.2307671952027,23.88888888888889,76,0,2,0
2021-03-25 21:00:00,904.8320021280191,22.77777777777778,86,0,2,0
2021-03-25 22:00:00,794.7515130529792,22.77777777777778,86,0,2,0
2021-03-25 23:00:00,725.149051350824,22.77777777777778,86,0,2,0
2021-03-26 00:00:00,3226.6114686579476,27.22222222222222,71,0,2,0
2021-03-26 01:00:00,3226.6114686579476,27.22222222222222,71,0,2,0
2021-03-26 02:00:00,3226.6114686579476,27.22222222222222,71,0,2,0
2021-03-26 03:00:00,3390.0841559271057,35.55555555555556,29,0,2,0
2021-03-26 04:00:00,3677.3794233785557,35.55555555555556,29,0,2,0
2021-03-26 05:00:00,3926.368655169812,35.55555555555556,29,0,2,0
2021-03-26 06:00:00,4290.612011798317,37.22222222222222,27,0,2,0
2021-03-26 07:00:00,4440.811993729074,37.22222222222222,27,0,2,0
2021-03-26 08:00:00,4714.330529057122,37.22222222222222,27,0,2,0
2021-03-26 09:00:00,4321.861672468474,35.55555555555556,37,0,2,0
2021-03-26 10:00:00,3958.626369409975,35.55555555555556,37,0,2,0
2021-03-26 11:00:00,3593.710977068133,35.55555555555556,37,0,2,0
2021-03-26 12:00:00,3419.821736242256,27.77777777777778,59,0,2,0
2021-03-26 13:00:00,3217.706995456236,27.77777777777778,59,0,2,0
2021-03-26 14:00:00,3313.4720846067194,27.77777777777778,59,0,2,0
2021-03-26 15:00:00,4024.8218871736417,25.555555555555557,72,0,2,0
2021-03-26 16:00:00,4327.909993888505,25.555555555555557,72,0,2,0
2021-03-26 17:00:00,3925.360601599807,25.555555555555557,72,0,2,0
2021-03-26 18:00:00,1030.9027842585351,23.88888888888889,76,0,2,0
2021-03-26 19:00:00,1070.5528913454018,23.88888888888889,76,0,2,0
2021-03-26 20:00:00,1022.1663199851577,23.88888888888889,76,0,2,0
2021-03-26 21:00:00,935.4737129647202,21.11111111111111,76,0,2,0
2021-03-26 22:00:00,881.0388201844456,21.11111111111111,76,0,2,0
2021-03-26 23:00:00,752.6799989371311,21.11111111111111,76,0,2,0
2021-03-27 00:00:00,3231.528760900636,27.22222222222222,69,0,2,0
2021-03-27 01:00:00,3231.528760900636,27.22222222222222,69,0,2,0
2021-03-27 02:00:00,3259.875504417308,27.22222222222222,69,0,2,0
2021-03-27 03:00:00,3504.811737318853,35.0,29,0,2,0
2021-03-27 04:00:00,3669.799969044634,35.0,29,0,2,0
2021-03-27 05:00:00,3825.961669855044,35.0,29,0,2,0
2021-03-27 09:00:00,4201.4287157165945,36.666666666666664,33,0,2,0
2021-03-27 10:00:00,3878.2418914307027,36.666666666666664,33,0,2,0
2021-03-27 11:00:00,3734.641023076783,36.666666666666664,33,0,2,0
2021-03-27 12:00:00,3425.0334771222306,27.77777777777778,60,0,2,0
2021-03-27 13:00:00,3674.0434935231774,27.77777777777778,60,0,2,0
2021-03-27 14:00:00,3115.425931167679,27.77777777777778,60,0,2,1
2021-03-27 15:00:00,4087.362777733339,24.444444444444443,72,0,2,0
2021-03-27 16:00:00,4486.593560674735,24.444444444444443,72,0,2,0
2021-03-27 17:00:00,3740.2424753884607,24.444444444444443,72,0,2,0
2021-03-27 18:00:00,2681.0587655439404,22.22222222222222,69,0,2,0
2021-03-27 19:00:00,1052.5638116579914,22.22222222222222,69,0,2,0
2021-03-27 20:00:00,1012.844422538822,22.22222222222222,69,0,2,0
2021-03-27 21:00:00,945.1177718612637,21.666666666666668,83,0,2,0
2021-03-27 22:00:00,890.1216946193368,21.666666666666668,83,0,2,0
2021-03-27 23:00:00,760.4395865550398,21.666666666666668,83,0,2,0
2021-03-28 00:00:00,3184.534758389677,28.88888888888889,65,1,2,0
2021-03-28 01:00:00,3184.534758389677,28.88888888888889,65,1,2,0
2021-03-28 02:00:00,3184.534758389677,28.88888888888889,65,1,2,0
2021-03-28 03:00:00,3430.957090884116,35.55555555555556,44,1,2,0
2021-03-28 04:00:00,3607.543134817379,35.55555555555556,44,1,2,0
2021-03-28 05:00:00,3743.2250668790934,35.55555555555556,44,1,2,0
2021-03-28 09:00:00,4414.651098331554,36.111111111111114,29,1,2,0
2021-03-28 10:00:00,4146.945325513709,36.111111111111114,29,1,2,0
2021-03-28 11:00:00,3992.640383169012,36.111111111111114,29,1,2,0
2021-03-28 12:00:00,3780.4710874450548,27.22222222222222,57,1,2,0
2021-03-28 13:00:00,3346.1558833455438,27.22222222222222,57,1,2,0
2021-03-28 14:00:00,2918.159200592044,27.22222222222222,57,1,2,0
2021-03-28 15:00:00,4002.1181651880293,24.444444444444443,66,1,2,0
2021-03-28 16:00:00,4320.538385651491,24.444444444444443,66,1,2,0
2021-03-28 17:00:00,3851.9701447814978,24.444444444444443,66,1,2,0
2021-03-28 18:00:00,1079.1369351477133,23.333333333333332,72,1,2,0
2021-03-28 19:00:00,1031.0829175425222,23.333333333333332,72,1,2,0
2021-03-28 20:00:00,972.7197335306813,23.333333333333332,72,1,2,0
2021-03-28 21:00:00,925.8296540681766,22.22222222222222,78,1,2,0
2021-03-28 22:00:00,864.3072093833304,22.22222222222222,78,1,2,0
2021-03-28 23:00:00,789.1500607413016,22.22222222222222,78,1,2,0
2021-03-29 00:00:00,3323.2166024501016,28.333333333333332,66,0,2,0
2021-03-29 01:00:00,3323.2166024501016,28.333333333333332,66,0,2,0
2021-03-29 02:00:00,3323.2166024501016,28.333333333333332,66,0,2,0
2021-03-29 03:00:00,3485.8492450775893,35.0,48,0,2,0
2021-03-29 04:00:00,3677.3794233785557,35.0,48,0,2,0
2021-03-29 05:00:00,3872.9418159595425,35.0,48,0,2,0
2021-03-29 09:00:00,4324.5498153218205,37.22222222222222,36,0,2,0
2021-03-29 10:00:00,3936.785208726531,37.22222222222222,36,0,2,0
2021-03-29 11:00:00,3538.2680307178534,37.22222222222222,36,0,2,0
2021-03-29 12:00:00,3284.5745489332403,29.444444444444443,65,0,2,0
2021-03-29 13:00:00,3198.5539776261394,29.444444444444443,65,0,2,0
2021-03-29 14:00:00,3198.5539776261394,29.444444444444443,65,0,2,0
2021-03-29 15:00:00,3556.412994977945,27.22222222222222,68,0,2,0
2021-03-29 16:00:00,4346.726993861932,27.22222222222222,68,0,2,0
2021-03-29 17:00:00,3891.9268248613052,27.22222222222222,68,0,2,0
2021-03-29 18:00:00,1149.8531055191354,22.77777777777778,76,0,2,0
2021-03-29 19:00:00,1149.8531055191354,22.77777777777778,76,0,2,0
2021-03-29 20:00:00,1070.5528913454018,22.77777777777778,76,0,2,0
2021-03-29 21:00:00,935.4737129647202,23.88888888888889,83,0,2,0
2021-03-29 22:00:00,900.1918380145423,23.88888888888889,83,0,2,0
2021-03-29 23:00:00,816.3553827757859,23.88888888888889,83,0,2,0
2021-03-30 00:00:00,2796.34060319411,28.88888888888889,63,0,2,0
2021-03-30 01:00:00,2738.8815497038204,28.88888888888889,63,0,2,0
2021-03-30 02:00:00,2738.8815497038204,28.88888888888889,63,0,2,0
2021-03-30 03:00:00,2872.9526745144967,37.22222222222222,32,0,2,0
2021-03-30 04:00:00,3265.4215311031435,37.22222222222222,32,0,2,0
2021-03-30 05:00:00,3531.211655727818,37.22222222222222,32,0,2,0
2021-03-30 12:00:00,3524.1552807377825,29.444444444444443,46,0,2,0
2021-03-30 13:00:00,3284.5745489332403,29.444444444444443,46,0,2,0
2021-03-30 14:00:00,3284.5745489332403,29.444444444444443,46,0,2,0
2021-03-30 15:00:00,3780.872923232411,24.444444444444443,68,0,2,0
2021-03-30 16:00:00,4233.824994021363,24.444444444444443,68,0,2,0
2021-03-30 17:00:00,3632.353030584995,24.444444444444443,68,0,2,0
2021-03-30 18:00:00,1061.480409215356,25.0,83,0,2,0
2021-03-30 19:00:00,1061.480409215356,25.0,83,0,2,0
2021-03-30 20:00:00,1002.5092753700585,25.0,83,0,2,0
2021-03-30 21:00:00,908.0882576462487,25.0,61,0,2,0
2021-03-30 22:00:00,804.426748864059,25.0,61,0,2,0
2021-03-30 23:00:00,759.4003560704984,25.0,61,0,2,0
2021-03-31 00:00:00,3265.4215311031435,29.444444444444443,48,0,2,0
2021-03-31 01:00:00,3265.4215311031435,29.444444444444443,48,0,2,0
2021-03-31 02:00:00,3265.4215311031435,29.444444444444443,48,0,2,0
2021-03-31 03:00:00,3462.327995110804,37.77777777777778,26,0,2,0
2021-03-31 04:00:00,3688.131994791943,37.77777777777778,26,0,2,0
2021-03-31 05:00:00,3989.2039943667955,37.77777777777778,26,0,2,0
2021-03-31 09:00:00,4064.1359764038407,38.333333333333336,22,0,2,0
2021-03-31 10:00:00,3588.3346913614396,38.333333333333336,22,0,2,0
2021-03-31 11:00:00,2825.9101745809257,38.333333333333336,22,0,2,0
2021-03-31 12:00:00,2825.9101745809257,27.77777777777778,52,0,2,0
2021-03-31 13:00:00,3458.4637897591174,27.77777777777778,52,0,2,0
2021-03-31 14:00:00,3696.532441208652,27.77777777777778,52,0,2,0
2021-03-31 15:00:00,3872.9418159595425,23.88888888888889,64,0,2,0
2021-03-31 16:00:00,4045.6549942870806,23.88888888888889,64,0,2,0
2021-03-31 17:00:00,3709.637137618718,23.88888888888889,64,0,2,0
2021-03-31 18:00:00,1061.480409215356,25.555555555555557,57,0,2,0
2021-03-31 19:00:00,1061.480409215356,25.555555555555557,57,0,2,0
2021-03-31 20:00:00,1002.5092753700585,25.555555555555557,57,0,2,0
2021-03-31 21:00:00,908.0882576462487,23.88888888888889,64,0,2,0
2021-03-31 22:00:00,850.1251773709563,23.88888888888889,64,0,2,0
2021-03-31 23:00:00,804.426748864059,23.88888888888889,64,0,2,0
2021-04-01 00:00:00,3203.490322427711,29.444444444444443,45,0,2,0
2021-04-01 01:00:00,3203.490322427711,29.444444444444443,45,0,2,0
2021-04-01 02:00:00,3203.490322427711,29.444444444444443,45,0,2,0
2021-04-01 03:00:00,3419.650263212307,37.22222222222222,33,0,2,0
2021-04-01 04:00:00,3705.9790463131326,37.22222222222222,33,0,2,0
2021-04-01 05:00:00,4018.579576063164,37.22222222222222,33,0,2,0
2021-04-01 09:00:00,4155.2591693900395,38.333333333333336,26,0,2,0
2021-04-01 10:00:00,3878.241891430703,38.333333333333336,26,0,2,0
2021-04-01 11:00:00,3423.1420776403656,38.333333333333336,26,0,2,0
2021-04-01 12:00:00,3212.4692738141475,28.88888888888889,51,0,2,0
2021-04-01 13:00:00,3182.539435859357,28.88888888888889,51,0,2,0
2021-04-01 14:00:00,3143.9632002731837,28.88888888888889,51,0,2,0
2021-04-01 15:00:00,3279.312578579846,25.0,68,0,2,0
2021-04-01 16:00:00,3363.2824017307853,25.0,68,0,2,0
2021-04-01 17:00:00,3513.596699014843,25.0,68,0,2,0
2021-04-01 18:00:00,1069.9917068837494,23.333333333333332,68,0,2,0
2021-04-01 19:00:00,1050.537312213136,23.333333333333332,68,0,2,0
2021-04-01 20:00:00,1011.6285228719086,23.333333333333332,68,0,2,0
2021-04-01 21:00:00,917.8483639468993,22.77777777777778,72,0,2,0
2021-04-01 22:00:00,841.3610002846577,22.77777777777778,72,0,2,0
2021-04-01 23:00:00,751.5714864202871,22.77777777777778,72,0,2,0
2021-04-02 00:00:00,3217.706995456236,28.88888888888889,47,0,2,0
2021-04-02 01:00:00,3217.706995456236,28.88888888888889,47,0,2,0
2021-04-02 02:00:00,3217.706995456236,28.88888888888889,47,0,2,0
2021-04-02 03:00:00,3505.002262907686,37.22222222222222,26,0,2,0
2021-04-02 04:00:00,3569.1816735313428,37.22222222222222,26,0,2,0
2021-04-02 05:00:00,4328.582029601842,37.22222222222222,26,0,2,0
2021-04-02 09:00:00,4202.911351207874,37.77777777777778,28,0,2,0
2021-04-02 10:00:00,3758.695744692299,37.77777777777778,28,0,2,0
2021-04-02 11:00:00,3293.647031063286,37.77777777777778,28,0,2,0
2021-04-02 12:00:00,3118.2457098824007,28.333333333333332,57,0,2,0
2021-04-02 13:00:00,2942.8443887015155,28.333333333333332,57,0,2,0
2021-04-02 14:00:00,3207.2904418995167,28.333333333333332,57,0,2,0
2021-04-02 15:00:00,3379.3315845137186,25.555555555555557,64,0,2,0
2021-04-02 16:00:00,618.2728562697864,25.555555555555557,64,0,2,0
2021-04-02 17:00:00,637.5938830282172,25.555555555555557,64,0,2,0
2021-04-02 18:00:00,1052.4079270853103,23.88888888888889,71,0,2,0
2021-04-02 19:00:00,1120.4515430606536,23.88888888888889,71,0,2,0
2021-04-02 20:00:00,1052.4079270853103,23.88888888888889,71,0,2,0
2021-04-02 21:00:00,927.4092844046795,22.22222222222222,72,0,2,0
2021-04-02 22:00:00,830.8041506125254,22.22222222222222,72,0,2,0
2021-04-02 23:00:00,759.4003560704984,22.22222222222222,72,0,2,0
2021-04-03 00:00:00,3013.9346820473725,27.22222222222222,67,0,2,0
2021-04-03 01:00:00,3013.9346820473725,27.22222222222222,67,0,2,0
2021-04-03 02:00:00,3013.9346820473725,27.22222222222222,67,0,2,0
2021-04-03 03:00:00,3127.6680662755757,35.55555555555556,34,0,2,0
2021-04-03 04:00:00,3250.546678767742,35.55555555555556,34,0,2,0
2021-04-03 05:00:00,4072.952115014366,35.55555555555556,34,0,2,0
2021-04-03 09:00:00,4130.317637761047,36.666666666666664,45,0,2,0
2021-04-03 10:00:00,3819.0473230312286,36.666666666666664,45,0,2,0
2021-04-03 11:00:00,3404.5190673573843,36.666666666666664,45,0,2,0
2021-04-03 12:00:00,3257.0314769912798,30.0,72,0,2,0
2021-04-03 13:00:00,3276.6521485394205,30.0,72,0,2,0
2021-04-03 14:00:00,3335.514163183841,30.0,72,0,2,0
2021-04-03 15:00:00,3587.589909514185,26.666666666666668,85,0,2,0
2021-04-03 16:00:00,3999.62401202513,26.666666666666668,85,0,2,0
2021-04-03 17:00:00,1844.3431255251826,26.666666666666668,85,0,2,0
2021-04-03 18:00:00,1041.5583608266988,24.444444444444443,70,0,2,0
2021-04-03 19:00:00,1041.5583608266988,24.444444444444443,70,0,2,0
2021-04-03 20:00:00,1069.9917068837494,24.444444444444443,70,0,2,0
2021-04-03 21:00:00,925.8296540681766,27.22222222222222,87,0,2,0
2021-04-03 22:00:00,829.3890651027416,27.22222222222222,87,0,2,0
2021-04-03 23:00:00,807.9393479018087,27.22222222222222,87,0,2,0
2021-04-04 00:00:00,2897.8179959079553,28.333333333333332,81,1,2,0
2021-04-04 01:00:00,2897.8179959079553,28.333333333333332,81,1,2,0
2021-04-04 02:00:00,2897.8179959079553,28.333333333333332,81,1,2,0
2021-04-04 03:00:00,3104.804995615666,32.77777777777778,64,1,2,0
2021-04-04 04:00:00,3458.4637897591174,32.77777777777778,64,1,2,0
2021-04-04 05:00:00,3778.01677145073,32.77777777777778,64,1,2,0
2021-04-04 06:00:00,4361.5117795553415,36.111111111111114,52,1,2,0
2021-04-04 07:00:00,4044.3109228604067,36.111111111111114,52,1,2,0
2021-04-04 08:00:00,3965.0107086866738,36.111111111111114,52,1,2,0
2021-04-04 09:00:00,3667.634905535173,35.0,61,1,2,0
2021-04-04 10:00:00,3727.110066165473,35.0,61,1,2,0
2021-04-04 11:00:00,3391.092209497111,35.0,61,1,2,0
2021-04-04 12:00:00,3243.4123614913656,29.444444444444443,76,1,2,0
2021-04-04 13:00:00,3105.813049185671,29.444444444444443,76,1,2,0
2021-04-04 14:00:00,3027.1848707252743,29.444444444444443,76,1,2,0
2021-04-04 15:00:00,3361.8586559669634,27.22222222222222,81,1,2,0
2021-04-04 16:00:00,3910.911833763067,27.22222222222222,81,1,2,0
2021-04-04 17:00:00,3198.889995482808,27.22222222222222,81,1,2,0
2021-04-04 18:00:00,1071.8969627720753,28.333333333333332,73,1,2,0
2021-04-04 19:00:00,1061.480409215356,28.333333333333332,73,1,2,0
2021-04-04 20:00:00,1041.8233646002568,28.333333333333332,73,1,2,0
2021-04-04 21:00:00,935.4737129647202,25.0,95,1,2,0
2021-04-04 22:00:00,830.8041506125254,25.0,95,1,2,0
2021-04-04 23:00:00,759.4003560704984,25.0,95,1,2,0
2021-04-05 00:00:00,2733.8412818537945,30.0,76,0,2,0
2021-04-05 01:00:00,2733.8412818537945,30.0,76,0,2,0
2021-04-05 02:00:00,2733.8412818537945,30.0,76,0,2,0
2021-04-05 03:00:00,2771.8112996573195,33.888888888888886,67,0,2,0
2021-04-05 04:00:00,2935.4519958548117,33.888888888888886,67,0,2,0
2021-04-05 05:00:00,3537.5959950045167,33.888888888888886,67,0,2,0
2021-04-05 06:00:00,4290.612011798317,36.666666666666664,53,0,2,0
2021-04-05 07:00:00,4321.861672468474,36.666666666666664,53,0,2,0
2021-04-05 08:00:00,4302.036618925041,36.666666666666664,53,0,2,0
2021-04-05 09:00:00,4044.3109228604067,35.0,61,0,2,0
2021-04-05 10:00:00,3160.247941965946,35.0,61,0,2,0
2021-04-05 11:00:00,3284.406540004906,35.0,61,0,2,0
2021-04-05 12:00:00,3428.390191587299,29.444444444444443,75,0,2,0
2021-04-05 13:00:00,3217.706995456236,29.444444444444443,75,0,2,0
2021-04-05 14:00:00,3379.3315845137186,29.444444444444443,75,0,2,0
2021-04-05 15:00:00,3588.1666824331055,28.333333333333332,83,0,2,0
2021-04-05 16:00:00,3677.3794233785557,28.333333333333332,83,0,2,0
2021-04-05 17:00:00,3548.684584274573,28.333333333333332,83,0,2,0
2021-04-05 18:00:00,1071.8969627720753,28.333333333333332,83,0,2,0
2021-04-05 19:00:00,1052.4079270853103,28.333333333333332,91,0,2,0
2021-04-05 20:00:00,993.9408200250152,24.444444444444443,91,0,2,0
2021-04-05 21:00:00,927.4092844046795,24.444444444444443,91,0,2,0
2021-04-05 22:00:00,835.3403916775484,24.444444444444443,91,0,2,0
2021-04-05 23:00:00,797.3703738740235,24.444444444444443,91,0,2,0
2021-04-06 00:00:00,2892.105692344593,30.0,71,0,2,0
2021-04-06 01:00:00,2892.105692344593,30.0,71,0,2,0
2021-04-06 02:00:00,2892.105692344593,30.0,71,0,2,0
2021-04-06 03:00:00,3189.481495496094,35.0,59,0,2,0
2021-04-06 04:00:00,3379.3315845137186,35.0,59,0,2,0
2021-04-06 05:00:00,3763.3999946856557,35.0,59,0,2,0
2021-04-06 06:00:00,4347.567038503604,37.77777777777778,48,0,2,0
2021-04-06 07:00:00,4231.30486009635,37.77777777777778,48,0,2,0
2021-04-06 08:00:00,4083.961029947274,37.77777777777778,48,0,2,0
2021-04-06 09:00:00,3588.3346913614396,36.666666666666664,53,0,2,0
2021-04-06 10:00:00,3568.509637818006,36.666666666666664,53,0,2,0
2021-04-06 11:00:00,3215.6908883162255,36.666666666666664,53,0,2,0
2021-04-06 12:00:00,3007.5278261101753,31.11111111111111,63,0,2,0
2021-04-06 13:00:00,3033.233192145305,31.11111111111111,63,0,2,0
2021-04-06 14:00:00,3033.233192145305,31.11111111111111,63,0,2,0
2021-04-06 15:00:00,3274.1579953765204,27.22222222222222,77,0,2,0
2021-04-06 16:00:00,3721.061744745443,27.22222222222222,77,0,2,0
2021-04-06 17:00:00,3498.953941487655,27.22222222222222,77,0,2,0
2021-04-06 18:00:00,1041.8233646002568,26.666666666666668,83,0,2,0
2021-04-06 19:00:00,1081.1374538304551,26.666666666666668,83,0,2,0
2021-04-06 20:00:00,1081.1374538304551,26.666666666666668,83,0,2,0
2021-04-06 21:00:00,974.4517843382503,25.555555555555557,83,0,2,0
2021-04-06 22:00:00,935.4737129647202,25.555555555555557,83,0,2,0
2021-04-06 23:00:00,818.5394988441301,25.555555555555557,83,0,2,0
2021-04-07 00:00:00,2704.943746180315,27.22222222222222,83,0,2,0
2021-04-07 01:00:00,2704.943746180315,27.22222222222222,83,0,2,0
2021-04-07 02:00:00,2704.943746180315,27.22222222222222,83,0,2,0
2021-04-07 03:00:00,2975.438120798347,34.44444444444444,54,0,2,0
2021-04-07 04:00:00,3040.289567135341,34.44444444444444,54,0,2,0
2021-04-07 05:00:00,3235.179924002991,34.44444444444444,54,0,2,0
2021-04-07 06:00:00,3876.301994526226,37.77777777777778,44,0,2,0
2021-04-07 07:00:00,3895.1189944996536,37.77777777777778,44,0,2,0
2021-04-07 08:00:00,3722.405816172116,37.77777777777778,44,0,2,0
2021-04-07 09:00:00,3332.6251024368157,35.55555555555556,49,0,2,0
2021-04-07 10:00:00,3302.383495336663,35.55555555555556,49,0,2,0
2021-04-07 11:00:00,2968.2137368799768,35.55555555555556,49,0,2,0
2021-04-07 12:00:00,2795.332549624105,31.666666666666668,61,0,2,0
2021-04-07 13:00:00,2799.028746047457,31.666666666666668,61,0,2,0
2021-04-07 14:00:00,2739.0495586321545,31.666666666666668,61,0,2,0
2021-04-07 15:00:00,3007.023799325173,30.555555555555557,52,0,2,0
2021-04-07 16:00:00,3330.608995296806,30.555555555555557,52,0,2,0
2021-04-07 17:00:00,2869.9285138044806,30.555555555555557,52,0,2,0
2021-04-07 18:00:00,1032.9188913985452,25.555555555555557,86,0,2,0
2021-04-07 19:00:00,1081.1374538304551,25.555555555555557,86,0,2,0
2021-04-07 20:00:00,1002.5092753700585,25.555555555555557,86,0,2,0
2021-04-07 21:00:00,935.4737129647202,27.22222222222222,72,0,2,0
2021-04-07 22:00:00,850.1251773709563,27.22222222222222,72,0,2,0
2021-04-07 23:00:00,759.4003560704984,27.22222222222222,72,0,2,0
2021-04-08 00:00:00,2654.7489137769694,28.333333333333332,76,0,2,0
2021-04-08 01:00:00,2654.7489137769694,28.333333333333332,76,0,2,0
2021-04-08 02:00:00,2654.7489137769694,28.333333333333332,76,0,2,0
2021-04-08 03:00:00,3006.1127406003916,34.44444444444444,56,0,2,0
2021-04-08 04:00:00,3115.425931167679,34.44444444444444,56,0,2,0
2021-04-08 05:00:00,3222.3627480269815,34.44444444444444,56,0,2,0
2021-04-08 06:00:00,3859.2309017668267,37.77777777777778,40,0,2,0
2021-04-08 07:00:00,3859.2309017668267,37.77777777777778,40,0,2,0
2021-04-08 08:00:00,3637.8886649659853,37.77777777777778,40,0,2,0
2021-04-08 09:00:00,3304.856863889872,36.111111111111114,39,0,2,0
2021-04-08 10:00:00,3544.191644479739,36.111111111111114,39,0,2,0
2021-04-08 11:00:00,3204.7096861962395,36.111111111111114,39,0,2,0
2021-04-08 12:00:00,2924.2975886540685,30.0,54,0,2,0
2021-04-08 13:00:00,2844.1798464991625,30.0,54,0,2,0
2021-04-08 14:00:00,3025.6329532016925,30.0,54,0,2,0
2021-04-08 15:00:00,3212.1782892784763,30.555555555555557,60,0,2,0
2021-04-08 16:00:00,3356.6278625281057,30.555555555555557,60,0,2,0
2021-04-08 17:00:00,2771.870189384777,30.555555555555557,60,0,2,0
2021-04-08 18:00:00,1101.6189546299572,28.88888888888889,61,0,2,0
2021-04-08 19:00:00,1101.6189546299572,28.88888888888889,61,0,2,0
2021-04-08 20:00:00,1043.5675397634786,28.88888888888889,61,0,2,0
2021-04-08 21:00:00,956.490417463761,27.22222222222222,69,0,2,0
2021-04-08 22:00:00,843.9521482927809,27.22222222222222,69,0,2,0
2021-04-08 23:00:00,786.4099563637276,27.22222222222222,69,0,2,0
2021-04-09 00:00:00,2479.067000365258,27.77777777777778,77,0,2,0
2021-04-09 01:00:00,2479.067000365258,27.77777777777778,77,0,2,0
2021-04-09 02:00:00,2479.067000365258,27.77777777777778,77,0,2,0
2021-04-09 03:00:00,2685.3022900224846,32.77777777777778,59,0,2,0
2021-04-09 04:00:00,2927.6924082369032,32.77777777777778,59,0,2,0
2021-04-09 05:00:00,3250.879232522795,32.77777777777778,59,0,2,0
2021-04-09 06:00:00,3701.881014102425,33.888888888888886,56,0,2,0
2021-04-09 07:00:00,3560.4867784773473,33.888888888888886,56,0,2,0
2021-04-09 08:00:00,3244.7685572736923,33.888888888888886,56,0,2,0
2021-04-09 09:00:00,3044.474201886427,33.888888888888886,55,0,2,0
2021-04-09 10:00:00,2824.150410960436,33.888888888888886,55,0,2,0
2021-04-09 11:00:00,2747.7669703466486,33.888888888888886,55,0,2,0
2021-04-09 12:00:00,2732.829764182174,30.555555555555557,64,0,2,0
2021-04-09 13:00:00,2599.073872618475,30.555555555555557,64,0,2,0
2021-04-09 14:00:00,2732.829764182174,30.555555555555557,64,0,2,0
2021-04-09 15:00:00,2767.117441968808,29.444444444444443,64,0,2,0
2021-04-09 16:00:00,3030.555441596804,29.444444444444443,64,0,2,0
2021-04-09 17:00:00,2764.0621043442566,29.444444444444443,64,0,2,0
2021-04-09 18:00:00,1041.5306480137779,27.22222222222222,75,0,2,0
2021-04-09 19:00:00,1061.5600835525042,27.22222222222222,75,0,2,0
2021-04-09 20:00:00,1052.5638116579914,27.22222222222222,75,0,2,0
2021-04-09 21:00:00,953.2653388600677,27.77777777777778,75,0,2,0
2021-04-09 22:00:00,826.9780503786058,27.77777777777778,75,0,2,0
2021-04-09 23:00:00,2203.2379092599144,27.77777777777778,75,0,2,0
2021-04-10 00:00:00,2184.566401554322,27.77777777777778,77,0,2,0
2021-04-10 01:00:00,2184.566401554322,27.77777777777778,77,0,2,0
2021-04-10 02:00:00,2184.566401554322,27.77777777777778,77,0,2,0
2021-04-10 03:00:00,2165.8948938487297,33.333333333333336,58,0,2,0
2021-04-10 04:00:00,2342.425512156149,33.333333333333336,58,0,2,0
2021-04-10 05:00:00,2635.228701175668,33.333333333333336,58,0,2,0
2021-04-10 06:00:00,3345.934180842175,36.111111111111114,47,0,2,0
2021-04-10 07:00:00,3483.084891988709,36.111111111111114,47,0,2,1
2021-04-10 08:00:00,3327.6021550948662,36.111111111111114,47,0,2,1
2021-04-10 09:00:00,3244.7685572736923,35.0,50,0,2,0
2021-04-10 10:00:00,3560.4867784773473,35.0,50,0,2,0
2021-04-10 11:00:00,3231.868242858919,35.0,50,0,2,0
2021-04-10 12:00:00,3174.835273867291,30.0,67,0,2,0
2021-04-10 13:00:00,2889.670428909151,30.0,67,0,2,0
2021-04-10 14:00:00,2775.6044909258953,30.0,67,0,2,0
2021-04-10 15:00:00,3098.7913152117867,26.666666666666668,73,0,2,0
2021-04-10 16:00:00,3250.879232522795,26.666666666666668,73,0,2,0
2021-04-10 17:00:00,2927.6924082369032,26.666666666666668,73,0,2,0
2021-04-10 18:00:00,1061.5600835525042,29.444444444444443,67,0,2,0
2021-04-10 19:00:00,1101.6189546299572,29.444444444444443,67,0,2,0
2021-04-10 20:00:00,1081.5895190912306,29.444444444444443,67,0,2,0
2021-04-10 21:00:00,961.4129058588717,24.444444444444443,78,0,2,0
2021-04-10 22:00:00,834.1071715025593,24.444444444444443,78,0,2,0
2021-04-10 23:00:00,794.3877823833897,24.444444444444443,78,0,2,0
2021-04-11 00:00:00,2244.1454852330758,26.666666666666668,66,1,2,0
2021-04-11 01:00:00,2244.1454852330758,26.666666666666668,66,1,2,0
2021-04-11 02:00:00,2244.1454852330758,26.666666666666668,66,1,2,0
2021-04-11 03:00:00,2323.414522492273,32.22222222222222,48,1,2,0
2021-04-11 04:00:00,2342.425512156149,32.22222222222222,48,1,2,0
2021-04-11 05:00:00,2857.9288658096443,32.22222222222222,48,1,2,0
2021-04-11 06:00:00,3269.890222186671,32.22222222222222,54,1,2,0
2021-04-11 07:00:00,3299.0856705990523,32.22222222222222,54,1,2,0
2021-04-11 08:00:00,3279.395717018609,32.22222222222222,54,1,2,0
2021-04-11 09:00:00,3336.428686010237,31.11111111111111,64,1,2,0
2021-04-11 10:00:00,3364.945170506051,31.11111111111111,64,1,2,0
2021-04-11 11:00:00,2810.9106145873793,31.11111111111111,64,1,2,0
2021-04-11 12:00:00,2542.040903626847,26.11111111111111,80,1,2,0
2021-04-11 13:00:00,2542.040903626847,26.11111111111111,80,1,2,0
2021-04-11 14:00:00,2717.2135941011334,26.11111111111111,80,1,2,0
2021-04-11 15:00:00,2921.9212149460836,25.555555555555557,79,1,2,0
2021-04-11 16:00:00,2795.9734084229053,25.555555555555557,79,1,2,0
2021-04-11 17:00:00,2643.8854911118974,25.555555555555557,79,1,2,0
2021-04-11 18:00:00,1081.5895190912306,26.11111111111111,83,1,2,0
2021-04-11 19:00:00,1101.6189546299572,26.11111111111111,83,1,2,0
2021-04-11 20:00:00,1021.5012124750511,26.11111111111111,83,1,2,0
2021-04-11 21:00:00,961.4129058588717,23.88888888888889,83,1,2,0
2021-04-11 22:00:00,873.8265606217287,23.88888888888889,83,1,2,0
2021-04-11 23:00:00,834.1071715025593,23.88888888888889,83,1,2,0
2021-04-12 00:00:00,2482.461819948093,29.444444444444443,68,0,2,0
2021-04-12 01:00:00,2482.461819948093,29.444444444444443,68,0,2,0
2021-04-12 02:00:00,2482.461819948093,29.444444444444443,68,0,2,0
2021-04-12 03:00:00,2638.453779779361,33.888888888888886,56,0,2,0
2021-04-12 04:00:00,2815.663362003348,33.888888888888886,56,0,2,0
2021-04-12 05:00:00,3032.2528513882207,33.888888888888886,56,0,2,0
2021-04-12 06:00:00,3586.7966302443187,36.111111111111114,41,0,2,0
2021-04-12 07:00:00,3386.332533877912,36.111111111111114,41,0,2,0
2021-04-12 08:00:00,3386.332533877912,36.111111111111114,41,0,2,0
2021-04-12 09:00:00,2992.872944227335,35.0,46,0,2,0
2021-04-12 10:00:00,2681.0587655439404,35.0,46,0,2,0
2021-04-12 11:00:00,2503.679442340812,35.0,46,0,2,0
2021-04-12 12:00:00,2443.5911357246323,31.11111111111111,54,0,2,0
2021-04-12 13:00:00,2343.443958031,31.11111111111111,54,0,2,0
2021-04-12 14:00:00,2343.443958031,31.11111111111111,54,0,2,0
2021-04-12 15:00:00,2383.163347150169,27.77777777777778,59,0,2,0
2021-04-12 16:00:00,2542.040903626847,27.77777777777778,59,0,2,0
2021-04-12 17:00:00,2263.326215876094,27.77777777777778,59,0,2,0
2021-04-12 18:00:00,1012.844422538822,24.444444444444443,81,0,2,0
2021-04-12 19:00:00,1052.5638116579914,24.444444444444443,81,0,2,0
2021-04-12 20:00:00,1052.5638116579914,24.444444444444443,81,0,2,0
2021-04-12 21:00:00,953.2653388600677,23.333333333333332,83,0,2,0
2021-04-12 22:00:00,834.1071715025593,23.333333333333332,83,0,2,0
2021-04-12 23:00:00,814.2474769429745,23.333333333333332,83,0,2,0
2021-04-13 00:00:00,1966.1097613988895,28.333333333333332,70,0,2,0
2021-04-13 01:00:00,1966.1097613988895,28.333333333333332,70,0,2,0
2021-04-13 02:00:00,1966.1097613988895,28.333333333333332,70,0,2,0
2021-04-13 03:00:00,1966.1097613988895,34.44444444444444,48,0,2,0
2021-04-13 04:00:00,2386.904576894518,34.44444444444444,48,0,2,0
2021-04-13 05:00:00,2736.709557991129,34.44444444444444,48,0,2,0
2021-04-13 06:00:00,3010.3805137902414,36.666666666666664,44,0,2,0
2021-04-13 07:00:00,3371.502714863507,36.666666666666664,44,0,2,0
2021-04-13 08:00:00,3303.599395003577,36.666666666666664,44,0,2,0
2021-04-13 09:00:00,3127.6680662755757,36.111111111111114,47,0,2,0
2021-04-13 10:00:00,2888.9776085861236,36.111111111111114,47,0,2,0
2021-04-13 11:00:00,2650.6300969565705,36.111111111111114,47,0,2,0
2021-04-13 12:00:00,2448.6348676762727,30.555555555555557,54,0,2,0
2021-04-13 13:00:00,2287.450219523913,30.555555555555557,54,0,2,0
2021-04-13 14:00:00,2347.122833946276,30.555555555555557,54,0,2,0
2021-04-13 15:00:00,2502.1344530204606,33.888888888888886,53,0,2,0
2021-04-13 16:00:00,2853.9971104764627,33.888888888888886,53,0,2,0
2021-04-13 17:00:00,2529.227191752453,33.888888888888886,53,0,2,0
2021-04-13 18:00:00,1163.6159812360775,25.555555555555557,72,0,2,0
2021-04-13 19:00:00,1143.5536367320074,25.555555555555557,72,0,2,0
2021-04-13 20:00:00,1103.4289477238667,25.555555555555557,72,0,2,0
2021-04-13 21:00:00,962.9925361953744,25.0,65,0,2,0
2021-04-13 22:00:00,877.4274942506645,25.0,65,0,2,0
2021-04-13 23:00:00,877.4274942506645,25.0,65,0,2,0
2021-04-14 00:00:00,774.9888133386183,27.22222222222222,64,0,2,0
2021-04-14 01:00:00,774.9888133386183,27.22222222222222,64,0,2,0
2021-04-14 02:00:00,678.115211671291,27.22222222222222,64,0,2,0
2021-04-14 03:00:00,639.3657710043601,30.555555555555557,56,0,2,0
2021-04-14 04:00:00,619.9910506708947,30.555555555555557,56,0,2,0
2021-04-14 05:00:00,614.7810418417275,30.555555555555557,56,0,2,0
2021-04-14 06:00:00,1235.748969168091,31.666666666666668,56,0,2,0
2021-04-14 07:00:00,1472.4787453433748,31.666666666666668,56,0,2,0
2021-04-14 08:00:00,1536.9526046043188,31.666666666666668,56,0,2,0
2021-04-14 09:00:00,1460.1049743741028,33.888888888888886,48,0,2,0
2021-04-14 10:00:00,1485.8293929681156,33.888888888888886,48,0,2,0
2021-04-14 11:00:00,1498.5287894892108,33.888888888888886,48,0,2,0
2021-04-14 12:00:00,1498.5287894892108,27.77777777777778,75,0,2,0
2021-04-14 13:00:00,1562.0257720946856,27.77777777777778,75,0,2,0
2021-04-14 14:00:00,1619.1730564396132,27.77777777777778,75,0,2,0
2021-04-14 15:00:00,1485.8293929681156,26.11111111111111,82,0,2,0
2021-04-14 16:00:00,1517.7406970467648,26.11111111111111,82,0,2,0
2021-04-14 17:00:00,1517.7406970467648,26.11111111111111,82,0,2,0
2021-04-14 18:00:00,1037.4430081079151,26.666666666666668,65,0,2,0
2021-04-14 19:00:00,1037.4430081079151,26.666666666666668,65,0,2,0
2021-04-14 20:00:00,979.8072854352531,26.666666666666668,65,0,2,0
2021-04-14 21:00:00,902.9596552050373,25.0,66,0,2,0
2021-04-14 22:00:00,845.3239325323754,25.0,66,0,2,0
2021-04-14 23:00:00,768.4763023021594,25.0,66,0,2,0
2021-04-15 00:00:00,1529.1964810880252,27.22222222222222,59,0,2,0
2021-04-15 01:00:00,1529.1964810880252,27.22222222222222,59,0,2,0
2021-04-15 02:00:00,1529.1964810880252,27.22222222222222,59,0,2,0
2021-04-15 03:00:00,1529.1964810880252,33.333333333333336,40,0,2,0
2021-04-15 04:00:00,1614.5761935963255,33.333333333333336,40,0,2,0
2021-04-15 05:00:00,1271.0204518134235,33.333333333333336,40,0,2,0
2021-04-15 06:00:00,1296.481598684686,37.22222222222222,38,0,2,0
2021-04-15 07:00:00,1277.1311270625267,37.22222222222222,38,0,2,0
2021-04-15 08:00:00,1918.0730643017746,37.22222222222222,38,0,2,0
2021-04-15 09:00:00,1971.5414727314258,35.0,40,0,2,0
2021-04-15 10:00:00,1991.061685332727,35.0,40,0,2,0
2021-04-15 11:00:00,1890.2355437225274,35.0,40,0,2,0
2021-04-15 12:00:00,1850.8556365616416,26.666666666666668,66,0,2,0
2021-04-15 13:00:00,1850.8556365616416,26.666666666666668,66,0,2,0
2021-04-15 14:00:00,1850.8556365616416,26.666666666666668,66,0,2,0
2021-04-15 15:00:00,1756.819134117112,26.666666666666668,67,0,2,1
2021-04-15 16:00:00,1896.3462189716306,26.666666666666668,67,0,2,0
2021-04-15 17:00:00,1795.8595593197144,26.666666666666668,67,0,2,0
2021-04-15 18:00:00,1043.5675397634786,26.666666666666668,56,0,2,0
2021-04-15 19:00:00,1151.8622844559152,26.666666666666668,56,0,2,0
2021-04-15 20:00:00,1082.9474469243648,26.666666666666668,56,0,2,0
2021-04-15 21:00:00,925.4278182808208,23.88888888888889,83,0,2,0
2021-04-15 22:00:00,866.3579575394917,23.88888888888889,83,0,2,0
2021-04-15 23:00:00,787.5981432177198,23.88888888888889,83,0,2,0
2021-04-16 00:00:00,1618.70540272157,28.333333333333332,74,0,2,0
2021-04-16 01:00:00,1618.70540272157,28.333333333333332,74,0,2,0
2021-04-16 02:00:00,1618.70540272157,28.333333333333332,74,0,2,0
2021-04-16 03:00:00,1618.70540272157,34.44444444444444,58,0,2,0
2021-04-16 04:00:00,1631.0514608779206,34.44444444444444,58,0,2,0
2021-04-16 05:00:00,1676.1488677545917,34.44444444444444,58,0,2,0
2021-04-16 06:00:00,2034.5275003486684,37.77777777777778,34,0,2,0
2021-04-16 07:00:00,2286.4213813442175,37.77777777777778,34,0,2,0
2021-04-16 08:00:00,2247.6684765756713,37.77777777777778,34,0,2,0
2021-04-16 09:00:00,2325.1742861127636,36.666666666666664,42,0,2,0
2021-04-16 10:00:00,2150.2717955644584,36.666666666666664,42,0,2,0
2021-04-16 11:00:00,2015.151047964395,36.666666666666664,42,0,2,0
2021-04-16 12:00:00,1876.6008397653454,29.444444444444443,61,0,2,0
2021-04-16 13:00:00,1873.3428521963083,29.444444444444443,61,0,2,0
2021-04-16 14:00:00,1873.3428521963083,29.444444444444443,61,0,2,0
2021-04-16 15:00:00,1993.8883922506795,27.22222222222222,68,0,2,0
2021-04-16 16:00:00,1976.3981431958491,27.22222222222222,68,0,2,0
2021-04-16 17:00:00,1896.1487651795678,27.22222222222222,68,0,2,0
2021-04-16 18:00:00,1074.1070596025331,26.11111111111111,70,0,2,0
2021-04-16 19:00:00,1074.1070596025331,26.11111111111111,70,0,2,0
2021-04-16 20:00:00,1054.216188128412,26.11111111111111,70,0,2,0
2021-04-16 21:00:00,934.8709592836863,26.666666666666668,82,0,2,0
2021-04-16 22:00:00,875.1983448613232,26.666666666666668,82,0,2,0
2021-04-16 23:00:00,835.4166019130813,26.666666666666668,82,0,2,0
2021-04-17 00:00:00,1699.6406728576483,29.444444444444443,72,0,2,0
2021-04-17 01:00:00,1699.6406728576483,29.444444444444443,72,0,2,0
2021-04-17 02:00:00,1699.6406728576483,29.444444444444443,72,0,2,0
2021-04-17 03:00:00,1740.1083079256875,34.44444444444444,55,0,2,0
2021-04-17 04:00:00,1775.2602790652977,34.44444444444444,55,0,2,0
2021-04-17 05:00:00,1932.5010475288234,34.44444444444444,55,0,2,0
2021-04-17 06:00:00,2169.133828858883,37.77777777777778,43,0,2,0
2021-04-17 07:00:00,2015.151047964395,37.77777777777778,43,0,2,0
2021-04-17 08:00:00,2422.056548034129,37.77777777777778,43,0,2,0
2021-04-17 09:00:00,2441.4330004184017,36.666666666666664,49,0,2,0
2021-04-17 10:00:00,2482.586527606238,36.666666666666664,49,0,2,0
2021-04-17 11:00:00,2482.586527606238,36.666666666666664,49,0,2,0
2021-04-17 12:00:00,2248.01142263557,30.555555555555557,65,0,2,0
2021-04-17 13:00:00,2111.1759447360137,30.555555555555557,65,0,2,0
2021-04-17 14:00:00,2091.6280193217913,30.555555555555557,65,0,2,0
2021-04-17 15:00:00,2032.9842430791243,30.0,50,0,2,0
2021-04-17 16:00:00,2130.723870150236,30.0,50,0,2,0
2021-04-17 17:00:00,2248.01142263557,30.0,50,0,2,0
2021-04-17 18:00:00,1113.8888025507752,28.333333333333332,73,0,2,0
2021-04-17 19:00:00,1113.8888025507752,28.333333333333332,73,0,2,0
2021-04-17 20:00:00,1074.1070596025331,28.333333333333332,73,0,2,0
2021-04-17 21:00:00,994.5435737060492,27.22222222222222,75,0,2,0
2021-04-17 22:00:00,895.0892163354443,27.22222222222222,75,0,2,0
2021-04-17 23:00:00,855.3074733872023,27.22222222222222,75,0,2,0
2021-04-18 00:00:00,1695.3694355661833,30.555555555555557,67,1,2,0
2021-04-18 01:00:00,1695.3694355661833,30.555555555555557,67,1,2,0
2021-04-18 02:00:00,1695.3694355661833,30.555555555555557,67,1,2,0
2021-04-18 03:00:00,1813.0830725501794,36.666666666666664,45,1,2,0
2021-04-18 04:00:00,1928.5173306714148,36.666666666666664,45,1,2,0
2021-04-18 05:00:00,1986.9671172236342,36.666666666666664,45,1,2,0
2021-04-18 09:00:00,2354.9239907835668,37.22222222222222,47,1,2,0
2021-04-18 10:00:00,2245.839430922879,37.22222222222222,47,1,2,0
2021-04-18 11:00:00,2171.596805107248,37.22222222222222,47,1,2,0
2021-04-18 12:00:00,2151.7336464460486,30.0,67,1,2,0
2021-04-18 13:00:00,2242.908800956474,30.0,67,1,2,0
2021-04-18 14:00:00,2334.0839554669024,30.0,67,1,2,0
2021-04-18 15:00:00,2334.0839554669,29.444444444444443,67,1,2,0
2021-04-18 16:00:00,2516.4342644877543,29.444444444444443,67,1,2,0
2021-04-18 17:00:00,2262.9347723935884,29.444444444444443,67,1,2,0
2021-04-18 18:00:00,1028.6511182086977,27.22222222222222,65,1,2,0
2021-04-18 19:00:00,1028.6511182086977,27.22222222222222,65,1,2,0
2021-04-18 20:00:00,1028.6511182086977,27.22222222222222,65,1,2,0
2021-04-18 21:00:00,906.5415362750927,26.666666666666668,80,1,2,0
2021-04-18 22:00:00,830.9964082521682,26.666666666666668,80,1,2,0
2021-04-18 23:00:00,793.2238442407061,26.666666666666668,80,1,2,0
2021-04-19 00:00:00,1799.5938608608333,31.11111111111111,69,0,2,0
2021-04-19 01:00:00,1799.5938608608333,31.11111111111111,69,0,2,0
2021-04-19 02:00:00,1799.5938608608333,31.11111111111111,69,0,2,0
2021-04-19 03:00:00,1911.2228033578401,37.77777777777778,44,0,2,0
2021-04-19 04:00:00,2002.2334130415466,37.77777777777778,44,0,2,0
2021-04-19 05:00:00,2110.8018217615786,37.77777777777778,44,0,2,0
2021-04-19 09:00:00,2706.1561817456136,37.77777777777778,45,0,2,0
2021-04-19 10:00:00,2511.8928272703038,37.77777777777778,45,0,2,0
2021-04-19 11:00:00,2332.126738054345,37.77777777777778,45,0,2,0
2021-04-19 12:00:00,2278.4868565947445,32.22222222222222,53,0,2,0
2021-04-19 13:00:00,2222.9140064338967,32.22222222222222,53,0,2,0
2021-04-19 14:00:00,2222.9140064338994,32.22222222222222,53,0,2,0
2021-04-19 15:00:00,2258.673927406967,31.11111111111111,50,0,2,0
2021-04-19 16:00:00,2420.8822175866,31.11111111111111,50,0,2,0
2021-04-19 17:00:00,1945.0497556296639,31.11111111111111,50,0,2,0
2021-04-19 18:00:00,971.6389338267604,28.333333333333332,77,0,2,0
2021-04-19 19:00:00,1046.3803902749728,28.333333333333332,77,0,2,0
2021-04-19 20:00:00,1009.0096620508667,28.333333333333332,77,0,2,0
2021-04-19 21:00:00,896.8974773785482,28.88888888888889,79,0,2,0
2021-04-19 22:00:00,840.841385042389,28.88888888888889,79,0,2,0
2021-04-19 23:00:00,822.1560209303358,28.88888888888889,79,0,2,0
2021-04-20 00:00:00,1593.088371277626,31.11111111111111,71,0,2,0
2021-04-20 01:00:00,1593.088371277626,31.11111111111111,71,0,2,0
2021-04-20 02:00:00,1593.088371277626,31.11111111111111,71,0,2,0
2021-04-20 03:00:00,1678.7382837119071,36.111111111111114,51,0,2,0
2021-04-20 04:00:00,1798.6481611199004,36.111111111111114,51,0,2,0
2021-04-20 05:00:00,2055.597898422743,36.111111111111114,51,0,2,0
2021-04-20 09:00:00,2440.6501134533805,38.333333333333336,41,0,2,0
2021-04-20 10:00:00,2394.3246825541437,38.333333333333336,41,0,2,0
2021-04-20 11:00:00,2343.3816042019275,38.333333333333336,41,0,2,0
2021-04-20 12:00:00,2226.8977232913053,34.44444444444444,52,0,2,0
2021-04-20 13:00:00,2175.5077758307366,34.44444444444444,52,0,2,0
2021-04-20 14:00:00,2175.5077758307366,34.44444444444444,52,0,2,0
2021-04-20 15:00:00,2139.6092907930642,32.77777777777778,54,0,2,0
2021-04-20 16:00:00,2289.1614857217915,32.77777777777778,54,0,2,0
2021-04-20 17:00:00,2261.157688265018,32.77777777777778,54,0,2,0
2021-04-20 18:00:00,950.3416370968915,30.555555555555557,61,0,2,0
2021-04-20 19:00:00,1010.8179230939663,30.555555555555557,61,0,2,0
2021-04-20 20:00:00,967.6205759531986,30.555555555555557,61,0,2,0
2021-04-20 21:00:00,863.9469428153559,26.666666666666668,75,0,2,0
2021-04-20 22:00:00,760.2733096775131,26.666666666666668,75,0,2,0
2021-04-20 23:00:00,725.7154319648989,26.666666666666668,75,0,2,0
2021-04-21 00:00:00,1236.9440842253136,31.666666666666668,68,0,2,0
2021-04-21 01:00:00,1236.9440842253136,31.666666666666668,68,0,2,0
2021-04-21 02:00:00,1236.9440842253136,31.666666666666668,68,0,2,0
2021-04-21 03:00:00,1267.0609836673214,36.111111111111114,51,0,2,0
2021-04-21 04:00:00,1323.4704143682245,36.111111111111114,51,0,2,0
2021-04-21 05:00:00,1431.5088155411406,36.111111111111114,51,0,2,0
2021-04-21 09:00:00,1793.6286778795654,37.22222222222222,47,0,2,0
2021-04-21 10:00:00,1782.6336193531188,37.22222222222222,47,0,2,0
2021-04-21 11:00:00,1647.5856178869735,37.22222222222222,47,0,2,0
2021-04-21 12:00:00,1662.1660215850882,28.88888888888889,84,0,2,0
2021-04-21 13:00:00,1635.8734903261923,28.88888888888889,84,0,2,0
2021-04-21 14:00:00,1499.0328162742135,28.88888888888889,84,0,2,0
2021-04-21 15:00:00,1809.6432196463477,26.666666666666668,78,0,2,0
2021-04-21 16:00:00,1772.953187389616,26.666666666666668,78,0,2,0
2021-04-21 17:00:00,1719.0534983088803,26.666666666666668,78,0,2,0
2021-04-21 18:00:00,776.3467411717522,28.88888888888889,89,0,2,0
2021-04-21 19:00:00,748.6200718441897,28.88888888888889,89,0,2,0
2021-04-21 20:00:00,720.893402516627,28.88888888888889,89,0,2,0
2021-04-21 21:00:00,679.3033985252832,24.444444444444443,83,0,2,0
2021-04-21 22:00:00,637.7133945339393,24.444444444444443,83,0,2,0
2021-04-21 23:00:00,582.2600558788142,24.444444444444443,83,0,2,0
2021-04-22 00:00:00,699.1942699994044,29.444444444444443,64,0,2,0
2021-04-22 01:00:00,699.1942699994044,29.444444444444443,64,0,2,0
2021-04-22 02:00:00,699.1942699994044,29.444444444444443,64,0,2,0
2021-04-22 03:00:00,693.1667331890645,34.44444444444444,56,0,2,0
2021-04-22 04:00:00,693.1667331890645,34.44444444444444,56,0,2,0
2021-04-22 05:00:00,1106.8064467986262,34.44444444444444,56,0,2,0
2021-04-22 06:00:00,1597.5986315805355,36.666666666666664,43,0,2,0
2021-04-22 07:00:00,1752.2049507657487,36.666666666666664,43,0,2,0
2021-04-22 08:00:00,1855.2758302225575,36.666666666666664,43,0,2,0
2021-04-22 09:00:00,1566.5568170072863,33.333333333333336,53,0,2,0
2021-04-22 10:00:00,1736.8347318993826,33.333333333333336,53,0,2,0
2021-04-22 11:00:00,1717.8479909468124,33.333333333333336,53,0,2,0
2021-04-22 12:00:00,1717.8479909468124,30.0,62,0,2,0
2021-04-22 13:00:00,1580.4201516710675,30.0,62,0,2,0
2021-04-22 14:00:00,1549.5290255180767,30.0,62,0,2,0
2021-04-22 15:00:00,1549.5290255180767,26.666666666666668,79,0,2,0
2021-04-22 16:00:00,1685.7513574317536,26.666666666666668,79,0,2,0
2021-04-22 17:00:00,1576.954318005122,26.666666666666668,79,0,2,0
2021-04-22 18:00:00,987.3105295336416,25.555555555555557,80,0,2,0
2021-04-22 19:00:00,1022.5716198741287,25.555555555555557,80,0,2,0
2021-04-22 20:00:00,908.9525509992255,25.555555555555557,80,0,2,0
2021-04-22 21:00:00,856.5129807492702,25.555555555555557,88,0,2,0
2021-04-22 22:00:00,811.0050778312055,25.555555555555557,88,0,2,0
2021-04-22 23:00:00,758.1134423204747,25.555555555555557,88,0,2,0
2021-04-23 00:00:00,1219.9526658030627,30.555555555555557,70,0,2,0
2021-04-23 01:00:00,1202.5247705773047,30.555555555555557,70,0,2,0
2021-04-23 02:00:00,1202.5247705773047,30.555555555555557,70,0,2,0
2021-04-23 03:00:00,1192.246781085191,35.55555555555556,49,0,2,0
2021-04-23 04:00:00,1284.7486865142146,35.55555555555556,49,0,2,0
2021-04-23 05:00:00,1392.4441416272323,35.55555555555556,49,0,2,0
2021-04-23 09:00:00,1716.8711142913437,35.0,38,0,2,0
2021-04-23 10:00:00,1817.8635327790696,35.0,38,0,2,0
2021-04-23 11:00:00,1817.8635327790696,35.0,38,0,2,0
2021-04-23 12:00:00,1732.064663975338,30.555555555555557,61,0,2,0
2021-04-23 13:00:00,1747.2582136593317,30.555555555555557,61,0,2,0
2021-04-23 14:00:00,1593.088371277626,30.555555555555557,61,0,2,0
2021-04-23 15:00:00,1443.3872199794482,30.0,61,0,2,0
2021-04-23 16:00:00,1716.8711142913437,30.0,61,0,2,0
2021-04-23 17:00:00,1589.6623747802548,30.0,61,0,2,0
2021-04-23 18:00:00,975.9621326424502,27.77777777777778,80,0,2,0
2021-04-23 19:00:00,958.5342374166922,27.77777777777778,80,0,2,0
2021-04-23 20:00:00,906.2505517394181,27.77777777777778,80,0,2,0
2021-04-23 21:00:00,853.9668660621439,25.555555555555557,80,0,2,0
2021-04-23 22:00:00,801.6831803848698,25.555555555555557,80,0,2,0
2021-04-23 23:00:00,731.9715994818378,25.555555555555557,80,0,2,0
2021-04-24 00:00:00,1212.5394883466681,31.666666666666668,69,0,2,0
2021-04-24 01:00:00,1212.5394883466681,31.666666666666668,69,0,2,0
2021-04-24 02:00:00,1212.5394883466681,31.666666666666668,69,0,2,0
2021-04-24 03:00:00,1212.5394883466681,36.666666666666664,45,0,2,0
2021-04-24 04:00:00,1337.532934874876,36.666666666666664,45,0,2,0
2021-04-24 05:00:00,1472.9793080267623,36.666666666666664,45,0,2,0
2021-04-24 09:00:00,1644.7900878835571,37.22222222222222,46,0,2,0
2021-04-24 10:00:00,1644.7900878835571,37.22222222222222,46,0,2,0
2021-04-24 11:00:00,1695.1408048595843,37.22222222222222,46,0,2,0
2021-04-24 12:00:00,1710.010461042563,30.0,61,0,2,0
2021-04-24 13:00:00,1591.4948845346628,30.0,61,0,2,0
2021-04-24 14:00:00,1591.4948845346628,30.0,61,0,2,0
2021-04-24 15:00:00,1594.4393709075298,27.22222222222222,68,0,2,0
2021-04-24 16:00:00,1730.1801926967028,27.22222222222222,68,0,2,0
2021-04-24 17:00:00,648.9647965799069,27.22222222222222,68,0,2,0
2021-04-24 18:00:00,939.2911529446021,28.333333333333332,70,0,2,0
2021-04-24 19:00:00,939.2911529446021,28.333333333333332,70,0,2,0
2021-04-24 20:00:00,930.1632451887141,28.333333333333332,70,0,2,0
2021-04-24 21:00:00,844.0370187823515,25.555555555555557,80,0,2,0
2021-04-24 22:00:00,792.3612829385341,25.555555555555557,80,0,2,0
2021-04-24 23:00:00,747.016192796381,25.555555555555557,80,0,2,0
2021-04-25 00:00:00,1347.7572307919552,31.666666666666668,67,1,2,0
2021-04-25 01:00:00,1347.7572307919552,31.666666666666668,67,1,2,0
2021-04-25 02:00:00,1347.7572307919552,31.666666666666668,67,1,2,0
2021-04-25 03:00:00,1382.3151085045695,37.22222222222222,48,1,2,0
2021-04-25 04:00:00,1438.9185288959204,37.22222222222222,48,1,2,0
2021-04-25 05:00:00,1524.5684413302013,37.22222222222222,48,1,2,0
2021-04-25 12:00:00,1783.0077423275536,33.333333333333336,53,1,2,0
2021-04-25 13:00:00,1783.0077423275536,33.333333333333336,53,1,2,0
2021-04-25 14:00:00,1698.1026117405272,33.333333333333336,53,1,2,0
2021-04-25 15:00:00,1884.893899031985,28.88888888888889,64,1,2,0
2021-04-25 16:00:00,1935.6880210147501,28.88888888888889,64,1,2,0
2021-04-25 17:00:00,1644.4783187381947,28.88888888888889,64,1,2,0
2021-04-25 18:00:00,941.1063421909342,26.666666666666668,75,1,2,0
2021-04-25 19:00:00,975.9621326424502,26.666666666666668,75,1,2,0
2021-04-25 20:00:00,915.7837593842772,26.666666666666668,75,1,2,0
2021-04-25 21:00:00,846.6680039590487,27.22222222222222,69,1,2,0
2021-04-25 22:00:00,794.8311873901274,27.22222222222222,69,1,2,0
2021-04-25 23:00:00,742.9943708212061,27.22222222222222,69,1,2,0
2021-04-26 00:00:00,1349.3645739413791,32.22222222222222,53,0,2,0
2021-04-26 01:00:00,1349.3645739413791,32.22222222222222,53,0,2,0
2021-04-26 02:00:00,1349.3645739413791,32.22222222222222,53,0,2,0
2021-04-26 03:00:00,1349.3645739413791,37.77777777777778,36,0,2,0
2021-04-26 04:00:00,1404.8179125965044,37.77777777777778,36,0,2,0
2021-04-26 05:00:00,1616.7516494106321,37.77777777777778,36,0,2,0
2021-04-26 09:00:00,1998.7104216989514,37.77777777777778,31,0,2,0
2021-04-26 10:00:00,1980.7040215034654,37.77777777777778,31,0,2,0
2021-04-26 11:00:00,1980.7040215034654,37.77777777777778,31,0,2,0
2021-04-26 12:00:00,1889.2378824573682,31.666666666666668,50,0,2,0
2021-04-26 13:00:00,1602.5696173982585,31.666666666666668,50,0,2,0
2021-04-26 14:00:00,1429.3576084381402,31.666666666666668,50,0,2,0
2021-04-26 15:00:00,1441.7868050332545,30.555555555555557,43,0,2,0
2021-04-26 16:00:00,1774.5068369640055,30.555555555555557,43,0,2,0
2021-04-26 17:00:00,1584.7225658770685,30.555555555555557,43,0,2,0
2021-04-26 18:00:00,1006.7649242042553,27.77777777777778,67,0,2,0
2021-04-26 19:00:00,969.4773344189125,27.77777777777778,67,0,2,0
2021-04-26 20:00:00,932.1897446335696,27.77777777777778,67,0,2,0
2021-04-26 21:00:00,876.2583599555554,27.77777777777778,44,0,2,0
2021-04-26 22:00:00,813.3156336085025,27.77777777777778,44,0,2,0
2021-04-26 23:00:00,776.3467411717523,27.77777777777778,44,0,2,0
2021-04-27 00:00:00,1199.0797215210503,28.88888888888889,63,0,2,0
2021-04-27 01:00:00,1199.0797215210503,28.88888888888889,63,0,2,0
2021-04-27 02:00:00,1199.0797215210503,28.88888888888889,63,0,2,0
2021-04-27 03:00:00,1199.0797215210503,33.888888888888886,45,0,2,0
2021-04-27 04:00:00,1403.2105694470804,33.888888888888886,45,0,2,0
2021-04-27 05:00:00,1556.770729944522,33.888888888888886,45,0,2,0
2021-04-27 09:00:00,1723.7716047086979,36.111111111111114,42,0,2,0
2021-04-27 10:00:00,1666.3125512184079,36.111111111111114,42,0,2,0
2021-04-27 11:00:00,1666.3125512184079,36.111111111111114,42,0,2,0
2021-04-27 12:00:00,1642.2872744666201,29.444444444444443,56,0,2,0
2021-04-27 13:00:00,1565.0031674328968,29.444444444444443,56,0,2,0
2021-04-27 14:00:00,1565.0031674328968,29.444444444444443,56,0,2,0
2021-04-27 15:00:00,1608.853497728118,26.666666666666668,65,0,2,0
2021-04-27 16:00:00,1608.853497728118,26.666666666666668,65,0,2,0
2021-04-27 17:00:00,1608.853497728118,26.666666666666668,65,0,2,0
2021-04-27 18:00:00,1140.1085876757527,30.0,43,0,2,0
2021-04-27 19:00:00,1100.7944984455544,30.0,43,0,2,0
2021-04-27 20:00:00,1041.8233646002568,30.0,43,0,2,0
2021-04-27 21:00:00,982.8522307549592,25.555555555555557,78,0,2,0
2021-04-27 22:00:00,904.2240522945625,25.555555555555557,78,0,2,0
2021-04-27 23:00:00,825.5958738341658,25.555555555555557,78,0,2,0
2021-04-28 00:00:00,1221.7955678623161,31.666666666666668,56,0,2,0
2021-04-28 01:00:00,1221.7955678623161,31.666666666666668,56,0,2,0
2021-04-28 02:00:00,1221.7955678623161,31.666666666666668,56,0,2,0
2021-04-28 03:00:00,1271.0204518134235,37.77777777777778,31,0,2,0
2021-04-28 04:00:00,1299.5369363092375,37.77777777777778,31,0,2,0
2021-04-28 05:00:00,1122.3273540852506,37.77777777777778,31,0,2,0
2021-04-28 12:00:00,1555.5063328549966,31.11111111111111,53,0,2,0
2021-04-28 13:00:00,1535.8163792745536,31.11111111111111,53,0,2,0
2021-04-28 14:00:00,1561.6170081040996,31.11111111111111,53,0,2,0
2021-04-28 15:00:00,1664.1405595057167,28.88888888888889,58,0,2,0
2021-04-28 16:00:00,1722.191974372195,28.88888888888889,58,0,2,0
2021-04-28 17:00:00,1575.1962864354396,28.88888888888889,58,0,2,0
2021-04-28 18:00:00,1132.0025898963304,28.333333333333332,58,0,2,0
2021-04-28 19:00:00,1112.1428953367456,28.333333333333332,58,0,2,0
2021-04-28 20:00:00,1092.283200777161,28.333333333333332,58,0,2,0
2021-04-28 21:00:00,992.9847279792372,26.11111111111111,69,0,2,0
2021-04-28 22:00:00,913.5459497408982,26.11111111111111,69,0,2,0
2021-04-28 23:00:00,834.1071715025593,26.11111111111111,69,0,2,0
2021-04-29 00:00:00,1137.998949792134,32.77777777777778,52,0,2,0
2021-04-29 01:00:00,1137.998949792134,32.77777777777778,52,0,2,0
2021-04-29 02:00:00,1137.998949792134,32.77777777777778,52,0,2,0
2021-04-29 03:00:00,1137.998949792134,37.77777777777778,36,0,2,0
2021-04-29 04:00:00,1186.7180749074312,37.77777777777778,36,0,2,0
2021-04-29 05:00:00,1350.168245516091,37.77777777777778,36,0,2,0
2021-04-29 12:00:00,1453.2599095825906,31.666666666666668,40,0,2,0
2021-04-29 13:00:00,1510.625432329272,31.666666666666668,40,0,2,0
2021-04-29 14:00:00,1587.1127959915134,31.666666666666668,40,0,2,0
2021-04-29 15:00:00,1587.1127959915134,28.333333333333332,54,0,2,0
2021-04-29 16:00:00,1446.6088344815262,28.333333333333332,54,0,2,0
2021-04-29 17:00:00,1350.168245516091,28.333333333333332,54,0,2,0
2021-04-29 18:00:00,1069.9917068837494,28.333333333333332,61,0,2,0
2021-04-29 19:00:00,1089.4461015543632,28.333333333333332,61,0,2,0
2021-04-29 20:00:00,1069.9917068837494,28.333333333333332,61,0,2,0
2021-04-29 21:00:00,972.7197335306813,25.555555555555557,67,0,2,0
2021-04-29 22:00:00,894.9021548482268,25.555555555555557,67,0,2,0
2021-04-29 23:00:00,817.0845761657723,25.555555555555557,67,0,2,0
2021-04-30 00:00:00,1137.998949792134,31.666666666666668,49,0,2,0
2021-04-30 01:00:00,1137.998949792134,31.666666666666668,49,0,2,0
2021-04-30 02:00:00,1137.998949792134,31.666666666666668,49,0,2,0
2021-04-30 03:00:00,1137.998949792134,37.77777777777778,40,0,2,0
2021-04-30 04:00:00,1128.3548908955904,37.77777777777778,40,0,2,0
2021-04-30 05:00:00,1128.3548908955904,37.77777777777778,40,0,2,0
2021-04-30 09:00:00,1682.7220005693155,38.333333333333336,38,0,2,0
2021-04-30 10:00:00,1644.4783187381947,38.333333333333336,38,0,2,0
2021-04-30 11:00:00,1529.747273244832,38.333333333333336,38,0,2,0
2021-04-30 12:00:00,1485.1850700677,33.888888888888886,50,0,2,0
2021-04-30 13:00:00,1485.1850700677,33.888888888888886,50,0,2,0
2021-04-30 14:00:00,1485.1850700677,33.888888888888886,50,0,2,0
2021-04-30 15:00:00,1562.337541240048,31.666666666666668,57,0,2,0
2021-04-30 16:00:00,1625.3564778226344,31.666666666666668,57,0,2,0
2021-04-30 17:00:00,1253.727656550656,31.666666666666668,57,0,2,0
2021-04-30 18:00:00,1089.4461015543632,27.77777777777778,59,0,2,0
2021-04-30 19:00:00,1089.4461015543632,27.77777777777778,59,0,2,0
2021-04-30 20:00:00,1069.9917068837494,27.77777777777778,59,0,2,0
2021-04-30 21:00:00,972.7197335306813,26.666666666666668,80,0,2,0
2021-04-30 22:00:00,894.9021548482268,26.666666666666668,80,0,2,0
2021-04-30 23:00:00,817.0845761657723,26.666666666666668,80,0,2,0
2021-05-01 00:00:00,1098.7576066958534,32.22222222222222,59,0,2,0
2021-05-01 01:00:00,1098.7576066958534,32.22222222222222,59,0,2,0
2021-05-01 02:00:00,1245.081258919272,32.22222222222222,59,0,2,0
2021-05-01 03:00:00,1234.439538757569,36.666666666666664,44,0,2,0
2021-05-01 04:00:00,1234.439538757569,36.666666666666664,44,0,2,0
2021-05-01 05:00:00,1292.30389213683,36.666666666666664,44,0,2,0
2021-05-01 06:00:00,1303.444442931113,37.77777777777778,40,0,2,0
2021-05-01 07:00:00,1478.5339949666354,37.77777777777778,40,0,2,0
2021-05-01 08:00:00,1639.4900124123963,37.77777777777778,40,0,2,0
2021-05-01 09:00:00,1581.6256590331352,36.111111111111114,44,0,2,0
2021-05-01 10:00:00,1485.1850700677,36.111111111111114,44,0,2,0
2021-05-01 11:00:00,1446.6088344815262,36.111111111111114,44,0,2,0
2021-05-01 12:00:00,1446.6088344815262,32.77777777777778,49,0,2,0
2021-05-01 13:00:00,1497.9883896372492,32.77777777777778,49,0,2,0
2021-05-01 14:00:00,1400.716416284181,32.77777777777778,49,0,2,0
2021-05-01 15:00:00,1587.1127959915134,31.666666666666668,55,0,2,0
2021-05-01 16:00:00,1781.8230195751764,31.666666666666668,55,0,2,0
2021-05-01 17:00:00,1446.6088344815262,31.666666666666668,55,0,2,0
2021-05-01 18:00:00,1089.4461015543632,30.555555555555557,62,0,2,0
2021-05-01 19:00:00,1089.4461015543632,30.555555555555557,62,0,2,0
2021-05-01 20:00:00,1050.537312213136,30.555555555555557,62,0,2,0
2021-05-01 21:00:00,992.1741282012949,25.555555555555557,70,0,2,0
2021-05-01 22:00:00,875.4477601776132,25.555555555555557,70,0,2,0
2021-05-01 23:00:00,855.9933655069996,25.555555555555557,70,0,2,0
2021-05-02 00:00:00,1241.8250034010427,31.11111111111111,53,1,2,0
2021-05-02 01:00:00,1281.8838744784957,31.11111111111111,53,1,2,0
2021-05-02 02:00:00,1281.8838744784957,31.11111111111111,53,1,2,0
2021-05-02 03:00:00,1281.8838744784957,35.55555555555556,47,1,2,0
2021-05-02 04:00:00,1271.0204518134235,35.55555555555556,47,1,2,0
2021-05-02 05:00:00,1161.7072612461368,35.55555555555556,47,1,2,0
2021-05-02 06:00:00,1201.0871684070228,35.55555555555556,47,1,2,0
2021-05-02 07:00:00,1424.975519894991,35.55555555555556,47,1,2,0
2021-05-02 08:00:00,1620.1776459080033,35.55555555555556,47,1,2,0
2021-05-02 09:00:00,1503.0563703001958,32.22222222222222,56,1,2,0
2021-05-02 10:00:00,1496.4364721136676,32.22222222222222,56,1,2,0
2021-05-02 11:00:00,1614.5761935963255,32.22222222222222,56,1,2,0
2021-05-02 12:00:00,1535.8163792745536,32.22222222222222,53,1,2,0
2021-05-02 13:00:00,1535.8163792745536,32.22222222222222,53,1,2,0
2021-05-02 14:00:00,1535.8163792745536,32.22222222222222,53,1,2,0
2021-05-02 15:00:00,1457.0565649527816,30.555555555555557,47,1,2,0
2021-05-02 16:00:00,1522.5765829014972,30.555555555555557,47,1,2,0
2021-05-02 17:00:00,1417.6766577918957,30.555555555555557,47,1,2,0
2021-05-02 18:00:00,1032.7041170984066,29.444444444444443,61,1,2,0
2021-05-02 19:00:00,1072.4235062175762,29.444444444444443,61,1,2,0
2021-05-02 20:00:00,1072.4235062175762,29.444444444444443,61,1,2,0
2021-05-02 21:00:00,1012.844422538822,26.11111111111111,74,1,2,0
2021-05-02 22:00:00,893.6862551813134,26.11111111111111,74,1,2,0
2021-05-02 23:00:00,873.8265606217287,26.11111111111111,74,1,2,1
2021-05-03 00:00:00,1098.7576066958534,27.77777777777778,77,0,2,1
2021-05-03 01:00:00,700.3582081420905,27.77777777777778,77,0,2,0
2021-05-03 02:00:00,700.3582081420905,27.77777777777778,77,0,2,0
2021-05-03 03:00:00,700.3582081420905,35.0,44,0,2,0
2021-05-03 04:00:00,700.3582081420905,35.0,44,0,2,0
2021-05-03 05:00:00,700.3582081420905,35.0,44,0,2,0
2021-05-03 06:00:00,1253.727656550656,37.77777777777778,35,0,2,0
2021-05-03 07:00:00,1177.2402928884146,37.77777777777778,35,0,2,0
2021-05-03 08:00:00,1206.1724695780447,37.77777777777778,35,0,2,0
2021-05-03 09:00:00,1215.1514209644818,35.55555555555556,41,0,2,0
2021-05-03 10:00:00,1157.2870675852207,35.55555555555556,41,0,2,0
2021-05-03 11:00:00,1167.2636802368177,35.55555555555556,41,0,2,0
2021-05-03 12:00:00,1196.8609644365547,31.11111111111111,55,0,2,0
2021-05-03 13:00:00,1137.998949792134,31.11111111111111,55,0,2,0
2021-05-03 14:00:00,1177.2402928884146,31.11111111111111,55,0,2,0
2021-05-03 15:00:00,1236.1023075328353,30.0,58,0,2,0
2021-05-03 16:00:00,1264.5356535898857,30.0,58,0,2,0
2021-05-03 17:00:00,1177.2402928884146,30.0,58,0,2,0
2021-05-03 18:00:00,1031.0829175425222,26.666666666666668,75,0,2,0
2021-05-03 19:00:00,1050.537312213136,26.666666666666668,75,0,2,0
2021-05-03 20:00:00,1069.9917068837494,26.666666666666668,75,0,2,0
2021-05-03 21:00:00,1050.537312213136,26.666666666666668,75,0,2,0
2021-05-03 22:00:00,972.7197335306813,31.11111111111111,63,0,2,0
2021-05-03 23:00:00,933.8109441894541,31.11111111111111,63,0,2,0
2021-05-04 00:00:00,1075.8668232230232,31.11111111111111,63,0,2,0
2021-05-04 01:00:00,1075.8668232230232,31.11111111111111,63,0,2,0
2021-05-04 02:00:00,1075.8668232230232,31.11111111111111,63,0,2,0
2021-05-04 03:00:00,1104.8474973352654,36.111111111111114,46,0,2,0
2021-05-04 04:00:00,1170.9494843553243,36.111111111111114,46,0,2,0
2021-05-04 05:00:00,1217.0254999382714,36.111111111111114,46,0,2,0
2021-05-04 06:00:00,1227.6083303725172,38.333333333333336,42,0,2,0
2021-05-04 07:00:00,1440.893066816549,38.333333333333336,42,0,2,0
2021-05-04 08:00:00,1359.8123044126346,38.333333333333336,42,0,2,0
2021-05-04 09:00:00,1366.813253776828,36.666666666666664,46,0,2,0
2021-05-04 10:00:00,1492.0162784527517,36.666666666666664,46,0,2,0
2021-05-04 11:00:00,1325.621621471225,36.666666666666664,46,0,2,0
2021-05-04 12:00:00,1248.7739912410088,32.77777777777778,58,0,2,0
2021-05-04 13:00:00,1248.7739912410088,32.77777777777778,58,0,2,0
2021-05-04 14:00:00,1333.4366347149755,32.77777777777778,58,0,2,0
2021-05-04 15:00:00,1333.4366347149755,31.666666666666668,57,0,2,0
2021-05-04 16:00:00,1510.9025604584829,31.666666666666668,57,0,2,0
2021-05-04 17:00:00,1284.2671763897104,31.666666666666668,57,0,2,0
2021-05-04 18:00:00,1047.700212990338,25.555555555555557,77,0,2,0
2021-05-04 19:00:00,1047.700212990338,25.555555555555557,77,0,2,0
2021-05-04 20:00:00,933.4056443004829,25.555555555555557,77,0,2,0
2021-05-04 21:00:00,857.2092651739129,27.77777777777778,77,0,2,0
2021-05-04 22:00:00,838.1601703922704,27.77777777777778,77,0,2,0
2021-05-04 23:00:00,819.1110756106278,27.77777777777778,77,0,2,0
2021-05-05 00:00:00,1171.926361010793,29.444444444444443,80,0,2,0
2021-05-05 01:00:00,1171.926361010793,29.444444444444443,80,0,2,0
2021-05-05 02:00:00,1171.926361010793,29.444444444444443,80,0,2,0
2021-05-05 03:00:00,1171.926361010793,32.77777777777778,60,0,2,0
2021-05-05 04:00:00,1238.191160806763,32.77777777777778,60,0,2,0
2021-05-05 05:00:00,1104.8474973352654,32.77777777777778,60,0,2,0
2021-05-05 06:00:00,1104.8474973352654,36.111111111111114,51,0,2,0
2021-05-05 07:00:00,1402.469251701441,36.111111111111114,51,0,2,0
2021-05-05 08:00:00,1371.5348242782604,36.111111111111114,51,0,2,0
2021-05-05 09:00:00,1447.7312034048305,37.22222222222222,51,0,2,0
2021-05-05 10:00:00,1666.3887614539408,37.22222222222222,51,0,2,0
2021-05-05 11:00:00,1567.561406475676,37.22222222222222,51,0,2,0
2021-05-05 12:00:00,1485.8293929681156,32.22222222222222,61,0,2,0
2021-05-05 13:00:00,1485.8293929681156,32.22222222222222,61,0,2,0
2021-05-05 14:00:00,1485.8293929681156,32.22222222222222,61,0,2,0
2021-05-05 15:00:00,1397.5848684240966,30.0,65,0,2,0
2021-05-05 16:00:00,1492.0162784527517,30.0,65,0,2,0
2021-05-05 17:00:00,1485.8293929681156,30.0,65,0,2,0
2021-05-05 18:00:00,1390.583919059903,28.88888888888889,67,0,2,0
2021-05-05 19:00:00,1390.583919059903,28.88888888888889,67,0,2,0
2021-05-05 20:00:00,1333.4366347149755,28.88888888888889,67,0,2,0
2021-05-05 21:00:00,1333.4366347149755,28.88888888888889,67,0,2,0
2021-05-05 22:00:00,1219.1420660251206,30.555555555555557,70,0,2,0
2021-05-05 23:00:00,1104.8474973352654,30.555555555555557,70,0,2,0
2021-05-06 00:00:00,1208.722048366786,30.555555555555557,70,0,2,0
2021-05-06 01:00:00,963.2003822922828,30.555555555555557,70,0,2,0
2021-05-06 02:00:00,963.2003822922828,30.555555555555557,70,0,2,0
2021-05-06 03:00:00,963.2003822922828,37.22222222222222,48,0,2,0
2021-05-06 04:00:00,1142.9456868985505,37.22222222222222,48,0,2,0
2021-05-06 05:00:00,1189.835766361055,37.22222222222222,48,0,2,0
2021-05-06 09:00:00,571.4728434492753,37.22222222222222,46,0,2,1
2021-05-06 10:00:00,1076.518074326669,37.22222222222222,46,0,2,1
2021-05-06 11:00:00,1718.651662521524,37.22222222222222,46,0,2,0
2021-05-06 12:00:00,1624.220252492869,32.22222222222222,64,0,2,0
2021-05-06 13:00:00,1562.0257720946856,32.22222222222222,64,0,2,0
2021-05-06 14:00:00,1510.9025604584829,32.22222222222222,64,0,2,0
2021-05-06 15:00:00,1473.1299964470206,31.11111111111111,65,0,2,0
2021-05-06 16:00:00,1355.416359463025,31.11111111111111,65,0,2,0
2021-05-06 17:00:00,1333.4366347149755,31.11111111111111,65,0,2,0
2021-05-06 18:00:00,1104.8474973352654,28.333333333333332,77,0,2,0
2021-05-06 19:00:00,1066.7493077719805,28.333333333333332,77,0,2,0
2021-05-06 20:00:00,1047.700212990338,28.333333333333332,77,0,2,0
2021-05-06 21:00:00,1028.6511182086956,28.333333333333332,67,0,2,0
2021-05-06 22:00:00,952.4547390821253,28.333333333333332,67,0,2,0
2021-05-06 23:00:00,838.1601703922704,28.333333333333332,67,0,2,0
2021-05-07 00:00:00,1232.1116624721963,30.0,72,0,2,0
2021-05-07 01:00:00,1193.60817301994,30.0,72,0,2,0
2021-05-07 02:00:00,1193.60817301994,30.0,72,0,2,0
2021-05-07 03:00:00,1174.356428293812,34.44444444444444,55,0,2,0
2021-05-07 04:00:00,1164.3191938639504,34.44444444444444,55,0,2,0
2021-05-07 05:00:00,1450.627192355086,34.44444444444444,55,0,2,0
2021-05-07 06:00:00,1184.393662723674,38.333333333333336,41,0,2,0
2021-05-07 07:00:00,1347.6221308289646,38.333333333333336,41,0,2,0
2021-05-07 08:00:00,1309.1186413767084,38.333333333333336,41,0,2,0
2021-05-07 09:00:00,1386.1256202812208,36.111111111111114,51,0,2,0
2021-05-07 10:00:00,1424.629109733477,36.111111111111114,51,0,2,0
2021-05-07 11:00:00,1679.673591147994,36.111111111111114,51,0,2,0
2021-05-07 12:00:00,1589.5030261059585,32.22222222222222,49,0,2,0
2021-05-07 13:00:00,1438.1217855244386,32.22222222222222,49,0,2,0
2021-05-07 14:00:00,1425.6163786937914,32.22222222222222,49,0,2,0
2021-05-07 15:00:00,1425.6163786937914,31.11111111111111,58,0,2,0
2021-05-07 16:00:00,1481.8907094317042,31.11111111111111,58,0,2,0
2021-05-07 17:00:00,1406.8582684478204,31.11111111111111,58,0,2,0
2021-05-07 18:00:00,1173.2046145067789,30.0,65,0,2,0
2021-05-07 19:00:00,1145.2319939645415,30.0,65,0,2,0
2021-05-07 20:00:00,1068.8831943669054,30.0,65,0,2,0
2021-05-07 21:00:00,1030.7087945680873,29.444444444444443,69,0,2,0
2021-05-07 22:00:00,916.1855951716332,29.444444444444443,69,0,2,0
2021-05-07 23:00:00,832.5968231983592,29.444444444444443,69,0,2,0
2021-05-08 00:00:00,1138.5185650344047,29.444444444444443,76,0,2,0
2021-05-08 01:00:00,1138.5185650344047,29.444444444444443,76,0,2,0
2021-05-08 02:00:00,1193.6081730199403,29.444444444444443,76,0,2,0
2021-05-08 03:00:00,1267.0609836673214,34.44444444444444,59,0,2,0
2021-05-08 04:00:00,1340.5137943147024,34.44444444444444,59,0,2,0
2021-05-08 05:00:00,1426.3698207950838,34.44444444444444,59,0,2,0
2021-05-08 06:00:00,1278.1755536994908,38.333333333333336,44,0,2,0
2021-05-08 07:00:00,1259.6512703125418,38.333333333333336,44,0,2,0
2021-05-08 08:00:00,1083.7511184990767,38.333333333333336,44,0,2,0
2021-05-08 09:00:00,1289.2901237316603,37.77777777777778,43,0,2,0
2021-05-08 10:00:00,1518.9912377298297,37.77777777777778,43,0,2,0
2021-05-08 11:00:00,1444.894104182033,37.77777777777778,43,0,2,0
2021-05-08 12:00:00,1352.2726872472874,32.77777777777778,56,0,2,0
2021-05-08 13:00:00,1352.2726872472874,32.77777777777778,56,0,2,0
2021-05-08 14:00:00,1352.2726872472874,32.77777777777778,56,0,2,0
2021-05-08 15:00:00,1505.7826182713095,31.666666666666668,65,0,2,0
2021-05-08 16:00:00,1726.1410502134524,31.666666666666668,65,0,2,0
2021-05-08 17:00:00,1481.9426709559314,31.666666666666668,65,0,2,0
2021-05-08 18:00:00,952.9535697147055,30.0,70,0,2,0
2021-05-08 19:00:00,1065.0657543870236,30.0,70,0,2,0
2021-05-08 20:00:00,1046.3803902749705,30.0,70,0,2,0
2021-05-08 21:00:00,1009.0096620508646,28.333333333333332,77,0,2,0
2021-05-08 22:00:00,896.8974773785462,28.333333333333332,77,0,2,0
2021-05-08 23:00:00,810.397127997749,28.333333333333332,77,0,2,0
2021-05-09 00:00:00,1330.5995354921777,31.666666666666668,68,1,2,0
2021-05-09 01:00:00,1330.5995354921777,31.666666666666668,68,1,2,0
2021-05-09 02:00:00,1330.5995354921777,31.666666666666668,68,1,2,0
2021-05-09 03:00:00,1338.9168434701237,37.22222222222222,46,1,2,0
2021-05-09 04:00:00,1338.9168434701237,37.22222222222222,46,1,2,0
2021-05-09 05:00:00,1327.3744568884847,37.22222222222222,46,1,2,0
2021-05-09 09:00:00,839.3691418559536,37.77777777777778,44,1,2,0
2021-05-09 10:00:00,839.3691418559536,37.77777777777778,44,1,2,0
2021-05-09 11:00:00,1431.9349000398026,37.77777777777778,44,1,2,0
2021-05-09 12:00:00,1299.5369363092375,33.888888888888886,56,1,2,0
2021-05-09 13:00:00,1457.0565649527816,33.888888888888886,56,1,2,0
2021-05-09 14:00:00,1600.657433306702,33.888888888888886,56,1,2,0
2021-05-09 15:00:00,1600.657433306702,31.666666666666668,63,1,2,0
2021-05-09 16:00:00,1683.491031127876,31.666666666666668,63,1,2,0
2021-05-09 17:00:00,1683.491031127876,31.666666666666668,63,1,2,0
2021-05-09 18:00:00,1092.283200777161,30.0,66,1,2,0
2021-05-09 19:00:00,1112.1428953367456,30.0,66,1,2,0
2021-05-09 20:00:00,1102.6374005048076,30.0,66,1,2,0
2021-05-09 21:00:00,1043.5675397634786,29.444444444444443,69,1,2,0
2021-05-09 22:00:00,905.7378647003777,29.444444444444443,69,1,2,0
2021-05-09 23:00:00,873.8265606217287,29.444444444444443,69,1,2,0
2021-05-10 00:00:00,1163.1015621462295,32.22222222222222,66,0,2,0
2021-05-10 01:00:00,1163.1015621462295,32.22222222222222,66,0,2,0
2021-05-10 02:00:00,1163.1015621462295,32.22222222222222,66,0,2,0
2021-05-10 03:00:00,1335.4319572452953,36.111111111111114,53,0,2,0
2021-05-10 04:00:00,1456.8348624494129,36.111111111111114,53,0,2,0
2021-05-10 05:00:00,1511.706232033195,36.111111111111114,53,0,2,0
2021-05-10 09:00:00,1419.7966879803598,25.555555555555557,93,0,2,0
2021-05-10 10:00:00,1642.0257347946772,25.555555555555557,93,0,2,0
2021-05-10 11:00:00,1466.0944060666761,25.555555555555557,93,0,2,0
2021-05-10 12:00:00,1446.5464806524537,27.22222222222222,96,0,2,0
2021-05-10 13:00:00,1340.9190942036735,27.22222222222222,96,0,2,0
2021-05-10 14:00:00,1262.0415004269867,27.22222222222222,96,0,2,0
2021-05-10 15:00:00,1262.0415004269867,27.22222222222222,95,0,2,0
2021-05-10 16:00:00,1273.015774343743,27.22222222222222,95,0,2,0
2021-05-10 17:00:00,1273.015774343743,27.22222222222222,95,0,2,0
2021-05-10 18:00:00,1103.4289477238667,30.0,65,0,2,0
2021-05-10 19:00:00,1143.5536367320074,30.0,65,0,2,0
2021-05-10 20:00:00,1123.491292227937,30.0,65,0,2,0
2021-05-10 21:00:00,1063.304258715726,27.77777777777778,78,0,2,0
2021-05-10 22:00:00,1003.1172252035151,27.77777777777778,78,0,2,0
2021-05-10 23:00:00,882.7431581790933,27.77777777777778,78,0,2,0
2021-05-11 00:00:00,1098.7576066958534,31.11111111111111,87,0,2,0
2021-05-11 01:00:00,1089.4461015543632,31.11111111111111,87,0,2,0
2021-05-11 02:00:00,1089.4461015543632,31.11111111111111,87,0,2,0
2021-05-11 03:00:00,1089.4461015543632,35.55555555555556,97,0,2,0
2021-05-11 04:00:00,1089.4461015543632,35.55555555555556,97,0,2,0
2021-05-11 05:00:00,1167.2636802368177,35.55555555555556,97,0,2,0
2021-05-11 06:00:00,1361.8076269429537,32.77777777777778,100,0,2,0
2021-05-11 07:00:00,1334.2056652735362,32.77777777777778,100,0,2,0
2021-05-11 08:00:00,1412.6883514660974,32.77777777777778,100,0,2,0
2021-05-11 09:00:00,1491.1710376586582,32.77777777777778,100,0,2,0
2021-05-11 10:00:00,1510.625432329272,32.77777777777778,100,0,2,0
2021-05-11 11:00:00,1587.1127959915134,32.77777777777778,100,0,2,0
2021-05-11 12:00:00,1504.473187860787,30.0,94,0,2,0
2021-05-11 13:00:00,1504.473187860787,30.0,94,0,2,0
2021-05-11 14:00:00,1011.6285228719086,30.0,94,0,2,0
2021-05-11 15:00:00,1245.081258919272,28.333333333333332,91,0,2,0
2021-05-11 16:00:00,1369.456363309178,28.333333333333332,91,0,2,0
2021-05-11 17:00:00,1322.8988376017264,28.333333333333332,91,0,2,0
2021-05-11 18:00:00,953.2653388600677,27.22222222222222,81,0,2,0
2021-05-11 19:00:00,1069.9917068837494,27.22222222222222,81,0,2,0
2021-05-11 20:00:00,1137.998949792134,27.22222222222222,81,0,2,0
2021-05-11 21:00:00,1089.4461015543632,25.555555555555557,76,0,2,0
2021-05-11 22:00:00,1050.537312213136,25.555555555555557,76,0,2,0
2021-05-11 23:00:00,972.7197335306813,25.555555555555557,76,0,2,0
2021-05-12 00:00:00,1140.1085876757527,30.555555555555557,69,0,2,0
2021-05-12 01:00:00,1140.1085876757527,30.555555555555557,69,0,2,0
2021-05-12 02:00:00,1140.1085876757527,30.555555555555557,69,0,2,0
2021-05-12 03:00:00,1140.1085876757527,36.111111111111114,56,0,2,0
2021-05-12 04:00:00,1169.3421412059001,36.111111111111114,56,0,2,0
2021-05-12 05:00:00,1275.1877660564344,36.111111111111114,56,0,2,0
2021-05-12 09:00:00,1481.1667121941405,38.333333333333336,46,0,2,0
2021-05-12 10:00:00,1578.6118906279653,38.333333333333336,46,0,2,0
2021-05-12 11:00:00,1584.3241941913275,38.333333333333336,46,0,2,0
2021-05-12 12:00:00,1442.1886408206103,34.44444444444444,61,0,2,0
2021-05-12 13:00:00,1403.2105694470804,34.44444444444444,61,0,2,0
2021-05-12 14:00:00,1526.361113916035,34.44444444444444,61,0,2,0
2021-05-12 15:00:00,1551.3944442378283,32.77777777777778,63,0,2,0
2021-05-12 16:00:00,1487.7190603991735,32.77777777777778,63,0,2,0
2021-05-12 17:00:00,1461.6776765073753,32.77777777777778,63,0,2,0
2021-05-12 18:00:00,982.8522307549592,27.22222222222222,72,0,2,0
2021-05-12 19:00:00,1100.7944984455544,27.22222222222222,72,0,2,0
2021-05-12 20:00:00,1130.3640698323702,27.22222222222222,72,0,2,0
2021-05-12 21:00:00,1091.3859984588403,29.444444444444443,79,0,2,0
2021-05-12 22:00:00,1081.1374538304551,29.444444444444443,79,0,2,0
2021-05-12 23:00:00,943.5381415247608,29.444444444444443,79,0,2,0
2021-05-13 00:00:00,1123.491292227937,32.77777777777778,60,0,2,0
2021-05-13 01:00:00,1123.491292227937,32.77777777777778,60,0,2,0
2021-05-13 02:00:00,1123.491292227937,32.77777777777778,60,0,2,0
2021-05-13 03:00:00,1312.7975172919848,37.22222222222222,33,0,2,0
2021-05-13 04:00:00,1392.3610031884689,37.22222222222222,33,0,2,0
2021-05-13 05:00:00,1419.7966879803598,37.22222222222222,33,0,2,0
2021-05-13 09:00:00,1544.2861077235655,37.77777777777778,23,0,2,0
2021-05-13 10:00:00,1544.2861077235655,37.77777777777778,23,0,2,0
2021-05-13 11:00:00,1538.11307864539,37.77777777777778,23,0,2,0
2021-05-13 12:00:00,1432.142746136711,33.888888888888886,44,0,2,0
2021-05-13 13:00:00,1352.5792602402269,33.888888888888886,44,0,2,0
2021-05-13 14:00:00,1459.2354848687032,33.888888888888886,44,0,2,0
2021-05-13 15:00:00,1538.11307864539,32.22222222222222,42,0,2,0
2021-05-13 16:00:00,1538.11307864539,32.22222222222222,42,0,2,0
2021-05-13 17:00:00,1538.11307864539,32.22222222222222,42,0,2,0
2021-05-13 18:00:00,1063.304258715726,30.555555555555557,73,0,2,0
2021-05-13 19:00:00,1123.491292227937,30.555555555555557,73,0,2,0
2021-05-13 20:00:00,1103.4289477238667,30.555555555555557,73,0,2,0
2021-05-13 21:00:00,1063.304258715726,28.88888888888889,69,0,2,0
2021-05-13 22:00:00,983.0548806994448,28.88888888888889,69,0,2,0
2021-05-13 23:00:00,882.7431581790933,28.88888888888889,69,0,2,0
2021-05-14 00:00:00,1031.9246942350007,32.22222222222222,70,0,2,0
2021-05-14 01:00:00,1031.9246942350007,32.22222222222222,70,0,2,0
2021-05-14 02:00:00,1023.1795697075855,32.22222222222222,70,0,2,0
2021-05-14 03:00:00,1023.1795697075855,37.77777777777778,40,0,2,0
2021-05-14 04:00:00,1023.1795697075855,37.77777777777778,40,0,2,0
2021-05-14 05:00:00,1213.34315992138,37.77777777777778,40,0,2,0
2021-05-14 09:00:00,1478.954883312875,34.44444444444444,41,0,2,0
2021-05-14 10:00:00,1563.8340331377879,34.44444444444444,41,0,2,0
2021-05-14 11:00:00,1459.2354848687032,34.44444444444444,41,0,2,0
2021-05-14 12:00:00,1491.8153605590737,32.22222222222222,52,0,2,0
2021-05-14 13:00:00,1408.4794680037048,32.22222222222222,52,0,2,0
2021-05-14 14:00:00,1471.9244890849527,32.22222222222222,52,0,2,0
2021-05-14 15:00:00,1304.0523927645695,29.444444444444443,58,0,2,0
2021-05-14 16:00:00,1304.0523927645695,29.444444444444443,58,0,2,0
2021-05-14 17:00:00,822.5561246668824,29.444444444444443,58,0,2,0
2021-05-14 18:00:00,1163.4445082061284,31.11111111111111,51,0,2,0
2021-05-14 19:00:00,1202.8833050944718,31.11111111111111,51,0,2,0
2021-05-14 20:00:00,1113.8888025507752,31.11111111111111,51,0,2,0
2021-05-14 21:00:00,1063.304258715726,29.444444444444443,70,0,2,0
2021-05-14 22:00:00,983.0548806994448,29.444444444444443,70,0,2,0
2021-05-14 23:00:00,882.7431581790933,29.444444444444443,70,0,2,0
2021-05-15 00:00:00,834.1071715025593,30.555555555555557,70,0,2,0
2021-05-15 01:00:00,834.1071715025593,30.555555555555557,70,0,2,0
2021-05-15 02:00:00,834.1071715025593,30.555555555555557,70,0,2,0
2021-05-15 03:00:00,794.3877823833897,35.0,45,0,2,0
2021-05-15 04:00:00,774.528087823805,35.0,45,0,2,0
2021-05-15 05:00:00,826.9780503786058,35.0,45,0,2,0
2021-05-15 09:00:00,893.6862551813134,36.666666666666664,31,0,2,0
2021-05-15 10:00:00,1132.0025898963304,36.666666666666664,31,0,2,0
2021-05-15 11:00:00,1151.8622844559152,36.666666666666664,31,0,2,0
2021-05-15 12:00:00,1350.4592300517625,35.0,46,0,2,0
2021-05-15 13:00:00,1338.9168434701237,35.0,46,0,2,0
2021-05-15 14:00:00,1319.2268898896805,35.0,46,0,2,0
2021-05-15 15:00:00,1307.8542442871833,32.22222222222222,50,0,2,0
2021-05-15 16:00:00,1327.3744568884847,32.22222222222222,50,0,2,0
2021-05-15 17:00:00,1249.2936064832797,32.22222222222222,50,0,2,0
2021-05-15 18:00:00,1142.0173076656938,30.0,62,0,2,0
2021-05-15 19:00:00,1142.0173076656938,30.0,62,0,2,0
2021-05-15 20:00:00,1142.0173076656938,30.0,62,0,2,0
2021-05-15 21:00:00,1102.6374005048076,29.444444444444443,72,0,2,0
2021-05-15 22:00:00,1032.7041170984066,29.444444444444443,72,0,2,0
2021-05-15 23:00:00,794.3877823833897,29.444444444444443,72,0,2,0
2021-05-16 00:00:00,1013.249722427793,31.11111111111111,65,1,2,0
2021-05-16 01:00:00,1013.249722427793,31.11111111111111,65,1,2,0
2021-05-16 02:00:00,1013.249722427793,31.11111111111111,65,1,2,0
2021-05-16 03:00:00,1013.249722427793,36.111111111111114,44,1,2,0
2021-05-16 04:00:00,1013.249722427793,36.111111111111114,44,1,2,0
2021-05-16 05:00:00,1044.7730471255466,36.111111111111114,44,1,2,0
2021-05-16 06:00:00,1125.1402045967425,36.111111111111114,46,1,2,0
2021-05-16 07:00:00,1195.1150572225251,36.111111111111114,46,1,2,0
2021-05-16 08:00:00,1225.5991514357374,36.111111111111114,46,1,2,0
2021-05-16 09:00:00,1305.9663089069334,35.0,51,1,2,0
2021-05-16 10:00:00,1337.4896336046868,35.0,51,1,2,0
2021-05-16 11:00:00,1337.4896336046868,35.0,51,1,2,0
2021-05-16 12:00:00,1337.4896336046868,32.22222222222222,60,1,2,0
2021-05-16 13:00:00,1215.8996669133517,32.22222222222222,60,1,2,0
2021-05-16 14:00:00,1215.8996669133517,32.22222222222222,60,1,2,0
2021-05-16 15:00:00,1285.8745195391343,31.11111111111111,60,1,2,0
2021-05-16 16:00:00,1134.8396891191283,31.11111111111111,60,1,2,0
2021-05-16 17:00:00,1033.514716876349,31.11111111111111,60,1,2,0
2021-05-16 18:00:00,1033.514716876349,30.555555555555557,65,1,2,0
2021-05-16 19:00:00,1062.7863755242631,30.555555555555557,65,1,2,0
2021-05-16 20:00:00,1062.7863755242631,30.555555555555557,65,1,2,0
2021-05-16 21:00:00,960.5953778776993,29.444444444444443,69,1,2,0
2021-05-16 22:00:00,960.5953778776993,29.444444444444443,69,1,2,0
2021-05-16 23:00:00,960.5953778776993,29.444444444444443,69,1,2,0
2021-05-17 00:00:00,911.952462997935,30.0,72,0,2,0
2021-05-17 01:00:00,852.4773023676348,30.0,72,0,2,0
2021-05-17 02:00:00,832.6522488242015,30.0,72,0,2,0
2021-05-17 03:00:00,852.4773023676348,34.44444444444444,48,0,2,0
2021-05-17 04:00:00,884.5670076794634,34.44444444444444,48,0,2,0
2021-05-17 05:00:00,1013.4298557117801,34.44444444444444,48,0,2,0
2021-05-17 06:00:00,1052.4079270853103,37.22222222222222,35,0,2,0
2021-05-17 07:00:00,1227.8092482661953,37.22222222222222,35,0,2,0
2021-05-17 08:00:00,1227.8092482661953,37.22222222222222,35,0,2,0
2021-05-17 09:00:00,1227.8092482661953,37.22222222222222,32,0,2,0
2021-05-17 10:00:00,1130.3640698323702,37.22222222222222,32,0,2,0
2021-05-17 11:00:00,1286.2763553264901,37.22222222222222,32,0,2,0
2021-05-17 12:00:00,1286.2763553264901,33.888888888888886,40,0,2,0
2021-05-17 13:00:00,1258.0508553663478,33.888888888888886,40,0,2,0
2021-05-17 14:00:00,1317.0219892116454,33.888888888888886,40,0,2,0
2021-05-17 15:00:00,1247.2982839529602,32.22222222222222,51,0,2,0
2021-05-17 16:00:00,1344.7434623867853,32.22222222222222,51,0,2,0
2021-05-17 17:00:00,1227.8092482661953,32.22222222222222,51,0,2,0
2021-05-17 18:00:00,974.4517843382503,30.0,64,0,2,0
2021-05-17 19:00:00,1110.8750341456052,30.0,64,0,2,0
2021-05-17 20:00:00,1120.4515430606536,30.0,64,0,2,0
2021-05-17 21:00:00,1100.7944984455544,29.444444444444443,70,0,2,0
2021-05-17 22:00:00,1022.1663199851577,29.444444444444443,70,0,2,0
2021-05-17 23:00:00,825.5958738341658,29.444444444444443,70,0,2,0
2021-05-18 00:00:00,1153.3275994391183,32.22222222222222,72,0,2,0
2021-05-18 01:00:00,1153.3275994391183,32.22222222222222,72,0,2,0
2021-05-18 02:00:00,1153.3275994391183,32.22222222222222,72,0,2,0
2021-05-18 03:00:00,1153.3275994391183,37.22222222222222,55,0,2,0
2021-05-18 04:00:00,1203.740670244218,37.22222222222222,55,0,2,0
2021-05-18 05:00:00,1253.124902869622,37.22222222222222,55,0,2,0
2021-05-18 06:00:00,1253.124902869622,37.77777777777778,53,0,2,0
2021-05-18 07:00:00,1392.3610031884689,37.77777777777778,53,0,2,0
2021-05-18 08:00:00,1491.8153605590737,37.77777777777778,53,0,2,0
2021-05-18 09:00:00,1538.11307864539,38.333333333333336,55,0,2,0
2021-05-18 10:00:00,1518.3936802012183,38.333333333333336,55,0,2,0
2021-05-18 11:00:00,1478.954883312875,38.333333333333336,55,0,2,0
2021-05-18 12:00:00,1452.0336176108317,34.44444444444444,64,0,2,0
2021-05-18 13:00:00,1392.3610031884689,34.44444444444444,64,0,2,0
2021-05-18 14:00:00,1324.1147372686398,34.44444444444444,64,0,2,0
2021-05-18 15:00:00,1404.3641152849211,33.333333333333336,65,0,2,0
2021-05-18 16:00:00,1459.2354848687032,33.333333333333336,65,0,2,0
2021-05-18 17:00:00,1340.9190942036735,33.333333333333336,65,0,2,0
2021-05-18 18:00:00,1074.1070596025331,30.555555555555557,65,0,2,0
2021-05-18 19:00:00,1163.6159812360775,30.555555555555557,65,0,2,0
2021-05-18 20:00:00,1163.6159812360775,30.555555555555557,65,0,2,0
2021-05-18 21:00:00,962.9925361953744,29.444444444444443,82,0,2,0
2021-05-18 22:00:00,922.8678471872339,29.444444444444443,82,0,2,0
2021-05-18 23:00:00,842.6184691709527,29.444444444444443,82,0,2,0
2021-05-19 00:00:00,972.7197335306813,32.77777777777778,70,0,2,0
2021-05-19 01:00:00,972.7197335306813,32.77777777777778,70,0,2,0
2021-05-19 02:00:00,972.7197335306813,32.77777777777778,70,0,2,0
2021-05-19 03:00:00,1011.6285228719086,30.0,78,0,2,0
2021-05-19 04:00:00,1041.5583608266988,30.0,78,0,2,0
2021-05-19 05:00:00,1070.8230912713825,30.0,78,0,2,0
2021-05-19 06:00:00,1185.554136764745,27.22222222222222,90,0,2,0
2021-05-19 07:00:00,1319.4070231736678,27.22222222222222,90,0,2,0
2021-05-19 08:00:00,1376.7725459203489,27.22222222222222,90,0,2,0
2021-05-19 09:00:00,1376.7725459203489,30.0,89,0,2,0
2021-05-19 10:00:00,1434.1380686670302,30.0,89,0,2,0
2021-05-19 11:00:00,1408.0325988953518,30.0,89,0,2,0
2021-05-19 12:00:00,1381.2620216135674,29.444444444444443,90,0,2,0
2021-05-19 13:00:00,1361.8076269429537,29.444444444444443,90,0,2,0
2021-05-19 14:00:00,1388.7444811022651,29.444444444444443,90,0,2,0
2021-05-19 15:00:00,1395.8943868359095,30.0,63,0,2,0
2021-05-19 16:00:00,1415.0162277514698,30.0,63,0,2,0
2021-05-19 17:00:00,1338.5288640892281,30.0,63,0,2,0
2021-05-19 18:00:00,1080.1345964128727,30.555555555555557,74,0,2,0
2021-05-19 19:00:00,1167.2636802368177,30.555555555555557,74,0,2,0
2021-05-19 20:00:00,1089.4461015543632,30.555555555555557,74,0,2,0
2021-05-19 21:00:00,983.6940074474378,28.88888888888889,69,0,2,0
2021-05-19 22:00:00,894.9021548482268,28.88888888888889,69,0,2,0
2021-05-19 23:00:00,836.5389708363859,28.88888888888889,69,0,2,0
2021-05-20 00:00:00,1173.5614169731382,31.11111111111111,59,0,2,0
2021-05-20 01:00:00,1173.5614169731382,31.11111111111111,59,0,2,0
2021-05-20 02:00:00,1163.6159812360775,31.11111111111111,59,0,2,0
2021-05-20 03:00:00,1163.6159812360775,33.888888888888886,39,0,2,0
2021-05-20 04:00:00,1243.8653592523588,33.888888888888886,39,0,2,0
2021-05-20 05:00:00,1352.5792602402269,33.888888888888886,39,0,2,0
2021-05-20 06:00:00,1233.234031395501,37.22222222222222,34,0,2,0
2021-05-20 07:00:00,1281.7608988711581,37.22222222222222,34,0,2,0
2021-05-20 08:00:00,1312.7975172919848,37.22222222222222,34,0,2,0
2021-05-20 09:00:00,1332.6883887661058,36.666666666666664,34,0,2,0
2021-05-20 10:00:00,1253.124902869622,36.666666666666664,34,0,2,0
2021-05-20 11:00:00,1392.3610031884689,36.666666666666664,34,0,2,0
2021-05-20 12:00:00,1380.3578910920164,31.666666666666668,46,0,2,0
2021-05-20 13:00:00,1352.5792602402269,31.666666666666668,46,0,2,0
2021-05-20 14:00:00,1352.5792602402269,31.666666666666668,46,0,2,0
2021-05-20 15:00:00,1478.954883312875,30.0,65,0,2,0
2021-05-20 16:00:00,1642.0257347946772,30.0,65,0,2,0
2021-05-20 17:00:00,1524.738182309343,30.0,65,0,2,0
2021-05-20 18:00:00,1113.8888025507752,29.444444444444443,65,0,2,0
2021-05-20 19:00:00,1153.6705454990172,29.444444444444443,65,0,2,0
2021-05-20 20:00:00,1133.7796740248962,29.444444444444443,65,0,2,0
2021-05-20 21:00:00,1063.304258715726,26.666666666666668,79,0,2,0
2021-05-20 22:00:00,983.0548806994448,26.666666666666668,79,0,2,0
2021-05-20 23:00:00,882.7431581790933,26.666666666666668,79,0,2,0
2021-05-21 00:00:00,1063.304258715726,32.22222222222222,59,0,2,0
2021-05-21 01:00:00,1063.304258715726,32.22222222222222,59,0,2,0
2021-05-21 02:00:00,1063.304258715726,32.22222222222222,59,0,2,0
2021-05-21 03:00:00,1063.304258715726,35.55555555555556,24,0,2,0
2021-05-21 04:00:00,1173.561416973138,35.55555555555556,24,0,2,0
2021-05-21 05:00:00,1193.452288447259,35.55555555555556,24,0,2,0
2021-05-21 06:00:00,1253.124902869622,37.77777777777778,14,0,2,0
2021-05-21 07:00:00,1301.48029731533,37.77777777777778,14,0,2,0
2021-05-21 08:00:00,1439.5160864245317,37.77777777777778,14,0,2,0
2021-05-21 09:00:00,1387.9027044097868,36.666666666666664,14,0,2,0
2021-05-21 10:00:00,1407.4506298240092,36.666666666666664,14,0,2,0
2021-05-21 11:00:00,1407.4506298240092,36.666666666666664,14,0,2,0
2021-05-21 12:00:00,1281.7608988711581,32.77777777777778,34,0,2,0
2021-05-21 13:00:00,1281.7608988711581,32.77777777777778,34,0,2,0
2021-05-21 14:00:00,1380.3578910920164,32.77777777777778,34,0,2,0
2021-05-21 15:00:00,1485.6423314808985,31.11111111111111,52,0,2,0
2021-05-21 16:00:00,1622.477809380455,31.11111111111111,52,0,2,0
2021-05-21 17:00:00,1332.6883887661058,31.11111111111111,52,0,2,0
2021-05-21 18:00:00,1083.3666032197964,29.444444444444443,69,0,2,0
2021-05-21 19:00:00,1123.491292227937,29.444444444444443,69,0,2,0
2021-05-21 20:00:00,1083.3666032197964,29.444444444444443,69,0,2,0
2021-05-21 21:00:00,983.0548806994448,28.88888888888889,74,0,2,0
2021-05-21 22:00:00,922.8678471872339,28.88888888888889,74,0,2,0
2021-05-21 23:00:00,862.680813675023,28.88888888888889,74,0,2,0
2021-05-22 00:00:00,1011.6908767009812,30.555555555555557,73,0,2,0
2021-05-22 01:00:00,1003.1172252035151,30.555555555555557,73,0,2,0
2021-05-22 02:00:00,1003.1172252035151,30.555555555555557,73,0,2,0
2021-05-22 03:00:00,1003.1172252035151,35.55555555555556,40,0,2,0
2021-05-22 04:00:00,1113.8888025507752,35.55555555555556,40,0,2,0
2021-05-22 05:00:00,1173.561416973138,35.55555555555556,40,0,2,0
2021-05-22 09:00:00,1524.738182309343,36.666666666666664,31,0,2,0
2021-05-22 10:00:00,1446.5464806524537,36.666666666666664,31,0,2,0
2021-05-22 11:00:00,1368.3547789955644,36.666666666666664,31,0,2,0
2021-05-22 12:00:00,1380.3578910920164,33.333333333333336,37,0,2,0
2021-05-22 13:00:00,1312.7975172919848,33.333333333333336,37,0,2,0
2021-05-22 14:00:00,1459.2354848687032,33.333333333333336,37,0,2,0
2021-05-22 15:00:00,1583.3819585520102,30.555555555555557,40,0,2,0
2021-05-22 16:00:00,1290.1630773386748,30.555555555555557,40,0,2,0
2021-05-22 17:00:00,1183.1639066502999,30.555555555555557,40,0,2,0
2021-05-22 18:00:00,1063.304258715726,30.0,59,0,2,0
2021-05-22 19:00:00,1093.9979310766541,30.0,59,0,2,0
2021-05-22 20:00:00,1113.8888025507752,30.0,59,0,2,0
2021-05-22 21:00:00,1043.2419142116557,27.22222222222222,59,0,2,0
2021-05-22 22:00:00,962.9925361953744,27.22222222222222,59,0,2,0
2021-05-22 23:00:00,862.680813675023,27.22222222222222,59,0,2,0
2021-05-23 00:00:00,991.4570591669615,32.77777777777778,55,1,2,0
2021-05-23 01:00:00,983.0548806994448,32.77777777777778,55,1,2,0
2021-05-23 02:00:00,983.0548806994448,32.77777777777778,55,1,2,0
2021-05-23 03:00:00,1003.1172252035151,37.22222222222222,32,1,2,0
2021-05-23 04:00:00,1034.325316654291,37.22222222222222,32,1,2,0
2021-05-23 05:00:00,1064.8475159852699,37.22222222222222,32,1,2,0
2021-05-23 12:00:00,1375.8995923133343,33.333333333333336,34,1,2,0
2021-05-23 13:00:00,1380.3578910920164,33.333333333333336,34,1,2,0
2021-05-23 14:00:00,1400.0772895361883,33.333333333333336,34,1,2,0
2021-05-23 15:00:00,1505.1902568951207,31.666666666666668,40,1,2,0
2021-05-23 16:00:00,1622.477809380455,31.666666666666668,40,1,2,0
2021-05-23 17:00:00,1432.142746136711,31.666666666666668,40,1,2,0
2021-05-23 18:00:00,1123.491292227937,30.0,36,1,2,0
2021-05-23 19:00:00,1143.5536367320074,30.0,36,1,2,0
2021-05-23 20:00:00,1103.4289477238667,30.0,36,1,2,0
2021-05-23 21:00:00,1023.1795697075855,28.88888888888889,63,1,2,0
2021-05-23 22:00:00,902.8055026831636,28.88888888888889,63,1,2,0
2021-05-23 23:00:00,862.680813675023,28.88888888888889,63,1,2,0
2021-05-24 00:00:00,983.0548806994448,33.333333333333336,52,0,2,0
2021-05-24 01:00:00,983.0548806994448,33.333333333333336,52,0,2,0
2021-05-24 02:00:00,983.0548806994448,33.333333333333336,52,0,2,0
2021-05-24 03:00:00,983.0548806994448,33.333333333333336,52,0,2,0
2021-05-24 09:00:00,1524.738182309343,36.666666666666664,21,0,2,0
2021-05-24 10:00:00,1498.6742817570466,36.666666666666664,21,0,2,0
2021-05-24 11:00:00,1392.3610031884689,36.666666666666664,21,0,2,0
2021-05-24 12:00:00,1439.5160864245317,33.888888888888886,32,0,2,0
2021-05-24 13:00:00,1387.9027044097868,33.888888888888886,32,0,2,0
2021-05-24 14:00:00,1446.5464806524537,33.888888888888886,32,0,2,0
2021-05-24 15:00:00,1524.738182309343,31.666666666666668,41,0,2,0
2021-05-24 16:00:00,1602.9298839662326,31.666666666666668,41,0,2,0
2021-05-24 17:00:00,1563.8340331377879,31.666666666666668,41,0,2,0
2021-05-24 18:00:00,1193.452288447259,30.555555555555557,45,0,2,0
2021-05-24 19:00:00,1113.8888025507752,30.555555555555557,45,0,2,0
2021-05-24 20:00:00,1113.8888025507752,30.555555555555557,45,0,2,0
2021-05-24 21:00:00,1183.1639066502999,26.666666666666668,58,0,2,0
2021-05-24 22:00:00,1143.7251097619567,26.666666666666668,58,0,2,0
2021-05-24 23:00:00,1143.7251097619567,26.666666666666668,58,0,2,0
2021-05-25 00:00:00,1043.5675397634786,31.666666666666668,39,0,2,0
2021-05-25 01:00:00,1043.5675397634786,31.666666666666668,39,0,2,0
2021-05-25 02:00:00,1043.5675397634786,31.666666666666668,39,0,2,0
2021-05-25 03:00:00,1043.5675397634786,35.55555555555556,23,0,2,0
2021-05-25 04:00:00,1151.6925434767734,35.55555555555556,23,0,2,0
2021-05-25 05:00:00,1180.3787689517294,35.55555555555556,23,0,2,0
2021-05-25 06:00:00,1257.7806554403671,37.22222222222222,18,0,2,0
2021-05-25 07:00:00,1393.2339567954837,37.22222222222222,18,0,2,0
2021-05-25 08:00:00,1509.3367865284406,37.22222222222222,18,0,2,0
2021-05-25 09:00:00,1470.6358432841216,37.22222222222222,17,0,2,0
2021-05-25 10:00:00,1548.0377297727598,37.22222222222222,17,0,2,0
2021-05-25 11:00:00,1470.6358432841216,37.22222222222222,17,0,2,0
2021-05-25 12:00:00,1444.495732496292,30.555555555555557,31,0,2,0
2021-05-25 13:00:00,1470.6358432841216,30.555555555555557,31,0,2,0
2021-05-25 14:00:00,1509.3367865284406,30.555555555555557,31,0,2,0
2021-05-25 15:00:00,1567.3882013949192,28.333333333333332,41,0,2,0
2021-05-25 16:00:00,1606.0891446392382,28.333333333333332,41,0,2,0
2021-05-25 17:00:00,1586.7386730170788,28.333333333333332,41,0,2,0
2021-05-25 18:00:00,1220.7771219874658,29.444444444444443,52,0,2,0
2021-05-25 19:00:00,1142.0173076656938,29.444444444444443,52,0,2,0
2021-05-25 20:00:00,1082.9474469243648,29.444444444444443,52,0,2,0
2021-05-25 21:00:00,984.4976790221497,27.77777777777778,40,0,2,0
2021-05-25 22:00:00,846.6680039590487,27.77777777777778,40,0,2,0
2021-05-25 23:00:00,807.2880967981628,27.77777777777778,40,0,2,0
2021-05-26 00:00:00,992.9847279792372,34.44444444444444,38,0,2,0
2021-05-26 01:00:00,992.9847279792372,34.44444444444444,38,0,2,0
2021-05-26 02:00:00,992.9847279792372,34.44444444444444,38,0,2,0
2021-05-26 12:00:00,1219.0797121960484,36.111111111111114,23,0,2,0
2021-05-26 13:00:00,767.9081896372768,36.111111111111114,23,0,2,0
2021-05-26 14:00:00,787.5981432177198,36.111111111111114,23,0,2,0
2021-05-26 15:00:00,1528.6872581506,33.888888888888886,26,0,2,0
2021-05-26 16:00:00,1586.7386730170788,33.888888888888886,26,0,2,0
2021-05-26 17:00:00,1489.9863149062812,33.888888888888886,26,0,2,0
2021-05-26 18:00:00,1122.3273540852506,27.22222222222222,53,0,2,0
2021-05-26 19:00:00,1142.0173076656938,27.22222222222222,53,0,2,0
2021-05-26 20:00:00,1102.6374005048076,27.22222222222222,53,0,2,0
2021-05-26 21:00:00,1004.1876326025928,32.77777777777778,25,0,2,0
2021-05-26 22:00:00,886.0479111199347,32.77777777777778,25,0,2,0
2021-05-26 23:00:00,846.6680039590487,32.77777777777778,25,0,2,0
2021-05-27 00:00:00,1012.844422538822,33.888888888888886,40,0,2,0
2021-05-27 01:00:00,1012.844422538822,33.888888888888886,40,0,2,0
2021-05-27 02:00:00,1012.844422538822,33.888888888888886,40,0,2,0
2021-05-27 03:00:00,1012.844422538822,36.666666666666664,32,0,2,0
2021-05-27 04:00:00,1142.0173076656938,36.666666666666664,32,0,2,0
2021-05-27 05:00:00,1257.7806554403671,36.666666666666664,32,0,2,0
2021-05-27 09:00:00,1509.3367865284406,37.77777777777778,32,0,2,0
2021-05-27 10:00:00,1548.0377297727598,37.77777777777778,32,0,2,0
2021-05-27 11:00:00,1509.3367865284406,37.77777777777778,32,0,2,0
2021-05-27 12:00:00,1548.0377297727598,33.888888888888886,40,0,2,0
2021-05-27 13:00:00,1664.1405595057167,33.888888888888886,40,0,2,0
2021-05-27 14:00:00,1625.4396162613978,33.888888888888886,40,0,2,0
2021-05-27 15:00:00,1841.3501417297036,33.888888888888886,37,0,2,0
2021-05-27 16:00:00,1975.6152562308278,33.888888888888886,37,0,2,0
2021-05-27 17:00:00,1935.0471622159496,33.888888888888886,37,0,2,0
2021-05-27 18:00:00,984.4976790221497,32.77777777777778,29,0,2,0
2021-05-27 19:00:00,1142.0173076656938,32.77777777777778,29,0,2,0
2021-05-27 20:00:00,1082.9474469243648,32.77777777777778,29,0,2,0
2021-05-27 21:00:00,1004.1876326025928,31.666666666666668,50,0,2,0
2021-05-27 22:00:00,925.4278182808208,31.666666666666668,50,0,2,0
2021-05-27 23:00:00,866.3579575394917,31.666666666666668,50,0,2,0
2021-05-28 00:00:00,1083.3666032197964,31.666666666666668,55,0,2,0
2021-05-28 01:00:00,1083.3666032197964,31.666666666666668,55,0,2,0
2021-05-28 02:00:00,1083.3666032197964,31.666666666666668,55,0,2,0
2021-05-28 03:00:00,1083.3666032197964,35.0,43,0,2,0
2021-05-28 04:00:00,1173.561416973138,35.0,43,0,2,0
2021-05-28 05:00:00,1242.322101982815,35.0,43,0,2,0
2021-05-28 06:00:00,1290.1630773386748,37.22222222222222,32,0,2,0
2021-05-28 07:00:00,1485.6423314808985,37.22222222222222,32,0,2,0
2021-05-28 08:00:00,1485.6423314808985,37.22222222222222,32,0,2,0
2021-05-28 09:00:00,1524.738182309343,36.666666666666664,35,0,2,0
2021-05-28 10:00:00,1511.3632859732963,36.666666666666664,35,0,2,0
2021-05-28 11:00:00,1511.3632859732963,36.666666666666664,35,0,2,0
2021-05-28 12:00:00,1511.3632859732963,33.333333333333336,44,0,2,0
2021-05-28 13:00:00,1466.0944060666761,33.333333333333336,44,0,2,0
2021-05-28 14:00:00,1466.0944060666761,33.333333333333336,44,0,2,0
2021-05-28 15:00:00,1608.2455478946615,33.333333333333336,42,0,2,0
2021-05-28 16:00:00,1840.7629765059378,33.333333333333336,42,0,2,0
2021-05-28 17:00:00,1743.8807145845726,33.333333333333336,42,0,2,0
2021-05-28 18:00:00,994.5435737060492,32.77777777777778,41,0,2,0
2021-05-28 19:00:00,1133.7796740248962,32.77777777777778,41,0,2,0
2021-05-28 20:00:00,1113.8888025507752,32.77777777777778,41,0,2,0
2021-05-28 21:00:00,1133.7796740248962,30.555555555555557,52,0,2,0
2021-05-28 22:00:00,914.9800878095652,30.555555555555557,52,0,2,0
2021-05-28 23:00:00,875.1983448613232,30.555555555555557,52,0,2,0
2021-05-29 00:00:00,1072.4235062175762,33.333333333333336,48,0,2,0
2021-05-29 01:00:00,1072.4235062175762,33.333333333333336,48,0,2,0
2021-05-29 02:00:00,1072.4235062175762,33.333333333333336,48,0,2,0
2021-05-29 03:00:00,1063.2574933439216,37.22222222222222,36,0,2,0
2021-05-29 04:00:00,1199.7292405738888,37.22222222222222,36,0,2,0
2021-05-29 05:00:00,1381.0126062972777,37.22222222222222,36,0,2,0
2021-05-29 12:00:00,1745.446488514613,35.0,34,0,2,0
2021-05-29 13:00:00,1764.6272191576327,35.0,34,0,2,0
2021-05-29 14:00:00,1783.8079498006505,35.0,34,0,2,0
2021-05-29 15:00:00,1611.1813740134908,34.44444444444444,33,0,2,0
2021-05-29 16:00:00,1996.1539147069775,34.44444444444444,33,0,2,0
2021-05-29 17:00:00,1764.6272191576309,34.44444444444444,33,0,2,0
2021-05-29 18:00:00,1082.9474469243637,31.666666666666668,48,0,2,0
2021-05-29 19:00:00,1122.3273540852495,31.666666666666668,48,0,2,0
2021-05-29 20:00:00,1023.8775861830345,31.666666666666668,48,0,2,0
2021-05-29 21:00:00,984.4976790221488,26.11111111111111,87,0,2,0
2021-05-29 22:00:00,886.0479111199338,26.11111111111111,87,0,2,0
2021-05-29 23:00:00,846.668003959047,26.11111111111111,87,0,2,0
2021-05-30 00:00:00,1072.423506217574,29.444444444444443,80,1,2,0
2021-05-30 01:00:00,1072.423506217574,29.444444444444443,80,1,2,0
2021-05-30 02:00:00,1072.423506217574,29.444444444444443,80,1,2,0
2021-05-30 03:00:00,1072.423506217574,32.22222222222222,55,1,2,0
2021-05-30 04:00:00,1201.0871684070203,32.22222222222222,55,1,2,0
2021-05-30 05:00:00,1366.4148820910843,32.22222222222222,55,1,2,0
2021-05-30 06:00:00,1548.0377297727566,36.666666666666664,35,1,2,0
2021-05-30 07:00:00,1606.089144639235,36.666666666666664,35,1,2,0
2021-05-30 08:00:00,1687.9042965855583,36.666666666666664,35,1,2,0
2021-05-30 09:00:00,1841.3501417297,33.888888888888886,40,1,2,0
2021-05-30 10:00:00,1806.0440180682158,33.888888888888886,40,1,2,0
2021-05-30 11:00:00,1783.8079498006468,33.888888888888886,40,1,2,0
2021-05-30 12:00:00,1741.542445994351,30.555555555555557,57,1,2,0
2021-05-30 13:00:00,1717.778708914506,30.555555555555557,57,1,2,0
2021-05-30 14:00:00,1780.24338923867,30.555555555555557,57,1,2,0
2021-05-30 15:00:00,1841.3501417297,30.555555555555557,60,1,2,0
2021-05-30 16:00:00,1863.0769870598435,30.555555555555557,60,1,2,0
2021-05-30 17:00:00,1799.5938608608294,30.555555555555557,60,1,2,0
2021-05-30 18:00:00,1102.6374005048053,31.666666666666668,49,1,2,0
2021-05-30 19:00:00,1122.3273540852483,31.666666666666668,49,1,2,0
2021-05-30 20:00:00,1082.9474469243626,31.666666666666668,49,1,2,0
2021-05-30 21:00:00,1043.5675397634766,27.22222222222222,74,1,2,0
2021-05-30 22:00:00,905.7378647003759,27.22222222222222,74,1,2,0
2021-05-30 23:00:00,846.668003959047,27.22222222222222,74,1,2,0
2021-05-31 00:00:00,1057.832710214616,33.888888888888886,41,0,2,0
2021-05-31 01:00:00,1057.832710214616,33.888888888888886,41,0,2,0
2021-05-31 02:00:00,1057.832710214616,33.888888888888886,41,0,2,0
2021-05-31 03:00:00,1057.832710214616,37.22222222222222,31,0,2,0
2021-05-31 04:00:00,1183.1639066503,37.22222222222222,31,0,2,0
2021-05-31 05:00:00,1315.0422551385943,37.22222222222222,31,0,2,0
2021-05-31 12:00:00,1426.811493751014,32.22222222222222,48,0,2,0
2021-05-31 13:00:00,1391.5815803250632,32.22222222222222,48,0,2,0
2021-05-31 14:00:00,1479.6563638899406,32.22222222222222,48,0,2,0
2021-05-31 15:00:00,1606.234636907074,31.666666666666668,47,0,2,0
2021-05-31 16:00:00,1798.284430450309,31.666666666666668,47,0,2,0
2021-05-31 17:00:00,1676.0709254682492,31.666666666666668,47,0,2,0
2021-05-31 18:00:00,1130.7866902294159,29.444444444444443,64,0,2,0
2021-05-31 19:00:00,1258.4561552553175,29.444444444444443,64,0,2,0
2021-05-31 20:00:00,1130.7866902294159,29.444444444444443,64,0,2,0
2021-05-31 21:00:00,1094.309700222014,29.444444444444443,59,0,2,0
2021-05-31 22:00:00,784.2552851591109,29.444444444444443,59,0,2,0
2021-05-31 23:00:00,729.5398001480102,29.444444444444443,59,0,2,0
2021-06-01 00:00:00,766.6247399888681,31.666666666666668,59,0,2,0
2021-06-01 01:00:00,766.6247399888681,31.666666666666668,59,0,2,0
2021-06-01 02:00:00,766.6247399888681,31.666666666666668,59,0,2,0
2021-06-01 03:00:00,766.6247399888681,35.0,38,0,2,0
2021-06-01 04:00:00,766.6247399888681,35.0,38,0,2,0
2021-06-01 05:00:00,766.6247399888681,35.0,38,0,2,0
2021-06-01 06:00:00,966.0513379215413,37.77777777777778,28,0,2,0
2021-06-01 07:00:00,799.0504631573651,37.77777777777778,28,0,2,0
2021-06-01 08:00:00,1081.9774984721262,37.77777777777778,28,0,2,0
2021-06-01 09:00:00,1313.8298195732962,37.22222222222222,30,0,2,0
2021-06-01 10:00:00,1520.1447835676704,37.22222222222222,30,0,2,0
2021-06-01 11:00:00,1598.1009263147303,37.22222222222222,30,0,2,0
2021-06-01 12:00:00,1481.1667121941405,32.77777777777778,44,0,2,0
2021-06-01 13:00:00,1670.6807833550968,32.77777777777778,44,0,2,0
2021-06-01 14:00:00,1685.4655690485047,32.77777777777778,44,0,2,0
2021-06-01 15:00:00,1723.7716047086979,30.555555555555557,54,0,2,0
2021-06-01 16:00:00,1704.6185868786013,30.555555555555557,54,0,2,0
2021-06-01 17:00:00,1647.1595333883113,30.555555555555557,54,0,2,0
2021-06-01 18:00:00,1266.7873196397254,30.0,52,0,2,0
2021-06-01 19:00:00,1297.3649445965461,30.0,52,0,2,0
2021-06-01 20:00:00,1179.422676905951,30.0,52,0,2,0
2021-06-01 21:00:00,1100.7944984455544,27.77777777777778,75,0,2,0
2021-06-01 22:00:00,1011.0777307151017,27.77777777777778,75,0,2,0
2021-06-01 23:00:00,1019.6461860601449,27.77777777777778,75,0,2,0
2021-06-02 00:00:00,990.2307671952027,27.77777777777778,70,0,2,0
2021-06-02 01:00:00,990.2307671952027,27.77777777777778,70,0,2,0
2021-06-02 02:00:00,981.8389810325315,27.77777777777778,70,0,2,0
2021-06-02 03:00:00,981.8389810325315,30.0,63,0,2,0
2021-06-02 04:00:00,1049.7959944674965,30.0,63,0,2,0
2021-06-02 05:00:00,1135.359304361399,30.0,63,0,2,0
2021-06-02 06:00:00,1211.0499246521588,32.77777777777778,41,0,2,0
2021-06-02 07:00:00,1259.7551933609955,32.77777777777778,41,0,2,0
2021-06-02 08:00:00,1248.895234797539,32.77777777777778,41,0,2,0
2021-06-02 09:00:00,1267.8178898702288,35.0,39,0,2,0
2021-06-02 10:00:00,1463.1325991857332,35.0,39,0,2,0
2021-06-02 11:00:00,1594.4393709075298,35.0,39,0,2,0
2021-06-02 12:00:00,1608.4256811786486,30.555555555555557,55,0,2,0
2021-06-02 13:00:00,1665.1936463967183,30.555555555555557,55,0,2,0
2021-06-02 14:00:00,1494.8897507425086,30.555555555555557,55,0,2,0
2021-06-02 15:00:00,1394.5174064438925,29.444444444444443,68,0,2,0
2021-06-02 16:00:00,1320.1431447668847,29.444444444444443,68,0,2,0
2021-06-02 17:00:00,1406.8582684478204,29.444444444444443,68,0,2,0
2021-06-02 18:00:00,1259.7551933609955,30.0,57,0,2,0
2021-06-02 19:00:00,1135.852938841556,30.0,57,0,2,0
2021-06-02 20:00:00,1097.3494493893,30.0,57,0,2,0
2021-06-02 21:00:00,1020.3424704847876,28.333333333333332,74,0,2,0
2021-06-02 22:00:00,962.5872363064033,28.333333333333332,74,0,2,0
2021-06-02 23:00:00,904.8320021280191,28.333333333333332,74,0,2,0
2021-06-03 00:00:00,1126.1447940651326,27.77777777777778,71,0,2,0
2021-06-03 01:00:00,1126.1447940651326,27.77777777777778,71,0,2,0
2021-06-03 02:00:00,1126.1447940651326,27.77777777777778,71,0,2,0
2021-06-03 03:00:00,1126.1447940651326,26.11111111111111,87,0,2,0
2021-06-03 04:00:00,979.0417189783078,26.11111111111111,87,0,2,0
2021-06-03 05:00:00,979.0417189783078,26.11111111111111,87,0,2,0
2021-06-03 06:00:00,1116.601194115428,28.88888888888889,76,0,2,0
2021-06-03 07:00:00,970.8144776423557,28.88888888888889,76,0,2,0
2021-06-03 08:00:00,990.2307671952027,28.88888888888889,76,0,2,0
2021-06-03 09:00:00,1009.6470567480499,30.0,65,0,2,0
2021-06-03 10:00:00,1087.3122149594383,30.0,65,0,2,0
2021-06-03 11:00:00,970.8144776423557,30.0,65,0,2,0
2021-06-03 12:00:00,970.8144776423557,27.77777777777778,71,0,2,0
2021-06-03 13:00:00,1009.6470567480499,27.77777777777778,71,0,2,0
2021-06-03 14:00:00,1058.8459599370437,27.77777777777778,71,0,2,0
2021-06-03 15:00:00,1106.7285045122853,26.666666666666668,76,0,2,0
2021-06-03 16:00:00,1087.3122149594383,26.666666666666668,76,0,2,0
2021-06-03 17:00:00,1067.8959254065912,26.666666666666668,76,0,2,0
2021-06-03 18:00:00,1048.479635853744,28.88888888888889,69,0,2,0
2021-06-03 19:00:00,1087.3122149594383,28.88888888888889,69,0,2,0
2021-06-03 20:00:00,1058.8459599370437,28.88888888888889,69,0,2,0
2021-06-03 21:00:00,1020.3424704847876,25.555555555555557,85,0,2,0
2021-06-03 22:00:00,962.5872363064033,25.555555555555557,85,0,2,0
2021-06-03 23:00:00,943.3354915802753,25.555555555555557,85,0,2,0
2021-06-04 00:00:00,1137.998949792134,28.88888888888889,77,0,2,0
2021-06-04 01:00:00,1137.998949792134,28.88888888888889,77,0,2,0
2021-06-04 02:00:00,745.5855188293291,28.88888888888889,77,0,2,0
2021-06-04 03:00:00,739.2669974833177,33.333333333333336,48,0,2,0
2021-06-04 04:00:00,1185.554136764745,33.333333333333336,48,0,2,0
2021-06-04 05:00:00,1251.0672265102303,33.333333333333336,48,0,2,0
2021-06-04 06:00:00,1292.30389213683,36.111111111111114,38,0,2,0
2021-06-04 07:00:00,1311.592009929917,36.111111111111114,38,0,2,0
2021-06-04 08:00:00,1300.2851822581074,36.111111111111114,38,0,2,0
2021-06-04 09:00:00,1338.5288640892281,32.77777777777778,44,0,2,0
2021-06-04 10:00:00,1051.7012503558221,32.77777777777778,44,0,2,0
2021-06-04 11:00:00,1089.9449321869429,32.77777777777778,44,0,2,0
2021-06-04 12:00:00,1166.4322958491846,26.666666666666668,76,0,2,0
2021-06-04 13:00:00,1166.4322958491846,26.666666666666668,76,0,2,0
2021-06-04 14:00:00,1166.4322958491846,26.666666666666668,76,0,2,0
2021-06-04 15:00:00,622.540629459636,26.666666666666668,85,0,2,0
2021-06-04 16:00:00,1099.42271420596,26.666666666666668,85,0,2,0
2021-06-04 17:00:00,855.9933655069996,26.666666666666668,85,0,2,0
2021-06-04 18:00:00,933.8109441894541,26.11111111111111,82,0,2,0
2021-06-04 19:00:00,933.8109441894541,26.11111111111111,82,0,2,0
2021-06-04 20:00:00,914.3565495188404,26.11111111111111,82,0,2,0
2021-06-04 21:00:00,875.4477601776132,26.11111111111111,89,0,2,0
2021-06-04 22:00:00,836.5389708363859,26.11111111111111,89,0,2,0
2021-06-04 23:00:00,817.0845761657723,26.11111111111111,89,0,2,0
2021-06-05 00:00:00,746.967695373769,29.444444444444443,78,0,2,0
2021-06-05 01:00:00,746.967695373769,29.444444444444443,78,0,2,0
2021-06-05 02:00:00,746.967695373769,29.444444444444443,78,0,2,0
2021-06-05 03:00:00,707.6536061435706,32.77777777777778,57,0,2,0
2021-06-05 04:00:00,838.0285345308952,32.77777777777778,57,0,2,0
2021-06-05 05:00:00,1169.3421412059001,32.77777777777778,57,0,2,0
2021-06-05 06:00:00,974.4517843382503,35.0,31,0,2,0
2021-06-05 07:00:00,1169.3421412059001,35.0,31,0,2,0
2021-06-05 08:00:00,1149.8531055191352,35.0,31,0,2,0
2021-06-05 09:00:00,1169.3421412059001,33.888888888888886,45,0,2,0
2021-06-05 10:00:00,1149.8531055191352,33.888888888888886,45,0,2,0
2021-06-05 11:00:00,1130.3640698323702,33.888888888888886,45,0,2,0
2021-06-05 12:00:00,1218.7367661361495,30.555555555555557,55,0,2,0
2021-06-05 13:00:00,1218.7367661361495,30.555555555555557,55,0,2,0
2021-06-05 14:00:00,1199.0797215210503,30.555555555555557,55,0,2,0
2021-06-05 15:00:00,1179.422676905951,29.444444444444443,68,0,2,0
2021-06-05 16:00:00,1159.765632290852,29.444444444444443,68,0,2,0
2021-06-05 17:00:00,1110.2029984322685,29.444444444444443,68,0,2,0
2021-06-05 18:00:00,1110.2029984322685,26.11111111111111,87,0,2,0
2021-06-05 19:00:00,1081.1374538304551,26.11111111111111,87,0,2,0
2021-06-05 20:00:00,1002.5092753700585,26.11111111111111,87,0,2,0
2021-06-05 21:00:00,943.5381415247608,27.22222222222222,68,0,2,0
2021-06-05 22:00:00,904.2240522945625,27.22222222222222,68,0,2,0
2021-06-05 23:00:00,845.2529184492649,27.22222222222222,68,0,2,0
2021-06-06 00:00:00,1089.4461015543632,30.555555555555557,63,1,2,0
2021-06-06 01:00:00,1089.4461015543632,30.555555555555557,63,1,2,0
2021-06-06 02:00:00,1089.4461015543632,30.555555555555557,63,1,2,0
2021-06-06 03:00:00,1089.4461015543632,33.888888888888886,40,1,2,0
2021-06-06 04:00:00,1118.7108319990468,33.888888888888886,40,1,2,0
2021-06-06 05:00:00,1147.310454933624,33.888888888888886,40,1,2,0
2021-06-06 06:00:00,1060.8464786197858,37.22222222222222,24,1,2,0
2021-06-06 07:00:00,1215.1514209644818,37.22222222222222,24,1,2,0
2021-06-06 08:00:00,1273.0157743437428,37.22222222222222,24,1,2,0
2021-06-06 09:00:00,1319.4070231736678,36.666666666666664,26,1,2,0
2021-06-06 10:00:00,1273.0157743437428,36.666666666666664,26,1,2,0
2021-06-06 11:00:00,829.3890651027416,36.666666666666664,26,1,2,0
2021-06-06 12:00:00,1206.1724695780447,32.22222222222222,42,1,2,0
2021-06-06 13:00:00,1186.7180749074312,32.22222222222222,42,1,2,0
2021-06-06 14:00:00,1108.9004962249767,32.22222222222222,42,1,2,0
2021-06-06 15:00:00,1294.964322177256,30.0,66,1,2,0
2021-06-06 16:00:00,1472.381750498151,30.0,66,1,2,0
2021-06-06 17:00:00,1350.168245516091,30.0,66,1,2,0
2021-06-06 18:00:00,1253.727656550656,28.333333333333332,70,1,2,0
2021-06-06 19:00:00,1099.42271420596,28.333333333333332,70,1,2,0
2021-06-06 20:00:00,1031.0829175425222,28.333333333333332,70,1,2,0
2021-06-06 21:00:00,933.8109441894541,28.88888888888889,72,1,2,0
2021-06-06 22:00:00,894.9021548482268,28.88888888888889,72,1,2,0
2021-06-06 23:00:00,855.9933655069996,28.88888888888889,72,1,2,0
2021-06-07 00:00:00,1123.491292227937,32.77777777777778,59,0,2,0
2021-06-07 01:00:00,1123.491292227937,32.77777777777778,59,0,2,0
2021-06-07 02:00:00,1123.491292227937,32.77777777777778,59,0,2,0
2021-06-07 03:00:00,1123.491292227937,36.111111111111114,40,0,2,0
2021-06-07 04:00:00,1113.8888025507752,36.111111111111114,40,0,2,0
2021-06-07 05:00:00,1202.8833050944718,36.111111111111114,40,0,2,0
2021-06-07 06:00:00,1259.469404977747,37.77777777777778,29,0,2,0
2021-06-07 07:00:00,1414.4810240519312,37.77777777777778,29,0,2,0
2021-06-07 08:00:00,1453.2339288204773,37.77777777777778,29,0,2,0
2021-06-07 09:00:00,1497.9883896372492,36.111111111111114,31,0,2,0
2021-06-07 10:00:00,1440.373451574278,36.111111111111114,31,0,2,0
2021-06-07 11:00:00,1336.975214514839,36.111111111111114,31,0,2,0
2021-06-07 12:00:00,1298.222309746293,28.88888888888889,73,0,2,0
2021-06-07 13:00:00,840.560792811561,28.88888888888889,73,0,2,0
2021-06-07 14:00:00,1298.222309746293,28.88888888888889,73,0,2,0
2021-06-07 15:00:00,1298.222309746293,29.444444444444443,69,0,2,0
2021-06-07 16:00:00,1321.1996957595015,29.444444444444443,69,0,2,0
2021-06-07 17:00:00,1332.6883887661058,29.444444444444443,69,0,2,0
2021-06-07 18:00:00,1113.8888025507752,30.0,68,0,2,0
2021-06-07 19:00:00,1074.1070596025331,30.0,68,0,2,0
2021-06-07 20:00:00,1054.216188128412,30.0,68,0,2,0
2021-06-07 21:00:00,1003.1172252035151,28.88888888888889,69,0,2,0
2021-06-07 22:00:00,962.9925361953744,28.88888888888889,69,0,2,0
2021-06-07 23:00:00,902.8055026831636,28.88888888888889,69,0,2,0
2021-06-08 00:00:00,1002.5092753700585,31.11111111111111,57,0,2,0
2021-06-08 01:00:00,1002.5092753700585,31.11111111111111,57,0,2,0
2021-06-08 02:00:00,993.9408200250152,31.11111111111111,57,0,2,0
2021-06-08 03:00:00,985.372364679972,33.888888888888886,45,0,2,0
2021-06-08 04:00:00,1081.9774984721262,33.888888888888886,45,0,2,0
2021-06-08 05:00:00,1178.5826322642804,33.888888888888886,45,0,2,0
2021-06-08 06:00:00,1149.1810698057986,36.666666666666664,37,0,2,0
2021-06-08 07:00:00,1215.0405697127976,36.666666666666664,37,0,2,0
2021-06-08 08:00:00,1271.995596418085,36.666666666666664,37,0,2,0
2021-06-08 09:00:00,1253.0105875163226,26.666666666666668,87,0,2,0
2021-06-08 10:00:00,1279.555998193123,26.666666666666668,87,0,2,0
2021-06-08 11:00:00,1204.28799829941,26.666666666666668,87,0,2,0
2021-06-08 12:00:00,1204.28799829941,26.666666666666668,79,0,2,0
2021-06-08 13:00:00,1206.6401232960886,26.666666666666668,79,0,2,0
2021-06-08 14:00:00,1206.6401232960886,26.666666666666668,79,0,2,0
2021-06-08 15:00:00,1290.9806053198474,27.22222222222222,79,0,2,0
2021-06-08 16:00:00,1366.9206409268972,27.22222222222222,79,0,2,0
2021-06-08 17:00:00,1283.252194616475,27.22222222222222,79,0,2,0
2021-06-08 18:00:00,966.0513379215413,28.88888888888889,73,0,2,0
2021-06-08 19:00:00,1091.3859984588403,28.88888888888889,73,0,2,0
2021-06-08 20:00:00,1091.3859984588403,28.88888888888889,73,0,2,0
2021-06-08 21:00:00,1013.4298557117801,26.11111111111111,84,0,2,0
2021-06-08 22:00:00,974.4517843382503,26.11111111111111,84,0,2,0
2021-06-08 23:00:00,896.4956415911902,26.11111111111111,84,0,2,0
2021-06-09 00:00:00,1188.8311768926653,26.666666666666668,88,0,2,0
2021-06-09 01:00:00,1188.8311768926653,26.666666666666668,88,0,2,0
2021-06-09 02:00:00,1169.3421412059001,26.666666666666668,88,0,2,0
2021-06-09 03:00:00,1169.3421412059001,30.0,59,0,2,0
2021-06-09 04:00:00,1169.3421412059001,30.0,59,0,2,0
2021-06-09 05:00:00,1052.4079270853103,30.0,59,0,2,0
2021-06-09 06:00:00,1734.5241761220855,30.0,59,0,2,0
2021-06-09 07:00:00,1773.5022474956154,30.0,59,0,2,0
2021-06-09 08:00:00,1024.0144181968337,30.0,59,0,2,0
2021-06-09 09:00:00,1062.6564717136953,29.444444444444443,60,0,2,0
2021-06-09 10:00:00,927.4092844046795,29.444444444444443,60,0,2,0
2021-06-09 11:00:00,927.4092844046795,29.444444444444443,60,0,2,0
2021-06-09 12:00:00,1024.0144181968337,28.333333333333332,70,0,2,0
2021-06-09 13:00:00,1101.2985252305568,28.333333333333332,70,0,2,0
2021-06-09 14:00:00,1159.2616055058493,28.333333333333332,70,0,2,0
2021-06-09 15:00:00,1004.6933914384028,27.77777777777778,84,0,2,0
2021-06-09 16:00:00,935.4737129647202,27.77777777777778,84,0,2,0
2021-06-09 17:00:00,993.9408200250152,27.77777777777778,84,0,2,0
2021-06-09 18:00:00,908.0882576462487,26.666666666666668,82,0,2,0
2021-06-09 19:00:00,974.4517843382503,26.666666666666668,82,0,2,0
2021-06-09 20:00:00,954.9627486514852,26.666666666666668,82,0,2,0
2021-06-09 21:00:00,915.9846772779553,25.555555555555557,80,0,2,0
2021-06-09 22:00:00,877.0066059044252,25.555555555555557,80,0,2,0
2021-06-09 23:00:00,838.0285345308952,25.555555555555557,80,0,2,0
2021-06-10 00:00:00,1004.1876326025928,27.77777777777778,62,0,2,0
2021-06-10 01:00:00,1004.1876326025928,27.77777777777778,62,0,2,0
2021-06-10 02:00:00,1004.1876326025928,27.77777777777778,62,0,2,0
2021-06-10 03:00:00,995.5308426663635,30.555555555555557,55,0,2,0
2021-06-10 04:00:00,1054.0914804702672,30.555555555555557,55,0,2,0
2021-06-10 05:00:00,1141.6778257074104,30.555555555555557,55,0,2,0
2021-06-10 06:00:00,976.0106300650623,32.77777777777778,40,0,2,0
2021-06-10 07:00:00,984.4976790221497,32.77777777777778,40,0,2,0
2021-06-10 08:00:00,1023.8775861830356,32.77777777777778,40,0,2,0
2021-06-10 09:00:00,1004.1876326025928,26.11111111111111,90,0,2,0
2021-06-10 10:00:00,1043.5675397634786,26.11111111111111,90,0,2,0
2021-06-10 11:00:00,1015.0510552676648,26.11111111111111,90,0,2,0
2021-06-10 12:00:00,1240.4670755679085,26.666666666666668,80,0,2,0
2021-06-10 13:00:00,984.4976790221497,26.666666666666668,80,0,2,0
2021-06-10 14:00:00,984.4976790221497,26.666666666666668,80,0,2,0
2021-06-10 15:00:00,976.0106300650623,26.11111111111111,73,0,2,0
2021-06-10 16:00:00,1238.4301838182078,26.11111111111111,73,0,2,0
2021-06-10 17:00:00,853.9668660621439,26.11111111111111,73,0,2,0
2021-06-10 18:00:00,893.6862551813134,25.0,86,0,2,0
2021-06-10 19:00:00,933.4056443004829,25.0,86,0,2,0
2021-06-10 20:00:00,893.6862551813134,25.0,86,0,2,0
2021-06-10 21:00:00,853.9668660621439,24.444444444444443,90,0,2,0
2021-06-10 22:00:00,834.1071715025593,24.444444444444443,90,0,2,0
2021-06-10 23:00:00,794.3877823833897,24.444444444444443,90,0,2,0
2021-06-11 00:00:00,739.2669974833177,27.22222222222222,70,0,2,0
2021-06-11 01:00:00,700.3582081420905,27.22222222222222,70,0,2,0
2021-06-11 02:00:00,700.3582081420905,27.22222222222222,70,0,2,0
2021-06-11 03:00:00,700.3582081420905,30.0,51,0,2,0
2021-06-11 04:00:00,661.4494188008632,30.0,51,0,2,0
2021-06-11 05:00:00,641.9950241302496,30.0,51,0,2,0
2021-06-11 06:00:00,1195.863303171395,29.444444444444443,49,0,2,0
2021-06-11 07:00:00,1069.9917068837494,29.444444444444443,49,0,2,0
2021-06-11 08:00:00,1099.42271420596,29.444444444444443,49,0,2,0
2021-06-11 09:00:00,972.7197335306813,30.0,45,0,2,0
2021-06-11 10:00:00,1050.537312213136,30.0,45,0,2,0
2021-06-11 11:00:00,1002.9821252405246,30.0,45,0,2,0
2021-06-11 12:00:00,972.7197335306813,28.333333333333332,54,0,2,0
2021-06-11 13:00:00,1011.6285228719086,28.333333333333332,54,0,2,0
2021-06-11 14:00:00,1013.4575685247014,28.333333333333332,54,0,2,0
2021-06-11 15:00:00,1013.4575685247014,28.88888888888889,53,0,2,0
2021-06-11 16:00:00,975.2138866935805,28.88888888888889,53,0,2,0
2021-06-11 17:00:00,933.8109441894541,28.88888888888889,53,0,2,0
2021-06-11 18:00:00,906.5415362750897,25.0,90,0,2,0
2021-06-11 19:00:00,983.6940074474378,25.0,90,0,2,0
2021-06-11 20:00:00,983.6940074474378,25.0,90,0,2,0
2021-06-11 21:00:00,894.9021548482268,24.444444444444443,85,0,2,0
2021-06-11 22:00:00,875.4477601776132,24.444444444444443,85,0,2,0
2021-06-11 23:00:00,778.175786824545,24.444444444444443,85,0,2,0
2021-06-12 00:00:00,746.967695373769,27.22222222222222,81,0,2,0
2021-06-12 01:00:00,707.6536061435706,27.22222222222222,81,0,2,0
2021-06-12 02:00:00,707.6536061435706,27.22222222222222,81,0,2,0
2021-06-12 03:00:00,707.6536061435706,30.555555555555557,64,0,2,0
2021-06-12 04:00:00,707.6536061435706,30.555555555555557,64,0,2,0
2021-06-12 05:00:00,1041.8233646002568,30.555555555555557,64,0,2,0
2021-06-12 06:00:00,1277.7078999814469,31.11111111111111,55,0,2,0
2021-06-12 07:00:00,927.4092844046795,31.11111111111111,55,0,2,0
2021-06-12 08:00:00,935.4737129647202,31.11111111111111,55,0,2,0
2021-06-12 09:00:00,1081.1374538304551,30.555555555555557,64,0,2,0
2021-06-12 10:00:00,1022.1663199851577,30.555555555555557,64,0,2,1
2021-06-12 11:00:00,1013.4298557117801,30.555555555555557,64,0,2,1
2021-06-12 12:00:00,1275.1877660564344,28.88888888888889,73,0,2,0
2021-06-12 13:00:00,1217.224685781142,28.88888888888889,73,0,2,0
2021-06-12 14:00:00,1149.1810698057986,28.88888888888889,73,0,2,0
2021-06-12 15:00:00,1101.2985252305568,28.88888888888889,69,0,2,0
2021-06-12 16:00:00,1081.9774984721262,28.88888888888889,69,0,2,0
2021-06-12 17:00:00,1062.6564717136953,28.88888888888889,69,0,2,0
2021-06-12 18:00:00,1091.3859984588403,28.333333333333332,59,0,2,0
2021-06-12 19:00:00,1061.480409215356,28.333333333333332,59,0,2,0
2021-06-12 20:00:00,1041.8233646002568,28.333333333333332,59,0,2,0
2021-06-12 21:00:00,904.2240522945625,26.666666666666668,73,0,2,0
2021-06-12 22:00:00,884.5670076794634,26.666666666666668,73,0,2,0
2021-06-12 23:00:00,805.9388292190666,26.666666666666668,73,0,2,0
2021-06-13 00:00:00,1014.4344451801703,27.77777777777778,68,1,2,0
2021-06-13 01:00:00,1014.4344451801703,27.77777777777778,68,1,2,0
2021-06-13 02:00:00,1014.4344451801703,27.77777777777778,68,1,2,0
2021-06-13 03:00:00,1014.4344451801703,31.11111111111111,58,1,2,0
2021-06-13 04:00:00,1014.4344451801703,31.11111111111111,58,1,2,0
2021-06-13 05:00:00,1034.325316654291,31.11111111111111,58,1,2,0
2021-06-13 06:00:00,1192.4234502675633,33.888888888888886,47,1,2,0
2021-06-13 07:00:00,1251.0672265102303,33.888888888888886,47,1,2,0
2021-06-13 08:00:00,1153.3275994391186,33.888888888888886,47,1,2,0
2021-06-13 09:00:00,1222.6027035386433,29.444444444444443,60,1,2,0
2021-06-13 10:00:00,1172.875524853341,29.444444444444443,60,1,2,0
2021-06-13 11:00:00,1251.0672265102303,29.444444444444443,60,1,2,0
2021-06-13 12:00:00,1505.1902568951207,26.666666666666668,85,1,2,0
2021-06-13 13:00:00,1301.48029731533,26.666666666666668,85,1,2,0
2021-06-13 14:00:00,1301.48029731533,26.666666666666668,85,1,2,0
2021-06-13 15:00:00,1301.48029731533,23.88888888888889,87,1,2,0
2021-06-13 16:00:00,1459.2354848687032,23.88888888888889,87,1,2,0
2021-06-13 17:00:00,676.2896301201134,23.88888888888889,87,1,2,0
2021-06-13 18:00:00,1034.325316654291,28.333333333333332,74,1,2,0
2021-06-13 19:00:00,994.5435737060492,28.333333333333332,74,1,2,0
2021-06-13 20:00:00,954.7618307578073,28.333333333333332,87,1,2,0
2021-06-13 21:00:00,922.8678471872339,23.333333333333332,87,1,2,0
2021-06-13 22:00:00,842.6184691709527,23.333333333333332,87,1,2,0
2021-06-13 23:00:00,802.4937801628121,23.333333333333332,85,1,2,0
2021-06-14 00:00:00,754.6683932642202,26.11111111111111,85,0,2,0
2021-06-14 01:00:00,754.6683932642202,26.11111111111111,85,0,2,0
2021-06-14 02:00:00,714.9490041450507,26.11111111111111,77,0,2,0
2021-06-14 03:00:00,675.2296150258812,27.77777777777778,77,0,2,0
2021-06-14 04:00:00,635.5102259067118,27.77777777777778,77,0,2,0
2021-06-14 05:00:00,595.7908367875423,27.77777777777778,64,0,2,0
2021-06-14 06:00:00,992.9847279792372,31.11111111111111,64,0,2,0
2021-06-14 07:00:00,1023.8775861830356,31.11111111111111,64,0,2,0
2021-06-14 08:00:00,1082.9474469243648,31.11111111111111,58,0,2,0
2021-06-14 09:00:00,826.9780503786058,32.22222222222222,58,0,2,0
2021-06-14 10:00:00,984.4976790221497,32.22222222222222,58,0,2,0
2021-06-14 11:00:00,995.5308426663635,32.22222222222222,58,0,2,0
2021-06-14 12:00:00,1015.0510552676648,30.0,67,0,2,0
2021-06-14 13:00:00,1063.2574933439216,30.0,67,0,2,0
2021-06-14 14:00:00,1023.8775861830356,30.0,67,0,2,0
2021-06-14 15:00:00,984.4976790221497,29.444444444444443,62,0,2,0
2021-06-14 16:00:00,1082.9474469243648,29.444444444444443,62,0,2,0
2021-06-14 17:00:00,1132.1723308754722,29.444444444444443,62,0,2,0
2021-06-14 18:00:00,1082.9474469243648,23.333333333333332,87,0,2,0
2021-06-14 19:00:00,984.4976790221497,23.333333333333332,87,0,2,0
2021-06-14 20:00:00,905.7378647003777,23.333333333333332,87,0,2,0
2021-06-14 21:00:00,893.6862551813134,24.444444444444443,90,0,2,0
2021-06-14 22:00:00,794.3877823833897,24.444444444444443,90,0,2,0
2021-06-14 23:00:00,781.1479860103333,24.444444444444443,90,0,2,0
2021-06-15 00:00:00,789.1188838267653,25.0,91,0,2,0
2021-06-15 01:00:00,789.1188838267653,25.0,91,0,2,0
2021-06-15 02:00:00,768.8850662927457,25.0,91,0,2,0
2021-06-15 03:00:00,762.3690911546714,26.11111111111111,89,0,2,0
2021-06-15 04:00:00,895.0892163354443,26.11111111111111,89,0,2,0
2021-06-15 05:00:00,1094.6838231964514,26.11111111111111,89,0,2,0
2021-06-15 06:00:00,1124.005711317785,30.555555555555557,60,0,2,0
2021-06-15 07:00:00,1192.4234502675633,30.555555555555557,60,0,2,0
2021-06-15 08:00:00,1162.5871430563818,30.555555555555557,60,0,2,0
2021-06-15 09:00:00,1162.5871430563818,26.11111111111111,85,0,2,0
2021-06-15 10:00:00,1133.7796740248962,26.11111111111111,85,0,2,0
2021-06-15 11:00:00,1084.5669144294416,26.11111111111111,85,0,2,0
2021-06-15 12:00:00,1064.8475159852699,26.11111111111111,86,0,2,0
2021-06-15 13:00:00,1055.5879723680068,26.11111111111111,86,0,2,0
2021-06-15 14:00:00,1036.0400469537844,26.11111111111111,86,0,2,0
2021-06-15 15:00:00,1202.8833050944718,26.666666666666668,80,0,2,0
2021-06-15 16:00:00,1281.7608988711581,26.666666666666668,80,0,2,0
2021-06-15 17:00:00,1014.4344451801703,26.666666666666668,80,0,2,0
2021-06-15 18:00:00,1034.325316654291,26.666666666666668,83,0,2,0
2021-06-15 19:00:00,994.5435737060492,26.666666666666668,83,0,2,0
2021-06-15 20:00:00,895.0892163354443,26.666666666666668,83,0,2,0
2021-06-15 21:00:00,875.1983448613232,25.0,82,0,2,0
2021-06-15 22:00:00,795.6348589648394,25.0,82,0,2,0
2021-06-15 23:00:00,802.4937801628121,25.0,82,0,2,0
2021-06-16 00:00:00,774.528087823805,31.666666666666668,73,0,2,0
2021-06-16 01:00:00,774.528087823805,31.666666666666668,73,0,2,0
2021-06-16 02:00:00,774.528087823805,31.666666666666668,73,0,2,0
2021-06-16 03:00:00,708.8383288959478,30.555555555555557,52,0,2,0
2021-06-16 04:00:00,689.1483753155047,30.555555555555557,52,0,2,0
2021-06-16 05:00:00,1268.813819084581,30.555555555555557,52,0,2,0
2021-06-16 06:00:00,1227.5667611531358,30.0,66,0,2,0
2021-06-16 07:00:00,1368.7912557990717,30.0,66,0,2,0
2021-06-16 08:00:00,1311.7582868074435,30.0,66,0,2,0
2021-06-16 09:00:00,1304.2896837252067,32.77777777777778,45,0,2,0
2021-06-16 10:00:00,1227.5667611531358,32.77777777777778,45,0,2,0
2021-06-16 11:00:00,1265.9282224391713,32.77777777777778,45,0,2,0
2021-06-16 12:00:00,1238.4301838182078,27.22222222222222,86,0,2,0
2021-06-16 13:00:00,1238.4301838182078,27.22222222222222,86,0,2,0
2021-06-16 14:00:00,1238.4301838182078,27.22222222222222,86,0,2,0
2021-06-16 15:00:00,1361.8318756542599,27.22222222222222,87,0,2,0
2021-06-16 16:00:00,1451.2853716619622,27.22222222222222,87,0,2,0
2021-06-16 17:00:00,1112.652118274171,27.22222222222222,87,0,2,0
2021-06-16 18:00:00,1006.2245243522938,26.11111111111111,84,0,2,0
2021-06-16 19:00:00,1034.571267868966,26.11111111111111,84,0,2,0
2021-06-16 20:00:00,984.4976790221497,26.11111111111111,84,0,2,0
2021-06-16 21:00:00,945.1177718612637,25.555555555555557,83,0,2,0
2021-06-16 22:00:00,905.7378647003777,25.555555555555557,83,0,2,0
2021-06-16 23:00:00,826.9780503786058,25.555555555555557,83,0,2,0
2021-06-17 00:00:00,1122.3273540852506,28.333333333333332,67,0,2,0
2021-06-17 01:00:00,1122.3273540852506,28.333333333333332,67,0,2,0
2021-06-17 02:00:00,1122.3273540852506,28.333333333333332,67,0,2,0
2021-06-17 03:00:00,1171.2127560780746,28.88888888888889,65,0,2,0
2021-06-17 04:00:00,1257.7806554403671,28.88888888888889,65,0,2,0
2021-06-17 05:00:00,1381.0126062972777,28.88888888888889,65,0,2,0
2021-06-17 06:00:00,1304.2896837252067,30.0,59,0,2,0
2021-06-17 07:00:00,1246.7474917961536,30.0,59,0,2,0
2021-06-17 08:00:00,959.0365321508873,30.0,59,0,2,0
2021-06-17 09:00:00,1572.8199127274552,31.666666666666668,55,0,2,0
2021-06-17 10:00:00,1161.0282973295698,31.666666666666668,55,0,2,0
2021-06-17 11:00:00,1238.4301838182078,31.666666666666668,55,0,2,0
2021-06-17 12:00:00,1277.1311270625267,27.77777777777778,75,0,2,0
2021-06-17 13:00:00,1112.652118274171,27.77777777777778,75,0,2,0
2021-06-17 14:00:00,1112.652118274171,27.77777777777778,75,0,2,0
2021-06-17 15:00:00,1354.533013551165,27.77777777777778,75,0,2,0
2021-06-17 16:00:00,1431.9349000398026,27.77777777777778,75,0,2,0
2021-06-17 17:00:00,1122.3273540852506,27.77777777777778,75,0,2,0
2021-06-17 18:00:00,1082.9474469243648,26.666666666666668,75,0,2,0
2021-06-17 19:00:00,1122.3273540852506,26.666666666666668,75,0,2,0
2021-06-17 20:00:00,1063.2574933439216,26.666666666666668,75,0,2,0
2021-06-17 21:00:00,945.1177718612637,26.11111111111111,83,0,2,0
2021-06-17 22:00:00,826.9780503786058,26.11111111111111,83,0,2,0
2021-06-17 23:00:00,767.9081896372768,26.11111111111111,83,0,2,0
2021-06-18 00:00:00,962.9925361953744,28.88888888888889,64,0,2,0
2021-06-18 01:00:00,962.9925361953744,28.88888888888889,64,0,2,0
2021-06-18 02:00:00,962.9925361953744,28.88888888888889,64,0,2,0
2021-06-18 03:00:00,954.7618307578073,31.666666666666668,46,0,2,0
2021-06-18 04:00:00,1074.1070596025331,31.666666666666668,46,0,2,0
2021-06-18 05:00:00,1143.7251097619567,31.666666666666668,46,0,2,0
2021-06-18 06:00:00,1309.7110027528972,33.333333333333336,38,0,2,0
2021-06-18 07:00:00,1317.598762130566,33.333333333333336,38,0,2,0
2021-06-18 08:00:00,1670.8332038261626,33.333333333333336,38,0,2,0
2021-06-18 09:00:00,1632.4232451175153,30.0,59,0,2,0
2021-06-18 10:00:00,1555.6033277002205,30.0,59,0,2,0
2021-06-18 11:00:00,1395.104571667658,30.0,59,0,2,0
2021-06-18 12:00:00,1278.84585736202,30.0,58,0,2,0
2021-06-18 13:00:00,1278.84585736202,30.0,58,0,2,0
2021-06-18 14:00:00,1259.469404977747,30.0,58,0,2,0
2021-06-18 15:00:00,1433.8574764362043,29.444444444444443,60,0,2,0
2021-06-18 16:00:00,1588.8690955103884,29.444444444444443,60,0,2,0
2021-06-18 17:00:00,1524.738182309343,29.444444444444443,60,0,2,0
2021-06-18 18:00:00,1054.216188128412,27.22222222222222,84,0,2,0
2021-06-18 19:00:00,1093.9979310766541,27.22222222222222,84,0,2,0
2021-06-18 20:00:00,1034.325316654291,27.22222222222222,84,0,2,0
2021-06-18 21:00:00,835.4166019130813,26.11111111111111,64,0,2,0
2021-06-18 22:00:00,815.5257304389603,26.11111111111111,64,0,2,0
2021-06-18 23:00:00,795.6348589648394,26.11111111111111,64,0,2,0
2021-06-19 00:00:00,736.5649982235103,28.88888888888889,60,0,2,0
2021-06-19 01:00:00,547.7021781662,28.88888888888889,60,0,2,0
2021-06-19 02:00:00,717.6787162177793,28.88888888888889,60,0,2,0
2021-06-19 03:00:00,698.7924342120483,30.0,58,0,2,0
2021-06-19 04:00:00,1142.1316230189932,30.0,58,0,2,0
2021-06-19 05:00:00,1251.0533701037698,30.0,58,0,2,0
2021-06-19 06:00:00,1312.92222495013,32.77777777777778,47,0,2,0
2021-06-19 07:00:00,1458.802472166811,32.77777777777778,47,0,2,0
2021-06-19 08:00:00,1458.802472166811,32.77777777777778,47,0,2,0
2021-06-19 09:00:00,1508.6231815957224,31.666666666666668,54,0,2,0
2021-06-19 10:00:00,1299.2459517735663,31.666666666666668,54,0,2,0
2021-06-19 11:00:00,1251.0533701037698,31.666666666666668,54,0,2,0
2021-06-19 12:00:00,1404.260192236467,30.0,59,0,2,0
2021-06-19 13:00:00,1299.2459517735663,30.0,59,0,2,0
2021-06-19 14:00:00,1324.6447448157562,30.0,59,0,2,0
2021-06-19 15:00:00,1398.2361195277426,27.22222222222222,84,0,2,0
2021-06-19 16:00:00,1490.2253379177257,27.22222222222222,84,0,2,0
2021-06-19 17:00:00,1273.1959076277303,27.22222222222222,84,0,2,0
2021-06-19 18:00:00,898.726523031339,28.333333333333332,58,0,2,0
2021-06-19 19:00:00,1011.0673384102563,28.333333333333332,58,0,2,0
2021-06-19 20:00:00,973.6203999506172,28.333333333333332,58,0,2,0
2021-06-19 21:00:00,793.2238442407034,26.11111111111111,72,0,2,0
2021-06-19 22:00:00,774.3375622349724,26.11111111111111,72,0,2,0
2021-06-19 23:00:00,755.4512802292414,26.11111111111111,72,0,2,0
2021-06-20 00:00:00,787.5981432177198,28.88888888888889,63,1,2,0
2021-06-20 01:00:00,787.5981432177198,28.88888888888889,63,1,2,0
2021-06-20 02:00:00,1063.2574933439216,28.88888888888889,63,1,2,0
2021-06-20 03:00:00,1249.2936064832797,31.666666666666668,49,1,2,0
2021-06-20 04:00:00,1354.533013551165,31.666666666666668,49,1,2,0
2021-06-20 05:00:00,1596.9231317655835,31.666666666666668,49,1,2,0
2021-06-20 06:00:00,1577.9121421017076,33.333333333333336,38,1,2,0
2021-06-20 07:00:00,1749.0110490765915,33.333333333333336,38,1,2,0
2021-06-20 08:00:00,1749.0110490765915,33.333333333333336,38,1,2,0
2021-06-20 09:00:00,1691.9780800849635,34.44444444444444,33,1,2,0
2021-06-20 10:00:00,1672.9670904210875,34.44444444444444,33,1,2,0
2021-06-20 11:00:00,1596.9231317655835,34.44444444444444,33,1,2,0
2021-06-20 12:00:00,1558.9011524378316,31.666666666666668,49,1,2,0
2021-06-20 13:00:00,1496.0969901553842,31.666666666666668,49,1,2,0
2021-06-20 14:00:00,1534.4584514414196,31.666666666666668,49,1,2,0
2021-06-20 15:00:00,1672.9670904210875,28.88888888888889,74,1,2,0
2021-06-20 16:00:00,1825.0550077320956,28.88888888888889,74,1,2,0
2021-06-20 17:00:00,1726.265757871597,28.88888888888889,74,1,2,0
2021-06-20 18:00:00,1015.0510552676648,26.666666666666668,78,1,2,0
2021-06-20 19:00:00,1112.652118274171,26.666666666666668,78,1,2,0
2021-06-20 20:00:00,1054.0914804702672,26.666666666666668,78,1,2,0
2021-06-20 21:00:00,936.9702048624598,28.333333333333332,54,1,2,0
2021-06-20 22:00:00,878.409567058556,28.333333333333332,54,1,2,0
2021-06-20 23:00:00,787.5981432177198,28.333333333333332,54,1,2,0
2021-06-21 00:00:00,1166.4322958491846,29.444444444444443,58,0,2,0
2021-06-21 01:00:00,1166.4322958491846,29.444444444444443,58,0,2,0
2021-06-21 02:00:00,1166.4322958491846,29.444444444444443,58,0,2,0
2021-06-21 03:00:00,1288.9783545862977,32.77777777777778,45,0,2,0
2021-06-21 04:00:00,1592.2673791948384,32.77777777777778,45,0,2,0
2021-06-21 05:00:00,1803.7715674086894,32.77777777777778,45,0,2,0
2021-06-21 06:00:00,1988.6714552182818,35.0,36,0,2,0
2021-06-21 07:00:00,2046.0369779649632,35.0,36,0,2,0
2021-06-21 08:00:00,2123.0231722597846,35.0,36,0,2,0
2021-06-21 09:00:00,1986.6761326879625,34.44444444444444,33,0,2,0
2021-06-21 10:00:00,1759.209364231557,34.44444444444444,33,0,2,0
2021-06-21 11:00:00,1759.209364231557,34.44444444444444,33,0,2,0
2021-06-21 12:00:00,1759.209364231557,31.11111111111111,59,0,2,0
2021-06-21 13:00:00,1731.4411256846126,31.11111111111111,59,0,2,0
2021-06-21 14:00:00,1735.9306013778314,31.11111111111111,59,0,2,0
2021-06-21 15:00:00,1873.9404097249196,30.0,63,0,2,0
2021-06-21 16:00:00,2028.2453520696156,30.0,63,0,2,0
2021-06-21 17:00:00,1931.3059324716007,30.0,63,0,2,0
2021-06-21 18:00:00,864.3072093833304,28.88888888888889,56,0,2,0
2021-06-21 19:00:00,1118.3782782439937,28.88888888888889,56,0,2,0
2021-06-21 20:00:00,1061.5115861298923,28.88888888888889,56,0,2,0
2021-06-21 21:00:00,947.7782019016895,28.88888888888889,56,0,2,0
2021-06-21 22:00:00,917.8483639468993,28.88888888888889,56,0,2,0
2021-06-21 23:00:00,860.4828412002182,30.0,59,0,2,0
2021-06-22 00:00:00,1178.5826322642804,30.0,59,0,2,0
2021-06-22 01:00:00,1178.5826322642804,30.0,59,0,2,0
2021-06-22 02:00:00,1178.5826322642804,30.0,59,0,2,0
2021-06-22 03:00:00,1302.4052124465718,31.666666666666668,56,0,2,0
2021-06-22 04:00:00,1518.800712140997,31.666666666666668,56,0,2,0
2021-06-22 05:00:00,1637.0789976882602,31.666666666666668,56,0,2,0
2021-06-22 06:00:00,1898.5008901762462,33.888888888888886,37,0,2,0
2021-06-22 07:00:00,2028.7078096352363,33.888888888888886,37,0,2,0
2021-06-22 08:00:00,1970.744729359944,33.888888888888886,37,0,2,0
2021-06-22 09:00:00,1758.213435017205,33.888888888888886,39,0,2,0
2021-06-22 10:00:00,1812.4803188691453,33.888888888888886,39,0,2,0
2021-06-22 11:00:00,1929.4145329897353,33.888888888888886,39,0,2,0
2021-06-22 12:00:00,1946.0474168948192,31.11111111111111,56,0,2,0
2021-06-22 13:00:00,1828.105149204224,31.11111111111111,56,0,2,0
2021-06-22 14:00:00,1890.4364616162054,31.11111111111111,56,0,2,0
2021-06-22 15:00:00,1987.8816400500305,30.0,62,0,2,0
2021-06-22 16:00:00,1792.9912831823804,30.0,62,0,2,0
2021-06-22 17:00:00,1804.0798724524366,30.0,62,0,2,0
2021-06-22 18:00:00,1043.3354449552644,29.444444444444443,68,0,2,0
2021-06-22 19:00:00,1081.9774984721262,29.444444444444443,68,0,2,0
2021-06-22 20:00:00,1062.6564717136953,29.444444444444443,68,0,2,0
2021-06-22 21:00:00,985.372364679972,25.555555555555557,85,0,2,0
2021-06-22 22:00:00,927.4092844046795,25.555555555555557,85,0,2,0
2021-06-22 23:00:00,869.4462041293871,25.555555555555557,85,0,2,0
2021-06-23 00:00:00,1242.919659511426,27.77777777777778,84,0,2,0
2021-06-23 01:00:00,1242.919659511426,27.77777777777778,84,0,2,0
2021-06-23 02:00:00,1242.919659511426,27.77777777777778,84,0,2,0
2021-06-23 03:00:00,1300.2851822581074,30.0,66,0,2,0
2021-06-23 04:00:00,1554.356251118771,30.0,66,0,2,0
2021-06-23 05:00:00,1578.3001214826031,30.0,66,0,2,0
2021-06-23 06:00:00,1778.3312051471175,29.444444444444443,69,0,2,0
2021-06-23 07:00:00,2065.1588188805235,29.444444444444443,69,0,2,0
2021-06-23 08:00:00,2009.289788031582,29.444444444444443,69,0,2,0
2021-06-23 09:00:00,1909.5236615156143,29.444444444444443,75,0,2,0
2021-06-23 10:00:00,1653.6235470021581,29.444444444444443,75,0,2,0
2021-06-23 11:00:00,1614.714757660931,29.444444444444443,75,0,2,0
2021-06-23 12:00:00,1706.9984246882009,28.333333333333332,80,0,2,0
2021-06-23 13:00:00,1589.2743953993595,28.333333333333332,80,0,2,0
2021-06-23 14:00:00,1453.2599095825906,28.333333333333332,80,0,2,0
2021-06-23 15:00:00,1529.747273244832,27.77777777777778,81,0,2,0
2021-06-23 16:00:00,1567.990955075953,27.77777777777778,81,0,2,0
2021-06-23 17:00:00,1556.35157364909,27.77777777777778,81,0,2,0
2021-06-23 18:00:00,964.4058896543507,26.666666666666668,85,0,2,0
2021-06-23 19:00:00,1137.9989497921338,26.666666666666668,85,0,2,0
2021-06-23 20:00:00,1060.8464786197858,26.666666666666668,85,0,2,0
2021-06-23 21:00:00,964.4058896543507,26.666666666666668,79,0,2,0
2021-06-23 22:00:00,887.2534184820026,26.666666666666668,79,0,2,0
2021-06-23 23:00:00,867.9653006889157,26.666666666666668,79,0,2,0
2021-06-24 00:00:00,1320.0305614643926,28.333333333333332,70,0,2,0
2021-06-24 01:00:00,1320.0305614643926,28.333333333333332,70,0,2,0
2021-06-24 02:00:00,1320.0305614643926,28.333333333333332,70,0,2,0
2021-06-24 03:00:00,1254.8708100836513,30.0,64,0,2,0
2021-06-24 04:00:00,1208.4172074246542,30.0,64,0,2,0
2021-06-24 05:00:00,1208.4172074246542,30.0,64,0,2,0
2021-06-24 06:00:00,1426.811493751014,30.555555555555557,55,0,2,0
2021-06-24 07:00:00,1466.5620597847196,30.555555555555557,55,0,2,0
2021-06-24 08:00:00,1536.3983483458967,30.555555555555557,55,0,2,0
2021-06-24 09:00:00,1599.375715709101,31.666666666666668,52,0,2,0
2021-06-24 10:00:00,1523.7716979587199,31.666666666666668,52,0,2,0
2021-06-24 11:00:00,1469.991520383706,31.666666666666668,52,0,2,0
2021-06-24 12:00:00,1487.918246242044,28.333333333333332,67,0,2,0
2021-06-24 13:00:00,1398.2846169503546,28.333333333333332,67,0,2,0
2021-06-24 14:00:00,1434.1380686670302,28.333333333333332,67,0,2,0
2021-06-24 15:00:00,1469.991520383706,27.77777777777778,78,0,2,0
2021-06-24 16:00:00,1559.6251496753953,27.77777777777778,78,0,2,0
2021-06-24 17:00:00,1374.2783927574499,27.77777777777778,78,0,2,0
2021-06-24 18:00:00,813.7174693958585,27.22222222222222,84,0,2,0
2021-06-24 19:00:00,922.213131981973,27.22222222222222,84,0,2,0
2021-06-24 20:00:00,911.9247501850137,27.22222222222222,84,0,2,0
2021-06-24 21:00:00,875.4477601776132,26.666666666666668,85,0,2,0
2021-06-24 22:00:00,838.9707701702126,26.666666666666668,85,0,2,0
2021-06-24 23:00:00,766.0167901554116,26.666666666666668,85,0,2,0
2021-06-25 00:00:00,739.2669974833177,28.333333333333332,67,0,2,0
2021-06-25 01:00:00,739.2669974833177,28.333333333333332,67,0,2,0
2021-06-25 02:00:00,700.3582081420905,28.333333333333332,67,0,2,0
2021-06-25 03:00:00,700.3582081420905,31.11111111111111,59,0,2,0
2021-06-25 04:00:00,700.3582081420905,31.11111111111111,59,0,2,0
2021-06-25 05:00:00,1527.0868432044063,31.11111111111111,59,0,2,0
2021-06-25 06:00:00,2085.7771516938233,32.22222222222222,49,0,2,0
2021-06-25 07:00:00,2160.2691928257454,32.22222222222222,49,0,2,0
2021-06-25 08:00:00,2218.133546205007,32.22222222222222,49,0,2,0
2021-06-25 09:00:00,1945.4394670613626,32.22222222222222,53,0,2,0
2021-06-25 10:00:00,1950.427773387161,32.22222222222222,53,0,2,0
2021-06-25 11:00:00,2007.7932961338422,32.22222222222222,53,0,2,0
2021-06-25 12:00:00,2025.2523682741366,29.444444444444443,78,0,2,0
2021-06-25 13:00:00,1848.1674937082944,29.444444444444443,78,0,2,0
2021-06-25 14:00:00,1735.9306013778314,29.444444444444443,78,0,2,0
2021-06-25 15:00:00,1832.3711903432663,28.333333333333332,76,0,2,0
2021-06-25 16:00:00,1735.9306013778314,28.333333333333332,76,0,2,0
2021-06-25 17:00:00,1556.35157364909,28.333333333333332,76,0,2,0
2021-06-25 18:00:00,964.4058896543507,26.666666666666668,86,0,2,0
2021-06-25 19:00:00,1060.8464786197858,26.666666666666668,86,0,2,0
2021-06-25 20:00:00,1041.5583608266988,26.666666666666668,86,0,2,0
2021-06-25 21:00:00,894.9021548482268,27.77777777777778,78,0,2,0
2021-06-25 22:00:00,855.9933655069996,27.77777777777778,78,0,2,0
2021-06-25 23:00:00,778.175786824545,27.77777777777778,78,0,2,0
2021-06-26 00:00:00,787.5981432177198,30.0,73,0,2,0
2021-06-26 01:00:00,787.5981432177198,30.0,73,0,2,0
2021-06-26 02:00:00,748.2182360568338,30.0,73,0,2,0
2021-06-26 03:00:00,748.2182360568338,32.22222222222222,60,0,2,0
2021-06-26 04:00:00,1586.7386730170788,32.22222222222222,60,0,2,0
2021-06-26 05:00:00,1644.7900878835571,32.22222222222222,60,0,2,0
2021-06-26 06:00:00,1780.2433892386737,26.666666666666668,91,0,2,0
2021-06-26 07:00:00,2033.157448159881,26.666666666666668,91,0,2,0
2021-06-26 08:00:00,2053.1868836986073,26.666666666666668,91,0,2,0
2021-06-26 09:00:00,1994.7959868738455,25.555555555555557,93,0,2,0
2021-06-26 10:00:00,1994.7959868738455,25.555555555555557,93,0,2,0
2021-06-26 11:00:00,1822.1694110866858,25.555555555555557,93,0,2,0
2021-06-26 12:00:00,1726.265757871597,25.555555555555557,93,0,2,0
2021-06-26 13:00:00,1625.4396162613978,25.555555555555557,93,0,2,0
2021-06-26 14:00:00,1659.218071110606,25.555555555555557,93,0,2,0
2021-06-26 15:00:00,1620.1776459080033,25.0,93,0,2,0
2021-06-26 16:00:00,1614.5761935963255,25.0,93,0,2,0
2021-06-26 17:00:00,1555.5063328549966,25.0,93,0,2,0
2021-06-26 18:00:00,1102.6374005048076,27.77777777777778,78,0,2,0
2021-06-26 19:00:00,1063.2574933439216,27.77777777777778,78,0,2,0
2021-06-26 20:00:00,1023.8775861830356,27.77777777777778,78,0,2,0
2021-06-26 21:00:00,913.5459497408982,24.444444444444443,95,0,2,0
2021-06-26 22:00:00,873.8265606217287,24.444444444444443,95,0,2,0
2021-06-26 23:00:00,814.2474769429745,24.444444444444443,95,0,2,0
2021-06-27 00:00:00,786.2817846039674,27.77777777777778,93,1,2,0
2021-06-27 01:00:00,786.2817846039674,27.77777777777778,93,1,2,0
2021-06-27 02:00:00,766.6247399888681,27.77777777777778,93,1,2,0
2021-06-27 03:00:00,766.6247399888681,30.0,78,1,2,0
2021-06-27 04:00:00,746.967695373769,30.0,78,1,2,0
2021-06-27 05:00:00,1487.7190603991735,30.0,78,1,2,0
2021-06-27 06:00:00,1822.5608545691964,32.22222222222222,71,1,2,0
2021-06-27 07:00:00,1860.5308723727214,32.22222222222222,71,1,2,0
2021-06-27 08:00:00,1898.5008901762462,32.22222222222222,71,1,2,0
2021-06-27 09:00:00,1936.4709079797713,30.555555555555557,74,1,2,0
2021-06-27 10:00:00,2012.4109435868208,30.555555555555557,74,1,2,0
2021-06-27 11:00:00,2050.380961390346,30.555555555555557,74,1,2,0
2021-06-27 12:00:00,1860.5308723727214,27.22222222222222,83,1,2,0
2021-06-27 13:00:00,1955.4559168815335,27.22222222222222,83,1,2,0
2021-06-27 14:00:00,1993.4259346850588,27.22222222222222,83,1,2,0
2021-06-27 15:00:00,1819.5366938591812,26.11111111111111,80,1,2,0
2021-06-27 16:00:00,1449.0770068823117,26.11111111111111,80,1,2,0
2021-06-27 17:00:00,1422.6996051338451,26.11111111111111,80,1,2,0
2021-06-27 18:00:00,1130.3640698323702,25.0,93,1,2,0
2021-06-27 19:00:00,884.5670076794634,25.0,93,1,2,0
2021-06-27 20:00:00,872.3023559110683,25.0,93,1,2,0
2021-06-27 21:00:00,832.6522488242015,25.555555555555557,90,1,2,0
2021-06-27 22:00:00,753.352034650468,25.555555555555557,90,1,2,0
2021-06-27 23:00:00,693.8768740201679,25.555555555555557,90,1,2,0
2021-06-28 00:00:00,693.8768740201679,26.666666666666668,87,0,2,0
2021-06-28 01:00:00,693.8768740201679,26.666666666666668,87,0,2,0
2021-06-28 02:00:00,693.8768740201679,26.666666666666668,87,0,2,0
2021-06-28 03:00:00,687.9965615284714,27.22222222222222,84,0,2,0
2021-06-28 04:00:00,1617.5899620014955,27.22222222222222,84,0,2,0
2021-06-28 05:00:00,1628.0065155582147,27.22222222222222,84,0,2,0
2021-06-28 06:00:00,1955.4559168815335,27.22222222222222,84,0,2,0
2021-06-28 07:00:00,1990.0657561183748,27.22222222222222,84,0,2,0
2021-06-28 08:00:00,1951.4237026015132,31.666666666666668,57,0,2,0
2021-06-28 09:00:00,1951.4237026015132,31.666666666666668,57,0,2,0
2021-06-28 10:00:00,1912.7816490846515,31.666666666666668,57,0,2,0
2021-06-28 11:00:00,1831.9693545559105,31.666666666666668,57,0,2,0
2021-06-28 12:00:00,1831.9693545559105,28.333333333333332,77,0,2,0
2021-06-28 13:00:00,1831.9693545559105,28.333333333333332,77,0,2,0
2021-06-28 14:00:00,1870.9474259294404,28.333333333333332,77,0,2,0
2021-06-28 15:00:00,1870.9474259294404,27.77777777777778,86,0,2,0
2021-06-28 16:00:00,2221.9180772195446,27.77777777777778,86,0,2,0
2021-06-28 17:00:00,1970.744729359944,27.77777777777778,86,0,2,0
2021-06-28 18:00:00,896.4956415911902,25.555555555555557,90,0,2,0
2021-06-28 19:00:00,974.4517843382503,25.555555555555557,90,0,2,0
2021-06-28 20:00:00,935.4737129647202,25.555555555555557,90,0,2,0
2021-06-28 21:00:00,896.4956415911902,25.555555555555557,90,0,2,0
2021-06-28 22:00:00,877.0066059044252,25.555555555555557,90,0,2,0
2021-06-28 23:00:00,857.5175702176601,25.555555555555557,90,0,2,0
2021-06-29 00:00:00,1386.1256202812208,25.555555555555557,90,0,2,0
2021-06-29 01:00:00,1374.2783927574499,25.555555555555557,90,0,2,0
2021-06-29 02:00:00,1374.2783927574499,25.555555555555557,90,0,2,0
2021-06-29 03:00:00,1513.8124058151984,25.555555555555557,90,0,2,0
2021-06-29 04:00:00,1688.2299221373844,25.555555555555557,90,0,2,0
2021-06-29 05:00:00,2008.7632445860806,32.77777777777778,51,0,2,0
2021-06-29 06:00:00,2266.7695328815407,32.77777777777778,51,0,2,0
2021-06-29 07:00:00,2483.475069670521,32.77777777777778,51,0,2,0
2021-06-29 08:00:00,2367.964601313752,32.77777777777778,51,0,2,0
2021-06-29 09:00:00,2427.036194105889,33.333333333333336,51,0,2,0
2021-06-29 10:00:00,2524.1176418701243,33.333333333333336,51,0,2,0
2021-06-29 11:00:00,2404.987187325537,33.333333333333336,51,0,2,0
2021-06-29 12:00:00,2365.3318840862476,30.0,79,0,2,0
2021-06-29 13:00:00,2346.4092290135577,30.0,79,0,2,0
2021-06-29 14:00:00,2308.563918868178,30.0,79,0,2,0
2021-06-29 15:00:00,2270.718608722798,30.0,79,0,2,0
2021-06-29 16:00:00,2232.8732985774177,30.0,79,0,2,0
2021-06-29 17:00:00,2346.4092290135577,30.0,79,0,2,0
2021-06-29 18:00:00,916.1855951716332,27.22222222222222,87,0,2,0
2021-06-29 19:00:00,1030.7087945680873,27.22222222222222,87,0,2,0
2021-06-29 20:00:00,992.5343947692692,27.22222222222222,87,0,2,0
2021-06-29 21:00:00,916.1855951716332,27.22222222222222,84,0,2,0
2021-06-29 22:00:00,858.9239954734061,27.22222222222222,84,0,2,0
2021-06-29 23:00:00,858.9239954734061,27.22222222222222,84,0,2,0
2021-06-30 00:00:00,1382.7169442919253,31.11111111111111,73,0,2,0
2021-06-30 01:00:00,1382.7169442919253,31.11111111111111,73,0,2,0
2021-06-30 02:00:00,1420.0876725160317,31.11111111111111,73,0,2,0
2021-06-30 03:00:00,1505.7826182713095,33.333333333333336,58,0,2,0
2021-06-30 04:00:00,1547.1803646230132,33.333333333333336,58,0,2,0
2021-06-30 05:00:00,2471.6226459943273,33.333333333333336,58,0,2,0
2021-06-30 06:00:00,2741.593941268473,35.55555555555556,46,0,2,0
2021-06-30 07:00:00,2908.3124917510154,35.55555555555556,46,0,2,0
2021-06-30 08:00:00,2852.7396415901676,35.55555555555556,46,0,2,0
2021-06-30 09:00:00,2741.593941268473,32.77777777777778,65,0,2,0
2021-06-30 10:00:00,2746.7485244717977,32.77777777777778,65,0,2,0
2021-06-30 11:00:00,2578.5802474633206,32.77777777777778,65,0,2,0
2021-06-30 12:00:00,2466.468062791002,28.88888888888889,73,0,2,0
2021-06-30 13:00:00,2075.0419007885116,28.88888888888889,73,0,2,0
2021-06-30 14:00:00,2148.4947114358924,28.88888888888889,73,0,2,0
2021-06-30 15:00:00,2240.310724745119,25.0,93,0,2,0
2021-06-30 16:00:00,1873.0466715082143,25.0,93,0,2,0
2021-06-30 17:00:00,988.3913292375647,25.0,93,0,2,0
2021-06-30 18:00:00,1007.3988547998256,30.0,75,0,2,0
2021-06-30 19:00:00,1007.3988547998256,30.0,75,0,2,0
2021-06-30 20:00:00,969.3838036753037,30.0,75,0,2,0
2021-06-30 21:00:00,950.376278113043,26.11111111111111,91,0,2,0
2021-06-30 22:00:00,893.3537014262604,26.11111111111111,91,0,2,0
2021-06-30 23:00:00,855.3386503017387,26.11111111111111,91,0,2,0
2021-07-01 00:00:00,845.3239325323754,26.666666666666668,91,0,0,0
2021-07-01 01:00:00,845.3239325323754,26.666666666666668,91,0,0,0
2021-07-01 02:00:00,845.3239325323754,26.666666666666668,91,0,0,0
2021-07-01 03:00:00,845.3239325323754,28.88888888888889,87,0,0,0
2021-07-01 04:00:00,845.3239325323754,28.88888888888889,87,0,0,0
2021-07-01 05:00:00,1839.7843677996614,28.88888888888889,87,0,0,0
2021-07-01 06:00:00,1983.0596106017588,33.333333333333336,67,0,0,0
2021-07-01 07:00:00,2153.036148653338,33.333333333333336,67,0,0,0
2021-07-01 08:00:00,2285.240122693455,33.333333333333336,67,0,0,0
2021-07-01 09:00:00,2171.596805107246,32.77777777777778,66,0,0,0
2021-07-01 10:00:00,1981.105857290821,32.77777777777778,66,0,0,0
2021-07-01 11:00:00,2057.302236417391,32.77777777777778,66,0,0,0
2021-07-01 12:00:00,2152.5477103256035,26.11111111111111,93,0,0,0
2021-07-01 13:00:00,2114.449520762318,26.11111111111111,93,0,0,0
2021-07-01 14:00:00,2059.5816152801517,26.11111111111111,93,0,0,0
2021-07-01 15:00:00,2321.7101844976255,26.11111111111111,93,0,0,0
2021-07-01 16:00:00,2209.369369118708,26.11111111111111,93,0,0,0
2021-07-01 17:00:00,1981.105857290821,26.11111111111111,93,0,0,0
2021-07-01 18:00:00,922.1715627625912,25.555555555555557,93,0,0,0
2021-07-01 19:00:00,960.5953778776992,25.555555555555557,93,0,0,0
2021-07-01 20:00:00,883.7477476474833,25.555555555555557,93,0,0,0
2021-07-01 21:00:00,787.6882098597133,26.11111111111111,93,0,0,0
2021-07-01 22:00:00,768.4763023021594,26.11111111111111,93,0,0,0
2021-07-01 23:00:00,768.4763023021594,26.11111111111111,93,0,0,0
2021-07-02 00:00:00,760.3010224904344,25.555555555555557,96,0,0,0
2021-07-02 01:00:00,760.3010224904344,25.555555555555557,96,0,0,0
2021-07-02 02:00:00,760.3010224904344,25.555555555555557,96,0,0,0
2021-07-02 03:00:00,760.3010224904344,27.22222222222222,93,0,0,0
2021-07-02 04:00:00,753.857793486278,27.22222222222222,93,0,0,0
2021-07-02 05:00:00,740.9713354779657,27.22222222222222,93,0,0,0
2021-07-02 06:00:00,1092.12731620448,27.77777777777778,84,0,0,0
2021-07-02 07:00:00,1469.056212947619,27.77777777777778,84,0,0,0
2021-07-02 08:00:00,1778.3312051471175,27.77777777777778,84,0,0,0
2021-07-02 09:00:00,1884.644483715695,28.333333333333332,86,0,0,0
2021-07-02 10:00:00,1846.9515940413812,28.333333333333332,86,0,0,0
2021-07-02 11:00:00,1715.0264801812825,28.333333333333332,86,0,0,0
2021-07-02 12:00:00,1752.7193698555966,27.22222222222222,91,0,0,0
2021-07-02 13:00:00,1752.7193698555966,27.22222222222222,91,0,0,0
2021-07-02 14:00:00,1696.1800353441256,27.22222222222222,91,0,0,0
2021-07-02 15:00:00,1771.5658146927535,26.666666666666668,88,0,0,0
2021-07-02 16:00:00,1884.644483715695,26.666666666666668,88,0,0,0
2021-07-02 17:00:00,1884.644483715695,26.666666666666668,88,0,0,0
2021-07-02 18:00:00,893.3537014262604,26.11111111111111,93,0,0,0
2021-07-02 19:00:00,893.3537014262604,26.11111111111111,93,0,0,0
2021-07-02 20:00:00,874.3461758639995,26.11111111111111,93,0,0,0
2021-07-02 21:00:00,855.3386503017387,25.555555555555557,90,0,0,0
2021-07-02 22:00:00,798.316073614956,25.555555555555557,90,0,0,0
2021-07-02 23:00:00,760.3010224904344,25.555555555555557,90,0,0,0
2021-07-03 00:00:00,1364.0315801798722,28.333333333333332,73,0,0,0
2021-07-03 01:00:00,1364.0315801798722,28.333333333333332,73,0,0,0
2021-07-03 02:00:00,1364.0315801798722,28.333333333333332,73,0,0,0
2021-07-03 03:00:00,1364.0315801798722,30.0,62,0,0,0
2021-07-03 04:00:00,1722.7583549862702,30.0,62,0,0,0
2021-07-03 05:00:00,1948.4324508568416,30.0,62,0,0,0
2021-07-03 06:00:00,2515.7587646727975,32.22222222222222,55,0,0,0
2021-07-03 07:00:00,2460.669156687262,32.22222222222222,55,0,0,0
2021-07-03 08:00:00,2463.729690464236,32.22222222222222,55,0,0,0
2021-07-03 09:00:00,2463.729690464236,32.22222222222222,52,0,0,0
2021-07-03 10:00:00,2426.6811236903377,32.22222222222222,52,0,0,0
2021-07-03 11:00:00,2519.3025406250836,32.22222222222222,52,0,0,0
2021-07-03 12:00:00,2593.3996741728797,29.444444444444443,78,0,0,0
2021-07-03 13:00:00,2648.972524333727,29.444444444444443,78,0,0,0
2021-07-03 14:00:00,2537.8268240120324,29.444444444444443,78,0,0,0
2021-07-03 15:00:00,2797.1667914293207,27.77777777777778,80,0,0,0
2021-07-03 16:00:00,2634.6363397994796,27.77777777777778,80,0,0,0
2021-07-03 17:00:00,2544.2700530161887,27.77777777777778,80,0,0,0
2021-07-03 18:00:00,896.8974773785462,25.555555555555557,90,0,0,0
2021-07-03 19:00:00,1065.0657543870236,25.555555555555557,90,0,0,0
2021-07-03 20:00:00,1009.0096620508646,25.555555555555557,90,0,0,0
2021-07-03 21:00:00,942.3222418578475,27.22222222222222,90,0,0,0
2021-07-03 22:00:00,848.0900176720628,27.22222222222222,90,0,0,0
2021-07-03 23:00:00,791.550683160592,27.22222222222222,90,0,0,0
2021-07-04 00:00:00,1797.6522319055484,29.444444444444443,78,1,0,0
2021-07-04 01:00:00,1797.6522319055484,29.444444444444443,78,1,0,0
2021-07-04 02:00:00,1797.6522319055484,29.444444444444443,78,1,0,0
2021-07-04 03:00:00,1797.6522319055484,32.22222222222222,53,1,0,0
2021-07-04 04:00:00,1838.294804105152,32.22222222222222,53,1,0,0
2021-07-04 05:00:00,2569.8611036980187,32.22222222222222,53,1,0,0
2021-07-04 06:00:00,3096.075459545519,35.0,43,1,0,0
2021-07-04 07:00:00,3225.078603693249,35.0,43,1,0,0
2021-07-04 08:00:00,3077.646438952986,35.0,43,1,0,0
2021-07-04 09:00:00,3001.2976393553504,25.0,95,1,0,0
2021-07-04 10:00:00,2869.9908676335535,25.0,95,1,0,0
2021-07-04 11:00:00,2956.3769016610518,25.0,95,1,0,0
2021-07-04 12:00:00,2863.4090745647923,25.555555555555557,93,1,0,0
2021-07-04 13:00:00,2863.4090745647923,25.555555555555557,93,1,0,0
2021-07-04 14:00:00,2888.748977879525,25.555555555555557,93,1,0,0
2021-07-04 15:00:00,2974.9704670803035,26.11111111111111,95,1,0,0
2021-07-04 16:00:00,2974.9704670803035,26.11111111111111,95,1,0,0
2021-07-04 17:00:00,2838.398260903497,26.11111111111111,95,1,0,0
2021-07-04 18:00:00,992.5343947692692,27.22222222222222,87,1,0,0
2021-07-04 19:00:00,1116.601194115428,27.22222222222222,87,1,0,0
2021-07-04 20:00:00,1039.5942152109158,27.22222222222222,87,1,0,0
2021-07-04 21:00:00,904.8320021280191,26.11111111111111,95,1,0,0
2021-07-04 22:00:00,858.9239954734061,26.11111111111111,95,1,0,0
2021-07-04 23:00:00,820.749595674588,26.11111111111111,95,1,0,0
2021-07-05 00:00:00,1703.8356999135801,28.88888888888889,98,0,0,0
2021-07-05 01:00:00,1703.8356999135801,28.88888888888889,98,0,0,0
2021-07-05 02:00:00,1703.8356999135801,28.88888888888889,98,0,0,0
2021-07-05 03:00:00,1703.8356999135801,29.444444444444443,85,0,0,0
2021-07-05 04:00:00,1818.9443324829924,29.444444444444443,85,0,0,0
2021-07-05 05:00:00,2864.690792162393,29.444444444444443,85,0,0,0
2021-07-05 06:00:00,3777.256401146207,31.666666666666668,73,0,0,0
2021-07-05 07:00:00,3695.5243876386467,31.666666666666668,73,0,0,0
2021-07-05 08:00:00,3619.3280085120764,31.666666666666668,73,0,0,0
2021-07-05 09:00:00,3458.143360359717,29.444444444444443,80,0,0,0
2021-07-05 10:00:00,3482.5652767464385,29.444444444444443,80,0,0,0
2021-07-05 11:00:00,3370.224461367521,29.444444444444443,80,0,0,0
2021-07-05 12:00:00,3229.554222980007,27.77777777777778,89,0,0,0
2021-07-05 13:00:00,3229.554222980007,27.77777777777778,89,0,0,0
2021-07-05 14:00:00,3201.224799971411,27.77777777777778,89,0,0,0
2021-07-05 15:00:00,3276.4443024425113,27.77777777777778,91,0,0,0
2021-07-05 16:00:00,3266.024284784178,27.77777777777778,91,0,0,0
2021-07-05 17:00:00,3135.122812951352,27.77777777777778,91,0,0,0
2021-07-05 18:00:00,1095.4043563324,26.11111111111111,95,0,0,0
2021-07-05 19:00:00,1066.7493077719805,26.11111111111111,95,0,0,0
2021-07-05 20:00:00,1019.8592283094758,26.11111111111111,95,0,0,0
2021-07-05 21:00:00,990.5529286454105,26.11111111111111,93,0,0,0
2021-07-05 22:00:00,906.5415362750897,26.11111111111111,93,0,0,0
2021-07-05 23:00:00,849.8826902578966,26.11111111111111,93,0,0,0
2021-07-06 00:00:00,1796.8554885340666,29.444444444444443,84,0,0,0
2021-07-06 01:00:00,1796.8554885340666,29.444444444444443,84,0,0,0
2021-07-06 02:00:00,1796.8554885340666,29.444444444444443,84,0,0,0
2021-07-06 03:00:00,2000.6226057905074,32.77777777777778,56,0,0,0
2021-07-06 04:00:00,2625.937980643869,32.77777777777778,56,0,0,0
2021-07-06 05:00:00,3167.169216992992,32.77777777777778,56,0,0,0
2021-07-06 06:00:00,3672.6405323690474,35.55555555555556,42,0,0,0
2021-07-06 07:00:00,3672.6405323690474,35.55555555555556,42,0,0,0
2021-07-06 08:00:00,3672.6405323690474,35.55555555555556,42,0,0,0
2021-07-06 09:00:00,3699.702094186503,32.22222222222222,53,0,0,0
2021-07-06 10:00:00,3580.824519059821,32.22222222222222,53,0,0,0
2021-07-06 11:00:00,3392.360070688251,32.22222222222222,53,0,0,0
2021-07-06 12:00:00,3354.6671810139374,28.88888888888889,90,0,0,0
2021-07-06 13:00:00,3241.7495927161,28.88888888888889,90,0,0,0
2021-07-06 14:00:00,3213.5604658229163,28.88888888888889,90,0,0,0
2021-07-06 15:00:00,3213.5604658229163,28.333333333333332,89,0,0,0
2021-07-06 16:00:00,3211.3053356714613,28.333333333333332,89,0,0,0
2021-07-06 17:00:00,2984.1815132749553,28.333333333333332,89,0,0,0
2021-07-06 18:00:00,988.3913292375647,27.22222222222222,91,0,0,0
2021-07-06 19:00:00,1121.4440081733906,27.22222222222222,91,0,0,0
2021-07-06 20:00:00,1055.4009108807893,27.22222222222222,91,0,0,0
2021-07-06 21:00:00,942.3222418578475,27.77777777777778,93,0,0,0
2021-07-06 22:00:00,896.8974773785462,27.77777777777778,93,0,0,0
2021-07-06 23:00:00,896.8974773785462,27.77777777777778,93,0,0,0
2021-07-07 00:00:00,1854.683468846369,30.0,77,0,0,0
2021-07-07 01:00:00,1854.683468846369,30.0,77,0,0,0
2021-07-07 02:00:00,1854.683468846369,30.0,77,0,0,0
2021-07-07 03:00:00,2038.6376569150289,33.888888888888886,56,0,0,0
2021-07-07 04:00:00,2615.9509756874263,33.888888888888886,56,0,0,0
2021-07-07 05:00:00,3093.233164170299,33.888888888888886,56,0,0,0
2021-07-07 06:00:00,3749.6371189687143,35.0,47,0,0,0
2021-07-07 07:00:00,4040.871069956576,35.0,47,0,0,0
2021-07-07 08:00:00,3908.6237946462684,35.0,47,0,0,0
2021-07-07 09:00:00,3764.456545678274,32.22222222222222,71,0,0,0
2021-07-07 10:00:00,3643.646001850344,32.22222222222222,71,0,0,0
2021-07-07 11:00:00,3531.533817178026,32.22222222222222,71,0,0,0
2021-07-07 12:00:00,3373.5136258510943,29.444444444444443,75,0,0,1
2021-07-07 13:00:00,3148.9670950562504,29.444444444444443,75,0,0,0
2021-07-07 14:00:00,3258.179826676698,29.444444444444443,75,0,0,0
2021-07-07 15:00:00,3486.592294874036,29.444444444444443,82,0,0,0
2021-07-07 16:00:00,3090.8169532937404,29.444444444444443,82,0,0,0
2021-07-07 17:00:00,2737.083680965564,29.444444444444443,82,0,0,0
2021-07-07 18:00:00,1148.5055699908467,27.77777777777778,92,0,0,0
2021-07-07 19:00:00,1111.4570032169484,27.77777777777778,92,0,0,0
2021-07-07 20:00:00,1037.359869669152,27.77777777777778,92,0,0,0
2021-07-07 21:00:00,934.2682056026523,25.555555555555557,96,0,0,0
2021-07-07 22:00:00,896.8974773785462,25.555555555555557,96,0,0,0
2021-07-07 23:00:00,822.1560209303341,25.555555555555557,96,0,0,0
2021-07-08 00:00:00,1815.3797719210158,25.0,95,0,0,0
2021-07-08 01:00:00,1815.3797719210158,25.0,95,0,0,0
2021-07-08 02:00:00,1815.3797719210158,25.0,95,0,0,0
2021-07-08 03:00:00,1783.8079498006507,28.88888888888889,83,0,0,0
2021-07-08 04:00:00,2002.2334130415466,28.88888888888889,83,0,0,0
2021-07-08 05:00:00,2628.3541915204273,28.88888888888889,83,0,0,0
2021-07-08 06:00:00,4853.362247380675,29.444444444444443,85,0,0,0
2021-07-08 07:00:00,3704.8566773898287,29.444444444444443,85,0,0,0
2021-07-08 08:00:00,3686.332394002879,29.444444444444443,85,0,0,0
2021-07-08 09:00:00,3524.2851845483497,28.88888888888889,86,0,0,0
2021-07-08 10:00:00,3554.4072801427806,28.88888888888889,86,0,0,0
2021-07-08 11:00:00,5325.328771935118,28.88888888888889,86,0,0,0
2021-07-08 12:00:00,3363.3655401695487,27.77777777777778,87,0,0,0
2021-07-08 13:00:00,3241.7495927161,27.77777777777778,87,0,0,0
2021-07-08 14:00:00,3186.1767425552525,27.77777777777778,87,0,0,0
2021-07-08 15:00:00,2963.8853419118627,27.22222222222222,89,0,0,0
2021-07-08 16:00:00,3083.0850784887525,27.22222222222222,89,0,0,0
2021-07-08 17:00:00,3231.279345584346,27.22222222222222,89,0,0,0
2021-07-08 18:00:00,1111.4570032169484,25.555555555555557,95,0,0,0
2021-07-08 19:00:00,1009.0096620508646,25.555555555555557,95,0,0,0
2021-07-08 20:00:00,971.6389338267584,25.555555555555557,95,0,0,0
2021-07-08 21:00:00,896.8974773785462,27.22222222222222,91,0,0,0
2021-07-08 22:00:00,822.1560209303341,27.22222222222222,91,0,0,0
2021-07-08 23:00:00,747.4145644821219,27.22222222222222,91,0,0,0
2021-07-09 00:00:00,1780.2433892386737,27.22222222222222,89,0,0,0
2021-07-09 01:00:00,1780.2433892386737,27.22222222222222,89,0,0,0
2021-07-09 02:00:00,1780.2433892386737,27.22222222222222,89,0,0,0
2021-07-09 03:00:00,1780.2433892386737,28.88888888888889,76,0,0,0
2021-07-09 04:00:00,2736.9728297138795,28.88888888888889,76,0,0,0
2021-07-09 05:00:00,3301.7045314200964,28.88888888888889,76,0,0,0
2021-07-09 06:00:00,4032.7962490916893,31.666666666666668,62,0,0,0
2021-07-09 07:00:00,3851.1387603938656,31.666666666666668,62,0,0,0
2021-07-09 08:00:00,3918.702598295512,31.666666666666668,62,0,0,0
2021-07-09 09:00:00,3948.6601490632233,31.11111111111111,59,0,0,0
2021-07-09 10:00:00,3835.841287661417,31.11111111111111,59,0,0,0
2021-07-09 11:00:00,3560.4867784773473,31.11111111111111,59,0,0,0
2021-07-09 12:00:00,3342.497792039959,27.77777777777778,80,0,0,0
2021-07-09 13:00:00,3225.217167757855,27.77777777777778,80,0,0,0
2021-07-09 14:00:00,3234.778088215635,27.77777777777778,80,0,0,0
2021-07-09 15:00:00,3132.1575419687942,27.22222222222222,90,0,0,0
2021-07-09 16:00:00,3196.5344063845146,27.22222222222222,90,0,0,0
2021-07-09 17:00:00,3234.14069351845,27.22222222222222,90,0,0,0
2021-07-09 18:00:00,1062.8556575565658,27.22222222222222,90,0,0,0
2021-07-09 19:00:00,1044.530560012487,27.22222222222222,90,0,0,0
2021-07-09 20:00:00,1016.6445420106282,27.22222222222222,90,0,0,0
2021-07-09 21:00:00,979.675649573878,26.666666666666668,91,0,0,0
2021-07-09 22:00:00,887.2534184820028,26.666666666666668,91,0,0,0
2021-07-09 23:00:00,813.3156336085025,26.666666666666668,91,0,0,0
2021-07-10 00:00:00,1857.6452757273116,28.88888888888889,82,0,0,0
2021-07-10 01:00:00,1857.6452757273116,28.88888888888889,82,0,0,0
2021-07-10 02:00:00,1857.6452757273116,28.88888888888889,82,0,0,0
2021-07-10 03:00:00,1841.3501417297039,31.11111111111111,68,0,0,0
2021-07-10 04:00:00,2290.6302648066094,31.11111111111111,68,0,0,0
2021-07-10 05:00:00,3658.4238593405216,31.11111111111111,68,0,0,0
2021-07-10 06:00:00,3791.112807606758,32.22222222222222,61,0,0,0
2021-07-10 07:00:00,4015.5865922676844,32.22222222222222,61,0,0,0
2021-07-10 08:00:00,4092.0739559299263,32.22222222222222,61,0,0,0
2021-07-10 09:00:00,3201.8275536524443,31.666666666666668,67,0,0,1
2021-07-10 10:00:00,3221.1156714455315,31.666666666666668,67,0,0,1
2021-07-10 11:00:00,3735.2437767578162,31.666666666666668,67,0,0,0
2021-07-10 12:00:00,3747.548265694786,30.0,78,0,0,0
2021-07-10 13:00:00,2903.8593891247556,30.0,78,0,0,0
2021-07-10 14:00:00,2758.2008444114426,30.0,78,0,0,0
2021-07-10 15:00:00,2611.8771921880243,27.22222222222222,91,0,0,0
2021-07-10 16:00:00,2084.280659796084,27.22222222222222,91,0,0,0
2021-07-10 17:00:00,1945.4394670613626,27.22222222222222,91,0,0,0
2021-07-10 18:00:00,925.8296540681766,27.22222222222222,90,0,0,0
2021-07-10 19:00:00,1041.5583608266988,27.22222222222222,90,0,0,0
2021-07-10 20:00:00,1022.2702430336117,27.22222222222222,90,0,0,0
2021-07-10 21:00:00,983.6940074474378,25.555555555555557,95,0,0,0
2021-07-10 22:00:00,925.8296540681766,25.555555555555557,95,0,0,0
2021-07-10 23:00:00,810.1009473096545,25.555555555555557,95,0,0,0
2021-07-11 00:00:00,1435.3574324355586,27.22222222222222,95,1,0,0
2021-07-11 01:00:00,1435.3574324355586,27.22222222222222,95,1,0,0
2021-07-11 02:00:00,1435.3574324355586,27.22222222222222,95,1,0,0
2021-07-11 03:00:00,1497.8775383855648,29.444444444444443,77,1,0,0
2021-07-11 04:00:00,1591.4948845346628,29.444444444444443,77,1,0,0
2021-07-11 05:00:00,2266.353840687724,29.444444444444443,77,1,0,0
2021-07-11 06:00:00,2039.7184566189517,32.77777777777778,62,1,0,0
2021-07-11 07:00:00,2001.9458926074897,32.77777777777778,62,1,0,0
2021-07-11 08:00:00,3767.8132601433417,32.77777777777778,62,1,0,1
2021-07-11 09:00:00,3693.5706343277093,29.444444444444443,78,1,0,1
2021-07-11 10:00:00,655.3214230436846,29.444444444444443,78,1,0,0
2021-07-11 11:00:00,655.3214230436846,29.444444444444443,78,1,0,0
2021-07-11 12:00:00,655.3214230436846,28.333333333333332,92,1,0,0
2021-07-11 13:00:00,655.3214230436846,28.333333333333332,92,1,0,0
2021-07-11 14:00:00,655.3214230436846,28.333333333333332,92,1,0,0
2021-07-11 15:00:00,655.3214230436846,27.77777777777778,91,1,0,0
2021-07-11 16:00:00,1002.2754485110366,27.77777777777778,91,1,0,0
2021-07-11 17:00:00,1303.1534583954415,27.77777777777778,91,1,0,0
2021-07-11 18:00:00,922.1715627625912,25.555555555555557,95,1,0,0
2021-07-11 19:00:00,999.0191929928072,25.555555555555557,95,1,0,0
2021-07-11 20:00:00,941.3834703201452,25.555555555555557,95,1,0,0
2021-07-11 21:00:00,838.1601703922704,26.11111111111111,91,1,0,0
2021-07-11 22:00:00,793.2238442407034,26.11111111111111,91,1,0,0
2021-07-11 23:00:00,793.2238442407034,26.11111111111111,91,1,0,0
2021-07-12 00:00:00,1091.7220163155087,28.333333333333332,84,0,0,0
2021-07-12 01:00:00,1091.7220163155087,28.333333333333332,84,0,0,0
2021-07-12 02:00:00,1091.7220163155087,28.333333333333332,84,0,0,0
2021-07-12 03:00:00,1091.7220163155087,30.0,71,0,0,0
2021-07-12 04:00:00,1279.555998193123,30.0,71,0,0,0
2021-07-12 05:00:00,1580.6279977679756,30.0,71,0,0,0
2021-07-12 06:00:00,1806.431997449115,28.88888888888889,86,0,0,0
2021-07-12 07:00:00,2009.3867828768057,28.88888888888889,86,0,0,0
2021-07-12 08:00:00,1468.3980336407426,28.88888888888889,86,0,0,0
2021-07-12 09:00:00,2317.515157441694,30.555555555555557,81,0,0,0
2021-07-12 10:00:00,2449.066148327358,30.555555555555557,81,0,0,0
2021-07-12 11:00:00,2453.770398320715,30.555555555555557,81,0,0,0
2021-07-12 12:00:00,2550.3755321128688,27.77777777777778,90,0,0,0
2021-07-12 13:00:00,2221.9180772195446,27.77777777777778,90,0,0,0
2021-07-12 14:00:00,2002.3304078867702,27.77777777777778,90,0,0,0
2021-07-12 15:00:00,1710.1628815136291,26.666666666666668,91,0,0,0
2021-07-12 16:00:00,1710.1628815136291,26.666666666666668,91,0,0,0
2021-07-12 17:00:00,1665.304497648403,26.666666666666668,91,0,0,0
2021-07-12 18:00:00,935.4737129647202,26.11111111111111,91,0,0,0
2021-07-12 19:00:00,915.9846772779553,26.11111111111111,91,0,0,0
2021-07-12 20:00:00,877.0066059044252,26.11111111111111,91,0,0,0
2021-07-12 21:00:00,779.5614274706002,26.11111111111111,91,0,0,0
2021-07-12 22:00:00,701.6052847235402,26.11111111111111,91,0,0,0
2021-07-12 23:00:00,687.9965615284714,26.11111111111111,91,0,0,0
2021-07-13 00:00:00,1100.7944984455544,26.666666666666668,91,0,0,0
2021-07-13 01:00:00,1100.7944984455544,26.666666666666668,91,0,0,0
2021-07-13 02:00:00,1091.3859984588403,26.666666666666668,91,0,0,0
2021-07-13 03:00:00,1110.8750341456052,28.88888888888889,77,0,0,0
2021-07-13 04:00:00,1244.9461589562818,28.88888888888889,77,0,0,0
2021-07-13 05:00:00,1505.3599978742623,28.88888888888889,77,0,0,0
2021-07-13 06:00:00,2389.7589966253913,28.88888888888889,75,0,0,0
2021-07-13 07:00:00,2475.1075322191555,28.88888888888889,75,0,0,0
2021-07-13 08:00:00,2566.50438923295,28.88888888888889,75,0,0,0
2021-07-13 09:00:00,2935.4519958548117,27.77777777777778,89,0,0,0
2021-07-13 10:00:00,2980.646397576707,27.77777777777778,89,0,0,0
2021-07-13 11:00:00,3018.616415380232,27.77777777777778,89,0,0,0
2021-07-13 12:00:00,2796.34060319411,27.22222222222222,91,0,0,0
2021-07-13 13:00:00,2834.646638854303,27.22222222222222,91,0,0,0
2021-07-13 14:00:00,2866.736344166132,27.22222222222222,91,0,0,0
2021-07-13 15:00:00,2604.8104248931436,26.666666666666668,91,0,0,0
2021-07-13 16:00:00,2163.9549969442523,26.666666666666668,91,0,0,0
2021-07-13 17:00:00,2124.304889857385,26.666666666666668,91,0,0,0
2021-07-13 18:00:00,935.4737129647202,26.11111111111111,90,0,0,0
2021-07-13 19:00:00,974.4517843382503,26.11111111111111,90,0,0,0
2021-07-13 20:00:00,915.9846772779553,26.11111111111111,90,0,0,0
2021-07-13 21:00:00,818.5394988441301,24.444444444444443,93,0,0,0
2021-07-13 22:00:00,701.6052847235402,24.444444444444443,93,0,0,0
2021-07-13 23:00:00,701.6052847235402,24.444444444444443,93,0,0,0
2021-07-14 00:00:00,1283.252194616475,24.444444444444443,93,0,0,0
2021-07-14 01:00:00,1283.252194616475,24.444444444444443,93,0,0,0
2021-07-14 02:00:00,1283.252194616475,24.444444444444443,93,0,0,0
2021-07-14 03:00:00,1352.4718730901575,26.11111111111111,90,0,0,0
2021-07-14 04:00:00,1467.7259979274058,26.11111111111111,90,0,0,0
2021-07-14 05:00:00,1994.6019971833978,26.11111111111111,90,0,0,0
2021-07-14 06:00:00,2760.0506746739266,27.22222222222222,87,0,0,0
2021-07-14 07:00:00,2961.661388674944,27.22222222222222,87,0,0,0
2021-07-14 08:00:00,3170.4964865943316,27.22222222222222,87,0,0,0
2021-07-14 09:00:00,3064.482852815463,27.77777777777778,81,0,0,0
2021-07-14 10:00:00,2434.449371562284,27.77777777777778,81,0,0,0
2021-07-14 11:00:00,2712.6721568836874,27.77777777777778,81,0,0,0
2021-07-14 12:00:00,3350.434048840239,27.22222222222222,91,0,0,0
2021-07-14 13:00:00,2577.2569606463376,27.22222222222222,91,0,0,0
2021-07-14 14:00:00,2597.082014189771,27.22222222222222,91,0,0,0
2021-07-14 15:00:00,2616.9070677332047,26.666666666666668,91,0,0,0
2021-07-14 16:00:00,2656.5571748200714,26.666666666666668,91,0,0,0
2021-07-14 17:00:00,2479.139746499176,26.666666666666668,91,0,0,0
2021-07-14 18:00:00,954.9627486514852,26.11111111111111,94,0,0,0
2021-07-14 19:00:00,982.8522307549592,26.11111111111111,94,0,0,0
2021-07-14 20:00:00,904.2240522945625,26.11111111111111,94,0,0,0
2021-07-14 21:00:00,845.2529184492649,25.555555555555557,93,0,0,0
2021-07-14 22:00:00,701.6052847235402,25.555555555555557,93,0,0,0
2021-07-14 23:00:00,701.6052847235402,25.555555555555557,93,0,0,0
2021-07-15 00:00:00,1333.1508463317268,25.555555555555557,91,0,0,0
2021-07-15 01:00:00,1333.1508463317268,25.555555555555557,91,0,0,0
2021-07-15 02:00:00,1333.1508463317268,25.555555555555557,91,0,0,0
2021-07-15 03:00:00,1391.1139266070193,27.22222222222222,86,0,0,0
2021-07-15 04:00:00,869.4462041293871,27.22222222222222,86,0,0,0
2021-07-15 05:00:00,584.6710706029501,27.22222222222222,86,0,0,0
2021-07-15 06:00:00,618.2728562697864,29.444444444444443,75,0,0,0
2021-07-15 07:00:00,1333.1508463317268,29.444444444444443,75,0,0,0
2021-07-15 08:00:00,1255.8667392980035,29.444444444444443,75,0,0,0
2021-07-15 09:00:00,1275.1877660564344,30.0,70,0,0,0
2021-07-15 10:00:00,1321.5582302766684,30.0,70,0,0,0
2021-07-15 11:00:00,1359.8642659368618,30.0,70,0,0,0
2021-07-15 12:00:00,1551.3944442378283,28.333333333333332,81,0,0,0
2021-07-15 13:00:00,1532.2414264077315,28.333333333333332,81,0,0,0
2021-07-15 14:00:00,1493.9353907475381,28.333333333333332,81,0,0,0
2021-07-15 15:00:00,1455.629355087345,27.77777777777778,87,0,0,0
2021-07-15 16:00:00,1407.5788015837693,27.77777777777778,87,0,0,0
2021-07-15 17:00:00,1407.5788015837693,27.77777777777778,87,0,0,0
2021-07-15 18:00:00,943.5381415247608,26.666666666666668,91,0,0,0
2021-07-15 19:00:00,982.8522307549592,26.666666666666668,91,0,0,0
2021-07-15 20:00:00,982.8522307549592,26.666666666666668,91,0,0,0
2021-07-15 21:00:00,884.5670076794634,26.666666666666668,90,0,0,0
2021-07-15 22:00:00,786.2817846039674,26.666666666666668,90,0,0,0
2021-07-15 23:00:00,707.6536061435706,26.666666666666668,90,0,0,0
2021-07-16 00:00:00,1171.2127560780746,28.88888888888889,80,0,0,0
2021-07-16 01:00:00,1171.2127560780746,28.88888888888889,80,0,0,0
2021-07-16 02:00:00,1171.2127560780746,28.88888888888889,80,0,0,0
2021-07-16 03:00:00,1361.8318756542599,29.444444444444443,77,0,0,0
2021-07-16 04:00:00,1482.8571937823274,29.444444444444443,77,0,0,0
2021-07-16 05:00:00,1606.0891446392382,29.444444444444443,77,0,0,0
2021-07-16 06:00:00,2600.092318493326,29.444444444444443,83,0,0,0
2021-07-16 07:00:00,2786.4679135909673,29.444444444444443,83,0,0,0
2021-07-16 08:00:00,2927.6924082369032,29.444444444444443,83,0,0,0
2021-07-16 09:00:00,3174.835273867291,29.444444444444443,80,0,0,0
2021-07-16 10:00:00,3079.780325547911,29.444444444444443,80,0,0,0
2021-07-16 11:00:00,2805.818385213127,29.444444444444443,80,0,0,0
2021-07-16 12:00:00,2635.228701175668,28.333333333333332,88,0,0,0
2021-07-16 13:00:00,2459.546787763957,28.333333333333332,88,0,0,0
2021-07-16 14:00:00,2615.7084885743666,28.333333333333332,88,0,0,0
2021-07-16 15:00:00,2883.220271701765,27.77777777777778,90,0,0,0
2021-07-16 16:00:00,2902.5707433239245,27.77777777777778,90,0,0,0
2021-07-16 17:00:00,2717.2135941011334,27.77777777777778,90,0,0,0
2021-07-16 18:00:00,1004.1876326025928,27.22222222222222,90,0,0,0
2021-07-16 19:00:00,1122.3273540852506,27.22222222222222,90,0,0,0
2021-07-16 20:00:00,992.9847279792372,27.22222222222222,90,0,0,0
2021-07-16 21:00:00,893.6862551813134,27.22222222222222,91,0,0,0
2021-07-16 22:00:00,834.1071715025593,27.22222222222222,91,0,0,0
2021-07-16 23:00:00,774.528087823805,27.22222222222222,91,0,0,0
2021-07-17 00:00:00,1294.964322177256,28.333333333333332,90,0,0,0
2021-07-17 01:00:00,1294.964322177256,28.333333333333332,90,0,0,0
2021-07-17 02:00:00,1294.964322177256,28.333333333333332,90,0,0,0
2021-07-17 03:00:00,1338.5288640892281,29.444444444444443,76,0,0,0
2021-07-17 04:00:00,1784.9822802481822,29.444444444444443,76,0,0,0
2021-07-17 05:00:00,2710.645657438832,29.444444444444443,76,0,0,0
2021-07-17 06:00:00,3617.5197474689753,32.22222222222222,60,0,0,0
2021-07-17 07:00:00,3942.757319911029,32.22222222222222,60,0,0,0
2021-07-17 08:00:00,4208.800323953608,32.22222222222222,60,0,0,0
2021-07-17 09:00:00,4208.800323953608,32.77777777777778,56,0,0,0
2021-07-17 10:00:00,4208.800323953608,32.77777777777778,56,0,0,0
2021-07-17 11:00:00,3980.6684479870964,32.77777777777778,56,0,0,0
2021-07-17 12:00:00,4132.312960291367,30.0,82,0,0,0
2021-07-17 13:00:00,4056.490704139231,30.0,82,0,0,0
2021-07-17 14:00:00,3980.6684479870964,30.0,82,0,0,0
2021-07-17 15:00:00,3942.757319911029,28.88888888888889,87,0,0,0
2021-07-17 16:00:00,4092.0739559299263,28.88888888888889,87,0,0,0
2021-07-17 17:00:00,3904.5136380799077,28.88888888888889,87,0,0,0
2021-07-17 18:00:00,1020.2749205032926,27.22222222222222,92,0,0,0
2021-07-17 19:00:00,1089.4461015543632,27.22222222222222,92,0,0,0
2021-07-17 20:00:00,1118.7108319990468,27.22222222222222,92,0,0,0
2021-07-17 21:00:00,972.7197335306813,27.77777777777778,90,0,0,0
2021-07-17 22:00:00,933.8109441894541,27.77777777777778,90,0,0,0
2021-07-17 23:00:00,778.175786824545,27.77777777777778,90,0,0,0
2021-07-18 00:00:00,1347.6221308289646,28.88888888888889,85,1,0,0
2021-07-18 01:00:00,1347.6221308289646,28.88888888888889,85,1,0,0
2021-07-18 02:00:00,1347.6221308289646,28.88888888888889,85,1,0,0
2021-07-18 03:00:00,1450.627192355086,31.11111111111111,68,1,0,0
2021-07-18 04:00:00,2342.7892428257387,31.11111111111111,68,1,0,0
2021-07-18 05:00:00,3501.5139125812416,31.11111111111111,68,1,0,0
2021-07-18 06:00:00,4032.993702883752,33.888888888888886,50,1,0,0
2021-07-18 07:00:00,4390.055976864075,33.888888888888886,50,1,0,0
2021-07-18 08:00:00,4503.591907300215,33.888888888888886,50,1,0,0
2021-07-18 09:00:00,4464.430238541084,31.11111111111111,64,1,0,0
2021-07-18 10:00:00,4426.914018049142,31.11111111111111,64,1,0,0
2021-07-18 11:00:00,4314.365356573316,31.11111111111111,64,1,0,0
2021-07-18 12:00:00,4103.74797837294,27.22222222222222,91,1,0,0
2021-07-18 13:00:00,3657.831497964333,27.22222222222222,91,1,0,0
2021-07-18 14:00:00,3106.606328455538,27.22222222222222,91,1,0,0
2021-07-18 15:00:00,2349.7001255479386,27.22222222222222,91,1,0,0
2021-07-18 16:00:00,1703.0389565420985,27.22222222222222,91,1,0,0
2021-07-18 17:00:00,1324.5858550882986,27.22222222222222,91,1,0,0
2021-07-18 18:00:00,1002.9007188525692,28.333333333333332,90,1,0,0
2021-07-18 19:00:00,1049.7959944674965,28.333333333333332,90,1,0,0
2021-07-18 20:00:00,1087.9703942663143,28.333333333333332,90,1,0,0
2021-07-18 21:00:00,858.9239954734061,26.666666666666668,92,1,0,0
2021-07-18 22:00:00,897.0983952722241,26.666666666666668,92,1,0,0
2021-07-18 23:00:00,750.8180443189946,26.666666666666668,92,1,0,0
2021-07-19 00:00:00,766.6247399888681,29.444444444444443,87,0,0,0
2021-07-19 01:00:00,766.6247399888681,29.444444444444443,87,0,0,0
2021-07-19 02:00:00,766.6247399888681,29.444444444444443,87,0,0,0
2021-07-19 03:00:00,766.6247399888681,29.444444444444443,73,0,0,0
2021-07-19 04:00:00,1159.2616055058493,29.444444444444443,73,0,0,0
2021-07-19 05:00:00,1854.818568809359,29.444444444444443,73,0,0,0
2021-07-19 06:00:00,2822.549996014242,31.11111111111111,58,0,0,0
2021-07-19 07:00:00,3198.5539776261394,31.11111111111111,58,0,0,0
2021-07-19 08:00:00,3274.1579953765204,31.11111111111111,58,0,0,0
2021-07-19 09:00:00,3390.0841559271057,32.77777777777778,54,0,0,0
2021-07-19 10:00:00,3400.500709483825,32.77777777777778,54,0,0,0
2021-07-19 11:00:00,3469.048352244171,32.77777777777778,54,0,0,0
2021-07-19 12:00:00,3488.5373879309354,30.0,72,0,0,0
2021-07-19 13:00:00,3498.953941487655,30.0,72,0,0,0
2021-07-19 14:00:00,3568.509637818006,30.0,72,0,0,0
2021-07-19 15:00:00,3658.7304323334615,28.88888888888889,77,0,0,0
2021-07-19 16:00:00,3198.889995482808,28.88888888888889,77,0,0,0
2021-07-19 17:00:00,1585.1642388329985,28.88888888888889,77,0,0,0
2021-07-19 18:00:00,1062.6564717136953,26.666666666666668,93,0,0,0
2021-07-19 19:00:00,966.0513379215413,26.666666666666668,93,0,0,0
2021-07-19 20:00:00,911.952462997935,26.666666666666668,93,0,0,0
2021-07-19 21:00:00,892.1274094545015,27.22222222222222,78,0,0,0
2021-07-19 22:00:00,892.1274094545015,27.22222222222222,78,0,0,0
2021-07-19 23:00:00,786.2817846039674,27.22222222222222,78,0,0,0
2021-07-20 00:00:00,1443.880854459605,28.88888888888889,73,0,0,0
2021-07-20 01:00:00,1424.629109733477,28.88888888888889,73,0,0,0
2021-07-20 02:00:00,1565.15039175154,28.88888888888889,73,0,0,0
2021-07-20 03:00:00,1679.673591147994,30.555555555555557,65,0,0,0
2021-07-20 04:00:00,2395.7726770292707,30.555555555555557,65,0,0,0
2021-07-20 05:00:00,3402.622471723097,30.555555555555557,65,0,0,0
2021-07-20 06:00:00,3800.985497209901,30.555555555555557,64,0,0,0
2021-07-20 07:00:00,3888.5233450244314,30.555555555555557,64,0,0,0
2021-07-20 08:00:00,3438.9868784280056,30.555555555555557,64,0,0,0
2021-07-20 09:00:00,4447.317576562303,28.333333333333332,78,0,0,0
2021-07-20 10:00:00,4562.8280449190715,28.333333333333332,78,0,0,0
2021-07-20 11:00:00,4485.65652118784,28.333333333333332,78,0,0,0
2021-07-20 12:00:00,4408.649542283327,27.77777777777778,80,0,0,0
2021-07-20 13:00:00,4019.171937439352,27.77777777777778,80,0,0,0
2021-07-20 14:00:00,3435.6959818936243,27.77777777777778,80,0,0,0
2021-07-20 15:00:00,2175.9407885326286,25.555555555555557,91,0,0,0
2021-07-20 16:00:00,2194.6988987786,25.555555555555557,91,0,0,0
2021-07-20 17:00:00,2135.7918508131825,25.555555555555557,91,0,0,0
2021-07-20 18:00:00,1087.3122149594383,28.333333333333332,81,0,0,0
2021-07-20 19:00:00,1058.8459599370437,28.333333333333332,81,0,0,0
2021-07-20 20:00:00,962.5872363064033,28.333333333333332,81,0,0,0
2021-07-20 21:00:00,858.9239954734061,25.0,93,0,0,0
2021-07-20 22:00:00,770.0697890451227,25.0,93,0,0,0
2021-07-20 23:00:00,750.8180443189946,25.0,93,0,0,0
2021-07-21 00:00:00,722.2859713659126,25.555555555555557,91,0,0,0
2021-07-21 01:00:00,722.2859713659126,25.555555555555557,91,0,0,0
2021-07-21 02:00:00,1235.4891615469558,25.555555555555557,91,0,0,0
2021-07-21 03:00:00,1214.5486672834481,26.666666666666668,91,0,0,0
2021-07-21 04:00:00,1222.6027035386435,26.666666666666668,91,0,0,0
2021-07-21 05:00:00,1255.9464136351519,26.666666666666668,91,0,0,0
2021-07-21 06:00:00,1352.2726872472874,26.11111111111111,91,0,0,0
2021-07-21 07:00:00,1377.2401996383928,26.11111111111111,91,0,0,0
2021-07-21 08:00:00,1457.4584007401377,26.11111111111111,91,0,0,0
2021-07-21 09:00:00,1420.0876725160317,26.666666666666668,82,0,0,0
2021-07-21 10:00:00,1319.2511386009865,26.666666666666668,82,0,0,0
2021-07-21 11:00:00,1281.5582489266726,26.666666666666668,82,0,0,0
2021-07-21 12:00:00,1225.0189144152018,25.555555555555557,90,0,0,0
2021-07-21 13:00:00,1197.4741104224343,25.555555555555557,90,0,0,0
2021-07-21 14:00:00,1197.4741104224343,25.555555555555557,90,0,0,0
2021-07-21 15:00:00,1178.4665848601733,25.0,90,0,0,0
2021-07-21 16:00:00,1140.4515337356518,25.0,90,0,0,0
2021-07-21 17:00:00,1150.1163772418859,25.0,90,0,0,0
2021-07-21 18:00:00,1045.4139059243473,25.0,91,0,0,0
2021-07-21 19:00:00,980.0151315321616,25.0,91,0,0,0
2021-07-21 20:00:00,942.3222418578475,25.0,91,0,0,0
2021-07-21 21:00:00,810.397127997749,25.0,90,0,0,0
2021-07-21 22:00:00,753.857793486278,25.0,90,0,0,0
2021-07-21 23:00:00,716.1649038119641,25.0,90,0,0,0
2021-07-22 00:00:00,684.270920241391,24.444444444444443,93,0,0,0
2021-07-22 01:00:00,646.2558691168691,24.444444444444443,93,0,0,0
2021-07-22 02:00:00,646.2558691168691,24.444444444444443,93,0,0,0
2021-07-22 03:00:00,646.2558691168691,24.444444444444443,93,0,0,0
2021-07-22 04:00:00,635.3023798098036,24.444444444444443,93,0,0,0
2021-07-22 05:00:00,1101.7921597107143,24.444444444444443,93,0,0,0
2021-07-22 06:00:00,1140.4515337356518,24.444444444444443,93,0,0,0
2021-07-22 07:00:00,1178.4665848601733,24.444444444444443,93,0,0,0
2021-07-22 08:00:00,1121.1218467231827,24.444444444444443,93,0,0,0
2021-07-22 09:00:00,1074.4084364430503,25.0,91,0,0,0
2021-07-22 10:00:00,1185.5541367647452,25.0,91,0,0,0
2021-07-22 11:00:00,735.011348649121,25.0,91,0,0,0
2021-07-22 12:00:00,735.011348649121,25.0,91,0,0,0
2021-07-22 13:00:00,1055.4009108807893,25.0,91,0,0,0
2021-07-22 14:00:00,810.397127997749,25.0,91,0,0,0
2021-07-22 15:00:00,798.316073614956,25.0,91,0,0,0
2021-07-22 16:00:00,805.0814640693201,25.0,91,0,0,0
2021-07-22 17:00:00,690.0698263451314,25.0,91,0,0,0
2021-07-22 18:00:00,747.5756452072258,25.0,91,0,0,0
2021-07-22 19:00:00,728.4070389198611,25.0,91,0,0,0
2021-07-22 20:00:00,532.210715743304,25.0,91,0,0,0
2021-07-22 21:00:00,500.63889362293855,25.0,91,0,0,0
2021-07-22 22:00:00,502.5718623241855,25.0,91,0,0,0
2021-07-22 23:00:00,502.5718623241855,25.0,91,0,0,0
2021-07-23 00:00:00,519.8196242659562,26.666666666666668,87,0,0,0
2021-07-23 01:00:00,524.187856402645,26.666666666666668,87,0,0,0
2021-07-23 02:00:00,539.8126867377238,26.666666666666668,87,0,0,0
2021-07-23 03:00:00,519.8196242659562,26.666666666666668,82,0,0,0
2021-07-23 04:00:00,539.8126867377238,26.666666666666668,82,0,0,0
2021-07-23 05:00:00,564.5099992028485,26.666666666666668,82,0,0,0
2021-07-23 06:00:00,1299.5490606648907,23.88888888888889,93,0,0,0
2021-07-23 07:00:00,1500.6557478809052,23.88888888888889,93,0,0,0
2021-07-23 08:00:00,1461.6776765073753,23.88888888888889,93,0,0,0
2021-07-23 09:00:00,1468.3980336407426,25.0,90,0,0,0
2021-07-23 10:00:00,1255.8667392980035,25.0,90,0,0,0
2021-07-23 11:00:00,1468.3980336407426,25.0,90,0,0,0
2021-07-23 12:00:00,1340.7112481067652,24.444444444444443,90,0,0,0
2021-07-23 13:00:00,1328.9506231233725,24.444444444444443,90,0,0,0
2021-07-23 14:00:00,1404.8906587304223,24.444444444444443,90,0,0,0
2021-07-23 15:00:00,1241.9219982462664,25.0,78,0,0,0
2021-07-23 16:00:00,1264.0991767863784,25.0,78,0,0,0
2021-07-23 17:00:00,1264.0991767863784,25.0,78,0,0,0
2021-07-23 18:00:00,927.4092844046795,24.444444444444443,90,0,0,0
2021-07-23 19:00:00,935.4737129647202,24.444444444444443,90,0,0,0
2021-07-23 20:00:00,818.5394988441301,24.444444444444443,90,0,0,0
2021-07-23 21:00:00,779.5614274706002,24.444444444444443,90,0,0,0
2021-07-23 22:00:00,740.5833560970702,24.444444444444443,90,0,0,0
2021-07-23 23:00:00,589.7113384529755,24.444444444444443,90,0,0,0
2021-07-24 00:00:00,486.96781659879736,25.0,86,0,0,0
2021-07-24 01:00:00,486.96781659879736,25.0,86,0,0,0
2021-07-24 02:00:00,486.96781659879736,25.0,86,0,0,0
2021-07-24 03:00:00,486.96781659879736,28.88888888888889,68,0,0,0
2021-07-24 04:00:00,486.96781659879736,28.88888888888889,68,0,0,0
2021-07-24 05:00:00,1063.6524009280474,28.88888888888889,68,0,0,0
2021-07-24 06:00:00,1585.150382426538,30.0,63,0,0,0
2021-07-24 07:00:00,1881.2773769457815,30.0,63,0,0,0
2021-07-24 08:00:00,1881.2773769457815,30.0,63,0,0,0
2021-07-24 09:00:00,2244.4607184800534,30.0,62,0,0,0
2021-07-24 10:00:00,2425.127474115948,30.0,62,0,0,0
2021-07-24 11:00:00,2425.127474115948,30.0,62,0,0,0
2021-07-24 12:00:00,2630.3044807297497,26.666666666666668,85,0,0,0
2021-07-24 13:00:00,2787.0775954752316,26.666666666666668,85,0,0,0
2021-07-24 14:00:00,2779.6782744252973,26.666666666666668,85,0,0,0
2021-07-24 15:00:00,2935.0640164739166,26.11111111111111,88,0,0,0
2021-07-24 16:00:00,2969.5941813736094,26.11111111111111,88,0,0,0
2021-07-24 17:00:00,2451.6417078782124,26.11111111111111,88,0,0,0
2021-07-24 18:00:00,982.2598693787708,24.444444444444443,88,0,0,0
2021-07-24 19:00:00,901.7922529607358,24.444444444444443,88,0,0,0
2021-07-24 20:00:00,818.5498911489757,24.444444444444443,88,0,0,0
2021-07-24 21:00:00,763.9798984057106,25.0,90,0,0,0
2021-07-24 22:00:00,703.3979573093739,25.0,90,0,0,0
2021-07-24 23:00:00,703.3979573093739,25.0,90,0,0,0
2021-07-25 00:00:00,662.6272133500102,28.333333333333332,74,1,0,0
2021-07-25 01:00:00,662.6272133500102,28.333333333333332,74,1,0,0
2021-07-25 02:00:00,651.2026062232859,28.333333333333332,74,1,0,0
2021-07-25 03:00:00,804.426748864059,30.0,56,1,0,0
2021-07-25 04:00:00,1025.190480695173,30.0,56,1,0,0
2021-07-25 05:00:00,1505.3599978742623,30.0,56,1,0,0
2021-07-25 06:00:00,2634.3799962799594,31.11111111111111,50,1,0,0
2021-07-25 07:00:00,3217.706995456236,31.11111111111111,50,1,0,0
2021-07-25 08:00:00,3294.3190667766225,31.11111111111111,50,1,0,0
2021-07-25 09:00:00,3332.6251024368157,30.555555555555557,59,1,0,0
2021-07-25 10:00:00,3118.2457098824007,30.555555555555557,59,1,0,0
2021-07-25 11:00:00,3313.1360667500508,30.555555555555557,59,1,0,0
2021-07-25 12:00:00,3149.327361624224,26.11111111111111,90,1,0,0
2021-07-25 13:00:00,3235.179924002991,26.11111111111111,90,1,0,0
2021-07-25 14:00:00,3196.2018526294605,26.11111111111111,90,1,0,0
2021-07-25 15:00:00,3235.179924002991,26.666666666666668,90,1,0,0
2021-07-25 16:00:00,3196.2018526294605,26.666666666666668,90,1,0,0
2021-07-25 17:00:00,2879.0009959345266,26.666666666666668,90,1,0,0
2021-07-25 18:00:00,1169.3421412059004,25.555555555555557,88,1,0,0
2021-07-25 19:00:00,959.6669986448422,25.555555555555557,88,1,0,0
2021-07-25 20:00:00,951.6025700848016,25.555555555555557,88,1,0,0
2021-07-25 21:00:00,919.6808737013072,25.555555555555557,88,1,0,0
2021-07-25 22:00:00,879.6947487577721,25.555555555555557,88,1,0,0
2021-07-25 23:00:00,826.603927404171,25.555555555555557,88,1,0,0
2021-07-26 00:00:00,1042.3481759949505,28.88888888888889,76,0,0,0
2021-07-26 01:00:00,1111.8380543946137,28.88888888888889,76,0,0,0
2021-07-26 02:00:00,1102.4156980014388,28.88888888888889,76,0,0,0
2021-07-26 03:00:00,1092.9933416082642,32.22222222222222,54,0,0,0
2021-07-26 04:00:00,1468.709802786105,32.22222222222222,54,0,0,0
2021-07-26 05:00:00,1425.1314044676722,32.22222222222222,54,0,0,0
2021-07-26 06:00:00,2836.129274345582,33.333333333333336,48,0,0,0
2021-07-26 07:00:00,2974.225685233049,33.333333333333336,48,0,0,0
2021-07-26 08:00:00,3643.8018864230253,33.333333333333336,48,0,0,0
2021-07-26 09:00:00,3973.878808821426,33.333333333333336,46,0,0,0
2021-07-26 10:00:00,3776.0093245647577,33.333333333333336,46,0,0,0
2021-07-26 11:00:00,3324.472339285589,33.333333333333336,46,0,0,0
2021-07-26 12:00:00,3509.2388591829995,31.666666666666668,57,0,0,0
2021-07-26 13:00:00,3661.616028978871,31.666666666666668,57,0,0,0
2021-07-26 14:00:00,3654.696486002633,31.666666666666668,57,0,0,0
2021-07-26 15:00:00,3692.385911575332,30.555555555555557,57,0,0,0
2021-07-26 16:00:00,3586.3844021521168,30.555555555555557,57,0,0,0
2021-07-26 17:00:00,3509.2388591829995,30.555555555555557,57,0,0,0
2021-07-26 18:00:00,990.5252158324895,25.555555555555557,90,0,0,0
2021-07-26 19:00:00,939.2911529446021,25.555555555555557,90,0,0,0
2021-07-26 20:00:00,888.0570900567145,25.555555555555557,90,0,0,0
2021-07-26 21:00:00,853.9010481314564,27.77777777777778,62,0,0,0
2021-07-26 22:00:00,792.3612829385341,27.77777777777778,62,0,0,0
2021-07-26 23:00:00,729.6437231964652,27.77777777777778,62,0,0,0
2021-07-27 00:00:00,1575.681260661559,28.333333333333332,62,0,0,0
2021-07-27 01:00:00,1575.681260661559,28.333333333333332,62,0,0,0
2021-07-27 02:00:00,1575.681260661559,28.333333333333332,62,0,0,0
2021-07-27 03:00:00,2040.092579593387,31.11111111111111,51,0,0,0
2021-07-27 04:00:00,2235.9251721003543,31.11111111111111,51,0,0,0
2021-07-27 05:00:00,2949.4192535670472,31.11111111111111,51,0,0,0
2021-07-27 06:00:00,3696.958525707314,32.22222222222222,47,0,0,0
2021-07-27 07:00:00,3731.5856854522312,32.22222222222222,47,0,0,0
2021-07-27 08:00:00,3452.5315157431946,32.22222222222222,47,0,0,0
2021-07-27 09:00:00,3781.3440410520698,32.22222222222222,46,0,0,0
2021-07-27 10:00:00,3781.3440410520698,32.22222222222222,46,0,0,0
2021-07-27 11:00:00,3781.635025587741,32.22222222222222,46,0,0,0
2021-07-27 12:00:00,3781.635025587741,30.555555555555557,55,0,0,0
2021-07-27 13:00:00,3814.2252935829574,30.555555555555557,55,0,0,0
2021-07-27 14:00:00,3814.2252935829574,30.555555555555557,55,0,0,0
2021-07-27 15:00:00,3676.8805927459753,28.88888888888889,73,0,0,0
2021-07-27 16:00:00,3544.191644479739,28.88888888888889,73,0,0,0
2021-07-27 17:00:00,2965.7143875646548,28.88888888888889,73,0,0,0
2021-07-27 18:00:00,919.2201481864938,29.444444444444443,61,0,0,0
2021-07-27 19:00:00,911.3635657233615,29.444444444444443,61,0,0,0
2021-07-27 20:00:00,961.9948749302148,29.444444444444443,61,0,0,0
2021-07-27 21:00:00,843.8551534475569,27.77777777777778,70,0,0,0
2021-07-27 22:00:00,776.3467411717523,27.77777777777778,70,0,0,0
2021-07-27 23:00:00,708.8383288959477,27.77777777777778,70,0,0,0
2021-07-28 00:00:00,1744.5042528752977,28.333333333333332,67,0,0,0
2021-07-28 01:00:00,1744.5042528752977,28.333333333333332,67,0,0,0
2021-07-28 02:00:00,1744.5042528752977,28.333333333333332,67,0,0,0
2021-07-28 03:00:00,2258.673927406964,30.555555555555557,50,0,0,0
2021-07-28 04:00:00,2475.488583396821,30.555555555555557,50,0,0,0
2021-07-28 05:00:00,3247.3874180947364,30.555555555555557,50,0,0,0
2021-07-28 06:00:00,4305.687782027397,32.22222222222222,45,0,0,0
2021-07-28 07:00:00,4589.18985821027,32.22222222222222,45,0,0,0
2021-07-28 08:00:00,3676.828631221749,32.22222222222222,45,0,0,0
2021-07-28 09:00:00,5013.15432668375,32.22222222222222,49,0,0,0
2021-07-28 10:00:00,5227.069529621736,32.22222222222222,49,0,0,0
2021-07-28 11:00:00,5170.046952934953,32.22222222222222,49,0,0,0
2021-07-28 12:00:00,4903.941595063302,29.444444444444443,60,0,0,0
2021-07-28 13:00:00,4903.941595063302,29.444444444444443,60,0,0,0
2021-07-28 14:00:00,4770.888916127476,29.444444444444443,60,0,0,0
2021-07-28 15:00:00,4523.791083818084,29.444444444444443,57,0,0,0
2021-07-28 16:00:00,4407.168638842857,29.444444444444443,57,0,0,0
2021-07-28 17:00:00,4241.577653436042,29.444444444444443,57,0,0,0
2021-07-28 18:00:00,896.8974773785462,28.333333333333332,79,0,0,0
2021-07-28 19:00:00,896.8974773785462,28.333333333333332,79,0,0,0
2021-07-28 20:00:00,873.701852963584,28.333333333333332,79,0,0,0
2021-07-28 21:00:00,865.9699781585964,28.333333333333332,64,0,0,0
2021-07-28 22:00:00,874.3461758639995,28.333333333333332,64,0,0,0
2021-07-28 23:00:00,798.316073614956,28.333333333333332,64,0,0,0
2021-07-29 00:00:00,1012.0719278786463,27.22222222222222,67,0,0,0
2021-07-29 01:00:00,1143.7562866764927,27.22222222222222,67,0,0,0
2021-07-29 02:00:00,1211.036068245698,27.22222222222222,67,0,0,0
2021-07-29 03:00:00,1200.6853326196667,28.88888888888889,63,0,0,0
2021-07-29 04:00:00,2668.1896280437036,28.88888888888889,63,0,0,0
2021-07-29 05:00:00,3346.450331982831,28.88888888888889,63,0,0,0
2021-07-29 06:00:00,3858.5242250373394,28.333333333333332,65,0,0,0
2021-07-29 07:00:00,4057.488365404391,28.333333333333332,65,0,0,0
2021-07-29 08:00:00,4071.2893462391003,28.333333333333332,65,0,0,0
2021-07-29 09:00:00,4071.2893462391003,29.444444444444443,63,0,0,0
2021-07-29 10:00:00,3647.19670600586,29.444444444444443,63,0,0,0
2021-07-29 11:00:00,3562.378177959212,29.444444444444443,63,0,0,0
2021-07-29 12:00:00,3582.6483685601906,28.333333333333332,65,0,0,0
2021-07-29 13:00:00,3313.5292422833686,28.333333333333332,65,0,0,0
2021-07-29 14:00:00,3195.789624537259,28.333333333333332,65,0,0,0
2021-07-29 15:00:00,2768.2467390953425,27.77777777777778,67,0,0,0
2021-07-29 16:00:00,2768.2467390953425,27.77777777777778,67,0,0,0
2021-07-29 17:00:00,2768.2467390953425,27.77777777777778,67,0,0,0
2021-07-29 18:00:00,865.1489860758087,28.88888888888889,64,0,0,0
2021-07-29 19:00:00,865.1489860758087,28.88888888888889,64,0,0,0
2021-07-29 20:00:00,865.1489860758087,28.88888888888889,64,0,0,0
2021-07-29 21:00:00,814.2578692478199,27.22222222222222,70,0,0,0
2021-07-29 22:00:00,780.3304580291608,27.22222222222222,70,0,0,0
2021-07-29 23:00:00,712.4756355918424,27.22222222222222,70,0,0,0
2021-07-30 00:00:00,1750.9994434036805,28.88888888888889,69,0,0,0
2021-07-30 01:00:00,1750.9994434036805,28.88888888888889,69,0,0,0
2021-07-30 02:00:00,1750.9994434036805,28.88888888888889,69,0,0,0
2021-07-30 03:00:00,1802.7531215338386,30.555555555555557,65,0,0,0
2021-07-30 04:00:00,2173.6544814666377,30.555555555555557,65,0,0,0
2021-07-30 05:00:00,2624.4865220671254,30.555555555555557,65,0,0,0
2021-07-30 06:00:00,3716.2016101794043,30.0,70,0,0,0
2021-07-30 07:00:00,3928.679210947109,30.0,70,0,0,1
2021-07-30 08:00:00,3984.3144149370282,30.0,70,0,0,1
2021-07-30 09:00:00,695.5119299825128,28.88888888888889,69,0,0,0
2021-07-30 10:00:00,4206.423950245624,28.88888888888889,69,0,0,0
2021-07-30 11:00:00,4412.001060595973,28.88888888888889,69,0,0,0
2021-07-30 12:00:00,4321.144603434141,28.333333333333332,72,0,0,0
2021-07-30 13:00:00,4113.554850045396,28.333333333333332,72,0,0,0
2021-07-30 14:00:00,4033.9116898117636,28.333333333333332,72,0,0,0
2021-07-30 15:00:00,3986.327057975423,29.444444444444443,64,0,0,0
2021-07-30 16:00:00,3481.7286962063818,29.444444444444443,64,0,0,0
2021-07-30 17:00:00,2784.9229242706156,29.444444444444443,64,0,0,0
2021-07-30 18:00:00,807.3573788304654,27.77777777777778,71,0,0,0
2021-07-30 19:00:00,807.3573788304654,27.77777777777778,71,0,0,0
2021-07-30 20:00:00,790.537433438164,27.77777777777778,71,0,0,0
2021-07-30 21:00:00,780.3304580291608,27.77777777777778,68,0,0,0
2021-07-30 22:00:00,752.7284963597431,27.77777777777778,68,0,0,0
2021-07-30 23:00:00,712.4756355918424,27.77777777777778,68,0,0,0
2021-07-31 00:00:00,546.4966708041321,27.22222222222222,71,0,0,0
2021-07-31 01:00:00,1741.9581381881712,27.22222222222222,71,0,0,0
2021-07-31 02:00:00,1860.3264903774282,27.22222222222222,71,0,0,0
2021-07-31 03:00:00,2032.5789431901528,30.0,65,0,0,0
2021-07-31 04:00:00,2081.1629683424603,30.0,65,0,0,0
2021-07-31 05:00:00,2819.6401506575266,30.0,65,0,0,0
2021-07-31 06:00:00,3773.3592868291776,31.666666666666668,57,0,0,0
2021-07-31 07:00:00,3942.8144775876785,31.666666666666668,57,0,0,0
2021-07-31 08:00:00,4025.9962176211743,31.666666666666668,57,0,0,0
2021-07-31 09:00:00,4114.183584488544,31.666666666666668,53,0,0,0
2021-07-31 10:00:00,4098.72503103099,31.666666666666668,53,0,0,0
2021-07-31 11:00:00,4099.608376942851,31.666666666666668,53,0,0,0
2021-07-31 12:00:00,4293.061131640219,30.555555555555557,61,0,0,0
2021-07-31 13:00:00,4081.6470100683614,30.555555555555557,61,0,0,0
2021-07-31 14:00:00,4047.4909681431036,30.555555555555557,61,0,0,0
2021-07-31 15:00:00,3979.1788842925866,30.0,63,0,0,0
2021-07-31 16:00:00,3500.994297338971,30.0,63,0,0,0
2021-07-31 17:00:00,2883.829953586029,30.0,63,0,0,0
2021-07-31 18:00:00,875.9846959279597,27.77777777777778,68,0,0,0
2021-07-31 19:00:00,868.6234799957919,27.77777777777778,68,0,0,0
2021-07-31 20:00:00,826.8117735010791,27.77777777777778,68,0,0,0
2021-07-31 21:00:00,792.3612829385341,27.22222222222222,68,0,0,0
2021-07-31 22:00:00,751.4329223556816,27.22222222222222,68,0,0,0
2021-07-31 23:00:00,711.0934590474025,27.22222222222222,68,0,0,0
2021-08-01 00:00:00,1824.4730386607523,27.77777777777778,68,1,0,0
2021-08-01 01:00:00,1824.4730386607523,27.77777777777778,68,1,0,0
2021-08-01 02:00:00,1824.4730386607523,27.77777777777778,68,1,0,0
2021-08-01 03:00:00,2071.5189094459165,30.0,58,1,0,0
2021-08-01 04:00:00,2268.806424631242,30.0,58,1,0,0
2021-08-01 05:00:00,3796.7662214426628,30.0,58,1,0,0
2021-08-01 06:00:00,4611.522921323062,30.555555555555557,60,1,0,0
2021-08-01 07:00:00,4725.588859306318,30.555555555555557,60,1,0,0
2021-08-01 08:00:00,4749.304098963551,30.555555555555557,60,1,0,0
2021-08-01 09:00:00,4494.838122518762,30.555555555555557,57,1,0,0
2021-08-01 10:00:00,4395.321411319085,30.555555555555557,57,1,0,0
2021-08-01 11:00:00,4395.321411319085,30.555555555555557,57,1,0,0
2021-08-01 12:00:00,4084.258942686175,30.0,59,1,0,0
2021-08-01 13:00:00,3382.113258110674,30.0,59,1,0,0
2021-08-01 14:00:00,3382.113258110674,30.0,59,1,0,0
2021-08-01 15:00:00,3467.9536961337876,29.444444444444443,59,1,0,0
2021-08-01 16:00:00,3234.2931139895154,29.444444444444443,59,1,0,0
2021-08-01 17:00:00,3200.2479233159415,29.444444444444443,59,1,0,0
2021-08-01 18:00:00,843.8551534475569,29.444444444444443,68,1,0,0
2021-08-01 19:00:00,936.2427435232808,29.444444444444443,68,1,0,0
2021-08-01 20:00:00,851.1297668393461,29.444444444444443,68,1,0,0
2021-08-01 21:00:00,817.0845761657723,26.666666666666668,68,1,0,0
2021-08-01 22:00:00,742.59253503385,26.666666666666668,68,1,0,0
2021-08-01 23:00:00,702.7276536468448,26.666666666666668,68,1,0,0
2021-08-02 00:00:00,1868.3077804987054,27.77777777777778,68,0,0,0
2021-08-02 01:00:00,1868.3077804987054,27.77777777777778,68,0,0,0
2021-08-02 02:00:00,1868.3077804987054,27.77777777777778,68,0,0,0
2021-08-02 03:00:00,2046.8579700477508,30.555555555555557,55,0,0,0
2021-08-02 04:00:00,2241.796824338013,30.555555555555557,55,0,0,0
2021-08-02 05:00:00,3146.9111507476655,30.555555555555557,55,0,0,0
2021-08-02 06:00:00,4326.607491681213,31.11111111111111,50,0,0,0
2021-08-02 07:00:00,4282.9043857046345,31.11111111111111,50,0,0,0
2021-08-02 08:00:00,4588.82612754068,31.11111111111111,50,0,0,0
2021-08-02 09:00:00,4435.865256622657,31.666666666666668,49,0,0,0
2021-08-02 10:00:00,4240.926402332396,31.666666666666668,49,0,0,0
2021-08-02 11:00:00,4206.998991113736,31.666666666666668,49,0,0,0
2021-08-02 12:00:00,4071.2893462391003,30.0,57,0,0,0
2021-08-02 13:00:00,4105.216757457759,30.0,57,0,0,0
2021-08-02 14:00:00,4122.180463067089,30.0,57,0,0,0
2021-08-02 15:00:00,3717.2079316986014,28.88888888888889,61,0,0,0
2021-08-02 16:00:00,3549.0084777755874,28.88888888888889,61,0,0,0
2021-08-02 17:00:00,3301.884664704083,28.88888888888889,61,0,0,0
2021-08-02 18:00:00,2523.854370147374,28.333333333333332,62,0,0,0
2021-08-02 19:00:00,2474.688375923724,28.333333333333332,62,0,0,0
2021-08-02 20:00:00,840.9972696150681,28.333333333333332,62,0,0,0
2021-08-02 21:00:00,807.3573788304654,27.77777777777778,68,0,0,0
2021-08-02 22:00:00,767.1045180625648,27.77777777777778,68,0,0,0
2021-08-02 23:00:00,694.3618482462871,27.77777777777778,68,0,0,0
2021-08-03 00:00:00,1974.3300745316117,27.77777777777778,70,0,0,0
2021-08-03 01:00:00,1974.3300745316117,27.77777777777778,70,0,0,0
2021-08-03 02:00:00,1974.3300745316117,27.77777777777778,70,0,0,0
2021-08-03 03:00:00,2089.8509351932257,30.0,63,0,0,0
2021-08-03 04:00:00,2268.806424631242,30.0,63,0,0,0
2021-08-03 05:00:00,3857.000020326678,30.0,63,0,0,0
2021-08-03 06:00:00,4283.29236508553,31.11111111111111,56,0,0,0
2021-08-03 07:00:00,4624.326240892611,31.11111111111111,56,0,0,0
2021-08-03 08:00:00,4686.887916062,31.11111111111111,56,0,0,0
2021-08-03 09:00:00,4556.817828616808,31.666666666666668,58,0,0,0
2021-08-03 10:00:00,4562.055550258895,31.666666666666668,58,0,0,1
2021-08-03 11:00:00,4438.678107134149,31.666666666666668,58,0,0,0
2021-08-03 12:00:00,4743.920885053628,29.444444444444443,72,0,0,0
2021-08-03 13:00:00,4187.8494373852545,29.444444444444443,72,0,0,0
2021-08-03 14:00:00,4013.8406850536558,29.444444444444443,72,0,0,0
2021-08-03 15:00:00,3947.4962109205376,27.77777777777778,78,0,0,0
2021-08-03 16:00:00,3449.91265492215,27.77777777777778,78,0,0,0
2021-08-03 17:00:00,3189.772480031765,27.77777777777778,78,0,0,0
2021-08-03 18:00:00,826.9780503786056,27.77777777777778,65,0,0,0
2021-08-03 19:00:00,810.1009473096545,27.77777777777778,65,0,0,0
2021-08-03 20:00:00,817.0845761657723,27.77777777777778,65,0,0,0
2021-08-03 21:00:00,783.0393854921984,27.22222222222222,84,0,0,0
2021-08-03 22:00:00,776.3467411717523,27.22222222222222,84,0,0,0
2021-08-03 23:00:00,708.8383288959477,27.22222222222222,84,0,0,0
2021-08-04 00:00:00,751.4329223556816,30.0,70,0,0,0
2021-08-04 01:00:00,1412.4701130643434,30.0,70,0,0,0
2021-08-04 02:00:00,1412.4701130643434,30.0,70,0,0,0
2021-08-04 03:00:00,1673.6460543376545,31.666666666666668,56,0,0,0
2021-08-04 04:00:00,2015.2064735902368,31.666666666666668,56,0,0,0
2021-08-04 05:00:00,3978.737211336657,31.666666666666668,56,0,0,0
2021-08-04 06:00:00,4477.680427218986,32.22222222222222,48,0,0,0
2021-08-04 07:00:00,4837.202213346057,32.22222222222222,48,0,0,0
2021-08-04 08:00:00,4739.150817129584,32.22222222222222,48,0,0,0
2021-08-04 09:00:00,4825.277043535945,32.22222222222222,47,0,0,0
2021-08-04 10:00:00,4842.207840179931,32.22222222222222,47,0,0,0
2021-08-04 11:00:00,4412.607278378622,32.22222222222222,47,0,0,0
2021-08-04 12:00:00,4330.161659938344,30.0,63,0,0,0
2021-08-04 13:00:00,4303.66128258254,30.0,63,0,0,0
2021-08-04 14:00:00,4303.66128258254,30.0,63,0,0,0
2021-08-04 15:00:00,4030.4129471804736,30.0,59,0,0,0
2021-08-04 16:00:00,4059.2689136345725,30.0,59,0,0,0
2021-08-04 17:00:00,4134.647764779969,30.0,59,0,0,0
2021-08-04 18:00:00,870.9790690940856,27.22222222222222,80,0,0,0
2021-08-04 19:00:00,1033.514716876349,27.22222222222222,80,0,0,0
2021-08-04 20:00:00,990.5252158324895,27.22222222222222,80,0,0,0
2021-08-04 21:00:00,931.1938154192175,27.77777777777778,65,0,0,0
2021-08-04 22:00:00,846.5398321992888,27.77777777777778,65,0,0,0
2021-08-04 23:00:00,721.693609989724,27.77777777777778,65,0,0,0
2021-08-05 00:00:00,2440.6501134533805,29.444444444444443,65,0,0,0
2021-08-05 01:00:00,2440.6501134533805,29.444444444444443,65,0,0,0
2021-08-05 02:00:00,2440.6501134533805,29.444444444444443,65,0,0,0
2021-08-05 03:00:00,2440.6501134533805,31.11111111111111,59,0,0,0
2021-08-05 04:00:00,2693.1311596726955,31.11111111111111,59,0,0,0
2021-08-05 05:00:00,3703.0553445499568,31.11111111111111,59,0,0,0
2021-08-05 06:00:00,5255.180714228579,31.666666666666668,57,0,0,0
2021-08-05 07:00:00,5338.596281121096,31.666666666666668,57,0,0,0
2021-08-05 08:00:00,5736.607700293963,31.666666666666668,57,0,0,0
2021-08-05 09:00:00,4693.6152013985975,28.333333333333332,89,0,0,1
2021-08-05 10:00:00,3749.5297318186444,28.333333333333332,89,0,0,1
2021-08-05 11:00:00,5273.05547856269,28.333333333333332,89,0,0,0
2021-08-05 12:00:00,5664.065948371363,27.77777777777778,87,0,0,0
2021-08-05 13:00:00,5892.118150000727,27.77777777777778,87,0,0,0
2021-08-05 15:00:00,5554.285104086033,27.77777777777778,89,0,0,0
2021-08-05 16:00:00,5308.209181753108,27.77777777777778,89,0,0,0
2021-08-05 17:00:00,3545.161592931978,27.77777777777778,89,0,0,0
2021-08-05 18:00:00,959.2790192639469,29.444444444444443,63,0,0,0
2021-08-05 19:00:00,1382.3151085045695,29.444444444444443,63,0,0,0
2021-08-05 20:00:00,1272.236351480337,29.444444444444443,63,0,0,0
2021-08-05 21:00:00,1219.9526658030627,27.22222222222222,87,0,0,0
2021-08-05 22:00:00,1002.1784536658129,27.22222222222222,87,0,0,0
2021-08-05 23:00:00,925.0190542902345,27.22222222222222,87,0,0,0
2021-08-06 00:00:00,2501.4277762909724,27.22222222222222,83,0,0,0
2021-08-06 01:00:00,950.5425549905694,27.22222222222222,83,0,0,0
2021-08-06 02:00:00,958.7368873611778,27.22222222222222,83,0,0,0
2021-08-06 03:00:00,958.7368873611778,28.333333333333332,73,0,0,0
2021-08-06 04:00:00,1681.9945392301363,28.333333333333332,73,0,0,0
2021-08-06 05:00:00,2584.808702167338,28.333333333333332,73,0,0,0
2021-08-06 06:00:00,4064.3888558217454,30.555555555555557,56,0,0,0
2021-08-06 07:00:00,4411.713540161917,30.555555555555557,56,0,0,0
2021-08-06 08:00:00,4736.036589777574,30.555555555555557,56,0,0,0
2021-08-06 09:00:00,4364.560188976662,30.555555555555557,60,0,0,0
2021-08-06 10:00:00,2573.4516450221086,30.555555555555557,60,0,0,0
2021-08-06 11:00:00,2544.555841399437,30.555555555555557,60,0,0,0
2021-08-06 12:00:00,2691.191262768218,29.444444444444443,76,0,0,0
2021-08-06 13:00:00,2429.2601473428076,29.444444444444443,76,0,0,0
2021-08-06 14:00:00,2463.475078995523,29.444444444444443,76,0,0,0
2021-08-06 15:00:00,2497.6900106482385,29.444444444444443,76,0,0,0
2021-08-06 16:00:00,2292.400420731945,27.77777777777778,90,0,0,0
2021-08-06 17:00:00,2223.970557426514,27.77777777777778,90,0,0,0
2021-08-06 18:00:00,769.8359621861009,27.77777777777778,90,0,0,0
2021-08-06 19:00:00,746.4030468105017,27.77777777777778,90,0,0,0
2021-08-06 20:00:00,650.3712218356527,27.77777777777778,90,0,0,0
2021-08-06 21:00:00,600.3426663098334,27.77777777777778,89,0,0,0
2021-08-06 22:00:00,530.3314406170917,27.77777777777778,89,0,0,0
2021-08-06 23:00:00,530.3314406170917,27.77777777777778,89,0,0,0
2021-08-07 00:00:00,1878.5823058892042,27.77777777777778,90,0,0,0
2021-08-07 01:00:00,2049.362515515495,27.77777777777778,90,0,0,0
2021-08-07 02:00:00,2167.141970430179,27.77777777777778,90,0,0,0
2021-08-07 03:00:00,2184.072767074165,30.555555555555557,61,0,0,0
2021-08-07 04:00:00,2248.9986915958843,30.555555555555557,61,0,0,0
2021-08-07 05:00:00,2345.7250689445686,30.555555555555557,61,0,0,0
2021-08-07 06:00:00,2638.259790088913,32.22222222222222,49,0,0,0
2021-08-07 07:00:00,2704.2162848411363,32.22222222222222,49,0,0,0
2021-08-07 08:00:00,2761.6337691120452,32.22222222222222,49,0,0,0
2021-08-07 09:00:00,2718.938716705472,32.22222222222222,43,0,0,0
2021-08-07 10:00:00,5057.449794036515,32.22222222222222,43,0,0,0
2021-08-07 11:00:00,5062.308196551746,32.22222222222222,43,0,0,0
2021-08-07 12:00:00,4774.484653603989,30.0,73,0,0,0
2021-08-07 13:00:00,4774.484653603989,30.0,73,0,0,0
2021-08-07 14:00:00,4774.484653603989,30.0,73,0,0,0
2021-08-07 15:00:00,4774.484653603989,28.88888888888889,82,0,0,0
2021-08-07 16:00:00,3266.024284784178,28.88888888888889,82,0,0,0
2021-08-07 17:00:00,4395.970930371924,28.88888888888889,82,0,0,0
2021-08-07 18:00:00,1124.4993457979422,27.77777777777778,89,0,0,0
2021-08-07 19:00:00,1124.4993457979422,27.77777777777778,89,0,0,0
2021-08-07 20:00:00,1049.7093919271178,27.77777777777778,89,0,0,0
2021-08-07 21:00:00,948.1246120632034,27.77777777777778,90,0,0,0
2021-08-07 22:00:00,897.3322221312461,27.77777777777778,90,0,0,0
2021-08-07 23:00:00,829.609035555303,27.77777777777778,90,0,0,0
2021-08-08 00:00:00,2379.089563650767,28.333333333333332,78,1,0,0
2021-08-08 01:00:00,2379.089563650767,28.333333333333332,78,1,0,0
2021-08-08 02:00:00,2411.6798316459835,28.333333333333332,78,1,0,0
2021-08-08 03:00:00,2411.6798316459835,32.22222222222222,61,1,0,0
2021-08-08 04:00:00,2721.287377600535,32.22222222222222,61,1,0,0
2021-08-08 05:00:00,3759.811185412373,32.22222222222222,61,1,0,0
2021-08-08 06:00:00,5030.249668154454,33.333333333333336,46,1,0,0
2021-08-08 07:00:00,5055.710815025716,33.333333333333336,46,1,0,0
2021-08-08 08:00:00,4686.887916062,33.333333333333336,46,1,0,0
2021-08-08 09:00:00,5157.8463870464375,32.77777777777778,53,1,0,0
2021-08-08 10:00:00,5504.699953566951,32.77777777777778,53,1,0,0
2021-08-08 11:00:00,5600.433865802897,32.77777777777778,53,1,0,0
2021-08-08 12:00:00,5304.939069828418,30.555555555555557,75,1,0,0
2021-08-08 13:00:00,4704.056003666623,30.555555555555557,75,1,0,0
2021-08-08 14:00:00,3964.8097907929955,30.555555555555557,75,1,0,0
2021-08-08 15:00:00,3966.264713471353,29.444444444444443,86,1,0,0
2021-08-08 16:00:00,3605.298396970769,29.444444444444443,86,1,0,0
2021-08-08 17:00:00,2666.291300358608,29.444444444444443,86,1,0,0
2021-08-08 18:00:00,1127.8560602630105,28.333333333333332,86,1,0,0
2021-08-08 19:00:00,1221.4075884814208,28.333333333333332,86,1,0,0
2021-08-08 20:00:00,970.4334264646906,28.333333333333332,86,1,0,0
2021-08-08 21:00:00,928.2406687923126,28.333333333333332,89,1,0,0
2021-08-08 22:00:00,868.1523621761331,28.333333333333332,89,1,0,0
2021-08-08 23:00:00,776.3467411717523,28.333333333333332,89,1,0,0
2021-08-09 00:00:00,2407.3774174399828,30.0,83,0,0,0
2021-08-09 01:00:00,2407.3774174399828,30.0,83,0,0,0
2021-08-09 02:00:00,2407.3774174399828,30.0,83,0,0,0
2021-08-09 03:00:00,2471.5741485717153,33.333333333333336,55,0,0,0
2021-08-09 04:00:00,2703.932228508695,33.333333333333336,55,0,0,0
2021-08-09 05:00:00,2988.9827581135355,33.333333333333336,55,0,0,0
2021-08-09 06:00:00,3270.6246117290802,28.333333333333332,93,0,0,0
2021-08-09 07:00:00,3031.449179813509,28.333333333333332,93,0,0,0
2021-08-09 08:00:00,3473.014748593503,28.333333333333332,93,0,0,0
2021-08-09 09:00:00,3722.2741803107406,31.666666666666668,91,0,0,0
2021-08-09 10:00:00,3821.977952997635,31.666666666666668,91,0,0,0
2021-08-09 11:00:00,3921.68172568453,31.666666666666668,91,0,0,0
2021-08-09 12:00:00,3955.200372912603,28.88888888888889,92,0,0,0
2021-08-09 13:00:00,3081.4430943231773,28.88888888888889,92,0,0,0
2021-08-09 14:00:00,3081.4430943231773,28.88888888888889,92,0,0,0
2021-08-09 15:00:00,3921.6817256845306,28.333333333333332,92,0,0,1
2021-08-09 16:00:00,1558.6170961053901,28.333333333333332,92,0,0,0
2021-08-09 17:00:00,1545.4084766468698,28.333333333333332,92,0,0,0
2021-08-09 18:00:00,1039.07806407026,26.11111111111111,90,0,0,0
2021-08-09 19:00:00,939.090235050924,26.11111111111111,90,0,0,0
2021-08-09 20:00:00,856.7138986429482,26.11111111111111,90,0,0,0
2021-08-09 21:00:00,823.7633640797579,27.22222222222222,91,0,0,0
2021-08-09 22:00:00,783.9954775379765,27.22222222222222,91,0,0,0
2021-08-09 23:00:00,734.995760191853,27.22222222222222,91,0,0,0
2021-08-10 00:00:00,1354.463731518862,28.333333333333332,87,0,0,0
2021-08-10 01:00:00,1354.463731518862,28.333333333333332,87,0,0,0
2021-08-10 02:00:00,1354.463731518862,28.333333333333332,87,0,0,0
2021-08-10 03:00:00,1342.6857860273938,30.555555555555557,68,0,0,0
2021-08-10 04:00:00,1409.1965370380385,30.555555555555557,68,0,0,0
2021-08-10 05:00:00,1707.1092759398853,30.555555555555557,68,0,0,0
2021-08-10 06:00:00,2240.0266684126777,32.77777777777778,52,0,0,0
2021-08-10 07:00:00,2485.8393190228526,32.77777777777778,52,0,0,0
2021-08-10 08:00:00,2529.0713071797713,32.77777777777778,52,0,0,0
2021-08-10 09:00:00,2448.011329385548,31.666666666666668,62,0,0,0
2021-08-10 10:00:00,2788.4632361212866,31.666666666666668,62,0,0,0
2021-08-10 11:00:00,2885.7352094743546,31.666666666666668,62,0,0,0
2021-08-10 12:00:00,2968.0422638500277,29.444444444444443,73,0,0,0
2021-08-10 13:00:00,2968.0422638500277,29.444444444444443,73,0,0,0
2021-08-10 14:00:00,3001.020511226139,29.444444444444443,73,0,0,0
2021-08-10 15:00:00,3066.9770059783623,28.333333333333332,83,0,0,0
2021-08-10 16:00:00,2826.706917952408,28.333333333333332,83,0,0,0
2021-08-10 17:00:00,2529.0713071797713,28.333333333333332,83,0,0,0
2021-08-10 18:00:00,907.8717512953026,28.333333333333332,91,0,0,0
2021-08-10 19:00:00,875.4477601776133,28.333333333333332,91,0,0,0
2021-08-10 20:00:00,803.671574711959,28.333333333333332,91,0,0,0
2021-08-10 21:00:00,771.5247117234807,27.22222222222222,87,0,0,0
2021-08-10 22:00:00,771.5247117234807,27.22222222222222,87,0,0,0
2021-08-10 23:00:00,771.5247117234807,27.22222222222222,87,0,0,0
2021-08-11 00:00:00,1743.8720543305346,28.88888888888889,76,0,0,0
2021-08-11 01:00:00,1760.8028509745204,28.88888888888889,76,0,0,0
2021-08-11 02:00:00,1845.4568341944494,28.88888888888889,76,0,0,0
2021-08-11 03:00:00,1879.318427482421,31.666666666666668,57,0,0,0
2021-08-11 04:00:00,1947.0416140583638,31.666666666666668,57,0,0,0
2021-08-11 05:00:00,3013.6818026294677,31.666666666666668,57,0,0,0
2021-08-11 06:00:00,3561.6507166200327,33.333333333333336,45,0,0,0
2021-08-11 07:00:00,4069.132942983677,33.333333333333336,45,0,0,0
2021-08-11 08:00:00,4501.530766839209,33.333333333333336,45,0,0,0
2021-08-11 09:00:00,4162.325936684921,32.77777777777778,41,0,0,1
2021-08-11 10:00:00,4641.541093869039,32.77777777777778,41,0,0,0
2021-08-11 11:00:00,4761.234464926087,32.77777777777778,41,0,0,0
2021-08-11 12:00:00,5018.288125277383,30.555555555555557,70,0,0,0
2021-08-11 13:00:00,4952.626079162447,30.555555555555557,70,0,0,0
2021-08-11 14:00:00,4884.31399531193,30.555555555555557,70,0,0,0
2021-08-11 15:00:00,4850.1579533866725,28.88888888888889,84,0,0,0
2021-08-11 16:00:00,4760.056670376939,28.88888888888889,84,0,0,0
2021-08-11 17:00:00,4240.060376928612,28.88888888888889,84,0,0,0
2021-08-11 18:00:00,1024.6812577577475,27.77777777777778,87,0,0,0
2021-08-11 19:00:00,1085.1904527201664,27.77777777777778,87,0,0,0
2021-08-11 20:00:00,964.613735751259,27.77777777777778,87,0,0,0
2021-08-11 21:00:00,870.9790690940856,27.77777777777778,90,0,0,0
2021-08-11 22:00:00,785.5889642809399,27.77777777777778,90,0,0,0
2021-08-11 23:00:00,666.042817542536,27.77777777777778,90,0,0,0
2021-08-12 00:00:00,1740.0875233159966,29.444444444444443,78,0,0,0
2021-08-12 01:00:00,1740.0875233159966,29.444444444444443,78,0,0,0
2021-08-12 02:00:00,1823.7455773215734,29.444444444444443,78,0,0,0
2021-08-12 03:00:00,2498.975192347455,29.444444444444443,78,0,0,0
2021-08-12 04:00:00,2880.7469031485566,29.444444444444443,78,0,0,0
2021-08-12 05:00:00,4350.218808289991,33.888888888888886,39,0,0,0
2021-08-12 06:00:00,5042.180034116988,33.888888888888886,39,0,0,0
2021-08-12 07:00:00,5588.358007572528,33.888888888888886,39,0,0,0
2021-08-12 08:00:00,5524.050425189111,33.888888888888886,39,0,0,0
2021-08-12 09:00:00,5605.526095177151,30.555555555555557,88,0,0,0
2021-08-12 10:00:00,5153.336126743528,30.555555555555557,88,0,0,0
2021-08-12 11:00:00,5475.165023196286,30.555555555555557,88,0,0,0
2021-08-12 12:00:00,5019.483240334605,28.88888888888889,87,0,0,0
2021-08-12 13:00:00,4868.898743124568,28.88888888888889,87,0,0,0
2021-08-12 14:00:00,4751.77746751676,28.88888888888889,87,0,0,0
2021-08-12 15:00:00,4624.326240892611,28.333333333333332,90,0,0,0
2021-08-12 16:00:00,4596.100740932469,28.333333333333332,90,0,0,0
2021-08-12 17:00:00,4326.358076364923,28.333333333333332,90,0,0,0
2021-08-12 18:00:00,1047.544328417657,28.88888888888889,88,0,0,0
2021-08-12 19:00:00,1038.8147923475096,28.88888888888889,88,0,0,0
2021-08-12 20:00:00,927.0767306496263,28.88888888888889,88,0,0,0
2021-08-12 21:00:00,800.0619808289854,27.22222222222222,92,0,0,0
2021-08-12 22:00:00,691.9612258269966,27.22222222222222,92,0,0,0
2021-08-12 23:00:00,675.0841227580455,27.22222222222222,92,0,0,0
2021-08-13 00:00:00,1912.7383478144623,28.88888888888889,82,0,0,0
2021-08-13 01:00:00,1912.7383478144623,28.88888888888889,82,0,0,0
2021-08-13 02:00:00,2248.9986915958843,28.88888888888889,82,0,0,0
2021-08-13 03:00:00,2567.8865657773904,31.666666666666668,63,0,0,0
2021-08-13 04:00:00,2718.938716705472,31.666666666666668,63,0,0,0
2021-08-13 05:00:00,4320.739303545169,31.666666666666668,63,0,0,0
2021-08-13 06:00:00,5298.60322797433,32.77777777777778,51,0,0,0
2021-08-13 08:00:00,5306.995014137003,32.77777777777778,51,0,0,1
2021-08-13 09:00:00,4924.359009982923,31.11111111111111,75,0,0,0
2021-08-13 10:00:00,4749.750968071905,31.11111111111111,75,0,0,0
2021-08-13 11:00:00,4967.937408301356,31.11111111111111,75,0,0,0
2021-08-13 12:00:00,4967.937408301356,28.88888888888889,77,0,0,0
2021-08-13 13:00:00,4586.331974377781,28.88888888888889,77,0,0,0
2021-08-13 14:00:00,4142.450653668067,28.88888888888889,77,0,0,0
2021-08-13 15:00:00,4583.976385279487,28.333333333333332,83,0,0,0
2021-08-13 16:00:00,4435.574272086986,28.333333333333332,83,0,0,0
2021-08-13 17:00:00,3717.7084943819896,28.333333333333332,83,0,0,0
2021-08-13 18:00:00,947.3884904699866,27.22222222222222,90,0,0,0
2021-08-13 19:00:00,981.8389810325315,27.22222222222222,90,0,0,0
2021-08-13 20:00:00,981.8389810325315,27.22222222222222,90,0,0,0
2021-08-13 21:00:00,880.4014254872602,27.22222222222222,90,0,0,0
2021-08-13 22:00:00,846.5398321992888,27.22222222222222,90,0,0,0
2021-08-13 23:00:00,846.5398321992888,27.22222222222222,90,0,0,0
2021-08-14 00:00:00,1608.4256811786486,29.444444444444443,69,0,0,0
2021-08-14 01:00:00,1608.4256811786486,29.444444444444443,69,0,0,0
2021-08-14 02:00:00,1608.4256811786486,29.444444444444443,69,0,0,0
2021-08-14 03:00:00,1594.4393709075298,30.555555555555557,59,0,0,0
2021-08-14 04:00:00,1829.9982807368972,30.555555555555557,59,0,0,0
2021-08-14 05:00:00,2226.0316978875207,30.555555555555557,59,0,0,0
2021-08-14 06:00:00,3083.318905347774,32.77777777777778,42,0,0,0
2021-08-14 07:00:00,3313.1360667500508,32.77777777777778,42,0,0,0
2021-08-14 08:00:00,3843.2908381847706,32.77777777777778,42,0,0,1
2021-08-14 09:00:00,3659.9965614737944,32.77777777777778,44,0,0,1
2021-08-14 10:00:00,3640.1212784569416,32.77777777777778,44,0,0,1
2021-08-14 14:00:00,5908.848028751035,30.555555555555557,60,0,0,0
2021-08-14 15:00:00,5618.668896704983,29.444444444444443,73,0,0,0
2021-08-14 16:00:00,5362.498582265545,29.444444444444443,73,0,0,0
2021-08-14 17:00:00,5020.938163012964,29.444444444444443,73,0,0,0
2021-08-14 18:00:00,4846.919018376519,27.77777777777778,86,0,0,0
2021-08-14 19:00:00,1086.22102295067,27.77777777777778,86,0,0,0
2021-08-14 20:00:00,1016.2894715950764,27.77777777777778,86,0,0,0
2021-08-14 21:00:00,990.5252158324895,27.22222222222222,80,0,0,0
2021-08-14 22:00:00,914.2630187752318,27.22222222222222,80,0,0,0
2021-08-14 23:00:00,846.5398321992888,27.22222222222222,80,0,0,0
2021-08-15 00:00:00,2241.942316605848,27.77777777777778,74,1,0,0
2021-08-15 01:00:00,2394.910981752505,27.77777777777778,74,1,0,0
2021-08-15 02:00:00,2687.8137636934594,27.77777777777778,74,1,0,0
2021-08-15 03:00:00,3064.31744196334,30.0,63,1,0,0
2021-08-15 04:00:00,3378.4950039736627,30.0,63,1,0,0
2021-08-15 05:00:00,4614.529761525003,30.0,63,1,0,0
2021-08-15 06:00:00,5185.05344113173,32.77777777777778,57,1,0,0
2021-08-15 07:00:00,3558.431700194166,32.77777777777778,57,1,0,1
2021-08-15 08:00:00,5106.846151017573,32.77777777777778,57,1,0,0
2021-08-15 09:00:00,5704.6375064878575,28.88888888888889,79,1,0,0
2021-08-15 11:00:00,5807.116024568478,28.88888888888889,79,1,0,0
2021-08-15 12:00:00,5960.833801689408,28.333333333333332,80,1,0,0
2021-08-15 13:00:00,5926.973940452243,28.333333333333332,80,1,0,0
2021-08-15 14:00:00,5533.5403315637805,28.333333333333332,80,1,0,0
2021-08-15 15:00:00,5348.659496313071,27.22222222222222,91,1,0,0
2021-08-15 16:00:00,5639.614587120914,27.22222222222222,91,1,0,0
2021-08-15 17:00:00,4933.351817775821,27.22222222222222,91,1,0,0
2021-08-15 18:00:00,972.3473426070542,28.88888888888889,82,1,0,0
2021-08-15 19:00:00,964.1071108900451,28.88888888888889,82,1,0,0
2021-08-15 20:00:00,929.0486704940434,28.88888888888889,82,1,0,0
2021-08-15 21:00:00,799.4522989447212,25.0,93,1,0,0
2021-08-15 22:00:00,747.3141055352828,25.0,93,1,0,0
2021-08-15 23:00:00,712.5553099289906,25.0,93,1,0,0
2021-08-16 00:00:00,634.2977903414136,26.666666666666668,93,0,0,0
2021-08-16 01:00:00,634.2977903414136,26.666666666666668,93,0,0,0
2021-08-16 02:00:00,623.3616215424238,26.666666666666668,93,0,0,0
2021-08-16 03:00:00,623.3616215424238,27.77777777777778,80,0,0,0
2021-08-16 04:00:00,653.7695055201029,27.77777777777778,80,0,0,0
2021-08-16 05:00:00,1235.7870742858577,27.77777777777778,80,0,0,0
2021-08-16 06:00:00,1404.0973794605557,27.77777777777778,87,0,0,0
2021-08-16 07:00:00,2134.9535382223194,27.77777777777778,87,0,0,0
2021-08-16 08:00:00,2090.9421272019936,27.77777777777778,87,0,0,0
2021-08-16 09:00:00,2150.9576876842557,28.333333333333332,78,0,0,0
2021-08-16 10:00:00,2254.584555450294,28.333333333333332,78,0,0,0
2021-08-16 11:00:00,3241.9072093395885,28.333333333333332,78,0,0,0
2021-08-16 12:00:00,2168.962355828934,26.666666666666668,91,0,0,0
2021-08-16 13:00:00,1950.5057156735015,26.666666666666668,91,0,0,0
2021-08-16 14:00:00,1950.5057156735015,26.666666666666668,91,0,0,0
2021-08-16 15:00:00,2059.7340357512176,25.555555555555557,91,0,0,0
2021-08-16 16:00:00,2893.016751069374,25.555555555555557,91,0,0,0
2021-08-16 17:00:00,1902.8933710242409,25.555555555555557,91,0,0,0
2021-08-16 18:00:00,959.98223189182,25.555555555555557,91,0,0,0
2021-08-16 19:00:00,951.8467892486688,25.555555555555557,91,0,0,0
2021-08-16 20:00:00,866.3579575394917,25.555555555555557,91,0,0,0
2021-08-16 21:00:00,866.3579575394917,25.0,93,0,0,0
2021-08-16 22:00:00,789.0045684734657,25.0,93,0,0,0
2021-08-16 23:00:00,758.0632128470553,25.0,93,0,0,0
2021-08-17 00:00:00,1661.7295447815804,25.555555555555557,90,0,0,0
2021-08-17 01:00:00,1661.7295447815804,25.555555555555557,90,0,0,0
2021-08-17 02:00:00,1661.7295447815804,25.555555555555557,90,0,0,0
2021-08-17 03:00:00,1661.7295447815804,26.666666666666668,85,0,0,0
2021-08-17 04:00:00,1647.5267281595159,26.666666666666668,85,0,0,0
2021-08-17 05:00:00,1877.7543856031862,26.666666666666668,85,0,0,0
2021-08-17 06:00:00,2664.164341966914,27.77777777777778,80,0,0,0
2021-08-17 07:00:00,2567.8692452693144,27.77777777777778,80,0,0,0
2021-08-17 08:00:00,2596.9850193445473,27.77777777777778,80,0,0,0
2021-08-17 09:00:00,2760.3174104982922,27.77777777777778,80,0,0,0
2021-08-17 10:00:00,2841.9836060751645,27.77777777777778,80,0,0,0
2021-08-17 11:00:00,2701.943834181606,27.77777777777778,80,0,0,0
2021-08-17 12:00:00,2537.1911613656544,27.22222222222222,87,0,0,0
2021-08-17 13:00:00,2619.56749777363,27.22222222222222,87,0,0,0
2021-08-17 14:00:00,2708.619157993976,27.22222222222222,87,0,0,0
2021-08-17 15:00:00,2701.943834181606,27.22222222222222,87,0,0,0
2021-08-17 16:00:00,2559.0634989636337,27.22222222222222,87,0,0,0
2021-08-17 17:00:00,2264.7811385544514,27.22222222222222,87,0,0,0
2021-08-17 18:00:00,997.0377268689483,25.555555555555557,91,0,0,0
2021-08-17 19:00:00,997.0377268689483,25.555555555555557,91,0,0,0
2021-08-17 20:00:00,947.1858405255009,25.555555555555557,91,0,0,0
2021-08-17 21:00:00,889.6644332061386,26.666666666666668,90,0,0,0
2021-08-17 22:00:00,856.7138986429482,26.666666666666668,90,0,0,0
2021-08-17 23:00:00,807.2880967981627,26.666666666666668,90,0,0,0
2021-08-18 00:00:00,1673.1610801115353,27.22222222222222,78,0,0,0
2021-08-18 01:00:00,1673.1610801115353,27.22222222222222,78,0,0,0
2021-08-18 02:00:00,1673.1610801115353,27.22222222222222,78,0,0,0
2021-08-18 03:00:00,1673.1610801115353,27.77777777777778,78,0,0,0
2021-08-18 04:00:00,1741.5424459943547,27.77777777777778,78,0,0,0
2021-08-18 05:00:00,1741.5424459943547,27.77777777777778,78,0,0,0
2021-08-18 06:00:00,2020.5966157033913,28.88888888888889,76,0,0,0
2021-08-18 07:00:00,2576.668063371764,28.88888888888889,76,0,0,0
2021-08-18 08:00:00,2637.1928467914513,28.88888888888889,76,0,0,0
2021-08-18 09:00:00,3085.01804719,28.88888888888889,76,0,0,0
2021-08-18 10:00:00,3217.706995456236,27.77777777777778,90,0,0,0
2021-08-18 11:00:00,2944.7635009963024,27.77777777777778,90,0,0,0
2021-08-18 12:00:00,2902.8617278595957,27.77777777777778,90,0,0,0
2021-08-18 13:00:00,2927.8863979273506,27.77777777777778,90,0,0,0
2021-08-18 14:00:00,2893.8412072537767,27.77777777777778,90,0,0,0
2021-08-18 15:00:00,2859.7960165802033,27.22222222222222,91,0,0,0
2021-08-18 16:00:00,2757.6604445594817,27.22222222222222,91,0,0,0
2021-08-18 17:00:00,2455.0365274610476,27.22222222222222,91,0,0,0
2021-08-18 18:00:00,885.1749575129201,27.22222222222222,90,0,0,0
2021-08-18 19:00:00,953.2653388600677,27.22222222222222,90,0,0,0
2021-08-18 20:00:00,919.2201481864938,27.22222222222222,90,0,0,0
2021-08-18 21:00:00,826.9780503786056,26.666666666666668,93,0,0,0
2021-08-18 22:00:00,793.2238442407036,26.666666666666668,93,0,0,0
2021-08-18 23:00:00,720.1867257871392,26.666666666666668,93,0,0,0
2021-08-19 00:00:00,750.4283328872916,27.77777777777778,80,0,0,0
2021-08-19 01:00:00,750.4283328872916,27.77777777777778,80,0,0,0
2021-08-19 02:00:00,717.0759625367454,27.77777777777778,80,0,0,0
2021-08-19 03:00:00,1372.1912715343294,29.444444444444443,68,0,0,0
2021-08-19 04:00:00,1372.1912715343294,29.444444444444443,68,0,0,0
2021-08-19 05:00:00,2198.812519446576,29.444444444444443,68,0,0,0
2021-08-19 06:00:00,3070.2869550716264,30.0,67,0,0,0
2021-08-19 07:00:00,3980.0016084261824,30.0,67,0,0,0
2021-08-19 08:00:00,4223.67517628901,30.0,67,0,0,0
2021-08-19 09:00:00,4353.634412482517,28.88888888888889,72,0,0,0
2021-08-19 10:00:00,3801.3076586601087,28.88888888888889,72,0,0,0
2021-08-19 11:00:00,3901.652290145804,28.88888888888889,72,0,0,0
2021-08-19 12:00:00,3935.867221798519,27.77777777777778,80,0,0,0
2021-08-19 13:00:00,3616.288259344793,27.77777777777778,80,0,0,0
2021-08-19 14:00:00,3405.679541398456,27.77777777777778,80,0,0,0
2021-08-19 15:00:00,3035.0657018997126,27.77777777777778,86,0,0,0
2021-08-19 16:00:00,2977.1303344373414,27.77777777777778,86,0,0,0
2021-08-19 17:00:00,2708.011208160523,27.77777777777778,86,0,0,0
2021-08-19 18:00:00,917.7652255081372,27.22222222222222,93,0,0,0
2021-08-19 19:00:00,917.7652255081372,27.22222222222222,93,0,0,0
2021-08-19 20:00:00,826.6212479122476,27.22222222222222,93,0,0,0
2021-08-19 21:00:00,760.4915480792678,26.666666666666668,89,0,0,0
2021-08-19 22:00:00,727.4266981627779,26.666666666666668,89,0,0,0
2021-08-19 23:00:00,661.296998329798,26.666666666666668,89,0,0,0
2021-08-20 00:00:00,1747.6565853450727,26.666666666666668,87,0,0,0
2021-08-20 01:00:00,1747.6565853450727,26.666666666666668,87,0,0,0
2021-08-20 02:00:00,1747.6565853450727,26.666666666666668,87,0,0,0
2021-08-20 03:00:00,1747.6565853450727,27.22222222222222,77,0,0,0
2021-08-20 04:00:00,2006.147847866652,27.22222222222222,77,0,0,0
2021-08-20 05:00:00,2519.721696920515,27.22222222222222,77,0,0,0
2021-08-20 06:00:00,3944.9743449447164,28.333333333333332,72,0,0,0
2021-08-20 07:00:00,4547.173769720263,28.333333333333332,72,0,0,0
2021-08-20 08:00:00,4547.173769720263,28.333333333333332,72,0,0,0
2021-08-20 09:00:00,4491.49872856177,27.77777777777778,78,0,0,0
2021-08-20 10:00:00,4461.956869987875,27.77777777777778,78,0,0,0
2021-08-20 11:00:00,4102.341553117194,27.77777777777778,78,0,0,0
2021-08-20 12:00:00,4019.9652167092186,27.22222222222222,87,0,0,0
2021-08-20 13:00:00,3772.836207485291,27.22222222222222,87,0,0,0
2021-08-20 14:00:00,3608.0835346693393,27.22222222222222,87,0,0,0
2021-08-20 15:00:00,3502.698635333619,26.666666666666668,91,0,0,0
2021-08-20 16:00:00,3251.308781123072,26.666666666666668,91,0,0,0
2021-08-20 17:00:00,3050.7650104195177,26.666666666666668,91,0,0,0
2021-08-20 18:00:00,1012.6608251532197,27.77777777777778,89,0,0,0
2021-08-20 19:00:00,1012.6608251532197,27.77777777777778,89,0,0,0
2021-08-20 20:00:00,988.5160368957095,27.77777777777778,89,0,0,0
2021-08-20 21:00:00,914.6613904609726,25.555555555555557,91,0,0,0
2021-08-20 22:00:00,849.3284339994746,25.555555555555557,91,0,0,0
2021-08-20 23:00:00,816.6619557687255,25.555555555555557,91,0,0,0
2021-08-21 00:00:00,1653.2424958244933,25.555555555555557,91,0,0,0
2021-08-21 01:00:00,1653.2424958244933,25.555555555555557,91,0,0,0
2021-08-21 02:00:00,1653.2424958244933,25.555555555555557,91,0,0,0
2021-08-21 03:00:00,1835.530451016272,28.88888888888889,76,0,0,0
2021-08-21 04:00:00,2290.5315379105787,28.88888888888889,76,0,0,0
2021-08-21 05:00:00,2495.6773676098437,28.88888888888889,76,0,0,0
2021-08-21 06:00:00,3687.4495667737606,28.333333333333332,74,0,0,0
2021-08-21 07:00:00,4071.2893462391003,28.333333333333332,74,0,0,0
2021-08-21 08:00:00,4054.32564062977,28.333333333333332,74,0,0,0
2021-08-21 09:00:00,4235.75103451938,25.0,91,0,0,0
2021-08-21 10:00:00,4248.833214268947,25.0,91,0,0,0
2021-08-21 11:00:00,3901.652290145804,25.0,91,0,0,0
2021-08-21 12:00:00,2136.133064822273,25.0,91,0,0,0
2021-08-21 13:00:00,2136.133064822273,25.0,91,0,0,0
2021-08-21 14:00:00,1899.9350282449132,25.0,91,0,0,0
2021-08-21 15:00:00,2120.463201166198,25.555555555555557,91,0,0,0
2021-08-21 16:00:00,1901.0851099811389,25.555555555555557,91,0,0,0
2021-08-21 17:00:00,867.1616291142036,25.555555555555557,91,0,0,0
2021-08-21 18:00:00,891.4571057919724,26.11111111111111,91,0,0,0
2021-08-21 19:00:00,1042.8366143226845,26.11111111111111,91,0,0,0
2021-08-21 20:00:00,967.2187401658426,26.11111111111111,91,0,0,0
2021-08-21 21:00:00,975.5568327534792,25.0,91,0,0,0
2021-08-21 22:00:00,900.51399946475,25.0,91,0,0,0
2021-08-21 23:00:00,900.51399946475,25.0,91,0,0,0
2021-08-22 00:00:00,873.1891659245433,27.22222222222222,87,1,0,0
2021-08-22 01:00:00,888.244151543932,27.22222222222222,87,1,0,0
2021-08-22 02:00:00,888.244151543932,27.22222222222222,87,1,0,0
2021-08-22 03:00:00,1012.6608251532197,29.444444444444443,63,1,0,0
2021-08-22 04:00:00,1077.9937816147178,29.444444444444443,63,1,0,0
2021-08-22 05:00:00,1177.12944163673,29.444444444444443,63,1,0,0
2021-08-22 06:00:00,1528.791181199054,31.666666666666668,50,1,0,0
2021-08-22 07:00:00,1811.2852038119227,31.666666666666668,50,1,0,0
2021-08-22 08:00:00,1827.9024992597385,31.666666666666668,50,1,0,0
2021-08-22 09:00:00,1665.9903897682,31.666666666666668,53,1,0,0
2021-08-22 10:00:00,1616.9906724220764,31.666666666666668,53,1,0,0
2021-08-22 11:00:00,1548.6751244699449,31.666666666666668,53,1,0,0
2021-08-22 12:00:00,1698.656867998949,28.88888888888889,79,1,0,0
2021-08-22 13:00:00,1731.3233462296982,28.88888888888889,79,1,0,0
2021-08-22 14:00:00,1731.3233462296982,28.88888888888889,79,1,0,0
2021-08-22 15:00:00,1290.3258901145864,27.77777777777778,86,1,0,0
2021-08-22 16:00:00,1716.2683606103096,27.77777777777778,86,1,0,0
2021-08-22 17:00:00,1796.656302691196,27.77777777777778,86,1,0,0
2021-08-22 18:00:00,1004.9913041773046,25.0,91,1,0,0
2021-08-22 19:00:00,1004.9913041773046,25.0,91,1,0,0
2021-08-22 20:00:00,1030.2723177645798,25.0,91,1,0,0
2021-08-22 21:00:00,1013.6550223167641,25.555555555555557,90,1,0,0
2021-08-22 22:00:00,714.5437042560796,25.555555555555557,90,1,0,0
2021-08-22 23:00:00,714.5437042560796,25.555555555555557,90,1,0,0
2021-08-23 00:00:00,705.8297566432007,27.22222222222222,84,0,0,0
2021-08-23 01:00:00,705.8297566432007,27.22222222222222,84,0,0,0
2021-08-23 02:00:00,689.4151111398704,27.22222222222222,84,0,0,0
2021-08-23 03:00:00,689.4151111398704,31.11111111111111,61,0,0,0
2021-08-23 04:00:00,677.6302374451718,31.11111111111111,61,0,0,0
2021-08-23 05:00:00,1032.5794094402618,31.11111111111111,61,0,0,0
2021-08-23 06:00:00,1398.4716784375719,32.77777777777778,50,0,0,0
2021-08-23 07:00:00,1503.4131727665554,32.77777777777778,50,0,0,0
2021-08-23 08:00:00,1632.9064872928273,32.77777777777778,50,0,0,0
2021-08-23 09:00:00,1632.9064872928273,32.22222222222222,62,0,0,0
2021-08-23 10:00:00,1696.320331459539,32.22222222222222,62,0,0,0
2021-08-23 11:00:00,1728.0272535428949,32.22222222222222,62,0,0,0
2021-08-23 12:00:00,1983.2258874792858,27.77777777777778,90,0,0,0
2021-08-23 13:00:00,1983.2258874792858,27.77777777777778,90,0,0,0
2021-08-23 14:00:00,2303.101030621106,27.77777777777778,90,0,0,0
2021-08-23 15:00:00,2383.069816406561,26.666666666666668,90,0,0,0
2021-08-23 16:00:00,2383.069816406561,26.666666666666668,90,0,0,0
2021-08-23 17:00:00,2383.9115930990397,26.666666666666668,90,0,0,0
2021-08-23 18:00:00,1059.516263599573,25.555555555555557,88,0,0,0
2021-08-23 19:00:00,1001.2933757031451,25.555555555555557,88,0,0,0
2021-08-23 20:00:00,984.8787301998149,25.555555555555557,88,0,0,0
2021-08-23 21:00:00,952.0494391931544,25.555555555555557,91,0,0,0
2021-08-23 22:00:00,787.9029841598519,25.555555555555557,91,0,0,0
2021-08-23 23:00:00,738.6590476498612,25.555555555555557,91,0,0,0
2021-08-24 00:00:00,1195.4614673840388,28.88888888888889,79,0,0,0
2021-08-24 01:00:00,1195.4614673840388,28.88888888888889,79,0,0,0
2021-08-24 02:00:00,1195.4614673840388,28.88888888888889,79,0,0,0
2021-08-24 03:00:00,1195.4614673840388,31.666666666666668,62,0,0,0
2021-08-24 04:00:00,1426.6036476541058,31.666666666666668,62,0,0,0
2021-08-24 05:00:00,1929.8163687770916,31.666666666666668,62,0,0,0
2021-08-24 06:00:00,2412.2704609713646,32.77777777777778,47,0,0,0
2021-08-24 07:00:00,2951.553140161972,32.77777777777778,47,0,0,0
2021-08-24 08:00:00,3284.57454893324,32.77777777777778,47,0,0,0
2021-08-24 09:00:00,3793.087345527387,32.77777777777778,49,0,0,0
2021-08-24 10:00:00,3940.9005614453145,32.77777777777778,49,0,0,0
2021-08-24 11:00:00,3098.3357858493964,32.77777777777778,49,0,0,0
2021-08-24 12:00:00,3115.266582493382,27.77777777777778,75,0,0,0
2021-08-24 13:00:00,3138.5280248390327,27.77777777777778,75,0,0,0
2021-08-24 14:00:00,3877.0052071540986,27.77777777777778,75,0,0,0
2021-08-24 15:00:00,3675.6023392499897,27.77777777777778,86,0,0,0
2021-08-24 16:00:00,3227.745961936905,27.77777777777778,86,0,0,0
2021-08-24 17:00:00,3022.8097103853556,27.77777777777778,86,0,0,0
2021-08-24 18:00:00,1077.0931151947818,26.11111111111111,90,0,0,0
2021-08-24 19:00:00,1077.0931151947818,26.11111111111111,90,0,0,0
2021-08-24 20:00:00,1033.514716876349,26.11111111111111,90,0,0,0
2021-08-24 21:00:00,930.1632451887141,26.666666666666668,91,0,0,0
2021-08-24 22:00:00,809.5865282198066,26.666666666666668,91,0,0,0
2021-08-24 23:00:00,775.1360376572617,26.666666666666668,91,0,0,0
2021-08-25 00:00:00,1315.0076141224426,28.88888888888889,82,0,0,0
2021-08-25 01:00:00,1315.0076141224426,28.88888888888889,82,0,0,0
2021-08-25 02:00:00,1315.0076141224426,28.88888888888889,82,0,0,0
2021-08-25 03:00:00,1354.4637315188618,31.11111111111111,58,0,0,0
2021-08-25 04:00:00,1489.910104670748,31.11111111111111,58,0,0,0
2021-08-25 05:00:00,2336.4499368700367,31.11111111111111,58,0,0,0
2021-08-25 06:00:00,2681.2492911327727,32.22222222222222,49,0,0,0
2021-08-25 07:00:00,2977.9062931991325,32.22222222222222,49,0,0,0
2021-08-25 08:00:00,3121.7444525136902,32.22222222222222,49,0,0,0
2021-08-25 09:00:00,3843.2908381847706,30.0,64,0,0,0
2021-08-25 10:00:00,3427.0876893800073,30.0,64,0,0,0
2021-08-25 11:00:00,3427.0876893800073,30.0,64,0,0,0
2021-08-25 12:00:00,3256.0130311164294,27.77777777777778,68,0,0,0
2021-08-25 13:00:00,3256.0130311164294,27.77777777777778,68,0,0,0
2021-08-25 14:00:00,3199.920565713311,27.77777777777778,68,0,0,0
2021-08-25 15:00:00,3603.462423114746,26.11111111111111,79,0,0,0
2021-08-25 16:00:00,3804.570842381568,26.11111111111111,79,0,0,0
2021-08-25 17:00:00,853.9010481314564,26.11111111111111,79,0,0,0
2021-08-25 18:00:00,1067.965207438894,27.22222222222222,89,0,0,0
2021-08-25 19:00:00,1067.965207438894,27.22222222222222,89,0,0,0
2021-08-25 20:00:00,1016.2894715950764,27.22222222222222,89,0,0,0
2021-08-25 21:00:00,930.1632451887141,25.555555555555557,91,0,0,0
2021-08-25 22:00:00,861.262264063624,25.555555555555557,91,0,0,0
2021-08-25 23:00:00,844.0370187823515,25.555555555555557,91,0,0,0
2021-08-26 00:00:00,733.7521477120184,27.22222222222222,84,0,0,0
2021-08-26 01:00:00,733.7521477120184,27.22222222222222,84,0,0,0
2021-08-26 02:00:00,733.7521477120184,27.22222222222222,84,0,0,0
2021-08-26 03:00:00,733.7521477120184,30.0,67,0,0,0
2021-08-26 04:00:00,1317.4186288465787,30.0,67,0,0,0
2021-08-26 05:00:00,1487.918246242044,30.0,67,0,0,0
2021-08-26 06:00:00,2201.256443136055,31.11111111111111,58,0,0,0
2021-08-26 07:00:00,2116.150394655351,31.11111111111111,58,0,0,0
2021-08-26 08:00:00,2248.409794321311,31.11111111111111,58,0,0,0
2021-08-26 09:00:00,2310.801728511557,25.555555555555557,95,0,0,0
2021-08-26 10:00:00,2101.1993320844163,25.555555555555557,95,0,0,0
2021-08-26 11:00:00,1917.4737747223555,25.555555555555557,95,0,0,0
2021-08-26 12:00:00,1662.4431497142991,26.11111111111111,95,0,0,0
2021-08-26 13:00:00,458.02005145189867,26.11111111111111,95,0,0,0
2021-08-26 14:00:00,1234.0377029702129,26.11111111111111,95,0,0,0
2021-08-26 15:00:00,1119.6045702157526,25.555555555555557,93,0,0,0
2021-08-26 16:00:00,1119.6045702157526,25.555555555555557,93,0,0,0
2021-08-26 17:00:00,1272.2779206997186,25.555555555555557,93,0,0,0
2021-08-26 18:00:00,1042.8366143226845,25.555555555555557,90,0,0,0
2021-08-26 19:00:00,992.3767781457805,25.555555555555557,90,0,0,0
2021-08-26 20:00:00,958.7368873611778,25.555555555555557,90,0,0,0
2021-08-26 21:00:00,908.2770511842737,25.0,93,0,0,0
2021-08-26 22:00:00,824.1773242227669,25.0,93,0,0,0
2021-08-26 23:00:00,824.1773242227669,25.0,93,0,0,0
2021-08-27 00:00:00,787.9029841598519,28.333333333333332,87,0,0,0
2021-08-27 01:00:00,787.9029841598519,28.333333333333332,87,0,0,0
2021-08-27 02:00:00,787.9029841598519,28.333333333333332,87,0,0,0
2021-08-27 03:00:00,787.9029841598519,30.0,70,0,0,0
2021-08-27 04:00:00,787.9029841598519,30.0,70,0,0,0
2021-08-27 05:00:00,1391.4568726669181,30.0,70,0,0,0
2021-08-27 06:00:00,1484.3329010703765,31.11111111111111,48,0,0,0
2021-08-27 07:00:00,1629.5393805229132,31.11111111111111,48,0,0,0
2021-08-27 08:00:00,1758.6118067029458,31.11111111111111,48,0,0,0
2021-08-27 09:00:00,1855.2758302225575,30.0,58,0,0,0
2021-08-27 10:00:00,1887.2633445367399,30.0,58,0,0,0
2021-08-27 11:00:00,2015.2134017934677,30.0,58,0,0,0
2021-08-27 12:00:00,2063.1946732647407,25.555555555555557,91,0,0,0
2021-08-27 13:00:00,2095.182187578923,25.555555555555557,91,0,0,0
2021-08-27 14:00:00,2032.8907123355157,25.555555555555557,91,0,0,0
2021-08-27 15:00:00,1920.3732277742258,25.555555555555557,91,0,0,0
2021-08-27 16:00:00,1480.9657943004624,25.555555555555557,91,0,0,0
2021-08-27 17:00:00,1324.3953294994665,25.555555555555557,91,0,0,0
2021-08-27 18:00:00,1009.8514387433431,25.555555555555557,93,0,0,0
2021-08-27 19:00:00,976.7415555058564,25.555555555555557,93,0,0,0
2021-08-27 20:00:00,919.2201481864939,25.555555555555557,93,0,0,0
2021-08-27 21:00:00,886.3908571798335,25.555555555555557,93,0,0,0
2021-08-27 22:00:00,853.561566173173,25.555555555555557,93,0,0,0
2021-08-27 23:00:00,787.9029841598519,25.555555555555557,93,0,0,0
2021-08-28 00:00:00,810.1009473096545,26.666666666666668,91,0,0,0
2021-08-28 01:00:00,810.1009473096545,26.666666666666668,91,0,0,0
2021-08-28 02:00:00,810.1009473096545,26.666666666666668,91,0,0,0
2021-08-28 03:00:00,826.9780503786056,28.333333333333332,80,0,0,0
2021-08-28 04:00:00,826.9780503786056,28.333333333333332,80,0,0,0
2021-08-28 05:00:00,995.1671119967741,28.333333333333332,80,0,0,0
2021-08-28 06:00:00,1078.097704663172,29.444444444444443,70,0,0,0
2021-08-28 07:00:00,1243.9588899959676,29.444444444444443,70,0,0,0
2021-08-28 08:00:00,1321.7972532881129,29.444444444444443,70,0,0,0
2021-08-28 09:00:00,1775.5876366679286,28.333333333333332,71,0,0,0
2021-08-28 10:00:00,2004.3014817057833,28.333333333333332,71,0,0,0
2021-08-28 11:00:00,2004.3014817057833,28.333333333333332,71,0,0,0
2021-08-28 12:00:00,2004.3014817057833,26.666666666666668,88,0,0,0
2021-08-28 13:00:00,1824.4730386607523,26.666666666666668,88,0,0,0
2021-08-28 14:00:00,1824.4730386607523,26.666666666666668,88,0,0,0
2021-08-28 15:00:00,1890.6720205260349,25.0,93,0,0,0
2021-08-28 16:00:00,1841.3501417297039,25.0,93,0,0,0
2021-08-28 17:00:00,1723.3559125148813,25.0,93,0,0,0
2021-08-28 18:00:00,886.7753724591138,25.555555555555557,93,0,0,0
2021-08-28 19:00:00,870.0437616579983,25.555555555555557,93,0,0,0
2021-08-28 20:00:00,803.1173184535369,25.555555555555557,93,0,0,0
2021-08-28 21:00:00,752.9224860501909,23.88888888888889,93,0,0,0
2021-08-28 22:00:00,702.7276536468448,23.88888888888889,93,0,0,0
2021-08-28 23:00:00,652.5328212434988,23.88888888888889,93,0,0,0
2021-08-29 00:00:00,743.959123121022,25.0,91,1,0,0
2021-08-29 01:00:00,743.959123121022,25.0,91,1,0,0
2021-08-29 02:00:00,743.959123121022,25.0,91,1,0,0
2021-08-29 03:00:00,743.959123121022,27.22222222222222,74,1,0,0
2021-08-29 04:00:00,1513.7950853071227,27.22222222222222,74,1,0,0
2021-08-29 05:00:00,1581.074866876328,27.22222222222222,74,1,0,0
2021-08-29 06:00:00,1770.6945931365465,28.333333333333332,72,1,0,0
2021-08-29 07:00:00,1770.6945931365465,28.333333333333332,72,1,0,0
2021-08-29 08:00:00,1770.6945931365465,28.333333333333332,72,1,0,0
2021-08-29 09:00:00,1868.3077804987054,28.88888888888889,73,1,0,0
2021-08-29 10:00:00,1835.530451016272,28.88888888888889,73,1,0,0
2021-08-29 11:00:00,2032.1944279108727,28.88888888888889,73,1,0,0
2021-08-29 12:00:00,2179.692410581823,27.22222222222222,76,1,0,0
2021-08-29 13:00:00,2359.967722735207,27.22222222222222,76,1,0,0
2021-08-29 14:00:00,2327.190393252774,27.22222222222222,76,1,0,0
2021-08-29 15:00:00,2458.2997111825075,26.666666666666668,90,1,0,0
2021-08-29 16:00:00,2359.967722735207,26.666666666666668,90,1,0,0
2021-08-29 17:00:00,1967.3585700311469,26.666666666666668,90,1,0,0
2021-08-29 18:00:00,1033.9234808669353,25.0,93,1,0,0
2021-08-29 19:00:00,983.8949253411156,25.0,93,1,0,0
2021-08-29 20:00:00,950.5425549905694,25.0,93,1,0,0
2021-08-29 21:00:00,900.51399946475,25.555555555555557,91,1,0,0
2021-08-29 22:00:00,867.1616291142036,25.555555555555557,91,1,0,0
2021-08-29 23:00:00,817.1330735883841,25.555555555555557,91,1,0,0
2021-08-30 00:00:00,1153.268709711661,27.22222222222222,90,0,0,0
2021-08-30 01:00:00,1153.268709711661,27.22222222222222,90,0,0,0
2021-08-30 02:00:00,814.2474769429745,27.22222222222222,90,0,0,1
2021-08-30 03:00:00,664.6918179126321,27.22222222222222,91,0,0,0
2021-08-30 04:00:00,664.6918179126321,27.22222222222222,91,0,0,0
2021-08-30 05:00:00,664.6918179126321,27.22222222222222,91,0,0,0
2021-08-30 06:00:00,1290.3258901145864,28.333333333333332,84,0,0,0
2021-08-30 07:00:00,1311.488086881463,28.333333333333332,84,0,0,0
2021-08-30 08:00:00,1311.488086881463,28.333333333333332,84,0,0,0
2021-08-30 09:00:00,1376.2529306780784,27.77777777777778,78,0,0,0
2021-08-30 10:00:00,1376.2529306780784,27.77777777777778,78,0,0,0
2021-08-30 11:00:00,1376.2529306780784,27.77777777777778,78,0,0,0
2021-08-30 12:00:00,1295.2968759323091,26.666666666666668,88,0,0,0
2021-08-30 13:00:00,1262.9144540340012,26.666666666666668,88,0,0,0
2021-08-30 14:00:00,1306.6591292299606,26.666666666666668,88,0,0,0
2021-08-30 15:00:00,1306.6591292299606,25.555555555555557,93,0,0,0
2021-08-30 16:00:00,1339.3256074607098,25.555555555555557,93,0,0,0
2021-08-30 17:00:00,1437.325042152957,25.555555555555557,93,0,0,0
2021-08-30 18:00:00,1087.3676405852802,25.555555555555557,88,0,0,0
2021-08-30 19:00:00,1087.3676405852802,25.555555555555557,88,0,0,0
2021-08-30 20:00:00,1087.3676405852802,25.555555555555557,88,0,0,0
2021-08-30 21:00:00,988.5160368957095,25.0,95,0,0,0
2021-08-30 22:00:00,922.6149677693288,25.0,95,0,0,0
2021-08-30 23:00:00,807.2880967981627,25.0,95,0,0,0
2021-08-31 00:00:00,804.3176296631822,26.666666666666668,90,0,0,0
2021-08-31 01:00:00,804.3176296631822,26.666666666666668,90,0,0,0
2021-08-31 02:00:00,804.3176296631822,26.666666666666668,90,0,0,0
2021-08-31 03:00:00,1334.4966498092078,26.666666666666668,90,0,0,0
2021-08-31 04:00:00,1334.4966498092078,26.666666666666668,90,0,0,0
2021-08-31 05:00:00,1371.3945281628478,26.666666666666668,90,0,0,0
2021-08-31 06:00:00,1471.4256584523732,26.666666666666668,91,0,0,0
2021-08-31 07:00:00,1471.4256584523732,26.666666666666668,91,0,0,0
2021-08-31 08:00:00,1519.4069299236462,26.666666666666668,91,0,0,0
2021-08-31 09:00:00,1521.9322600010817,27.22222222222222,90,0,0,0
2021-08-31 10:00:00,1535.4006870807373,27.22222222222222,90,0,0,0
2021-08-31 11:00:00,1599.3757157091013,27.22222222222222,90,0,0,0
2021-08-31 12:00:00,1535.4006870807373,26.666666666666668,90,0,0,0
2021-08-31 13:00:00,1439.438144138191,26.666666666666668,90,0,0,0
2021-08-31 14:00:00,1535.4006870807373,26.666666666666668,90,0,0,0
2021-08-31 15:00:00,1599.3757157091013,26.11111111111111,90,0,0,0
2021-08-31 16:00:00,1535.4006870807373,26.11111111111111,90,0,0,0
2021-08-31 17:00:00,1439.438144138191,26.11111111111111,90,0,0,0
2021-08-31 18:00:00,1017.7080212064755,25.555555555555557,93,0,0,0
2021-08-31 19:00:00,984.8787301998149,25.555555555555557,93,0,0,0
2021-08-31 20:00:00,984.8787301998149,25.555555555555557,93,0,0,0
2021-08-31 21:00:00,943.6316722683697,25.555555555555557,90,0,0,0
2021-08-31 22:00:00,893.9668474121397,25.555555555555557,90,0,0,0
2021-08-31 23:00:00,834.7618867078205,25.555555555555557,90,0,0,0
2021-09-01 00:00:00,1362.618226720896,27.22222222222222,90,0,0,0
2021-09-01 01:00:00,1362.618226720896,27.22222222222222,90,0,0,0
2021-09-01 02:00:00,1350.971917090803,27.22222222222222,90,0,0,0
2021-09-01 03:00:00,1350.971917090803,29.444444444444443,72,0,0,0
2021-09-01 04:00:00,1499.2493226251593,29.444444444444443,72,0,0,0
2021-09-01 05:00:00,1499.2493226251593,29.444444444444443,72,0,0,0
2021-09-01 06:00:00,1538.165040169617,30.555555555555557,61,0,0,0
2021-09-01 07:00:00,1602.9298839662324,30.555555555555557,61,0,0,0
2021-09-01 08:00:00,1637.0166438591882,30.555555555555557,61,0,0,0
2021-09-01 09:00:00,1733.3117405567873,28.333333333333332,77,0,0,0
2021-09-01 10:00:00,1669.1150094250545,28.333333333333332,77,0,0,0
2021-09-01 11:00:00,1540.7215471615887,28.333333333333332,77,0,0,0
2021-09-01 12:00:00,1540.7215471615887,27.22222222222222,83,0,0,0
2021-09-01 13:00:00,1669.1150094250545,27.22222222222222,83,0,0,0
2021-09-01 14:00:00,1669.1150094250545,27.22222222222222,83,0,0,0
2021-09-01 15:00:00,1701.2133749909208,26.666666666666668,88,0,0,0
2021-09-01 16:00:00,1508.6231815957221,26.666666666666668,88,0,0,0
2021-09-01 17:00:00,1521.9738292204631,26.666666666666668,88,0,0,0
2021-09-01 18:00:00,1004.9913041773046,25.555555555555557,90,0,0,0
2021-09-01 19:00:00,988.5160368957095,25.555555555555557,90,0,0,0
2021-09-01 20:00:00,980.4204314211325,25.555555555555557,90,0,0,0
2021-09-01 21:00:00,947.1858405255009,25.0,91,0,0,0
2021-09-01 22:00:00,897.3339541820535,25.0,91,0,0,0
2021-09-01 23:00:00,814.2474769429745,25.0,91,0,0,0
2021-09-02 00:00:00,1366.2416770103302,26.666666666666668,87,0,0,0
2021-09-02 01:00:00,1366.2416770103302,26.666666666666668,87,0,0,0
2021-09-02 02:00:00,1366.2416770103302,26.666666666666668,87,0,0,0
2021-09-02 03:00:00,1426.6036476541058,28.333333333333332,73,0,0,0
2021-09-02 04:00:00,1426.6036476541058,28.333333333333332,73,0,0,0
2021-09-02 05:00:00,1460.1707923047904,28.333333333333332,73,0,0,0
2021-09-02 06:00:00,2110.607832071131,31.11111111111111,59,0,0,0
2021-09-02 07:00:00,4275.54143772166,31.11111111111111,59,0,0,0
2021-09-02 08:00:00,2977.9062931991325,31.11111111111111,59,0,0,0
2021-09-02 09:00:00,2728.361073098647,28.333333333333332,70,0,0,0
2021-09-02 10:00:00,2737.194532217248,28.333333333333332,70,0,0,0
2021-09-02 11:00:00,2539.3250479605795,28.333333333333332,70,0,0,0
2021-09-02 12:00:00,2645.1793330651517,27.22222222222222,87,0,0,0
2021-09-02 13:00:00,2500.7522764760206,27.22222222222222,87,0,0,0
2021-09-02 14:00:00,2744.8501967867023,27.22222222222222,87,0,0,0
2021-09-02 15:00:00,2687.1382638785067,26.11111111111111,91,0,0,0
2021-09-02 16:00:00,2394.309094096875,26.11111111111111,91,0,0,0
2021-09-02 17:00:00,2135.930414877788,26.11111111111111,91,0,0,0
2021-09-02 18:00:00,1085.1904527201664,26.11111111111111,90,0,0,0
2021-09-02 19:00:00,1067.965207438894,26.11111111111111,90,0,0,0
2021-09-02 20:00:00,1033.514716876349,26.11111111111111,90,0,0,0
2021-09-02 21:00:00,999.0642263138039,25.0,93,0,0,0
2021-09-02 22:00:00,930.1632451887141,25.0,93,0,0,0
2021-09-02 23:00:00,844.0370187823515,25.0,93,0,0,0
2021-09-03 00:00:00,1147.6430086886774,26.11111111111111,91,0,0,0
2021-09-03 01:00:00,1147.6430086886774,26.11111111111111,91,0,0,0
2021-09-03 02:00:00,1147.6430086886774,26.11111111111111,91,0,0,0
2021-09-03 03:00:00,1271.6024208847668,27.77777777777778,86,0,0,0
2021-09-03 04:00:00,1492.750667995161,27.77777777777778,86,0,0,0
2021-09-03 05:00:00,1808.7598737344877,27.77777777777778,86,0,0,0
2021-09-03 06:00:00,2487.9177799919353,29.444444444444443,65,0,0,0
2021-09-03 07:00:00,2487.9177799919353,29.444444444444443,65,0,0,0
2021-09-03 08:00:00,2258.7674581505726,29.444444444444443,65,0,0,0
2021-09-03 09:00:00,2225.304236548342,30.555555555555557,68,0,0,0
2021-09-03 10:00:00,2308.9622905539186,30.555555555555557,68,0,0,0
2021-09-03 11:00:00,2451.253728497317,30.555555555555557,68,0,0,0
2021-09-03 12:00:00,2519.3441098444646,28.333333333333332,87,0,0,0
2021-09-03 13:00:00,2689.5700632123335,28.333333333333332,87,0,0,0
2021-09-03 14:00:00,2750.9678002390356,28.333333333333332,87,0,0,0
2021-09-03 15:00:00,2700.336491032182,23.88888888888889,93,0,0,0
2021-09-03 16:00:00,2689.5700632123335,23.88888888888889,93,0,0,0
2021-09-03 17:00:00,2643.8854911118974,23.88888888888889,93,0,0,0
2021-09-03 18:00:00,1133.093781905099,25.555555555555557,91,0,0,0
2021-09-03 19:00:00,1133.093781905099,25.555555555555557,91,0,0,0
2021-09-03 20:00:00,1072.423506217576,25.555555555555557,91,0,0,0
2021-09-03 21:00:00,1021.3557202072153,23.88888888888889,93,0,0,0
2021-09-03 22:00:00,987.3105295336416,23.88888888888889,93,0,0,0
2021-09-03 23:00:00,953.2653388600677,23.88888888888889,93,0,0,0
2021-09-04 00:00:00,1451.6317818234759,25.0,95,0,0,0
2021-09-04 01:00:00,1485.7878237487341,25.0,95,0,0,0
2021-09-04 02:00:00,1724.8801172255419,25.0,95,0,0,0
2021-09-04 03:00:00,1741.9581381881712,27.77777777777778,80,0,0,0
2021-09-04 04:00:00,1811.5952409064778,27.77777777777778,80,0,0,0
2021-09-04 05:00:00,1980.9032073463356,27.77777777777778,80,0,0,0
2021-09-04 06:00:00,2658.1350731057664,29.444444444444443,69,0,0,0
2021-09-04 07:00:00,2769.2894336814993,29.444444444444443,69,0,0,0
2021-09-04 08:00:00,3104.960880188348,29.444444444444443,69,0,0,0
2021-09-04 09:00:00,3281.3356139230864,30.0,73,0,0,0
2021-09-04 10:00:00,3528.672469243922,30.0,73,0,0,0
2021-09-04 11:00:00,3116.444377042529,30.0,73,0,0,0
2021-09-04 12:00:00,3116.444377042529,27.22222222222222,87,0,0,0
2021-09-04 13:00:00,3116.444377042529,27.22222222222222,87,0,0,0
2021-09-04 14:00:00,3528.672469243922,27.22222222222222,87,0,0,0
2021-09-04 15:00:00,3611.1180876842004,25.555555555555557,90,0,0,0
2021-09-04 16:00:00,3611.1180876842004,25.555555555555557,90,0,0,0
2021-09-04 17:00:00,1231.0897524957309,25.555555555555557,90,0,0,0
2021-09-04 18:00:00,1188.5419244078012,23.88888888888889,93,0,0,0
2021-09-04 19:00:00,1188.5419244078012,23.88888888888889,93,0,0,0
2021-09-04 20:00:00,1033.514716876349,23.88888888888889,93,0,0,0
2021-09-04 21:00:00,981.8389810325315,25.0,91,0,0,0
2021-09-04 22:00:00,930.1632451887141,25.0,91,0,0,0
2021-09-04 23:00:00,861.262264063624,25.0,91,0,0,0
2021-09-05 00:00:00,1846.192955787666,27.22222222222222,90,1,0,0
2021-09-05 01:00:00,1846.192955787666,27.22222222222222,90,1,0,0
2021-09-05 02:00:00,1846.192955787666,27.22222222222222,90,1,0,0
2021-09-05 03:00:00,1846.192955787666,28.333333333333332,74,1,0,0
2021-09-05 04:00:00,1846.192955787666,28.333333333333332,74,1,0,0
2021-09-05 05:00:00,1777.733647618506,28.333333333333332,74,1,0,0
2021-09-05 06:00:00,1996.361760803888,29.444444444444443,70,1,0,0
2021-09-05 07:00:00,2578.6339410383553,29.444444444444443,70,1,0,0
2021-09-05 08:00:00,2728.361073098647,29.444444444444443,70,1,0,0
2021-09-05 09:00:00,2786.661903281415,29.444444444444443,73,1,0,0
2021-09-05 10:00:00,2786.661903281415,29.444444444444443,73,1,0,0
2021-09-05 11:00:00,3033.9987586022507,29.444444444444443,73,1,0,0
2021-09-05 12:00:00,3033.9987586022507,27.77777777777778,87,1,0,0
2021-09-05 13:00:00,3116.444377042529,27.77777777777778,87,1,0,0
2021-09-05 14:00:00,3033.9987586022507,27.77777777777778,87,1,0,0
2021-09-05 15:00:00,2786.661903281415,27.22222222222222,90,1,0,0
2021-09-05 16:00:00,2539.3250479605795,27.22222222222222,90,1,0,0
2021-09-05 17:00:00,2248.9986915958843,27.22222222222222,90,1,0,0
2021-09-05 18:00:00,1057.3650564965724,25.0,91,1,0,0
2021-09-05 19:00:00,1067.965207438894,25.0,91,1,0,0
2021-09-05 20:00:00,1016.2894715950764,25.0,91,1,0,0
2021-09-05 21:00:00,964.613735751259,26.11111111111111,91,1,0,0
2021-09-05 22:00:00,930.1632451887141,26.11111111111111,91,1,0,0
2021-09-05 23:00:00,861.262264063624,26.11111111111111,91,1,0,0
2021-09-06 00:00:00,1809.6033824777735,26.666666666666668,90,0,0,0
2021-09-06 01:00:00,1809.6033824777735,26.666666666666668,90,0,0,0
2021-09-06 02:00:00,1809.6033824777735,26.666666666666668,90,0,0,0
2021-09-06 03:00:00,1825.339064064537,28.333333333333332,80,0,0,0
2021-09-06 04:00:00,1856.2630991828719,28.333333333333332,80,0,0,0
2021-09-06 05:00:00,1886.366142218419,28.333333333333332,80,0,0,0
2021-09-06 06:00:00,2043.4492940584555,26.666666666666668,82,0,0,0
2021-09-06 07:00:00,2180.144475842599,26.666666666666668,82,0,0,0
2021-09-06 08:00:00,2164.6824582834315,26.666666666666668,82,0,0,0
2021-09-06 09:00:00,2056.44833536926,25.555555555555557,90,0,0,0
2021-09-06 10:00:00,2087.3723704875947,25.555555555555557,90,0,0,0
2021-09-06 11:00:00,2625.5326807548977,25.555555555555557,90,0,0,0
2021-09-06 12:00:00,2211.0685109609335,25.555555555555557,91,0,0,0
2021-09-06 13:00:00,2053.574863079503,25.555555555555557,91,0,0,0
2021-09-06 14:00:00,1823.6970798989614,25.555555555555557,91,0,0,0
2021-09-06 15:00:00,1963.6762300142557,25.0,93,0,0,0
2021-09-06 16:00:00,1809.056054422582,25.0,93,0,0,0
2021-09-06 17:00:00,1887.4607983288024,25.0,93,0,0,0
2021-09-06 18:00:00,968.7706576894245,26.666666666666668,90,0,0,0
2021-09-06 19:00:00,1008.5887737046253,26.666666666666668,90,0,0,0
2021-09-06 20:00:00,960.5607368615479,26.666666666666668,90,0,0,0
2021-09-06 21:00:00,928.5420456328296,24.444444444444443,95,0,0,0
2021-09-06 22:00:00,832.4859719466749,24.444444444444443,95,0,0,0
2021-09-06 23:00:00,816.4766263323157,24.444444444444443,95,0,0,0
2021-09-07 00:00:00,757.2352925610373,24.444444444444443,91,0,0,0
2021-09-07 01:00:00,757.2352925610373,24.444444444444443,91,0,0,0
2021-09-07 02:00:00,757.2352925610373,24.444444444444443,91,0,0,0
2021-09-07 03:00:00,757.2352925610373,23.88888888888889,93,0,0,0
2021-09-07 04:00:00,1029.063346300897,23.88888888888889,93,0,0,0
2021-09-07 05:00:00,1048.479635853744,23.88888888888889,93,0,0,0
2021-09-07 06:00:00,1145.2319939645415,27.22222222222222,78,0,0,0
2021-09-07 07:00:00,1155.104683567684,27.22222222222222,78,0,0,0
2021-09-07 08:00:00,775.8288579802892,27.22222222222222,78,0,0,0
2021-09-07 09:00:00,737.9835478349094,27.77777777777778,74,0,0,0
2021-09-07 10:00:00,737.9835478349094,27.77777777777778,74,0,0,0
2021-09-07 11:00:00,737.9835478349094,27.77777777777778,74,0,0,0
2021-09-07 12:00:00,737.9835478349094,26.11111111111111,82,0,0,0
2021-09-07 13:00:00,744.4007960769519,26.11111111111111,82,0,0,0
2021-09-07 14:00:00,744.4007960769519,26.11111111111111,82,0,0,0
2021-09-07 15:00:00,750.8180443189946,25.555555555555557,90,0,0,0
2021-09-07 16:00:00,827.825023223507,25.555555555555557,90,0,0,0
2021-09-07 17:00:00,866.328512675763,25.555555555555557,90,0,0,0
2021-09-07 18:00:00,1174.356428293812,25.0,95,0,0,0
2021-09-07 19:00:00,1174.356428293812,25.0,95,0,0,0
2021-09-07 20:00:00,1116.601194115428,25.0,95,0,0,0
2021-09-07 21:00:00,1078.0977046631717,25.0,95,0,0,0
2021-09-07 22:00:00,1020.3424704847876,25.0,95,0,0,0
2021-09-07 23:00:00,951.3981880895085,27.77777777777778,75,0,0,0
2021-09-08 00:00:00,669.5554165802857,27.77777777777778,75,0,0,0
2021-09-08 01:00:00,669.5554165802857,27.77777777777778,75,0,0,0
2021-09-08 02:00:00,669.5554165802857,27.77777777777778,75,0,0,0
2021-09-08 03:00:00,658.2070196890944,27.77777777777778,65,0,0,0
2021-09-08 04:00:00,928.2406687923126,27.77777777777778,65,0,0,0
2021-09-08 05:00:00,928.2406687923126,27.77777777777778,65,0,0,0
2021-09-08 06:00:00,978.5809934634943,27.77777777777778,65,0,0,0
2021-09-08 07:00:00,995.749081068117,27.77777777777778,65,0,0,0
2021-09-08 08:00:00,953.7018156635751,27.77777777777778,65,0,0,0
2021-09-08 09:00:00,1338.5288640892281,28.333333333333332,66,0,0,0
2021-09-08 10:00:00,1371.992085691459,28.333333333333332,66,0,0,0
2021-09-08 11:00:00,1371.992085691459,28.333333333333332,66,0,0,0
2021-09-08 12:00:00,1371.992085691459,26.666666666666668,79,0,0,0
2021-09-08 13:00:00,1371.992085691459,26.666666666666668,79,0,0,0
2021-09-08 14:00:00,1371.992085691459,26.666666666666668,79,0,0,0
2021-09-08 15:00:00,1405.4553072936897,26.666666666666668,85,0,0,0
2021-09-08 16:00:00,1405.4553072936897,26.666666666666668,85,0,0,0
2021-09-08 17:00:00,894.4864626544103,26.666666666666668,85,0,0,0
2021-09-08 18:00:00,1029.5032872060194,25.555555555555557,86,0,0,0
2021-09-08 19:00:00,1029.5032872060194,25.555555555555557,86,0,0,0
2021-09-08 20:00:00,987.3105295336416,25.555555555555557,86,0,0,0
2021-09-08 21:00:00,987.3105295336416,25.555555555555557,73,0,0,0
2021-09-08 22:00:00,902.197552849707,25.555555555555557,73,0,0,0
2021-09-08 23:00:00,834.1071715025591,25.555555555555557,73,0,0,0
2021-09-09 00:00:00,738.6590476498612,27.22222222222222,76,0,0,0
2021-09-09 01:00:00,705.8297566432007,27.22222222222222,76,0,0,0
2021-09-09 02:00:00,673.0004656365402,27.22222222222222,76,0,0,0
2021-09-09 03:00:00,673.0004656365402,28.88888888888889,61,0,0,0
2021-09-09 04:00:00,673.0004656365402,28.88888888888889,61,0,0,0
2021-09-09 05:00:00,960.1866138871129,28.88888888888889,61,0,0,0
2021-09-09 06:00:00,943.6316722683699,30.0,53,0,0,0
2021-09-09 07:00:00,935.3542014589981,30.0,53,0,0,0
2021-09-09 08:00:00,1331.6907275009467,30.0,53,0,0,0
2021-09-09 09:00:00,1529.788842464214,30.0,59,0,0,0
2021-09-09 10:00:00,1301.9479510333738,30.0,59,0,0,0
2021-09-09 11:00:00,1301.9479510333738,30.0,59,0,0,0
2021-09-09 12:00:00,1367.0453485850421,28.333333333333332,78,0,0,0
2021-09-09 13:00:00,1334.4966498092078,28.333333333333332,78,0,0,0
2021-09-09 14:00:00,1334.4966498092078,28.333333333333332,78,0,0,0
2021-09-09 15:00:00,1334.4966498092078,27.77777777777778,86,0,0,0
2021-09-09 16:00:00,1367.0453485850421,27.77777777777778,86,0,0,0
2021-09-09 17:00:00,1346.0009312730804,27.77777777777778,86,0,0,0
2021-09-09 18:00:00,804.3176296631822,26.11111111111111,80,0,0,0
2021-09-09 19:00:00,844.3020225559097,26.11111111111111,80,0,0,0
2021-09-09 20:00:00,960.1866138871131,26.11111111111111,80,0,0,0
2021-09-09 21:00:00,960.1866138871131,26.666666666666668,86,0,0,0
2021-09-09 22:00:00,960.1866138871131,26.666666666666668,86,0,0,0
2021-09-09 23:00:00,811.1921393184231,26.666666666666668,86,0,0,0
2021-09-10 00:00:00,662.2600185788054,27.22222222222222,77,0,0,0
2021-09-10 01:00:00,627.4042281272895,27.22222222222222,77,0,0,0
2021-09-10 02:00:00,527.305547856269,27.22222222222222,77,0,0,0
2021-09-10 03:00:00,580.0361026418959,29.444444444444443,64,0,0,0
2021-09-10 04:00:00,580.0361026418959,29.444444444444443,64,0,0,0
2021-09-10 05:00:00,667.9203606179407,29.444444444444443,64,0,0,0
2021-09-10 06:00:00,913.9962829508663,30.0,55,0,0,0
2021-09-10 07:00:00,597.6129542371048,30.0,55,0,0,0
2021-09-10 08:00:00,2566.2203329005088,30.0,55,0,0,0
2021-09-10 09:00:00,2087.176648746339,30.0,58,0,0,0
2021-09-10 10:00:00,2087.176648746339,30.0,58,0,0,0
2021-09-10 11:00:00,2036.6804395024765,30.0,58,0,0,0
2021-09-10 12:00:00,2168.804739205445,28.333333333333332,77,0,0,0
2021-09-10 13:00:00,2168.804739205445,28.333333333333332,77,0,0,0
2021-09-10 14:00:00,2168.804739205445,28.333333333333332,77,0,0,0
2021-09-10 15:00:00,2118.755399069935,27.22222222222222,90,0,0,0
2021-09-10 16:00:00,2118.755399069935,27.22222222222222,90,0,0,0
2021-09-10 17:00:00,1715.0836378579324,27.22222222222222,90,0,0,0
2021-09-10 18:00:00,984.8995148095057,27.22222222222222,87,0,0,0
2021-09-10 19:00:00,967.6205759531986,27.22222222222222,87,0,0,0
2021-09-10 20:00:00,933.0626982405844,27.22222222222222,87,0,0,0
2021-09-10 21:00:00,829.3890651027416,24.444444444444443,93,0,0,0
2021-09-10 22:00:00,760.2733096775131,24.444444444444443,93,0,0,0
2021-09-10 23:00:00,725.7154319648989,24.444444444444443,93,0,0,0
2021-09-11 00:00:00,1275.551496726024,26.11111111111111,91,0,0,0
2021-09-11 01:00:00,1275.551496726024,26.11111111111111,91,0,0,0
2021-09-11 02:00:00,1275.551496726024,26.11111111111111,91,0,0,0
2021-09-11 03:00:00,1275.551496726024,27.77777777777778,71,0,0,0
2021-09-11 04:00:00,1330.9078405359253,27.77777777777778,71,0,0,0
2021-09-11 05:00:00,1397.4532325627217,27.77777777777778,71,0,0,0
2021-09-11 06:00:00,2061.1404610069635,31.11111111111111,63,0,0,0
2021-09-11 07:00:00,2374.433811080022,31.11111111111111,63,0,0,0
2021-09-11 08:00:00,2423.9011821441895,31.11111111111111,63,0,0,0
2021-09-11 09:00:00,1863.2709767502954,29.444444444444443,79,0,0,1
2021-09-11 10:00:00,1644.7900878835571,29.444444444444443,79,0,0,1
2021-09-11 11:00:00,1695.1408048595843,29.444444444444443,79,0,0,1
2021-09-11 12:00:00,2920.341584609581,27.77777777777778,84,0,0,0
2021-09-11 13:00:00,2970.692301585608,27.77777777777778,84,0,0,0
2021-09-11 14:00:00,2440.3903058322453,27.77777777777778,84,0,0,0
2021-09-11 15:00:00,2329.0887209378693,27.22222222222222,87,0,0,0
2021-09-11 16:00:00,2282.565836246569,27.22222222222222,87,0,0,0
2021-09-11 17:00:00,1878.5823058892042,27.22222222222222,87,0,0,0
2021-09-11 18:00:00,999.0642263138039,26.666666666666668,91,0,0,0
2021-09-11 19:00:00,973.4471948698603,26.666666666666668,91,0,0,0
2021-09-11 20:00:00,922.2131319819729,26.666666666666668,91,0,0,0
2021-09-11 21:00:00,819.7450062061981,26.11111111111111,80,0,0,0
2021-09-11 22:00:00,768.5109433183108,26.11111111111111,80,0,0,0
2021-09-11 23:00:00,700.1988594677943,26.11111111111111,80,0,0,0
2021-09-12 00:00:00,1219.0173583669757,28.333333333333332,70,1,0,0
2021-09-12 01:00:00,1219.0173583669757,28.333333333333332,70,1,0,0
2021-09-12 02:00:00,1208.4172074246542,28.333333333333332,70,1,0,0
2021-09-12 03:00:00,1275.551496726024,30.0,61,1,0,0
2021-09-12 04:00:00,1430.7259285761197,30.0,61,1,0,0
2021-09-12 05:00:00,1663.6348006699066,30.0,61,1,0,0
2021-09-12 06:00:00,2720.705408529192,30.555555555555557,57,1,0,0
2021-09-12 07:00:00,3033.9987586022507,30.555555555555557,57,1,0,0
2021-09-12 08:00:00,3297.8247376111417,30.555555555555557,57,1,0,0
2021-09-12 09:00:00,3648.2186159823254,30.0,68,1,0,0
2021-09-12 10:00:00,2844.37383618961,30.0,68,1,0,0
2021-09-12 11:00:00,2844.37383618961,30.0,68,1,0,0
2021-09-12 12:00:00,2970.692301585608,27.22222222222222,90,1,0,0
2021-09-12 13:00:00,2937.41960557221,27.22222222222222,90,1,0,0
2021-09-12 14:00:00,3330.21408771268,27.22222222222222,90,1,0,0
2021-09-12 15:00:00,1622.4119914497671,27.22222222222222,90,1,0,0
2021-09-12 16:00:00,1161.3054254587807,27.22222222222222,90,1,0,0
2021-09-12 17:00:00,938.1133583954552,27.22222222222222,90,1,0,0
2021-09-12 18:00:00,1007.6032367951184,26.666666666666668,86,1,0,0
2021-09-12 19:00:00,990.5252158324895,26.666666666666668,86,1,0,0
2021-09-12 20:00:00,922.2131319819729,26.666666666666668,86,1,0,0
2021-09-12 21:00:00,819.7450062061981,26.666666666666668,88,1,0,0
2021-09-12 22:00:00,768.5109433183108,26.666666666666668,88,1,0,0
2021-09-12 23:00:00,711.0934590474025,26.666666666666668,88,1,0,0
2021-09-13 00:00:00,1582.9558740533482,26.666666666666668,88,0,0,0
2021-09-13 01:00:00,1582.9558740533482,26.666666666666668,88,0,0,0
2021-09-13 02:00:00,1582.9558740533482,26.666666666666668,88,0,0,0
2021-09-13 03:00:00,1582.9558740533482,29.444444444444443,70,0,0,0
2021-09-13 04:00:00,1648.9123688055708,29.444444444444443,70,0,0,0
2021-09-13 05:00:00,2062.907152830684,29.444444444444443,70,0,0,0
2021-09-13 06:00:00,1280.998796515828,31.666666666666668,56,0,0,0
2021-09-13 07:00:00,1646.9984526632074,31.666666666666668,56,0,0,0
2021-09-13 08:00:00,3310.633253333114,31.666666666666668,56,0,0,0
2021-09-13 09:00:00,1646.9984526632074,27.22222222222222,90,0,0,0
2021-09-13 10:00:00,1208.4172074246542,27.22222222222222,90,0,0,0
2021-09-13 11:00:00,1342.6857860273938,27.22222222222222,90,0,0,0
2021-09-13 12:00:00,2588.7924190247463,26.666666666666668,91,0,0,1
2021-09-13 13:00:00,3017.509634914195,26.666666666666668,91,0,0,0
2021-09-13 14:00:00,3017.509634914195,26.666666666666668,91,0,0,0
2021-09-13 15:00:00,3125.5722847984175,26.666666666666668,91,0,0,0
2021-09-13 16:00:00,3093.1829346968793,26.666666666666668,91,0,0,0
2021-09-13 17:00:00,2083.5185574407537,26.666666666666668,91,0,0,0
2021-09-13 18:00:00,973.4471948698603,27.22222222222222,80,0,0,0
2021-09-13 19:00:00,965.055408707189,27.22222222222222,80,0,0,0
2021-09-13 20:00:00,914.2630187752318,27.22222222222222,80,0,0,0
2021-09-13 21:00:00,812.6782389113172,25.555555555555557,91,0,0,0
2021-09-13 22:00:00,761.8858489793598,25.555555555555557,91,0,0,0
2021-09-13 23:00:00,704.9100376643817,25.555555555555557,91,0,0,0
2021-09-14 00:00:00,1601.5788843363287,26.666666666666668,83,0,0,0
2021-09-14 01:00:00,1601.5788843363287,26.666666666666668,83,0,0,0
2021-09-14 02:00:00,1601.5788843363287,26.666666666666668,83,0,0,0
2021-09-14 03:00:00,1601.5788843363287,28.333333333333332,67,0,0,0
2021-09-14 04:00:00,1718.3606779858526,28.333333333333332,67,0,0,0
2021-09-14 05:00:00,2118.755399069935,28.333333333333332,67,0,0,0
2021-09-14 06:00:00,3080.417720245097,28.88888888888889,64,0,0,0
2021-09-14 07:00:00,3424.50693367673,28.88888888888889,64,0,0,0
2021-09-14 08:00:00,3604.7441407123474,28.88888888888889,64,0,0,0
2021-09-14 09:00:00,3735.8257458291596,29.444444444444443,65,0,0,0
2021-09-14 10:00:00,3571.973739433144,29.444444444444443,65,0,0,0
2021-09-14 11:00:00,3342.5809304787217,29.444444444444443,65,0,0,0
2021-09-14 12:00:00,3588.358940072746,28.333333333333332,80,0,0,0
2021-09-14 13:00:00,3440.8921343163315,28.333333333333332,80,0,0,0
2021-09-14 14:00:00,3113.1881215243,28.333333333333332,80,0,0,0
2021-09-14 15:00:00,5450.9093836870925,28.333333333333332,77,0,0,0
2021-09-14 16:00:00,3566.0154846551072,28.333333333333332,77,0,0,0
2021-09-14 17:00:00,3311.300092894028,28.333333333333332,77,0,0,0
2021-09-14 18:00:00,1002.1784536658129,25.555555555555557,91,0,0,0
2021-09-14 19:00:00,984.8995148095057,25.555555555555557,91,0,0,0
2021-09-14 20:00:00,933.0626982405844,25.555555555555557,91,0,0,0
2021-09-14 21:00:00,863.9469428153559,26.11111111111111,85,0,0,0
2021-09-14 22:00:00,794.8311873901274,26.11111111111111,85,0,0,0
2021-09-14 23:00:00,708.4364931085918,26.11111111111111,85,0,0,0
2021-09-15 00:00:00,2150.2111737861933,28.88888888888889,69,0,0,0
2021-09-15 01:00:00,2150.2111737861933,28.88888888888889,69,0,0,0
2021-09-15 02:00:00,2150.2111737861933,28.88888888888889,69,0,0,0
2021-09-15 03:00:00,2245.906980904374,31.11111111111111,58,0,0,0
2021-09-15 04:00:00,2412.2704609713646,31.11111111111111,58,0,0,0
2021-09-15 05:00:00,2510.174632869195,31.11111111111111,58,0,0,0
2021-09-15 06:00:00,3380.2703560514205,32.22222222222222,50,0,0,0
2021-09-15 07:00:00,3805.7486369307153,32.22222222222222,50,0,0,0
2021-09-15 08:00:00,4111.975219708893,32.22222222222222,50,0,0,0
2021-09-15 09:00:00,4028.057358082181,31.11111111111111,69,0,0,0
2021-09-15 10:00:00,4386.106901022819,31.11111111111111,69,0,0,0
2021-09-15 11:00:00,4386.106901022819,31.11111111111111,69,0,0,0
2021-09-15 12:00:00,4386.106901022819,27.77777777777778,84,0,0,0
2021-09-15 13:00:00,3954.73964739779,27.77777777777778,84,0,0,1
2021-09-15 14:00:00,3860.221634828756,27.77777777777778,84,0,0,0
2021-09-15 15:00:00,4025.9962176211743,27.77777777777778,77,0,0,0
2021-09-15 16:00:00,3990.3679325094818,27.77777777777778,77,0,0,0
2021-09-15 17:00:00,3512.1833455558663,27.77777777777778,77,0,0,0
2021-09-15 18:00:00,981.9862053511749,27.77777777777778,80,0,0,0
2021-09-15 19:00:00,965.055408707189,27.77777777777778,80,0,0,0
2021-09-15 20:00:00,906.3129055684907,27.77777777777778,80,0,0,0
2021-09-15 21:00:00,839.1786162671209,25.555555555555557,91,0,0,0
2021-09-15 22:00:00,772.0443269657513,25.555555555555557,91,0,0,0
2021-09-15 23:00:00,738.4771823150664,25.555555555555557,91,0,0,0
2021-09-16 00:00:00,2290.5315379105787,27.77777777777778,70,0,0,0
2021-09-16 01:00:00,2290.5315379105787,27.77777777777778,70,0,0,0
2021-09-16 02:00:00,2290.5315379105787,27.77777777777778,70,0,0,0
2021-09-16 03:00:00,2290.5315379105787,30.0,56,0,0,0
2021-09-16 04:00:00,2404.2458695798978,30.0,56,0,0,0
2021-09-16 05:00:00,2545.993443569719,30.0,56,0,0,0
2021-09-16 06:00:00,3832.0723451041463,31.11111111111111,47,0,0,0
2021-09-16 07:00:00,3832.0723451041463,31.11111111111111,47,0,0,0
2021-09-16 08:00:00,4186.297519861672,31.11111111111111,47,0,0,0
2021-09-16 09:00:00,4260.621552065261,31.11111111111111,54,0,0,0
2021-09-16 10:00:00,4228.706783884997,31.11111111111111,54,0,0,0
2021-09-16 11:00:00,4196.792015704733,31.11111111111111,54,0,0,0
2021-09-16 12:00:00,4260.621552065261,28.333333333333332,80,0,0,0
2021-09-16 13:00:00,4340.408472515922,28.333333333333332,80,0,0,0
2021-09-16 14:00:00,4347.308962933275,28.333333333333332,80,0,0,0
2021-09-16 15:00:00,4266.803241397474,27.22222222222222,90,0,0,0
2021-09-16 16:00:00,4089.690654018711,27.22222222222222,90,0,0,0
2021-09-16 17:00:00,3799.8700564898263,27.22222222222222,90,0,0,0
2021-09-16 18:00:00,942.3482226199611,26.666666666666668,87,0,0,0
2021-09-16 19:00:00,942.3482226199611,26.666666666666668,87,0,0,0
2021-09-16 20:00:00,942.3482226199611,26.666666666666668,87,0,0,0
2021-09-16 21:00:00,917.1901846400232,26.11111111111111,91,0,0,0
2021-09-16 22:00:00,833.8092587636573,26.11111111111111,91,0,0,0
2021-09-16 23:00:00,833.8092587636573,26.11111111111111,91,0,0,0
2021-09-17 00:00:00,1695.5461047485555,27.77777777777778,74,0,0,0
2021-09-17 01:00:00,1735.0264708562804,27.77777777777778,74,0,0,0
2021-09-17 02:00:00,1735.0264708562804,27.77777777777778,74,0,0,0
2021-09-17 03:00:00,1803.740390494153,30.0,53,0,0,0
2021-09-17 04:00:00,1803.740390494153,30.0,53,0,0,0
2021-09-17 05:00:00,1873.0570638130596,30.0,53,0,0,0
2021-09-17 06:00:00,4359.114621237666,31.11111111111111,46,0,0,0
2021-09-17 07:00:00,4767.7816169786975,31.11111111111111,46,0,0,0
2021-09-17 08:00:00,5012.499611478488,31.11111111111111,46,0,0,0
2021-09-17 09:00:00,5023.198489316842,30.0,64,0,0,0
2021-09-17 10:00:00,4869.948365913955,30.0,64,0,0,0
2021-09-17 11:00:00,4631.55928506502,30.0,64,0,0,0
2021-09-17 12:00:00,4472.432313272052,28.333333333333332,77,0,0,0
2021-09-17 13:00:00,4489.309416341003,28.333333333333332,77,0,0,0
2021-09-17 14:00:00,4286.784179513589,28.333333333333332,77,0,0,0
2021-09-17 15:00:00,4337.415488720442,27.22222222222222,86,0,0,0
2021-09-17 16:00:00,4371.169694858345,27.22222222222222,86,0,0,0
2021-09-17 17:00:00,4088.478218453414,27.22222222222222,86,0,0,0
2021-09-17 18:00:00,1005.0917631241438,26.666666666666668,91,0,0,0
2021-09-17 19:00:00,987.762594794417,26.666666666666668,91,0,0,0
2021-09-17 20:00:00,953.1042581349637,26.666666666666668,91,0,0,0
2021-09-17 21:00:00,866.4584164863309,25.555555555555557,87,0,0,0
2021-09-17 22:00:00,779.8125748376978,25.555555555555557,87,0,0,0
2021-09-17 23:00:00,745.1542381782444,25.555555555555557,87,0,0,0
2021-09-18 00:00:00,2450.4015594999933,27.22222222222222,89,0,0,0
2021-09-18 01:00:00,2450.4015594999933,27.22222222222222,89,0,0,0
2021-09-18 02:00:00,2450.4015594999933,27.22222222222222,89,0,0,0
2021-09-18 03:00:00,2601.453710428075,27.77777777777778,74,0,0,0
2021-09-18 04:00:00,2685.3715720547875,27.77777777777778,74,0,0,0
2021-09-18 05:00:00,3127.6334252594243,27.77777777777778,74,0,0,0
2021-09-18 06:00:00,3561.6507166200327,28.333333333333332,70,0,0,0
2021-09-18 07:00:00,3776.3037732020443,28.333333333333332,70,0,0,0
2021-09-18 08:00:00,3759.520200876702,28.333333333333332,70,0,0,0
2021-09-18 09:00:00,4414.079521565056,28.333333333333332,74,0,0,0
2021-09-18 10:00:00,4757.995529915933,28.333333333333332,74,0,0,0
2021-09-18 11:00:00,4708.086485895836,28.333333333333332,74,0,0,0
2021-09-18 12:00:00,4658.177441875739,27.22222222222222,86,0,0,0
2021-09-18 13:00:00,4841.177269949429,27.22222222222222,86,0,0,0
2021-09-18 14:00:00,4741.3591819092335,27.22222222222222,86,0,0,0
2021-09-18 15:00:00,4841.177269949429,26.666666666666668,89,0,0,0
2021-09-18 16:00:00,4658.177441875739,26.666666666666668,89,0,0,0
2021-09-18 17:00:00,4497.997383191769,26.666666666666668,89,0,0,0
2021-09-18 18:00:00,981.5445323952449,26.11111111111111,88,0,0,0
2021-09-18 19:00:00,981.9862053511749,26.11111111111111,88,0,0,0
2021-09-18 20:00:00,897.3322221312461,26.11111111111111,88,0,0,0
2021-09-18 21:00:00,939.8800502191755,25.555555555555557,91,0,0,0
2021-09-18 22:00:00,931.1938154192175,25.555555555555557,91,0,0,0
2021-09-18 23:00:00,931.1938154192175,25.555555555555557,91,0,0,0
2021-09-19 00:00:00,2510.469081506482,27.77777777777778,84,1,0,0
2021-09-19 01:00:00,2114.7301129931448,27.77777777777778,84,1,0,0
2021-09-19 02:00:00,2114.7301129931448,27.77777777777778,84,1,0,0
2021-09-19 03:00:00,2181.8644022945145,31.11111111111111,58,1,0,0
2021-09-19 04:00:00,2601.453710428075,31.11111111111111,58,1,0,0
2021-09-19 05:00:00,2685.3715720547875,31.11111111111111,58,1,0,0
2021-09-19 06:00:00,3493.633081406804,30.555555555555557,57,1,0,0
2021-09-19 07:00:00,3576.814821440299,30.555555555555557,57,1,0,0
2021-09-19 08:00:00,3776.3037732020443,30.555555555555557,57,1,0,0
2021-09-19 09:00:00,4138.770045701984,29.444444444444443,69,1,0,0
2021-09-19 10:00:00,4138.770045701984,29.444444444444443,69,1,0,0
2021-09-19 11:00:00,3826.360041540785,29.444444444444443,69,1,0,0
2021-09-19 12:00:00,3826.360041540785,27.22222222222222,87,1,0,0
2021-09-19 13:00:00,3221.1208675979537,27.22222222222222,87,1,0,0
2021-09-19 14:00:00,3221.1208675979537,27.22222222222222,87,1,0,0
2021-09-19 15:00:00,3221.1208675979537,27.22222222222222,89,1,0,0
2021-09-19 16:00:00,2928.291697816322,27.22222222222222,89,1,0,0
2021-09-19 17:00:00,700.1988594677943,27.22222222222222,89,1,0,0
2021-09-19 18:00:00,981.9862053511749,26.11111111111111,91,1,0,0
2021-09-19 19:00:00,802.666985243569,26.11111111111111,91,1,0,0
2021-09-19 20:00:00,802.666985243569,26.11111111111111,91,1,0,0
2021-09-19 21:00:00,768.5109433183108,26.666666666666668,91,1,0,0
2021-09-19 22:00:00,717.2768804304233,26.666666666666668,91,1,0,0
2021-09-19 23:00:00,683.1208385051651,26.666666666666668,91,1,0,0
2021-09-20 00:00:00,572.6159969822708,27.77777777777778,87,0,0,0
2021-09-20 01:00:00,572.6159969822708,27.77777777777778,87,0,0,0
2021-09-20 02:00:00,572.6159969822708,27.77777777777778,87,0,0,0
2021-09-20 03:00:00,557.5471549564215,31.666666666666668,72,0,0,0
2021-09-20 04:00:00,1310.989256248883,31.666666666666668,72,0,0,0
2021-09-20 05:00:00,1362.431165233679,31.666666666666668,72,0,0,0
2021-09-20 06:00:00,1658.6118533279569,25.0,91,0,0,0
2021-09-20 07:00:00,1806.702197375096,25.0,91,0,0,0
2021-09-20 08:00:00,1806.702197375096,25.0,91,0,0,0
2021-09-20 09:00:00,1456.2217164635335,25.0,93,0,0,0
2021-09-20 10:00:00,1379.5784682286107,25.0,93,0,0,0
2021-09-20 11:00:00,1356.1957823264308,25.0,93,0,0,0
2021-09-20 12:00:00,1356.1957823264308,25.0,93,0,0,0
2021-09-20 13:00:00,1302.935219993688,25.0,93,0,0,0
2021-09-20 14:00:00,942.9717609106859,25.0,93,0,0,0
2021-09-20 15:00:00,942.9717609106859,25.0,93,0,0,0
2021-09-20 16:00:00,889.0616795251045,25.0,93,0,0,0
2021-09-20 17:00:00,1024.6812577577477,25.0,93,0,0,0
2021-09-20 18:00:00,881.3973547016124,26.666666666666668,88,0,0,0
2021-09-20 19:00:00,746.9469107640783,26.666666666666668,88,0,0,0
2021-09-20 20:00:00,693.1667331890646,26.666666666666668,88,0,0,0
2021-09-20 21:00:00,632.8913650856676,25.0,93,0,0,0
2021-09-20 22:00:00,577.5523417838419,25.0,93,0,0,0
2021-09-20 23:00:00,516.7573584381744,25.0,93,0,0,0
2021-09-21 00:00:00,748.0173181631558,25.555555555555557,90,0,0,0
2021-09-21 01:00:00,748.0173181631558,25.555555555555557,90,0,0,0
2021-09-21 02:00:00,748.0173181631558,25.555555555555557,90,0,0,0
2021-09-21 03:00:00,748.0173181631558,27.77777777777778,75,0,0,0
2021-09-21 04:00:00,792.0183368786355,27.77777777777778,75,0,0,0
2021-09-21 05:00:00,843.352858713362,27.77777777777778,75,0,0,0
2021-09-21 06:00:00,785.1905925951991,28.88888888888889,65,0,0,0
2021-09-21 07:00:00,1012.0234304560344,28.88888888888889,65,0,0,0
2021-09-21 08:00:00,1012.0234304560344,28.88888888888889,65,0,0,0
2021-09-21 09:00:00,865.3533680711017,28.333333333333332,75,0,0,0
2021-09-21 10:00:00,821.352349355622,28.333333333333332,75,0,0,0
2021-09-21 11:00:00,806.6853431171288,28.333333333333332,75,0,0,0
2021-09-21 12:00:00,821.352349355622,28.333333333333332,87,0,0,0
2021-09-21 13:00:00,1056.024449171514,26.666666666666668,87,0,0,0
2021-09-21 14:00:00,880.020374309595,26.666666666666668,87,0,0,0
2021-09-21 15:00:00,909.3543867865816,26.666666666666668,90,0,0,0
2021-09-21 16:00:00,880.020374309595,26.666666666666668,90,0,0,0
2021-09-21 17:00:00,968.0224117405545,26.666666666666668,90,0,0,0
2021-09-21 18:00:00,997.3564242175411,25.0,93,0,0,0
2021-09-21 19:00:00,733.3503119246625,25.0,93,0,0,0
2021-09-21 20:00:00,674.6822869706895,25.0,93,0,0,0
2021-09-21 21:00:00,660.0152807321963,26.11111111111111,91,0,0,0
2021-09-21 22:00:00,616.0142620167165,26.11111111111111,91,0,0,0
2021-09-21 23:00:00,616.0142620167165,26.11111111111111,91,0,0,0
2021-09-22 00:00:00,800.4672807179566,26.11111111111111,90,0,0,0
2021-09-22 01:00:00,800.4672807179566,26.11111111111111,90,0,0,0
2021-09-22 02:00:00,800.4672807179566,26.11111111111111,90,0,0,0
2021-09-22 03:00:00,800.4672807179566,28.333333333333332,72,0,0,0
2021-09-22 04:00:00,800.4672807179566,28.333333333333332,72,0,0,0
2021-09-22 05:00:00,920.605788832549,28.333333333333332,72,0,0,0
2021-09-22 06:00:00,968.2233296342326,26.666666666666668,90,0,0,0
2021-09-22 07:00:00,1047.5858976370384,26.666666666666668,90,0,0,0
2021-09-22 08:00:00,984.0958432347938,26.666666666666668,90,0,0,0
2021-09-22 09:00:00,826.7390273671614,26.666666666666668,83,0,0,0
2021-09-22 10:00:00,535.0131739499506,26.666666666666668,83,0,0,0
2021-09-22 11:00:00,1126.9484656398445,26.666666666666668,83,0,0,0
2021-09-22 12:00:00,841.2432208297431,26.11111111111111,88,0,0,0
2021-09-22 13:00:00,825.3707072291818,26.11111111111111,88,0,0,0
2021-09-22 14:00:00,730.1356256258148,26.11111111111111,88,0,0,0
2021-09-22 15:00:00,904.7332752319878,25.555555555555557,88,0,0,0
2021-09-22 16:00:00,698.3905984246924,25.555555555555557,88,0,0,0
2021-09-22 17:00:00,871.8935919204819,25.555555555555557,88,0,0,0
2021-09-22 18:00:00,775.0165261515396,26.11111111111111,91,0,0,0
2021-09-22 19:00:00,730.1356256258148,26.11111111111111,91,0,0,0
2021-09-22 20:00:00,730.1356256258148,26.11111111111111,91,0,0,0
2021-09-22 21:00:00,730.1356256258148,25.555555555555557,90,0,0,0
2021-09-22 22:00:00,698.3905984246924,25.555555555555557,90,0,0,0
2021-09-22 23:00:00,666.64557122357,25.555555555555557,90,0,0,0
2021-09-23 00:00:00,813.7174693958585,27.22222222222222,81,0,0,0
2021-09-23 01:00:00,813.7174693958585,27.22222222222222,81,0,0,0
2021-09-23 02:00:00,813.7174693958585,27.22222222222222,81,0,0,0
2021-09-23 03:00:00,813.7174693958585,30.0,68,0,0,0
2021-09-23 04:00:00,813.7174693958585,30.0,68,0,0,0
2021-09-23 05:00:00,790.5686103527005,30.0,68,0,0,0
2021-09-23 06:00:00,1295.4943297243722,31.11111111111111,61,0,0,0
2021-09-23 07:00:00,1631.3632300232834,31.11111111111111,61,0,0,0
2021-09-23 08:00:00,1583.3819585520102,31.11111111111111,61,0,0,0
2021-09-23 09:00:00,1442.664954792692,26.666666666666668,87,0,0,0
2021-09-23 10:00:00,1439.438144138191,26.666666666666668,87,0,0,0
2021-09-23 11:00:00,1419.79668798036,26.666666666666668,87,0,0,0
2021-09-23 12:00:00,1387.528581435352,26.666666666666668,87,0,0,0
2021-09-23 13:00:00,1355.2604748903436,26.666666666666668,87,0,0,0
2021-09-23 14:00:00,1322.9923683453355,26.666666666666668,87,0,0,0
2021-09-23 15:00:00,1313.1716402664197,25.555555555555557,90,0,0,0
2021-09-23 16:00:00,1291.2854462619796,25.555555555555557,90,0,0,0
2021-09-23 17:00:00,1194.200534396129,25.555555555555557,90,0,0,0
2021-09-23 18:00:00,1048.713462712766,25.0,90,0,0,0
2021-09-23 19:00:00,1025.2840114387816,25.0,90,0,0,0
2021-09-23 20:00:00,927.6379151112787,25.0,90,0,0,0
2021-09-23 21:00:00,878.8148669475272,25.0,91,0,0,0
2021-09-23 22:00:00,820.7322751665124,25.0,91,0,0,0
2021-09-23 23:00:00,811.1921393184231,25.0,91,0,0,0
2021-09-24 00:00:00,1329.3836358252643,25.555555555555557,90,0,0,0
2021-09-24 01:00:00,1306.6591292299606,25.555555555555557,90,0,0,0
2021-09-24 02:00:00,1306.6591292299606,25.555555555555557,90,0,0,0
2021-09-24 03:00:00,1306.6591292299606,28.88888888888889,68,0,0,0
2021-09-24 04:00:00,1371.992085691459,28.88888888888889,68,0,0,0
2021-09-24 05:00:00,1441.0177744746939,28.88888888888889,68,0,0,0
2021-09-24 06:00:00,1685.164192207988,30.555555555555557,49,0,0,0
2021-09-24 07:00:00,1762.8535991306817,30.555555555555557,49,0,0,0
2021-09-24 08:00:00,1700.0771496611558,30.555555555555557,49,0,0,0
2021-09-24 09:00:00,1683.885938712002,30.0,61,0,0,0
2021-09-24 10:00:00,1796.656302691196,30.0,61,0,0,0
2021-09-24 11:00:00,1716.2683606103096,30.0,61,0,0,0
2021-09-24 12:00:00,1796.656302691196,27.77777777777778,80,0,0,0
2021-09-24 13:00:00,1763.9898244604472,27.77777777777778,80,0,0,0
2021-09-24 14:00:00,1748.650782508617,27.77777777777778,80,0,0,0
2021-09-24 15:00:00,1763.9898244604472,26.666666666666668,88,0,0,0
2021-09-24 16:00:00,1829.3227809219452,26.666666666666668,88,0,0,0
2021-09-24 17:00:00,1795.804133693872,26.666666666666668,88,0,0,0
2021-09-24 18:00:00,1054.4171060220901,25.555555555555557,90,0,0,0
2021-09-24 19:00:00,1063.5069086602116,25.555555555555557,90,0,0,0
2021-09-24 20:00:00,955.5655023325191,25.555555555555557,90,0,0,0
2021-09-24 21:00:00,930.5685450776851,25.0,93,0,0,0
2021-09-24 22:00:00,830.8647723907902,25.0,93,0,0,0
2021-09-24 23:00:00,823.7633640797579,25.0,93,0,0,0
2021-09-25 00:00:00,1157.5364829015107,26.11111111111111,93,0,0,0
2021-09-25 01:00:00,1157.5364829015107,26.11111111111111,93,0,0,0
2021-09-25 02:00:00,1215.151420964482,26.11111111111111,93,0,0,0
2021-09-25 03:00:00,1215.151420964482,27.77777777777778,77,0,0,0
2021-09-25 04:00:00,1271.6024208847668,27.77777777777778,77,0,0,0
2021-09-25 05:00:00,1673.1610801115353,27.77777777777778,77,0,0,0
2021-09-25 06:00:00,1990.3342239935482,30.555555555555557,55,0,0,0
2021-09-25 07:00:00,2137.281414507692,30.555555555555557,55,0,0,0
2021-09-25 08:00:00,2219.4845458349105,30.555555555555557,55,0,0,0
2021-09-25 09:00:00,2232.4333576722956,29.444444444444443,63,0,0,0
2021-09-25 10:00:00,2199.843089677079,29.444444444444443,63,0,0,0
2021-09-25 11:00:00,2281.318759665119,29.444444444444443,63,0,0,0
2021-09-25 12:00:00,2281.318759665119,27.22222222222222,86,0,0,0
2021-09-25 13:00:00,2281.318759665119,27.22222222222222,86,0,0,0
2021-09-25 14:00:00,1775.5876366679286,27.22222222222222,86,0,0,0
2021-09-25 15:00:00,2038.6376569150289,26.666666666666668,87,0,0,0
2021-09-25 16:00:00,2268.806424631242,26.666666666666668,87,0,0,0
2021-09-25 17:00:00,2038.6376569150289,26.666666666666668,87,0,0,0
2021-09-25 18:00:00,1004.3331248704285,26.11111111111111,89,0,0,0
2021-09-25 19:00:00,919.2201481864938,26.11111111111111,89,0,0,0
2021-09-25 20:00:00,851.1297668393461,26.11111111111111,89,0,0,0
2021-09-25 21:00:00,817.0845761657723,25.555555555555557,91,0,0,0
2021-09-25 22:00:00,783.0393854921984,25.555555555555557,91,0,0,0
2021-09-25 23:00:00,680.9038134714768,25.555555555555557,91,0,0,0
2021-09-26 00:00:00,1622.4119914497671,25.555555555555557,91,1,0,0
2021-09-26 01:00:00,1622.4119914497671,25.555555555555557,91,1,0,0
2021-09-26 02:00:00,1622.4119914497671,25.555555555555557,91,1,0,0
2021-09-26 03:00:00,1622.4119914497671,28.88888888888889,65,1,0,0
2021-09-26 04:00:00,1622.4119914497671,28.88888888888889,65,1,0,0
2021-09-26 05:00:00,1696.9074966833048,28.88888888888889,65,1,0,0
2021-09-26 06:00:00,2291.9881926397434,30.555555555555557,60,1,0,0
2021-09-26 07:00:00,2621.770666400858,30.555555555555557,60,1,0,0
2021-09-26 08:00:00,3077.724381239327,30.555555555555557,60,1,0,0
2021-09-26 09:00:00,2752.505861356157,30.0,61,1,0,0
2021-09-26 10:00:00,2886.774439958896,30.0,61,1,0,0
2021-09-26 11:00:00,2903.5580122842384,30.0,61,1,0,0
2021-09-26 12:00:00,2962.8894126975106,27.77777777777778,86,1,0,0
2021-09-26 13:00:00,2979.820209341496,27.77777777777778,86,1,0,0
2021-09-26 14:00:00,2920.341584609581,27.77777777777778,86,1,0,0
2021-09-26 15:00:00,3088.1773078630054,27.77777777777778,89,1,0,0
2021-09-26 16:00:00,2776.6506496136667,27.77777777777778,89,1,0,0
2021-09-26 17:00:00,2223.6761087892273,27.77777777777778,89,1,0,0
2021-09-26 18:00:00,1075.915320645635,26.11111111111111,90,1,0,0
2021-09-26 19:00:00,1067.965207438894,26.11111111111111,90,1,0,0
2021-09-26 20:00:00,999.0642263138039,26.11111111111111,90,1,0,0
2021-09-26 21:00:00,973.4471948698603,25.555555555555557,91,1,0,0
2021-09-26 22:00:00,861.262264063624,25.555555555555557,91,1,0,0
2021-09-26 23:00:00,844.0370187823515,25.555555555555557,91,1,0,0
2021-09-27 00:00:00,771.4883386565217,27.22222222222222,89,0,0,0
2021-09-27 01:00:00,787.9029841598519,27.22222222222222,89,0,0,0
2021-09-27 02:00:00,804.3176296631822,27.22222222222222,89,0,0,0
2021-09-27 03:00:00,804.3176296631822,26.666666666666668,85,0,0,0
2021-09-27 04:00:00,804.3176296631822,26.666666666666668,85,0,0,0
2021-09-27 05:00:00,804.3176296631822,26.666666666666668,85,0,0,0
2021-09-27 06:00:00,1548.8691141603929,26.11111111111111,88,0,0,0
2021-09-27 07:00:00,1448.4170955246282,26.11111111111111,88,0,0,0
2021-09-27 08:00:00,1367.0453485850421,26.11111111111111,88,0,0,0
2021-09-27 09:00:00,1322.9923683453355,25.0,91,0,0,0
2021-09-27 10:00:00,1347.5441885426244,25.0,91,0,0,0
2021-09-27 11:00:00,1347.5441885426244,25.0,91,0,0,0
2021-09-27 12:00:00,1347.5441885426244,25.0,91,0,0,0
2021-09-27 13:00:00,1371.3945281628478,25.0,91,0,0,0
2021-09-27 14:00:00,1371.3945281628478,25.0,91,0,0,0
2021-09-27 15:00:00,1371.3945281628478,25.0,91,0,0,0
2021-09-27 16:00:00,732.3457224562727,25.0,91,0,0,0
2021-09-27 17:00:00,829.9918187837758,25.0,91,0,0,0
2021-09-27 18:00:00,895.0892163354445,27.22222222222222,90,0,0,0
2021-09-27 19:00:00,878.8148669475272,27.22222222222222,90,0,0,0
2021-09-27 20:00:00,878.8148669475272,27.22222222222222,90,0,0,0
2021-09-27 21:00:00,781.1687706200241,25.0,91,0,0,0
2021-09-27 22:00:00,787.9029841598519,25.0,91,0,0,0
2021-09-27 23:00:00,771.4883386565217,25.0,91,0,0,0
2021-09-28 00:00:00,713.3278045891664,26.11111111111111,90,0,0,0
2021-09-28 01:00:00,713.3278045891664,26.11111111111111,90,0,0,0
2021-09-28 02:00:00,713.3278045891664,26.11111111111111,90,0,0,0
2021-09-28 03:00:00,713.3278045891664,30.555555555555557,71,0,0,0
2021-09-28 04:00:00,713.3278045891664,30.555555555555557,71,0,0,0
2021-09-28 05:00:00,794.3877823833898,30.555555555555557,71,0,0,0
2021-09-28 06:00:00,1358.4820893924218,31.666666666666668,62,0,0,0
2021-09-28 07:00:00,1358.4820893924218,31.666666666666668,62,0,0,0
2021-09-28 08:00:00,1358.4820893924218,31.666666666666668,62,0,0,0
2021-09-28 09:00:00,1326.8894826623655,28.88888888888889,73,0,0,0
2021-09-28 10:00:00,1311.0931792973374,28.88888888888889,73,0,0,0
2021-09-28 11:00:00,1279.500572567281,28.88888888888889,73,0,0,0
2021-09-28 12:00:00,1247.9079658372248,27.22222222222222,87,0,0,0
2021-09-28 13:00:00,1216.3153591071684,27.22222222222222,87,0,0,0
2021-09-28 14:00:00,1226.9847920817926,27.22222222222222,87,0,0,0
2021-09-28 15:00:00,1179.1801897928915,26.666666666666668,88,0,0,0
2021-09-28 16:00:00,1195.1150572225251,26.666666666666668,88,0,0,0
2021-09-28 17:00:00,1189.4339305736992,26.666666666666668,88,0,0,0
2021-09-28 18:00:00,1012.6261841370683,25.0,91,0,0,0
2021-09-28 19:00:00,932.2590266658725,25.0,91,0,0,0
2021-09-28 20:00:00,891.659755736458,25.0,91,0,0,0
2021-09-28 21:00:00,810.5997779422345,26.11111111111111,92,0,0,0
2021-09-28 22:00:00,778.1757868245451,26.11111111111111,92,0,0,0
2021-09-28 23:00:00,778.1757868245451,26.11111111111111,92,0,0,0
2021-09-29 00:00:00,1164.4404374204805,28.333333333333332,77,0,0,0
2021-09-29 01:00:00,1164.4404374204805,28.333333333333332,77,0,0,0
2021-09-29 02:00:00,1154.314868399433,28.333333333333332,77,0,0,0
2021-09-29 03:00:00,1185.5125675453635,30.555555555555557,58,0,0,0
2021-09-29 04:00:00,1185.5125675453635,30.555555555555557,58,0,0,0
2021-09-29 05:00:00,1247.9079658372248,30.555555555555557,58,0,0,0
2021-09-29 06:00:00,1453.4296505617326,30.555555555555557,54,0,0,0
2021-09-29 07:00:00,1542.0967955027984,30.555555555555557,54,0,0,0
2021-09-29 08:00:00,1622.2803555883922,30.555555555555557,54,0,0,0
2021-09-29 09:00:00,1591.0826564424615,31.11111111111111,53,0,0,0
2021-09-29 10:00:00,1622.2803555883922,31.11111111111111,53,0,0,0
2021-09-29 11:00:00,1653.4780547343228,31.11111111111111,53,0,0,0
2021-09-29 12:00:00,3210.0790436997027,27.22222222222222,87,0,0,0
2021-09-29 13:00:00,1573.568158676325,27.22222222222222,87,0,0,0
2021-09-29 14:00:00,1587.251360056119,27.22222222222222,87,0,0,0
2021-09-29 15:00:00,1523.7613056538742,27.22222222222222,90,0,0,0
2021-09-29 16:00:00,1600.934561435913,27.22222222222222,90,0,0,0
2021-09-29 17:00:00,1614.6177628157075,27.22222222222222,90,0,0,0
2021-09-29 18:00:00,999.9683568353549,26.11111111111111,91,0,0,0
2021-09-29 19:00:00,952.3508160336714,26.11111111111111,91,0,0,0
2021-09-29 20:00:00,904.7332752319878,26.11111111111111,91,0,0,0
2021-09-29 21:00:00,857.1157344303043,26.11111111111111,93,0,0,0
2021-09-29 22:00:00,768.4485894892383,26.11111111111111,93,0,0,0
2021-09-29 23:00:00,768.4485894892383,26.11111111111111,93,0,0,0
2021-09-30 00:00:00,1272.9967217848596,27.77777777777778,80,0,0,0
2021-09-30 01:00:00,1272.9967217848596,27.77777777777778,80,0,0,0
2021-09-30 02:00:00,1272.9967217848596,27.77777777777778,80,0,0,0
2021-09-30 03:00:00,1306.0615717013495,30.555555555555557,59,0,0,0
2021-09-30 04:00:00,1294.7045145561203,30.555555555555557,59,0,0,0
2021-09-30 05:00:00,1327.481844038554,30.555555555555557,59,0,0,0
2021-09-30 06:00:00,1425.8138324858542,32.22222222222222,49,0,0,0
2021-09-30 07:00:00,1425.8138324858542,32.22222222222222,49,0,0,0
2021-09-30 08:00:00,1458.5911619682877,32.22222222222222,49,0,0,0
2021-09-30 09:00:00,1559.510834322096,31.666666666666668,64,0,0,0
2021-09-30 10:00:00,1559.510834322096,31.666666666666668,64,0,0,0
2021-09-30 11:00:00,1689.470070515604,31.666666666666668,64,0,0,0
2021-09-30 12:00:00,1785.5018954904526,28.333333333333332,86,0,0,0
2021-09-30 13:00:00,1689.470070515604,28.333333333333332,86,0,0,0
2021-09-30 14:00:00,1673.2251659914155,28.333333333333332,86,0,0,0
2021-09-30 15:00:00,1689.470070515604,28.333333333333332,89,0,0,0
2021-09-30 16:00:00,1721.9598795639808,28.333333333333332,89,0,0,0
2021-09-30 17:00:00,1884.4089248058658,28.333333333333332,89,0,0,0
2021-09-30 18:00:00,1050.5996660422081,26.666666666666668,91,0,0,0
2021-09-30 19:00:00,1000.5711105163888,26.666666666666668,91,0,0,0
2021-09-30 20:00:00,958.7368873611778,26.666666666666668,91,0,0,0
2021-09-30 21:00:00,908.2770511842737,27.22222222222222,92,0,0,0
2021-09-30 22:00:00,824.1773242227669,27.22222222222222,92,0,0,0
2021-09-30 23:00:00,824.1773242227669,27.22222222222222,92,0,0,0
2021-10-01 00:00:00,1343.5691319392533,28.333333333333332,90,0,0,0
2021-10-01 01:00:00,1343.5691319392533,28.333333333333332,90,0,0,0
2021-10-01 02:00:00,1343.5691319392533,28.333333333333332,90,0,0,0
2021-10-01 03:00:00,1343.5691319392533,30.555555555555557,64,0,0,0
2021-10-01 04:00:00,1332.085635085072,30.555555555555557,64,0,0,0
2021-10-01 05:00:00,1376.2529306780784,30.555555555555557,64,0,0,0
2021-10-01 06:00:00,1863.2709767502952,31.11111111111111,68,0,0,0
2021-10-01 07:00:00,2028.1622136308522,31.11111111111111,68,0,0,0
2021-10-01 08:00:00,2044.651337318908,31.11111111111111,68,0,0,0
2021-10-01 09:00:00,2127.0969557591866,28.88888888888889,80,0,0,0
2021-10-01 10:00:00,1846.7818530622392,28.88888888888889,80,0,0,0
2021-10-01 11:00:00,2077.6295846950197,28.88888888888889,80,0,0,0
2021-10-01 12:00:00,2094.118708383075,27.22222222222222,90,0,0,0
2021-10-01 13:00:00,2291.9881926397434,27.22222222222222,90,0,0,0
2021-10-01 14:00:00,2209.542574199465,27.22222222222222,90,0,0,0
2021-10-01 15:00:00,2129.4525448574805,27.22222222222222,90,0,0,0
2021-10-01 16:00:00,1913.3272450890356,27.22222222222222,90,0,0,0
2021-10-01 17:00:00,1571.1779285618798,27.22222222222222,90,0,0,0
2021-10-01 18:00:00,1085.1904527201664,27.77777777777778,90,0,0,0
2021-10-01 19:00:00,1041.7592787203769,27.77777777777778,90,0,0,0
2021-10-01 20:00:00,1007.6032367951184,27.77777777777778,90,0,0,0
2021-10-01 21:00:00,947.3884904699866,25.555555555555557,91,0,0,0
2021-10-01 22:00:00,844.0370187823515,25.555555555555557,91,0,0,0
2021-10-01 23:00:00,826.8117735010791,25.555555555555557,91,0,0,0
2021-10-02 00:00:00,766.0167901554115,27.22222222222222,91,0,0,0
2021-10-02 01:00:00,1191.5816735750846,27.22222222222222,91,0,0,0
2021-10-02 02:00:00,1181.3972148265796,27.22222222222222,91,0,0,0
2021-10-02 03:00:00,1171.2127560780746,30.0,72,0,0,0
2021-10-02 04:00:00,1171.2127560780746,30.0,72,0,0,0
2021-10-02 05:00:00,1183.7250911119522,30.0,72,0,0,0
2021-10-02 06:00:00,1743.5793377440555,31.666666666666668,59,0,0,0
2021-10-02 07:00:00,1824.9095154642596,31.666666666666668,59,0,0,0
2021-10-02 08:00:00,2023.5064610601073,31.666666666666668,59,0,0,0
2021-10-02 09:00:00,2023.5064610601073,31.11111111111111,62,0,0,0
2021-10-02 10:00:00,2156.195409326344,31.11111111111111,62,0,0,0
2021-10-02 11:00:00,2355.228831725699,31.11111111111111,62,0,0,0
2021-10-02 12:00:00,2338.6427131924193,27.77777777777778,87,0,0,0
2021-10-02 13:00:00,2305.47047612586,27.77777777777778,87,0,0,0
2021-10-02 14:00:00,2255.712120526021,27.77777777777778,87,0,0,0
2021-10-02 15:00:00,2255.712120526021,26.666666666666668,90,0,0,0
2021-10-02 16:00:00,2338.6427131924193,26.666666666666668,90,0,0,0
2021-10-02 17:00:00,2386.3641770425565,26.666666666666668,90,0,0,0
2021-10-02 18:00:00,731.9715994818376,26.666666666666668,92,0,0,0
2021-10-02 19:00:00,1021.3557202072153,26.666666666666668,92,0,0,0
2021-10-02 20:00:00,1021.3557202072153,26.666666666666668,92,0,0,0
2021-10-02 21:00:00,970.2879341968546,25.555555555555557,91,0,0,0
2021-10-02 22:00:00,902.197552849707,25.555555555555557,91,0,0,0
2021-10-02 23:00:00,834.1071715025591,25.555555555555557,91,0,0,0
2021-10-03 00:00:00,1367.4471843723982,27.77777777777778,91,1,0,0
2021-10-03 01:00:00,1367.4471843723982,27.77777777777778,91,1,0,0
2021-10-03 02:00:00,1355.6588465760842,27.77777777777778,91,1,0,0
2021-10-03 03:00:00,1343.8705087797707,28.333333333333332,86,1,0,0
2021-10-03 04:00:00,1348.3270755076455,28.333333333333332,86,1,0,0
2021-10-03 05:00:00,1658.4178636375088,28.333333333333332,86,1,0,0
2021-10-03 06:00:00,2114.1377516169564,28.333333333333332,83,1,0,0
2021-10-03 07:00:00,2258.0417288622016,28.333333333333332,83,1,0,0
2021-10-03 08:00:00,2704.1296823007583,28.333333333333332,83,1,0,0
2021-10-03 09:00:00,2753.2956765244085,30.555555555555557,70,1,0,0
2021-10-03 10:00:00,3179.4009597960426,30.555555555555557,70,1,0,0
2021-10-03 11:00:00,3141.1607420665373,30.555555555555557,70,1,0,0
2021-10-03 12:00:00,3141.1607420665373,27.77777777777778,90,1,0,0
2021-10-03 13:00:00,3141.1607420665373,27.77777777777778,90,1,0,0
2021-10-03 14:00:00,3141.1607420665373,27.77777777777778,90,1,0,0
2021-10-03 15:00:00,3141.1607420665373,26.666666666666668,90,1,0,0
2021-10-03 16:00:00,3141.1607420665373,26.666666666666668,90,1,0,0
2021-10-03 17:00:00,2629.374369446085,26.666666666666668,90,1,0,0
2021-10-03 18:00:00,1017.247295691662,26.666666666666668,91,1,0,0
2021-10-03 19:00:00,1017.247295691662,26.666666666666668,91,1,0,0
2021-10-03 20:00:00,967.2187401658426,26.666666666666668,91,1,0,0
2021-10-03 21:00:00,933.8663698152963,25.555555555555557,91,1,0,0
2021-10-03 22:00:00,867.1616291142036,25.555555555555557,91,1,0,0
2021-10-03 23:00:00,833.8092587636573,25.555555555555557,91,1,0,0
2021-10-04 00:00:00,1561.8594952171593,27.22222222222222,87,0,0,0
2021-10-04 01:00:00,1561.8594952171593,27.22222222222222,87,0,0,0
2021-10-04 02:00:00,1726.2657578715973,27.22222222222222,87,0,0,0
2021-10-04 03:00:00,1759.1470104024847,31.666666666666668,65,0,0,0
2021-10-04 04:00:00,1759.1470104024847,31.666666666666668,65,0,0,0
2021-10-04 05:00:00,1955.4160797129593,31.666666666666668,65,0,0,0
2021-10-04 06:00:00,1940.8668529293807,32.77777777777778,48,0,0,0
2021-10-04 07:00:00,2404.9871873255374,32.77777777777778,48,0,0,0
2021-10-04 08:00:00,2607.221439617279,32.77777777777778,48,0,0,0
2021-10-04 09:00:00,2978.226722598533,31.11111111111111,63,0,0,0
2021-10-04 10:00:00,3162.2744414108015,31.11111111111111,63,0,0,0
2021-10-04 11:00:00,3079.7803255479107,31.11111111111111,63,0,0,0
2021-10-04 12:00:00,3134.7764027898384,27.77777777777778,80,0,0,0
2021-10-04 13:00:00,3051.8458101234405,27.77777777777778,80,0,0,0
2021-10-04 14:00:00,3051.8458101234405,27.77777777777778,80,0,0,0
2021-10-04 15:00:00,3051.8458101234405,26.666666666666668,90,0,0,0
2021-10-04 16:00:00,3105.3869646870094,26.666666666666668,90,0,0,0
2021-10-04 17:00:00,2784.7220063769378,26.666666666666668,90,0,0,0
2021-10-04 18:00:00,1046.3803902749705,26.11111111111111,91,0,0,0
2021-10-04 19:00:00,995.749081068117,26.11111111111111,91,0,0,0
2021-10-04 20:00:00,970.2879341968546,26.11111111111111,91,0,0,0
2021-10-04 21:00:00,911.3635657233615,26.11111111111111,90,0,0,0
2021-10-04 22:00:00,877.6093595854591,26.11111111111111,90,0,0,0
2021-10-04 23:00:00,826.9780503786056,26.11111111111111,90,0,0,0
2021-10-05 00:00:00,1835.3329972242093,27.77777777777778,81,0,0,0
2021-10-05 01:00:00,1835.3329972242093,27.77777777777778,81,0,0,0
2021-10-05 02:00:00,1835.3329972242093,27.77777777777778,81,0,0,0
2021-10-05 03:00:00,1835.3329972242093,30.555555555555557,70,0,0,0
2021-10-05 04:00:00,1803.1341727115037,30.555555555555557,70,0,0,0
2021-10-05 05:00:00,2414.911838452907,30.555555555555557,70,0,0,0
2021-10-05 06:00:00,3170.120631569089,32.22222222222222,56,0,0,0
2021-10-05 07:00:00,2291.970872131668,32.22222222222222,56,0,0,0
2021-10-05 08:00:00,2037.7465167745343,32.22222222222222,56,0,0,0
2021-10-05 09:00:00,2123.366118319683,31.11111111111111,59,0,0,0
2021-10-05 10:00:00,3236.4209384066135,31.11111111111111,59,0,0,0
2021-10-05 11:00:00,3197.9287072846073,31.11111111111111,59,0,0,0
2021-10-05 12:00:00,3022.0060388106435,28.333333333333332,80,0,0,0
2021-10-05 13:00:00,2852.230418652742,28.333333333333332,80,0,0,0
2021-10-05 14:00:00,2903.163104700113,28.333333333333332,80,0,0,0
2021-10-05 15:00:00,3072.9387248580138,26.666666666666668,79,0,0,0
2021-10-05 16:00:00,2575.174169550236,26.666666666666668,79,0,0,0
2021-10-05 17:00:00,2120.731669041371,26.666666666666668,79,0,0,0
2021-10-05 18:00:00,1086.5639690105684,26.11111111111111,90,0,0,0
2021-10-05 19:00:00,1086.5639690105684,26.11111111111111,90,0,0,0
2021-10-05 20:00:00,1154.474217073729,26.11111111111111,90,0,0,0
2021-10-05 21:00:00,958.9395373056633,25.0,91,0,0,0
2021-10-05 22:00:00,873.3199357605149,25.0,91,0,0,0
2021-10-05 23:00:00,856.1960154514851,25.0,91,0,0,0
2021-10-06 00:00:00,851.1297668393461,28.333333333333332,80,0,0,0
2021-10-06 01:00:00,1378.8302222797408,28.333333333333332,80,0,0,0
2021-10-06 02:00:00,1502.0621731366512,28.333333333333332,80,0,0,0
2021-10-06 03:00:00,1556.0398045037277,32.77777777777778,53,0,0,0
2021-10-06 04:00:00,1625.4396162613975,32.77777777777778,53,0,0,0
2021-10-06 05:00:00,2338.6427131924193,32.77777777777778,53,0,0,0
2021-10-06 06:00:00,2666.58228489428,32.77777777777778,49,0,0,0
2021-10-06 07:00:00,3400.1542993223115,32.77777777777778,49,0,0,0
2021-10-06 08:00:00,3156.6002429652062,32.77777777777778,49,0,0,0
2021-10-06 09:00:00,3011.6899442007634,32.22222222222222,62,0,0,0
2021-10-06 10:00:00,3251.315709326302,32.22222222222222,62,0,0,0
2021-10-06 11:00:00,3223.5266861696673,32.22222222222222,62,0,0,0
2021-10-06 12:00:00,3122.2640677559602,27.77777777777778,86,0,0,0
2021-10-06 13:00:00,3122.2640677559602,27.77777777777778,86,0,0,0
2021-10-06 14:00:00,3122.2640677559602,27.77777777777778,86,0,0,0
2021-10-06 15:00:00,3459.806129134983,27.22222222222222,90,0,0,0
2021-10-06 16:00:00,3459.806129134983,27.22222222222222,90,0,0,0
2021-10-06 17:00:00,2935.7429803904834,27.22222222222222,90,0,0,0
2021-10-06 18:00:00,1012.6261841370682,26.11111111111111,88,0,0,0
2021-10-06 19:00:00,1012.6261841370682,26.11111111111111,88,0,0,0
2021-10-06 20:00:00,961.9948749302148,26.11111111111111,88,0,0,0
2021-10-06 21:00:00,928.2406687923126,26.11111111111111,90,0,0,0
2021-10-06 22:00:00,877.6093595854591,26.11111111111111,90,0,0,0
2021-10-06 23:00:00,843.8551534475569,26.11111111111111,90,0,0,0
2021-10-07 00:00:00,2301.7916002105835,28.333333333333332,83,0,0,0
2021-10-07 01:00:00,2301.7916002105835,28.333333333333332,83,0,0,0
2021-10-07 02:00:00,2301.7916002105835,28.333333333333332,83,0,0,0
2021-10-07 03:00:00,2301.7916002105835,31.11111111111111,61,0,0,0
2021-10-07 04:00:00,2387.0431409591233,31.11111111111111,61,0,0,0
2021-10-07 05:00:00,2563.328500872192,31.11111111111111,61,0,0,0
2021-10-07 06:00:00,3216.132907682317,32.22222222222222,51,0,0,0
2021-10-07 07:00:00,3518.29402080497,32.22222222222222,51,0,0,0
2021-10-07 08:00:00,3685.831831319492,32.22222222222222,51,0,0,0
2021-10-07 09:00:00,3603.397298004381,31.11111111111111,59,0,0,0
2021-10-07 10:00:00,3448.0170985183468,31.11111111111111,59,0,0,0
2021-10-07 11:00:00,2898.404121901237,31.11111111111111,59,0,0,0
2021-10-07 12:00:00,3082.6957134672116,28.333333333333332,84,0,0,0
2021-10-07 13:00:00,2931.9116840041415,28.333333333333332,84,0,0,0
2021-10-07 14:00:00,3109.9762065067443,28.333333333333332,84,0,0,0
2021-10-07 15:00:00,3099.449494518664,27.77777777777778,87,0,0,0
2021-10-07 16:00:00,3105.083509385523,27.77777777777778,87,0,0,0
2021-10-07 17:00:00,2631.381469921896,27.77777777777778,87,0,0,0
2021-10-07 18:00:00,1066.3114453278272,26.666666666666668,90,0,0,0
2021-10-07 19:00:00,1066.3114453278272,26.666666666666668,90,0,0,0
2021-10-07 20:00:00,980.3185868336475,26.666666666666668,90,0,0,0
2021-10-07 21:00:00,945.9214434359758,26.11111111111111,92,0,0,0
2021-10-07 22:00:00,874.7549398545857,26.11111111111111,92,0,0,0
2021-10-07 23:00:00,867.3417623981908,26.11111111111111,92,0,0,0
2021-10-08 00:00:00,1489.9101046707483,28.333333333333332,87,0,0,0
2021-10-08 01:00:00,1665.1936463967186,28.333333333333332,87,0,0,0
2021-10-08 02:00:00,1824.4730386607525,28.333333333333332,87,0,0,0
2021-10-08 03:00:00,1824.4730386607525,30.555555555555557,64,0,0,0
2021-10-08 04:00:00,2085.1120441837174,30.555555555555557,64,0,0,0
2021-10-08 05:00:00,2432.630718214337,30.555555555555557,64,0,0,0
2021-10-08 06:00:00,2971.284662961797,33.333333333333336,39,0,0,0
2021-10-08 07:00:00,3330.387292793437,33.333333333333336,39,0,0,0
2021-10-08 08:00:00,3599.7142651671675,33.333333333333336,39,0,0,0
2021-10-08 09:00:00,3823.9247781053427,31.666666666666668,61,0,0,0
2021-10-08 10:00:00,4013.993105524721,31.666666666666668,61,0,0,0
2021-10-08 11:00:00,3892.2091491429387,31.666666666666668,61,0,0,0
2021-10-08 12:00:00,3197.1718010817,28.88888888888889,79,0,0,0
2021-10-08 13:00:00,3197.1718010817,28.88888888888889,79,0,0,0
2021-10-08 14:00:00,3518.4741540889563,28.88888888888889,79,0,0,0
2021-10-08 15:00:00,3518.4741540889563,27.77777777777778,89,0,0,0
2021-10-08 16:00:00,2949.640956070416,27.77777777777778,89,0,0,0
2021-10-08 17:00:00,2924.643998815582,27.77777777777778,89,0,0,0
2021-10-08 18:00:00,1096.2080279071122,27.22222222222222,90,0,0,0
2021-10-08 19:00:00,1096.2080279071122,27.22222222222222,90,0,0,0
2021-10-08 20:00:00,1043.1657039761226,27.22222222222222,90,0,0,0
2021-10-08 21:00:00,990.1233800451333,26.666666666666668,92,0,0,0
2021-10-08 22:00:00,919.400281470481,26.666666666666668,92,0,0,0
2021-10-08 23:00:00,884.0387321831548,26.666666666666668,92,0,0,0
2021-10-09 00:00:00,2066.8215876557897,28.333333333333332,78,0,0,0
2021-10-09 01:00:00,2066.8215876557897,28.333333333333332,78,0,0,0
2021-10-09 02:00:00,2066.8215876557897,28.333333333333332,78,0,0,0
2021-10-09 03:00:00,2066.8215876557897,31.11111111111111,64,0,0,0
2021-10-09 04:00:00,2274.667684564055,31.11111111111111,64,0,0,0
2021-10-09 05:00:00,2536.553766668469,31.11111111111111,64,0,0,0
2021-10-09 06:00:00,3190.520725980635,28.333333333333332,75,0,0,0
2021-10-09 07:00:00,3568.3017917210973,28.333333333333332,75,0,0,0
2021-10-09 08:00:00,3793.6069607696572,28.333333333333332,75,0,0,0
2021-10-09 09:00:00,3866.9350637588936,28.333333333333332,76,0,0,0
2021-10-09 10:00:00,3992.640383169012,28.333333333333332,76,0,0,0
2021-10-09 11:00:00,3610.2035648578044,28.333333333333332,76,0,0,0
2021-10-09 12:00:00,3610.2035648578044,27.22222222222222,87,0,0,0
2021-10-09 13:00:00,3413.9968493764018,27.22222222222222,87,0,0,0
2021-10-09 14:00:00,3315.8934916357007,27.22222222222222,87,0,0,0
2021-10-09 15:00:00,3217.790133894999,26.666666666666668,89,0,0,0
2021-10-09 16:00:00,3072.796696691794,26.666666666666668,89,0,0,0
2021-10-09 17:00:00,2963.8853419118623,26.666666666666668,89,0,0,0
2021-10-09 18:00:00,1215.1514209644818,27.22222222222222,92,0,0,0
2021-10-09 19:00:00,1176.5751853783079,27.22222222222222,92,0,0,0
2021-10-09 20:00:00,1118.7108319990468,27.22222222222222,92,0,0,0
2021-10-09 21:00:00,1060.8464786197858,25.0,91,0,0,0
2021-10-09 22:00:00,1013.4575685247014,25.0,91,0,0,0
2021-10-09 23:00:00,956.0920457780202,25.0,91,0,0,0
2021-10-10 00:00:00,1595.3790084706359,27.77777777777778,80,1,0,0
2021-10-10 01:00:00,1633.8218761446271,27.77777777777778,80,1,0,0
2021-10-10 02:00:00,1633.8218761446271,27.77777777777778,80,1,0,0
2021-10-10 03:00:00,1633.8218761446271,31.666666666666668,56,1,0,0
2021-10-10 04:00:00,1829.2119296702608,31.666666666666668,56,1,0,0
2021-10-10 05:00:00,1964.2633952380215,31.666666666666668,56,1,0,0
2021-10-10 06:00:00,2583.3607076922103,33.888888888888886,40,1,0,0
2021-10-10 07:00:00,3140.9494318680136,33.888888888888886,40,1,0,0
2021-10-10 08:00:00,3218.503738827718,33.888888888888886,40,1,0,0
2021-10-10 09:00:00,2190.909171611639,30.555555555555557,52,1,0,1
2021-10-10 10:00:00,2518.0078326464254,30.555555555555557,52,1,0,1
2021-10-10 11:00:00,3575.1866936811844,30.555555555555557,52,1,0,0
2021-10-10 12:00:00,3567.4981201463856,26.11111111111111,73,1,0,0
2021-10-10 13:00:00,3451.1666597068297,26.11111111111111,73,1,0,0
2021-10-10 14:00:00,3683.8295805859416,26.11111111111111,73,1,0,0
2021-10-10 15:00:00,3182.0665859888913,25.0,88,1,0,0
2021-10-10 16:00:00,2767.8864725273684,25.0,88,1,0,0
2021-10-10 17:00:00,2772.566473809419,25.0,88,1,0,0
2021-10-10 18:00:00,1163.3146043955605,26.666666666666668,92,1,0,0
2021-10-10 19:00:00,1124.5374509157086,26.666666666666668,92,1,0,0
2021-10-10 20:00:00,1046.9831439560046,26.666666666666668,92,1,0,0
2021-10-10 21:00:00,1008.2059904761524,23.88888888888889,90,1,0,0
2021-10-10 22:00:00,930.6516835164484,23.88888888888889,90,1,0,0
2021-10-10 23:00:00,930.6516835164484,23.88888888888889,90,1,0,0
2021-10-11 00:00:00,956.0920457780202,25.555555555555557,85,0,0,0
2021-10-11 01:00:00,1625.3564778226344,25.555555555555557,85,0,0,0
2021-10-11 02:00:00,2103.4025007116443,25.555555555555557,85,0,0,0
2021-10-11 03:00:00,2104.0676082217506,30.555555555555557,47,0,0,0
2021-10-11 04:00:00,2085.112044183717,30.555555555555557,47,0,0,0
2021-10-11 05:00:00,2837.182361236584,30.555555555555557,47,0,0,0
2021-10-11 06:00:00,3108.712502237542,32.77777777777778,30,0,0,0
2021-10-11 07:00:00,3426.6338920684243,32.77777777777778,30,0,0,0
2021-10-11 08:00:00,3422.809523885312,32.77777777777778,30,0,0,0
2021-10-11 09:00:00,3824.3681831120807,30.555555555555557,47,0,0,0
2021-10-11 10:00:00,4053.8302740988056,30.555555555555557,47,0,0,0
2021-10-11 11:00:00,4149.439478676607,30.555555555555557,47,0,0,0
2021-10-11 12:00:00,4065.9684861582477,26.11111111111111,72,0,0,0
2021-10-11 13:00:00,3676.880592745975,26.11111111111111,72,0,0,0
2021-10-11 14:00:00,3838.335440824316,26.11111111111111,72,0,0,0
2021-10-11 15:00:00,4092.0739559299263,25.0,83,0,0,0
2021-10-11 16:00:00,4224.0977966860555,25.0,83,0,0,0
2021-10-11 17:00:00,4127.657207720621,25.0,83,0,0,0
2021-10-11 18:00:00,1216.4816359846948,25.0,90,0,0,0
2021-10-11 19:00:00,1216.4816359846948,25.0,90,0,0,0
2021-10-11 20:00:00,1118.3782782439937,25.0,90,0,0,0
2021-10-11 21:00:00,1059.516263599573,23.88888888888889,90,0,0,0
2021-10-11 22:00:00,1020.2749205032926,23.88888888888889,90,0,0,0
2021-10-11 23:00:00,981.033577407012,23.88888888888889,90,0,0,0
2021-10-12 00:00:00,2294.620909867248,27.22222222222222,78,0,0,0
2021-10-12 01:00:00,2294.620909867248,27.22222222222222,78,0,0,0
2021-10-12 02:00:00,2294.620909867248,27.22222222222222,78,0,0,0
2021-10-12 03:00:00,2294.620909867248,31.666666666666668,48,0,0,0
2021-10-12 04:00:00,2464.223324944393,31.666666666666668,48,0,0,0
2021-10-12 05:00:00,2536.553766668469,31.666666666666668,48,0,0,0
2021-10-12 06:00:00,3317.5562604109664,32.77777777777778,39,0,0,0
2021-10-12 07:00:00,3728.758978534279,32.77777777777778,39,0,0,0
2021-10-12 08:00:00,4111.195796845487,32.77777777777778,39,0,0,0
2021-10-12 09:00:00,4111.195796845487,30.555555555555557,52,0,0,0
2021-10-12 10:00:00,4092.0739559299263,30.555555555555557,52,0,0,0
2021-10-12 11:00:00,3996.464751352124,30.555555555555557,52,0,0,0
2021-10-12 12:00:00,3805.24634219652,26.666666666666668,78,0,0,0
2021-10-12 13:00:00,3799.759205238142,26.666666666666668,78,0,0,0
2021-10-12 14:00:00,3774.1525660990433,26.666666666666668,78,0,0,0
2021-10-12 15:00:00,2970.3701401354,25.555555555555557,83,0,0,0
2021-10-12 16:00:00,3259.6919070317053,25.555555555555557,83,0,0,0
2021-10-12 17:00:00,2908.182587940448,25.555555555555557,83,0,0,0
2021-10-12 18:00:00,1236.1023075328353,24.444444444444443,88,0,0,0
2021-10-12 19:00:00,1186.7180749074312,24.444444444444443,88,0,0,0
2021-10-12 20:00:00,1147.809285566204,24.444444444444443,88,0,0,0
2021-10-12 21:00:00,1562.337541240048,24.444444444444443,90,0,0,0
2021-10-12 22:00:00,1504.473187860787,24.444444444444443,90,0,0,0
2021-10-12 23:00:00,1446.6088344815262,24.444444444444443,90,0,0,0
2021-10-13 00:00:00,2395.2097605168105,27.22222222222222,86,0,0,0
2021-10-13 01:00:00,2395.2097605168105,27.22222222222222,86,0,0,0
2021-10-13 02:00:00,2374.3818495557953,27.22222222222222,86,0,0,0
2021-10-13 03:00:00,2469.357123538027,32.22222222222222,48,0,0,0
2021-10-13 04:00:00,2659.307671502491,32.22222222222222,48,0,0,0
2021-10-13 05:00:00,2705.9621920551654,32.22222222222222,48,0,0,0
2021-10-13 06:00:00,3440.7708907598017,33.333333333333336,42,0,0,0
2021-10-13 07:00:00,3735.6941099677842,33.333333333333336,42,0,0,0
2021-10-13 08:00:00,3801.510308604594,33.333333333333336,42,0,0,0
2021-10-13 09:00:00,3898.9849319021473,28.88888888888889,60,0,0,0
2021-10-13 10:00:00,3775.017205862182,28.88888888888889,60,0,0,0
2021-10-13 11:00:00,3735.6941099677842,28.88888888888889,60,0,0,0
2021-10-13 12:00:00,2667.3055893115206,26.11111111111111,82,0,0,0
2021-10-13 13:00:00,3363.124438697135,26.11111111111111,82,0,0,0
2021-10-13 14:00:00,3363.124438697135,26.11111111111111,82,0,0,0
2021-10-13 15:00:00,3653.048959274474,25.0,88,0,0,0
2021-10-13 16:00:00,3595.064055159006,25.0,88,0,0,0
2021-10-13 17:00:00,1207.1857193004728,25.0,88,0,0,0
2021-10-13 18:00:00,1198.354685053002,25.0,88,0,0,0
2021-10-13 19:00:00,1159.6980823093568,25.0,88,0,0,0
2021-10-13 20:00:00,1111.2107055921122,25.0,88,0,0,0
2021-10-13 21:00:00,1033.2310069540692,23.88888888888889,91,0,0,0
2021-10-13 22:00:00,994.2411576350477,23.88888888888889,91,0,0,0
2021-10-13 23:00:00,966.4150685911306,23.88888888888889,91,0,0,0
2021-10-14 00:00:00,956.0920457780202,27.22222222222222,81,0,0,0
2021-10-14 01:00:00,1516.4451230427035,27.22222222222222,81,0,0,0
2021-10-14 02:00:00,1573.3118151568046,27.22222222222222,81,0,0,0
2021-10-14 03:00:00,1559.510834322096,32.22222222222222,52,0,0,0
2021-10-14 04:00:00,1597.0894086431103,32.22222222222222,52,0,0,0
2021-10-14 05:00:00,2140.9810750326587,32.22222222222222,52,0,0,0
2021-10-14 06:00:00,2638.8140463473355,32.77777777777778,39,0,0,0
2021-10-14 07:00:00,3035.550676125832,32.77777777777778,39,0,0,0
2021-10-14 08:00:00,3594.906092125356,32.77777777777778,39,0,0,0
2021-10-14 09:00:00,3791.112807606758,31.11111111111111,47,0,0,0
2021-10-14 10:00:00,3889.3824422249863,31.11111111111111,47,0,0,0
2021-10-14 11:00:00,3889.3824422249863,31.11111111111111,47,0,0,0
2021-10-14 12:00:00,3958.2210695210033,26.666666666666668,76,0,0,0
2021-10-14 13:00:00,3799.759205238142,26.666666666666668,76,0,0,0
2021-10-14 14:00:00,3633.1497739564766,26.666666666666668,76,0,0,0
2021-10-14 15:00:00,3575.7842512097955,25.0,82,0,0,0
2021-10-14 16:00:00,3441.931364800873,25.0,82,0,0,0
2021-10-14 17:00:00,3060.8247615098776,25.0,82,0,0,0
2021-10-14 18:00:00,1185.554136764745,24.444444444444443,90,0,0,0
2021-10-14 19:00:00,1185.554136764745,24.444444444444443,90,0,0,0
2021-10-14 20:00:00,1128.1886140180638,24.444444444444443,90,0,0,0
2021-10-14 21:00:00,1070.8230912713825,23.88888888888889,91,0,0,0
2021-10-14 22:00:00,1032.5794094402618,23.88888888888889,91,0,0,0
2021-10-14 23:00:00,956.0920457780202,23.88888888888889,91,0,0,0
2021-10-15 00:00:00,2274.667684564055,27.22222222222222,81,0,0,0
2021-10-15 01:00:00,2274.667684564055,27.22222222222222,81,0,0,0
2021-10-15 02:00:00,2274.667684564055,27.22222222222222,81,0,0,0
2021-10-15 03:00:00,2254.7144592608615,32.22222222222222,52,0,0,0
2021-10-15 04:00:00,2254.7144592608615,32.22222222222222,52,0,0,0
2021-10-15 05:00:00,2498.9751923474546,32.22222222222222,52,0,0,0
2021-10-15 06:00:00,3041.2040899617373,32.77777777777778,39,0,0,0
2021-10-15 07:00:00,2989.6582579284873,32.77777777777778,39,0,0,0
2021-10-15 08:00:00,3174.225591983027,32.77777777777778,39,0,0,0
2021-10-15 09:00:00,3201.8275536524443,31.11111111111111,47,0,0,0
2021-10-15 10:00:00,3209.9751206512483,31.11111111111111,47,0,0,0
2021-10-15 11:00:00,2918.159200592044,31.11111111111111,47,0,0,0
2021-10-15 12:00:00,2879.2504112508163,26.666666666666668,76,0,0,0
2021-10-15 13:00:00,2923.480060672896,26.666666666666668,76,0,0,0
2021-10-15 14:00:00,3217.790133894999,26.666666666666668,76,0,0,0
2021-10-15 15:00:00,3158.9281192505787,25.0,82,0,0,0
2021-10-15 16:00:00,2584.60778427366,25.0,82,0,0,0
2021-10-15 17:00:00,2394.220759505689,25.0,82,0,0,0
2021-10-15 18:00:00,1185.554136764745,24.444444444444443,90,0,0,0
2021-10-15 19:00:00,1147.310454933624,24.444444444444443,90,0,0,0
2021-10-15 20:00:00,1118.7108319990468,24.444444444444443,90,0,0,0
2021-10-15 21:00:00,1080.1345964128727,26.11111111111111,92,0,0,0
2021-10-15 22:00:00,1022.2702430336117,26.11111111111111,92,0,0,0
2021-10-15 23:00:00,945.1177718612637,26.11111111111111,92,0,0,0
2021-10-16 00:00:00,2144.03641265721,27.22222222222222,94,0,0,0
2021-10-16 01:00:00,2144.03641265721,27.22222222222222,94,0,0,0
2021-10-16 02:00:00,1756.0223907456302,27.22222222222222,94,0,0,0
2021-10-16 03:00:00,1337.7321207177467,27.77777777777778,80,0,0,0
2021-10-16 04:00:00,1356.0572182618253,27.77777777777778,80,0,0,0
2021-10-16 05:00:00,1374.382315805904,27.77777777777778,80,0,0,0
2021-10-16 06:00:00,1848.4446218375058,29.444444444444443,72,0,0,0
2021-10-16 07:00:00,1850.834851951951,29.444444444444443,72,0,0,0
2021-10-16 08:00:00,1889.2378824573682,29.444444444444443,72,0,0,0
2021-10-16 09:00:00,1848.4446218375058,27.77777777777778,84,0,0,0
2021-10-16 10:00:00,1848.4446218375058,27.77777777777778,84,0,0,0
2021-10-16 11:00:00,1823.90492599587,27.77777777777778,84,0,0,0
2021-10-16 12:00:00,1839.3617474026146,26.11111111111111,88,0,0,0
2021-10-16 13:00:00,1839.3617474026146,26.11111111111111,88,0,0,0
2021-10-16 14:00:00,1839.3617474026146,26.11111111111111,88,0,0,0
2021-10-16 15:00:00,1896.249224126407,25.555555555555557,90,0,0,0
2021-10-16 16:00:00,1880.314356696773,25.555555555555557,90,0,0,0
2021-10-16 17:00:00,1146.0356655392536,25.555555555555557,90,0,0,0
2021-10-16 18:00:00,1136.1560477328806,26.666666666666668,92,0,0,0
2021-10-16 19:00:00,1099.505852644723,26.666666666666668,92,0,0,0
2021-10-16 20:00:00,1044.530560012487,26.666666666666668,92,0,0,0
2021-10-16 21:00:00,971.2301698361723,25.555555555555557,90,0,0,0
2021-10-16 22:00:00,934.5799747480147,25.555555555555557,90,0,0,0
2021-10-16 23:00:00,916.2548772039361,25.555555555555557,90,0,0,0
2021-10-17 00:00:00,942.8273078733347,27.22222222222222,90,1,0,0
2021-10-17 01:00:00,942.8273078733347,27.22222222222222,90,1,0,0
2021-10-17 02:00:00,942.8273078733347,27.22222222222222,90,1,0,0
2021-10-17 03:00:00,942.8273078733347,29.444444444444443,73,1,0,0
2021-10-17 04:00:00,942.8273078733347,29.444444444444443,73,1,0,0
2021-10-17 05:00:00,942.8273078733347,29.444444444444443,73,1,0,0
2021-10-17 06:00:00,1012.3653372854484,31.11111111111111,65,1,0,0
2021-10-17 07:00:00,1658.6776712586443,31.11111111111111,65,1,0,0
2021-10-17 08:00:00,1776.079539097278,31.11111111111111,65,1,0,0
2021-10-17 09:00:00,1811.6011298792234,28.333333333333332,84,1,0,0
2021-10-17 10:00:00,1920.574145667904,28.333333333333332,84,1,0,0
2021-10-17 11:00:00,1065.647723458367,28.333333333333332,84,1,0,0
2021-10-17 12:00:00,976.843746503503,26.666666666666668,92,1,0,0
2021-10-17 13:00:00,941.3221557215574,26.666666666666668,92,1,0,0
2021-10-17 14:00:00,977.7468377945692,26.666666666666668,92,1,0,0
2021-10-17 15:00:00,960.287072833952,26.666666666666668,92,1,0,0
2021-10-17 16:00:00,969.3179857446162,25.0,90,1,0,0
2021-10-17 17:00:00,1232.7196123056528,25.0,90,1,0,0
2021-10-17 18:00:00,890.4480129914828,25.0,90,1,0,0
2021-10-17 19:00:00,890.4480129914828,25.0,90,1,0,0
2021-10-17 20:00:00,838.0687181096308,25.0,90,1,0,0
2021-10-17 21:00:00,845.293448438162,25.0,93,1,0,0
2021-10-17 22:00:00,768.2296582671615,25.0,93,1,0,0
2021-10-17 23:00:00,750.7698933065443,25.0,93,1,0,0
2021-10-18 00:00:00,1034.1728961832252,27.77777777777778,84,0,0,0
2021-10-18 01:00:00,1007.8803649243296,27.77777777777778,84,0,0,0
2021-10-18 02:00:00,1007.8803649243296,27.77777777777778,84,0,0,0
2021-10-18 03:00:00,1081.1807551006445,31.11111111111111,59,0,0,0
2021-10-18 04:00:00,1090.5823268841282,31.11111111111111,59,0,0,0
2021-10-18 05:00:00,1164.5201117576285,31.11111111111111,59,0,0,0
2021-10-18 06:00:00,1162.6079276660726,32.77777777777778,54,0,0,0
2021-10-18 07:00:00,1297.4169061207735,32.77777777777778,54,0,0,0
2021-10-18 08:00:00,1349.3645739413791,32.77777777777778,54,0,0,0
2021-10-18 09:00:00,1284.9877095256593,31.11111111111111,58,0,0,0
2021-10-18 10:00:00,1722.5591691433997,31.11111111111111,58,0,0,0
2021-10-18 11:00:00,1700.5690520905052,31.11111111111111,58,0,0,0
2021-10-18 12:00:00,1700.5690520905052,27.77777777777778,83,0,0,0
2021-10-18 13:00:00,1566.0787709843971,27.77777777777778,83,0,0,0
2021-10-18 14:00:00,1685.9089740552422,27.77777777777778,83,0,0,0
2021-10-18 15:00:00,1539.3081937026125,27.22222222222222,90,0,0,0
2021-10-18 16:00:00,1539.3081937026125,27.22222222222222,90,0,0,0
2021-10-18 17:00:00,1792.9912831823806,27.22222222222222,90,0,0,0
2021-10-18 18:00:00,1164.5201117576285,25.555555555555557,93,0,0,0
2021-10-18 19:00:00,1164.5201117576285,25.555555555555557,93,0,0,0
2021-10-18 20:00:00,1090.5823268841282,25.555555555555557,93,0,0,0
2021-10-18 21:00:00,1016.6445420106282,25.555555555555557,91,0,0,0
2021-10-18 22:00:00,988.1211293115839,25.555555555555557,91,0,0,0
2021-10-18 23:00:00,932.1897446335696,25.555555555555557,91,0,0,0
2021-10-19 00:00:00,1601.918366294612,27.77777777777778,90,0,0,0
2021-10-19 01:00:00,1601.918366294612,27.77777777777778,90,0,0,0
2021-10-19 02:00:00,1601.918366294612,27.77777777777778,90,0,0,0
2021-10-19 03:00:00,1601.918366294612,30.555555555555557,60,0,0,0
2021-10-19 04:00:00,1574.299084117119,30.555555555555557,60,0,0,0
2021-10-19 05:00:00,1574.299084117119,30.555555555555557,60,0,0,0
2021-10-19 06:00:00,1560.4894430283723,32.22222222222222,52,0,0,0
2021-10-19 07:00:00,1685.4260782900922,32.22222222222222,52,0,0,0
2021-10-19 08:00:00,1666.9049125945965,32.22222222222222,52,0,0,0
2021-10-19 09:00:00,1703.9472439855876,29.444444444444443,64,0,0,0
2021-10-19 10:00:00,1532.057829022129,29.444444444444443,64,0,0,0
2021-10-19 11:00:00,1629.8625812036055,29.444444444444443,64,0,0,0
2021-10-19 12:00:00,1518.7355870306324,26.666666666666668,79,0,0,0
2021-10-19 13:00:00,1629.8625812036055,26.666666666666668,79,0,0,0
2021-10-19 14:00:00,1606.792357267111,26.666666666666668,79,0,0,0
2021-10-19 15:00:00,1666.9049125945965,25.555555555555557,88,0,0,0
2021-10-19 16:00:00,1685.4260782900922,25.555555555555557,88,0,0,0
2021-10-19 17:00:00,1924.414102308284,25.555555555555557,88,0,0,0
2021-10-19 18:00:00,1243.8424961816986,25.555555555555557,90,0,0,0
2021-10-19 19:00:00,1224.9963977547034,25.555555555555557,90,0,0,0
2021-10-19 20:00:00,1130.7659056197263,25.555555555555557,90,0,0,0
2021-10-19 21:00:00,1074.2276103387399,23.88888888888889,95,0,0,0
2021-10-19 22:00:00,950.4282396372698,23.88888888888889,95,0,0,0
2021-10-19 23:00:00,950.4282396372698,23.88888888888889,95,0,0,0
2021-10-20 00:00:00,1275.426789067879,26.11111111111111,80,0,0,0
2021-10-20 01:00:00,1275.426789067879,26.11111111111111,80,0,0,0
2021-10-20 02:00:00,1275.426789067879,26.11111111111111,80,0,0,0
2021-10-20 03:00:00,1264.4317305414318,30.555555555555557,48,0,0,0
2021-10-20 04:00:00,1264.4317305414318,30.555555555555557,48,0,0,0
2021-10-20 05:00:00,1264.4317305414318,30.555555555555557,48,0,0,0
2021-10-20 06:00:00,1575.95838879077,32.77777777777778,42,0,0,0
2021-10-20 07:00:00,1798.409138108456,32.77777777777778,42,0,0,0
2021-10-20 08:00:00,1689.4146448897618,32.77777777777778,42,0,0,0
2021-10-20 09:00:00,1780.2433892386737,30.555555555555557,59,0,0,0
2021-10-20 10:00:00,1780.2433892386737,30.555555555555557,59,0,0,0
2021-10-20 11:00:00,1889.2378824573682,30.555555555555557,59,0,0,0
2021-10-20 12:00:00,1961.9008779364976,27.22222222222222,78,0,0,0
2021-10-20 13:00:00,1961.9008779364976,27.22222222222222,78,0,0,0
2021-10-20 14:00:00,1961.9008779364976,27.22222222222222,78,0,0,0
2021-10-20 15:00:00,1832.5097544078722,25.555555555555557,90,0,0,0
2021-10-20 16:00:00,1977.8357453661308,25.555555555555557,90,0,0,0
2021-10-20 17:00:00,2107.2268688947565,25.555555555555557,90,0,0,0
2021-10-20 18:00:00,1201.4890041943788,25.0,91,0,0,0
2021-10-20 19:00:00,1174.5590782382978,25.0,91,0,0,0
2021-10-20 20:00:00,1118.6276935602837,25.0,91,0,0,0
2021-10-20 21:00:00,1081.3401037749409,23.333333333333332,91,0,0,0
2021-10-20 22:00:00,1006.7649242042553,23.333333333333332,91,0,0,0
2021-10-20 23:00:00,913.5459497408982,23.333333333333332,91,0,0,0
2021-10-21 00:00:00,1383.7561747764669,24.444444444444443,88,0,0,0
2021-10-21 01:00:00,1383.7561747764669,24.444444444444443,88,0,0,0
2021-10-21 02:00:00,1383.7561747764669,24.444444444444443,88,0,0,0
2021-10-21 03:00:00,1383.7561747764669,30.0,44,0,0,0
2021-10-21 04:00:00,1371.617962717024,30.0,44,0,0,0
2021-10-21 05:00:00,1371.617962717024,30.0,44,0,0,0
2021-10-21 06:00:00,1663.6001596537549,32.22222222222222,30,0,0,0
2021-10-21 07:00:00,1935.2965775322396,32.22222222222222,30,0,0,0
2021-10-21 08:00:00,2085.7771516938233,32.22222222222222,30,0,0,0
2021-10-21 09:00:00,2085.112044183717,30.555555555555557,49,0,0,0
2021-10-21 10:00:00,2179.8898643738858,30.555555555555557,49,0,0,0
2021-10-21 11:00:00,2179.8898643738858,30.555555555555557,49,0,0,0
2021-10-21 12:00:00,2179.8898643738858,26.11111111111111,78,0,0,0
2021-10-21 13:00:00,2179.8898643738858,26.11111111111111,78,0,0,0
2021-10-21 14:00:00,2293.623248602089,26.11111111111111,78,0,0,0
2021-10-21 15:00:00,2350.48994071619,23.88888888888889,87,0,0,0
2021-10-21 16:00:00,2179.8898643738858,23.88888888888889,87,0,0,0
2021-10-21 17:00:00,2179.8898643738858,23.88888888888889,87,0,0,0
2021-10-21 18:00:00,1176.5751853783079,24.444444444444443,93,0,0,0
2021-10-21 19:00:00,1176.5751853783079,24.444444444444443,93,0,0,0
2021-10-21 20:00:00,1118.7108319990468,24.444444444444443,93,0,0,0
2021-10-21 21:00:00,1080.1345964128727,22.77777777777778,91,0,0,0
2021-10-21 22:00:00,1022.2702430336117,22.77777777777778,91,0,0,0
2021-10-21 23:00:00,964.4058896543507,22.77777777777778,91,0,0,0
2021-10-22 00:00:00,1086.0945832417174,24.444444444444443,74,0,0,0
2021-10-22 01:00:00,1086.0945832417174,24.444444444444443,74,0,0,0
2021-10-22 02:00:00,1086.0945832417174,24.444444444444443,74,0,0,0
2021-10-22 03:00:00,1086.0945832417174,30.555555555555557,39,0,0,0
2021-10-22 04:00:00,1076.567437774685,30.555555555555557,39,0,0,0
2021-10-22 05:00:00,1171.0031779303588,30.555555555555557,39,0,0,0
2021-10-22 06:00:00,1397.6489543039768,32.22222222222222,29,0,0,0
2021-10-22 07:00:00,1397.6489543039768,32.22222222222222,29,0,0,0
2021-10-22 08:00:00,1699.8433228021338,32.22222222222222,29,0,0,0
2021-10-22 09:00:00,1600.5604384614783,27.77777777777778,37,0,0,0
2021-10-22 10:00:00,1676.777602197739,27.77777777777778,37,0,0,0
2021-10-22 11:00:00,1657.7233112636738,27.77777777777778,37,0,0,0
2021-10-22 12:00:00,1714.8861840658694,22.77777777777778,72,0,0,0
2021-10-22 13:00:00,1638.6690203296087,22.77777777777778,72,0,0,0
2021-10-22 14:00:00,1619.6147293955435,22.77777777777778,72,0,0,0
2021-10-22 15:00:00,1718.7304708332688,22.22222222222222,87,0,0,0
2021-10-22 16:00:00,1619.6147293955435,22.22222222222222,87,0,0,0
2021-10-22 17:00:00,1505.288983791152,22.22222222222222,87,0,0,0
2021-10-22 18:00:00,1027.5945672160785,23.333333333333332,90,0,0,0
2021-10-22 19:00:00,1008.2059904761524,23.333333333333332,90,0,0,0
2021-10-22 20:00:00,969.4288369963004,23.333333333333332,90,0,0,0
2021-10-22 21:00:00,930.6516835164484,20.555555555555557,94,0,0,0
2021-10-22 22:00:00,860.4516642856819,20.555555555555557,94,0,0,0
2021-10-22 23:00:00,840.8959446428255,20.555555555555557,94,0,0,0
2021-10-23 00:00:00,1343.5085101609886,22.77777777777778,84,0,0,0
2021-10-23 01:00:00,1343.5085101609886,22.77777777777778,84,0,0,0
2021-10-23 02:00:00,1513.8124058151984,22.77777777777778,84,0,0,0
2021-10-23 03:00:00,1500.6488196776752,28.333333333333332,35,0,0,0
2021-10-23 04:00:00,1688.2299221373844,28.333333333333332,35,0,0,0
2021-10-23 05:00:00,1946.8943897397205,28.333333333333332,35,0,0,0
2021-10-23 06:00:00,2008.1050652792048,30.0,30,0,0,0
2021-10-23 07:00:00,2082.4793269562124,30.0,30,0,0,0
2021-10-23 08:00:00,2287.0085465679836,30.0,30,0,0,0
2021-10-23 09:00:00,2382.2800012383095,29.444444444444443,36,0,0,0
2021-10-23 10:00:00,2476.070552468164,29.444444444444443,36,0,0,0
2021-10-23 11:00:00,2513.586772960106,29.444444444444443,36,0,0,0
2021-10-23 12:00:00,2551.1029934520475,23.333333333333332,79,0,0,0
2021-10-23 13:00:00,2384.254539158938,23.333333333333332,79,0,0,0
2021-10-23 14:00:00,2119.337368141278,23.333333333333332,79,0,0,0
2021-10-23 15:00:00,2535.6357797404576,22.22222222222222,82,0,0,0
2021-10-23 16:00:00,2403.1771942316277,22.22222222222222,82,0,0,0
2021-10-23 17:00:00,2368.787325447348,22.22222222222222,82,0,0,0
2021-10-23 18:00:00,1203.809952276521,21.11111111111111,91,0,0,0
2021-10-23 19:00:00,1145.5610836179796,21.11111111111111,91,0,0,0
2021-10-23 20:00:00,1078.0977046631717,21.11111111111111,91,0,0,0
2021-10-23 21:00:00,1039.5942152109158,21.11111111111111,93,0,0,0
2021-10-23 22:00:00,981.8389810325315,21.11111111111111,93,0,0,0
2021-10-23 23:00:00,931.9818985366613,21.11111111111111,93,0,0,0
2021-10-24 00:00:00,1737.0997356729404,24.444444444444443,81,1,0,0
2021-10-24 01:00:00,1737.0997356729404,24.444444444444443,81,1,0,0
2021-10-24 02:00:00,1737.0997356729404,24.444444444444443,81,1,0,0
2021-10-24 03:00:00,1737.0997356729404,30.555555555555557,34,1,0,0
2021-10-24 04:00:00,1951.5937899908167,30.555555555555557,34,1,0,0
2021-10-24 05:00:00,1951.5937899908167,30.555555555555557,34,1,0,0
2021-10-24 06:00:00,2086.198040040063,32.22222222222222,30,1,0,0
2021-10-24 07:00:00,2219.4596043032816,32.22222222222222,30,1,0,0
2021-10-24 08:00:00,2372.5257839104047,32.22222222222222,30,1,0,0
2021-10-24 09:00:00,2525.5919635175273,28.88888888888889,48,1,0,0
2021-10-24 10:00:00,2541.3685215033493,28.88888888888889,48,1,0,0
2021-10-24 11:00:00,2768.9537622349926,28.88888888888889,48,1,0,0
2021-10-24 12:00:00,2793.457777829992,24.444444444444443,75,1,0,0
2021-10-24 13:00:00,2602.1250533210887,24.444444444444443,75,1,0,0
2021-10-24 14:00:00,2602.1250533210887,24.444444444444443,75,1,0,0
2021-10-24 15:00:00,2674.126578596808,21.666666666666668,87,1,0,0
2021-10-24 16:00:00,2353.392511459514,21.666666666666668,87,1,0,0
2021-10-24 17:00:00,2200.326331852391,21.666666666666668,87,1,0,0
2021-10-24 18:00:00,1207.0745216386267,21.11111111111111,83,1,0,0
2021-10-24 19:00:00,1207.0745216386267,21.11111111111111,83,1,0,0
2021-10-24 20:00:00,1129.198746049038,21.11111111111111,83,1,0,0
2021-10-24 21:00:00,1070.7919143568463,21.11111111111111,94,1,0,0
2021-10-24 22:00:00,981.8389810325314,21.11111111111111,94,1,0,0
2021-10-24 23:00:00,981.8389810325314,21.11111111111111,94,1,0,0
2021-10-25 00:00:00,1322.0397404011724,22.77777777777778,89,0,0,0
2021-10-25 01:00:00,1322.0397404011724,22.77777777777778,89,0,0,0
2021-10-25 02:00:00,1310.6428460873692,22.77777777777778,89,0,0,0
2021-10-25 03:00:00,1348.0897845470083,27.22222222222222,41,0,0,0
2021-10-25 04:00:00,1479.1540691557452,27.22222222222222,41,0,0,0
2021-10-25 05:00:00,1928.5173306714148,27.22222222222222,41,0,0,0
2021-10-25 06:00:00,2022.1346768205126,29.444444444444443,32,0,0,0
2021-10-25 07:00:00,2097.354179291614,29.444444444444443,32,0,0,0
2021-10-25 08:00:00,2246.8163075783473,29.444444444444443,32,0,0,0
2021-10-25 09:00:00,2336.52614710557,27.22222222222222,40,0,0,0
2021-10-25 10:00:00,2394.3246825541432,27.22222222222222,40,0,0,0
2021-10-25 11:00:00,2557.3002712415296,27.22222222222222,40,0,0,0
2021-10-25 12:00:00,2606.306916790883,22.77777777777778,77,0,0,0
2021-10-25 13:00:00,2487.1279648236837,22.77777777777778,77,0,0,0
2021-10-25 14:00:00,2487.1279648236837,22.77777777777778,77,0,0,0
2021-10-25 15:00:00,2375.7640261002352,21.11111111111111,85,0,0,0
2021-10-25 16:00:00,2375.7640261002352,21.11111111111111,85,0,0,0
2021-10-25 17:00:00,2209.369369118708,21.11111111111111,85,0,0,0
2021-10-25 18:00:00,1152.0632023495932,21.666666666666668,89,0,0,0
2021-10-25 19:00:00,1152.0632023495932,21.666666666666668,89,0,0,0
2021-10-25 20:00:00,1095.4043563324,21.666666666666668,89,0,0,0
2021-10-25 21:00:00,1057.6317923209378,20.0,94,0,0,0
2021-10-25 22:00:00,963.2003822922828,20.0,94,0,0,0
2021-10-25 23:00:00,887.6552542693587,20.0,94,0,0,0
2021-10-26 00:00:00,1651.8984243978198,23.88888888888889,87,0,0,0
2021-10-26 01:00:00,1651.8984243978198,23.88888888888889,87,0,0,0
2021-10-26 02:00:00,1651.8984243978198,23.88888888888889,87,0,0,0
2021-10-26 03:00:00,1651.8984243978198,30.0,40,0,0,0
2021-10-26 04:00:00,1821.3865241216647,30.0,40,0,0,0
2021-10-26 05:00:00,1821.3865241216647,30.0,40,0,0,0
2021-10-26 06:00:00,2023.7628045796275,32.22222222222222,32,0,0,0
2021-10-26 07:00:00,2301.521400284603,32.22222222222222,32,0,0,0
2021-10-26 08:00:00,2412.8853390080512,32.22222222222222,32,0,0,0
2021-10-26 09:00:00,2340.433653727445,27.77777777777778,40,0,0,0
2021-10-26 10:00:00,2134.47549219943,27.77777777777778,40,0,0,0
2021-10-26 11:00:00,2208.7181180150624,27.77777777777778,40,0,0,0
2021-10-26 12:00:00,2357.2033696463272,23.333333333333332,71,0,0,0
2021-10-26 13:00:00,2357.2033696463272,23.333333333333332,71,0,0,0
2021-10-26 14:00:00,2320.082056738511,23.333333333333332,71,0,0,0
2021-10-26 15:00:00,2304.1264046991864,22.77777777777778,86,0,0,0
2021-10-26 16:00:00,2286.216999348924,22.77777777777778,86,0,0,0
2021-10-26 17:00:00,2208.718118015062,22.77777777777778,86,0,0,0
2021-10-26 18:00:00,1170.9494843553243,21.11111111111111,89,0,0,0
2021-10-26 19:00:00,1152.0632023495932,21.11111111111111,89,0,0,0
2021-10-26 20:00:00,1095.4043563324,21.11111111111111,89,0,0,0
2021-10-26 21:00:00,1057.6317923209378,21.11111111111111,93,0,0,0
2021-10-26 22:00:00,944.3141002865517,21.11111111111111,93,0,0,0
2021-10-26 23:00:00,849.8826902578966,21.11111111111111,93,0,0,0
2021-10-27 00:00:00,1542.509023595,22.77777777777778,84,0,0,0
2021-10-27 01:00:00,1542.509023595,22.77777777777778,84,0,0,0
2021-10-27 02:00:00,1542.509023595,22.77777777777778,84,0,0,0
2021-10-27 03:00:00,1542.509023595,28.88888888888889,40,0,0,0
2021-10-27 04:00:00,1560.8722262568451,28.88888888888889,40,0,0,0
2021-10-27 05:00:00,1634.325036904226,28.88888888888889,40,0,0,0
2021-10-27 06:00:00,1744.5042528752977,30.0,29,0,0,0
2021-10-27 07:00:00,2111.768306112202,30.0,29,0,0,0
2021-10-27 08:00:00,2111.768306112202,30.0,29,0,0,0
2021-10-27 09:00:00,2258.673927406964,27.77777777777778,40,0,0,0
2021-10-27 10:00:00,2258.673927406964,27.77777777777778,40,0,0,0
2021-10-27 11:00:00,2240.310724745119,27.77777777777778,40,0,0,0
2021-10-27 12:00:00,2297.0111399816933,24.444444444444443,72,0,0,0
2021-10-27 13:00:00,2299.2662701331483,24.444444444444443,72,0,0,0
2021-10-27 14:00:00,2297.0111399816933,24.444444444444443,72,0,0,0
2021-10-27 15:00:00,2297.0111399816933,22.77777777777778,84,0,0,0
2021-10-27 16:00:00,2297.0111399816933,22.77777777777778,84,0,0,0
2021-10-27 17:00:00,2090.8278118486946,22.77777777777778,84,0,0,0
2021-10-27 18:00:00,1158.492574947289,22.22222222222222,89,0,0,0
2021-10-27 19:00:00,1158.492574947289,22.22222222222222,89,0,0,0
2021-10-27 20:00:00,1083.7511184990767,22.22222222222222,89,0,0,0
2021-10-27 21:00:00,1009.0096620508646,21.666666666666668,93,0,0,0
2021-10-27 22:00:00,934.2682056026523,21.666666666666668,93,0,0,0
2021-10-27 23:00:00,840.8413850423872,21.666666666666668,93,0,0,0
2021-10-28 00:00:00,1584.4835428656238,25.0,72,0,0,0
2021-10-28 01:00:00,1584.4835428656238,25.0,72,0,0,0
2021-10-28 02:00:00,1584.4835428656238,25.0,72,0,0,0
2021-10-28 03:00:00,1584.4835428656238,30.0,40,0,0,0
2021-10-28 04:00:00,1589.404299209927,30.0,40,0,0,0
2021-10-28 05:00:00,1779.34549410003,30.0,40,0,0,0
2021-10-28 06:00:00,2094.4379253469106,31.666666666666668,35,0,0,0
2021-10-28 07:00:00,2187.112169831287,31.666666666666668,35,0,0,0
2021-10-28 08:00:00,2244.6850190596338,31.666666666666668,35,0,0,0
2021-10-28 09:00:00,2016.8540003183964,27.77777777777778,40,0,0,0
2021-10-28 10:00:00,1940.7463021931742,27.77777777777778,40,0,0,0
2021-10-28 11:00:00,1940.7463021931742,27.77777777777778,40,0,0,0
2021-10-28 12:00:00,1978.800151255785,22.77777777777778,71,0,0,0
2021-10-28 13:00:00,2245.1770946940637,22.77777777777778,71,0,0,0
2021-10-28 14:00:00,1924.015730622543,22.77777777777778,71,0,0,0
2021-10-28 15:00:00,1924.015730622543,22.22222222222222,82,0,0,0
2021-10-28 16:00:00,2054.907849381008,22.22222222222222,82,0,0,0
2021-10-28 17:00:00,1848.564133343228,22.22222222222222,82,0,0,0
2021-10-28 18:00:00,1179.669320940949,22.22222222222222,87,0,0,0
2021-10-28 19:00:00,1179.669320940949,22.22222222222222,87,0,0,0
2021-10-28 20:00:00,1084.5346982844208,22.22222222222222,87,0,0,0
2021-10-28 21:00:00,1027.453924690504,20.0,88,0,0,0
2021-10-28 22:00:00,951.3462265652814,20.0,88,0,0,0
2021-10-28 23:00:00,951.3462265652814,20.0,88,0,0,0
2021-10-29 00:00:00,1548.6751244699449,22.77777777777778,72,0,0,0
2021-10-29 01:00:00,1548.6751244699449,22.77777777777778,72,0,0,0
2021-10-29 02:00:00,1535.324476845204,22.77777777777778,72,0,0,0
2021-10-29 03:00:00,1554.0479460750237,27.77777777777778,50,0,0,0
2021-10-29 04:00:00,1610.2183537644823,27.77777777777778,50,0,0,0
2021-10-29 05:00:00,1685.1122306837606,27.77777777777778,50,0,0,0
2021-10-29 06:00:00,1964.1733285960274,30.0,40,0,0,0
2021-10-29 07:00:00,2078.7935228377055,30.0,40,0,0,0
2021-10-29 08:00:00,2357.2033696463272,30.0,40,0,0,0
2021-10-29 09:00:00,2321.7101844976255,28.333333333333332,48,0,0,0
2021-10-29 10:00:00,2284.2632460379864,28.333333333333332,48,0,0,0
2021-10-29 11:00:00,2321.7101844976255,28.333333333333332,48,0,0,0
2021-10-29 12:00:00,2321.7101844976255,25.0,74,0,0,0
2021-10-29 13:00:00,2321.7101844976255,25.0,74,0,0,0
2021-10-29 14:00:00,2321.7101844976255,25.0,74,0,0,0
2021-10-29 15:00:00,2247.467558681993,23.333333333333332,83,0,0,0
2021-10-29 16:00:00,2228.5812766762624,23.333333333333332,83,0,0,0
2021-10-29 17:00:00,2171.596805107246,23.333333333333332,83,0,0,0
2021-10-29 18:00:00,1161.994781680193,21.11111111111111,85,0,0,0
2021-10-29 19:00:00,1161.994781680193,21.11111111111111,85,0,0,0
2021-10-29 20:00:00,704.8165069207728,21.11111111111111,85,0,0,0
2021-10-29 21:00:00,1009.602023427053,22.22222222222222,92,0,0,0
2021-10-29 22:00:00,857.2092651739129,22.22222222222222,92,0,0,0
2021-10-29 23:00:00,857.2092651739129,22.22222222222222,92,0,0,0
2021-10-30 00:00:00,1662.9974059727213,25.555555555555557,70,0,0,0
2021-10-30 01:00:00,1662.9974059727213,25.555555555555557,70,0,0,0
2021-10-30 02:00:00,1662.9974059727213,25.555555555555557,70,0,0,0
2021-10-30 03:00:00,1662.9974059727213,30.0,53,0,0,0
2021-10-30 04:00:00,1662.9974059727213,30.0,53,0,0,0
2021-10-30 05:00:00,1726.1410502134524,30.0,53,0,0,0
2021-10-30 06:00:00,1891.4098741700595,31.666666666666668,44,0,0,0
2021-10-30 07:00:00,2001.5890901411308,31.666666666666668,44,0,0,0
2021-10-30 08:00:00,2038.6376569150293,31.666666666666668,44,0,0,0
2021-10-30 09:00:00,2002.2334130415466,28.88888888888889,53,0,0,0
2021-10-30 10:00:00,1965.8291691680638,28.88888888888889,53,0,0,0
2021-10-30 11:00:00,2001.5890901411308,28.88888888888889,53,0,0,0
2021-10-30 12:00:00,2111.768306112202,25.0,83,0,0,0
2021-10-30 13:00:00,2111.768306112202,25.0,83,0,0,0
2021-10-30 14:00:00,2185.2211167595833,25.0,83,0,0,0
2021-10-30 15:00:00,2185.2211167595833,23.88888888888889,90,0,0,0
2021-10-30 16:00:00,2093.244022725253,23.88888888888889,90,0,0,0
2021-10-30 17:00:00,1980.648595877623,23.88888888888889,90,0,0,0
2021-10-30 18:00:00,1149.6331350665741,22.77777777777778,88,0,0,0
2021-10-30 19:00:00,1111.94024539226,22.77777777777778,88,0,0,0
2021-10-30 20:00:00,1074.2473557179462,22.77777777777778,88,0,0,0
2021-10-30 21:00:00,1017.7080212064755,21.666666666666668,93,0,0,0
2021-10-30 22:00:00,848.0900176720628,21.666666666666668,93,0,0,0
2021-10-30 23:00:00,848.0900176720628,21.666666666666668,93,0,0,0
2021-10-31 00:00:00,1579.2347360983672,23.88888888888889,73,1,0,0
2021-10-31 01:00:00,1579.2347360983672,23.88888888888889,73,1,0,0
2021-10-31 02:00:00,1579.2347360983672,23.88888888888889,73,1,0,0
2021-10-31 03:00:00,1565.620643545795,28.88888888888889,33,1,0,0
2021-10-31 04:00:00,1565.620643545795,28.88888888888889,33,1,0,0
2021-10-31 05:00:00,1773.1125360639123,28.88888888888889,33,1,0,0
2021-10-31 06:00:00,1938.2859240210223,30.555555555555557,29,1,0,0
2021-10-31 07:00:00,2225.166018893898,30.555555555555557,29,1,0,0
2021-10-31 08:00:00,2318.6603894356585,30.555555555555557,29,1,0,0
2021-10-31 09:00:00,2505.649130519179,28.88888888888889,40,1,0,0
2021-10-31 10:00:00,2224.1818676250373,28.88888888888889,40,1,0,0
2021-10-31 11:00:00,2224.1818676250373,28.88888888888889,40,1,0,0
2021-10-31 12:00:00,2356.058137652363,28.88888888888889,72,1,0,0
2021-10-31 13:00:00,2281.2626412189543,28.88888888888889,72,1,0,0
2021-10-31 14:00:00,2281.2626412189543,28.88888888888889,72,1,0,0
2021-10-31 15:00:00,2281.2626412189543,22.22222222222222,87,1,0,0
2021-10-31 16:00:00,2056.876151918729,22.22222222222222,87,1,0,0
2021-10-31 17:00:00,2206.9592204199757,22.22222222222222,87,1,0,0
2021-10-31 18:00:00,1179.669320940949,23.333333333333332,91,1,0,0
2021-10-31 19:00:00,1179.669320940949,23.333333333333332,91,1,0,0
2021-10-31 20:00:00,1046.4808492218096,23.333333333333332,91,1,0,0
2021-10-31 21:00:00,978.7384368819024,20.555555555555557,92,1,0,0
2021-10-31 22:00:00,863.5927384252079,20.555555555555557,92,1,0,0
2021-10-31 23:00:00,863.5927384252079,20.555555555555557,92,1,0,0
2021-11-01 00:00:00,1567.561406475676,23.333333333333332,63,0,1,0
2021-11-01 01:00:00,1567.561406475676,23.333333333333332,63,0,1,0
2021-11-01 02:00:00,1554.0479460750237,23.333333333333332,63,0,1,0
2021-11-01 03:00:00,1554.0479460750237,30.0,30,0,1,0
2021-11-01 04:00:00,1540.5344856743714,30.0,30,0,1,0
2021-11-01 05:00:00,1816.1765152924972,30.0,30,0,1,0
2021-11-01 06:00:00,1948.8689276603493,32.22222222222222,26,0,1,0
2021-11-01 07:00:00,2153.036148653338,32.22222222222222,26,0,1,0
2021-11-01 08:00:00,2153.036148653338,32.22222222222222,26,0,1,0
2021-11-01 09:00:00,2171.596805107246,27.22222222222222,42,0,1,0
2021-11-01 10:00:00,2301.521400284603,27.22222222222222,42,0,1,0
2021-11-01 11:00:00,2264.400087376787,27.22222222222222,42,0,1,0
2021-11-01 12:00:00,2301.521400284603,22.77777777777778,67,0,1,0
2021-11-01 13:00:00,2264.400087376787,22.77777777777778,67,0,1,0
2021-11-01 14:00:00,2115.914835745522,22.77777777777778,67,0,1,0
2021-11-01 15:00:00,2115.914835745522,21.11111111111111,85,0,1,0
2021-11-01 16:00:00,2134.47549219943,21.11111111111111,85,0,1,0
2021-11-01 17:00:00,2153.036148653338,21.11111111111111,85,0,1,0
2021-11-01 18:00:00,1181.0438764618355,22.22222222222222,91,0,1,0
2021-11-01 19:00:00,1123.896592116908,22.22222222222222,91,0,1,0
2021-11-01 20:00:00,1085.798402553623,22.22222222222222,91,0,1,0
2021-11-01 21:00:00,1009.602023427053,20.0,87,0,1,0
2021-11-01 22:00:00,857.2092651739129,20.0,87,0,1,0
2021-11-01 23:00:00,864.5358400899293,20.0,87,0,1,0
2021-11-02 00:00:00,1581.0748668763283,22.22222222222222,89,0,1,0
2021-11-02 01:00:00,1581.0748668763283,22.22222222222222,89,0,1,0
2021-11-02 02:00:00,1581.0748668763283,22.22222222222222,89,0,1,0
2021-11-02 03:00:00,1581.0748668763283,24.444444444444443,67,0,1,0
2021-11-02 04:00:00,1714.4185303478257,24.444444444444443,67,0,1,0
2021-11-02 05:00:00,1907.5144825788345,24.444444444444443,67,0,1,0
2021-11-02 06:00:00,2096.377302636145,26.11111111111111,62,0,1,0
2021-11-02 07:00:00,2096.377302636145,26.11111111111111,62,0,1,0
2021-11-02 08:00:00,2022.1346768205126,26.11111111111111,62,0,1,0
2021-11-02 09:00:00,1907.5144825788345,26.666666666666668,62,0,1,0
2021-11-02 10:00:00,1983.0596106017588,26.666666666666668,62,0,1,0
2021-11-02 11:00:00,1983.0596106017588,26.666666666666668,62,0,1,0
2021-11-02 12:00:00,1983.0596106017588,23.88888888888889,80,0,1,0
2021-11-02 13:00:00,1847.7621938193233,23.88888888888889,80,0,1,0
2021-11-02 14:00:00,1847.7621938193233,23.88888888888889,80,0,1,0
2021-11-02 15:00:00,2151.7336464460464,22.77777777777778,89,0,1,0
2021-11-02 16:00:00,1959.6145708705062,22.77777777777778,89,0,1,0
2021-11-02 17:00:00,2132.521738888492,22.77777777777778,89,0,1,0
2021-11-02 18:00:00,1191.138268568347,21.11111111111111,85,0,1,0
2021-11-02 19:00:00,1133.502545895685,21.11111111111111,85,0,1,0
2021-11-02 20:00:00,1075.8668232230232,21.11111111111111,85,0,1,0
2021-11-02 21:00:00,999.0191929928072,21.666666666666668,95,0,1,0
2021-11-02 22:00:00,864.5358400899293,21.666666666666668,95,0,1,0
2021-11-02 23:00:00,864.5358400899293,21.666666666666668,95,0,1,0
2021-11-03 00:00:00,1440.8411052923216,23.88888888888889,87,0,1,0
2021-11-03 01:00:00,1440.8411052923216,23.88888888888889,87,0,1,0
2021-11-03 02:00:00,1440.8411052923216,23.88888888888889,87,0,1,0
2021-11-03 03:00:00,1258.456155255319,29.444444444444443,57,0,1,0
2021-11-03 04:00:00,1258.456155255319,29.444444444444443,57,0,1,0
2021-11-03 05:00:00,1283.8653406023545,29.444444444444443,57,0,1,0
2021-11-03 06:00:00,1844.426263963946,31.666666666666668,49,0,1,0
2021-11-03 07:00:00,1951.5189653959294,31.666666666666668,49,0,1,0
2021-11-03 08:00:00,2097.4269254255314,31.666666666666668,49,0,1,0
2021-11-03 09:00:00,2115.3536512838696,29.444444444444443,64,0,1,0
2021-11-03 10:00:00,2115.3536512838696,29.444444444444443,64,0,1,0
2021-11-03 11:00:00,2079.1884304218315,29.444444444444443,64,0,1,0
2021-11-03 12:00:00,2042.7114404144309,25.555555555555557,86,0,1,0
2021-11-03 13:00:00,1971.9398444171666,25.555555555555557,86,0,1,0
2021-11-03 14:00:00,1913.0154759436737,25.555555555555557,86,0,1,0
2021-11-03 15:00:00,1637.0997822979514,25.0,88,0,1,0
2021-11-03 16:00:00,1434.7616069577552,25.0,88,0,1,0
2021-11-03 17:00:00,1294.9331452627196,25.0,88,0,1,0
2021-11-03 18:00:00,1122.05715415927,22.22222222222222,93,0,1,0
2021-11-03 19:00:00,1057.832710214616,22.22222222222222,93,0,1,0
2021-11-03 20:00:00,966.6402351961146,22.22222222222222,93,0,1,0
2021-11-03 21:00:00,919.7189788190739,22.77777777777778,92,0,1,0
2021-11-03 22:00:00,827.7470809371664,22.77777777777778,92,0,1,0
2021-11-03 23:00:00,827.7470809371664,22.77777777777778,92,0,1,0
2021-11-04 00:00:00,1456.8504509066809,25.555555555555557,88,0,1,0
2021-11-04 01:00:00,1456.8504509066809,25.555555555555557,88,0,1,0
2021-11-04 02:00:00,1456.8504509066809,25.555555555555557,88,0,1,0
2021-11-04 03:00:00,1456.8504509066809,29.444444444444443,67,0,1,0
2021-11-04 04:00:00,1733.4676251294684,29.444444444444443,67,0,1,0
2021-11-04 05:00:00,1718.6516625215243,29.444444444444443,67,0,1,0
2021-11-04 06:00:00,1919.7704740931922,31.666666666666668,43,0,1,0
2021-11-04 07:00:00,2157.6139589377426,31.666666666666668,43,0,1,0
2021-11-04 08:00:00,2194.496248834114,31.666666666666668,43,0,1,0
2021-11-04 09:00:00,2306.2464348876506,29.444444444444443,59,0,1,0
2021-11-04 10:00:00,2269.0489117443017,29.444444444444443,59,0,1,0
2021-11-04 11:00:00,1973.2025094558842,29.444444444444443,59,0,1,0
2021-11-04 12:00:00,2065.4082341968133,26.666666666666668,79,0,1,0
2021-11-04 13:00:00,2102.605757340163,26.666666666666668,79,0,1,0
2021-11-04 14:00:00,2231.8513886009528,26.666666666666668,79,0,1,0
2021-11-04 15:00:00,2176.055103885929,25.0,90,0,1,0
2021-11-04 16:00:00,2120.2588191709046,25.0,90,0,1,0
2021-11-04 17:00:00,2083.849379144999,25.0,90,0,1,0
2021-11-04 18:00:00,1153.1232174438253,24.444444444444443,91,0,1,0
2021-11-04 19:00:00,1124.909841839336,24.444444444444443,91,0,1,0
2021-11-04 20:00:00,1069.5864069947784,24.444444444444443,91,0,1,0
2021-11-04 21:00:00,1041.5306480137779,22.77777777777778,92,0,1,0
2021-11-04 22:00:00,948.5368401554048,22.77777777777778,92,0,1,0
2021-11-04 23:00:00,911.3393170120556,22.77777777777778,92,0,1,0
2021-11-05 00:00:00,1393.3655926568588,25.555555555555557,91,0,1,0
2021-11-05 01:00:00,1393.3655926568588,25.555555555555557,91,0,1,0
2021-11-05 02:00:00,1393.3655926568588,25.555555555555557,91,0,1,0
2021-11-05 03:00:00,1417.3891373578392,28.88888888888889,64,0,1,0
2021-11-05 04:00:00,1381.3538203063688,28.88888888888889,64,0,1,0
2021-11-05 05:00:00,1627.3483362513384,28.88888888888889,64,0,1,0
2021-11-05 06:00:00,1905.9227278866786,32.22222222222222,43,0,1,0
2021-11-05 07:00:00,2175.4471540524714,32.22222222222222,43,0,1,0
2021-11-05 08:00:00,2213.9506435047274,32.22222222222222,43,0,1,0
2021-11-05 09:00:00,2213.9506435047274,28.88888888888889,45,0,1,0
2021-11-05 10:00:00,2156.1954093263435,28.88888888888889,45,0,1,0
2021-11-05 11:00:00,2156.1954093263435,28.88888888888889,45,0,1,0
2021-11-05 12:00:00,2156.1954093263435,24.444444444444443,80,0,1,0
2021-11-05 13:00:00,2156.1954093263435,24.444444444444443,80,0,1,0
2021-11-05 14:00:00,2077.5429821546413,24.444444444444443,80,0,1,0
2021-11-05 15:00:00,2059.936685695703,22.22222222222222,91,0,1,0
2021-11-05 16:00:00,1905.9227278866786,22.22222222222222,91,0,1,0
2021-11-05 17:00:00,1961.0452448375586,22.22222222222222,91,0,1,0
2021-11-05 18:00:00,1174.356428293812,24.444444444444443,93,0,1,0
2021-11-05 19:00:00,1174.356428293812,24.444444444444443,93,0,1,0
2021-11-05 20:00:00,1097.3494493893,24.444444444444443,93,0,1,0
2021-11-05 21:00:00,1039.5942152109158,20.0,94,0,1,0
2021-11-05 22:00:00,866.328512675763,20.0,94,0,1,0
2021-11-05 23:00:00,866.328512675763,20.0,94,0,1,0
2021-11-06 00:00:00,1271.0204518134235,23.88888888888889,86,0,1,0
2021-11-06 01:00:00,1271.0204518134235,23.88888888888889,86,0,1,0
2021-11-06 02:00:00,1271.0204518134235,23.88888888888889,86,0,1,0
2021-11-06 03:00:00,1260.1570291483515,28.333333333333332,47,0,1,0
2021-11-06 04:00:00,1249.2936064832797,28.333333333333332,47,0,1,0
2021-11-06 05:00:00,1315.8320703068457,28.333333333333332,47,0,1,0
2021-11-06 06:00:00,1988.6853116247426,29.444444444444443,34,0,1,0
2021-11-06 07:00:00,2106.8250331074,29.444444444444443,34,0,1,0
2021-11-06 08:00:00,2106.8250331074,29.444444444444443,34,0,1,0
2021-11-06 09:00:00,1968.9953580442993,27.22222222222222,48,0,1,0
2021-11-06 10:00:00,2085.267928756398,27.22222222222222,48,0,1,0
2021-11-06 11:00:00,2106.8250331074,27.22222222222222,48,0,1,0
2021-11-06 12:00:00,2244.654708170501,22.77777777777778,81,0,1,0
2021-11-06 13:00:00,2402.1743368140455,22.77777777777778,81,0,1,0
2021-11-06 14:00:00,2303.7245689118304,22.77777777777778,81,0,1,0
2021-11-06 15:00:00,2186.2638113457397,21.11111111111111,91,0,1,0
2021-11-06 16:00:00,2028.0652187856283,21.11111111111111,91,0,1,0
2021-11-06 17:00:00,2065.4082341968133,21.11111111111111,91,0,1,0
2021-11-06 18:00:00,1211.4413681346693,21.666666666666668,91,0,1,0
2021-11-06 19:00:00,1211.4413681346693,21.666666666666668,91,0,1,0
2021-11-06 20:00:00,1132.0025898963304,21.666666666666668,91,0,1,0
2021-11-06 21:00:00,1081.5895190912306,19.444444444444443,94,0,1,0
2021-11-06 22:00:00,941.3834703201453,19.444444444444443,94,0,1,0
2021-11-06 23:00:00,901.3245992426922,19.444444444444443,94,0,1,0
2021-11-07 00:00:00,1230.4904629163118,22.22222222222222,80,1,1,0
2021-11-07 01:00:00,1194.8240726868535,22.22222222222222,80,1,1,0
2021-11-07 02:00:00,1194.8240726868535,22.22222222222222,80,1,1,0
2021-11-07 03:00:00,1166.9311264817643,29.444444444444443,37,1,1,0
2021-11-07 04:00:00,1156.8713753914044,29.444444444444443,37,1,1,0
2021-11-07 05:00:00,1226.9847920817924,29.444444444444443,37,1,1,0
2021-11-07 06:00:00,1591.2697179296788,30.555555555555557,33,1,1,0
2021-11-07 07:00:00,1805.4204797774948,30.555555555555557,33,1,1,0
2021-11-07 08:00:00,1891.8428868719511,30.555555555555557,33,1,1,0
2021-11-07 09:00:00,1980.2467600902667,27.22222222222222,37,1,1,0
2021-11-07 10:00:00,2068.650633308582,27.22222222222222,37,1,1,0
2021-11-07 11:00:00,2032.984243079124,27.22222222222222,37,1,1,0
2021-11-07 12:00:00,2015.7607298486591,20.555555555555557,71,1,1,0
2021-11-07 13:00:00,2280.819929032539,20.555555555555557,71,1,1,0
2021-11-07 14:00:00,2280.819929032539,20.555555555555557,71,1,1,0
2021-11-07 15:00:00,2192.4160558142244,19.444444444444443,79,1,1,0
2021-11-07 16:00:00,2068.650633308582,19.444444444444443,79,1,1,0
2021-11-07 17:00:00,1927.2044361592775,19.444444444444443,79,1,1,0
2021-11-07 18:00:00,1123.491292227937,20.555555555555557,92,1,1,0
2021-11-07 19:00:00,1123.491292227937,20.555555555555557,92,1,1,0
2021-11-07 20:00:00,1034.325316654291,20.555555555555557,92,1,1,0
2021-11-07 21:00:00,927.3261459659162,17.77777777777778,94,1,1,0
2021-11-07 22:00:00,802.4937801628121,17.77777777777778,94,1,1,0
2021-11-07 23:00:00,809.3527013607849,17.77777777777778,94,1,1,0
2021-11-08 00:00:00,1276.289350370048,20.555555555555557,79,0,1,0
2021-11-08 01:00:00,1276.289350370048,20.555555555555557,79,0,1,0
2021-11-08 02:00:00,1276.289350370048,20.555555555555557,79,0,1,0
2021-11-08 03:00:00,1257.2402555884055,25.555555555555557,34,0,1,0
2021-11-08 04:00:00,1390.583919059903,25.555555555555557,34,0,1,0
2021-11-08 05:00:00,1504.878487749758,25.555555555555557,34,0,1,0
2021-11-08 06:00:00,1737.5379445272551,27.77777777777778,25,0,1,0
2021-11-08 07:00:00,1947.2407999012344,27.77777777777778,25,0,1,0
2021-11-08 08:00:00,1760.0061076030386,27.77777777777778,25,0,1,0
2021-11-08 09:00:00,2134.1498666476073,25.0,33,0,1,0
2021-11-08 10:00:00,2153.036148653338,25.0,33,0,1,0
2021-11-08 11:00:00,2153.036148653338,25.0,33,0,1,0
2021-11-08 12:00:00,2022.1346768205126,20.0,71,0,1,0
2021-11-08 13:00:00,2039.7184566189517,20.0,71,0,1,0
2021-11-08 14:00:00,2059.5816152801517,20.0,71,0,1,0
2021-11-08 15:00:00,2097.354179291614,18.333333333333332,81,0,1,0
2021-11-08 16:00:00,1928.5173306714148,18.333333333333332,81,0,1,0
2021-11-08 17:00:00,1928.5173306714148,18.333333333333332,81,0,1,0
2021-11-08 18:00:00,1181.0438764618355,17.77777777777778,90,0,1,0
2021-11-08 19:00:00,1191.138268568347,17.77777777777778,90,0,1,0
2021-11-08 20:00:00,1075.8668232230232,17.77777777777778,90,0,1,0
2021-11-08 21:00:00,990.5529286454105,17.77777777777778,94,0,1,0
2021-11-08 22:00:00,864.5358400899293,17.77777777777778,94,0,1,0
2021-11-08 23:00:00,864.5358400899293,17.77777777777778,94,0,1,0
2021-11-09 00:00:00,1208.401618967386,20.555555555555557,78,0,1,0
2021-11-09 01:00:00,1208.401618967386,20.555555555555557,78,0,1,0
2021-11-09 02:00:00,1198.0734000018529,20.555555555555557,78,0,1,0
2021-11-09 03:00:00,1198.0734000018529,25.555555555555557,41,0,1,0
2021-11-09 04:00:00,1215.9550925391939,25.555555555555557,41,0,1,0
2021-11-09 05:00:00,1258.6553410981896,25.555555555555557,41,0,1,0
2021-11-09 06:00:00,1555.7072507486746,27.77777777777778,37,0,1,0
2021-11-09 07:00:00,1896.846781655018,27.77777777777778,37,0,1,0
2021-11-09 08:00:00,1895.459408958155,27.77777777777778,37,0,1,0
2021-11-09 09:00:00,1841.814331346132,25.0,50,0,1,0
2021-11-09 10:00:00,1861.391701624083,25.0,50,0,1,0
2021-11-09 11:00:00,2414.028492541047,25.0,50,0,1,0
2021-11-09 12:00:00,2360.3834149290233,21.666666666666668,72,0,1,0
2021-11-09 13:00:00,1823.9326388087911,21.666666666666668,72,0,1,0
2021-11-09 14:00:00,1913.341101495496,21.666666666666668,72,0,1,0
2021-11-09 15:00:00,1698.7607910474032,20.0,87,0,1,0
2021-11-09 16:00:00,1823.9326388087911,20.0,87,0,1,0
2021-11-09 17:00:00,1929.8354213359746,20.0,87,0,1,0
2021-11-09 18:00:00,1136.2582387305272,18.333333333333332,90,0,1,0
2021-11-09 19:00:00,1136.2582387305272,18.333333333333332,90,0,1,0
2021-11-09 20:00:00,1046.0790134344536,18.333333333333332,90,0,1,0
2021-11-09 21:00:00,937.8639430791653,17.22222222222222,94,0,1,0
2021-11-09 22:00:00,811.6130276646622,17.22222222222222,94,0,1,0
2021-11-09 23:00:00,800.3598935678874,17.22222222222222,94,0,1,0
2021-11-10 00:00:00,1379.640822057683,21.666666666666668,82,0,1,0
2021-11-10 01:00:00,1379.640822057683,21.666666666666668,82,0,1,0
2021-11-10 02:00:00,1379.640822057683,21.666666666666668,82,0,1,0
2021-11-10 03:00:00,1367.8490201597542,28.88888888888889,35,0,1,0
2021-11-10 04:00:00,1367.8490201597542,28.88888888888889,35,0,1,0
2021-11-10 05:00:00,1539.3081937026125,28.88888888888889,35,0,1,0
2021-11-10 06:00:00,1771.1605148037822,30.0,34,0,1,0
2021-11-10 07:00:00,1996.3201915845061,30.0,34,0,1,0
2021-11-10 08:00:00,1903.8979604926308,30.0,34,0,1,0
2021-11-10 09:00:00,1866.9290680558809,27.22222222222222,39,0,1,0
2021-11-10 10:00:00,1811.4757294007554,27.22222222222222,39,0,1,0
2021-11-10 11:00:00,1979.1105347605019,27.22222222222222,39,0,1,0
2021-11-10 12:00:00,1903.8979604926308,21.666666666666668,65,0,1,0
2021-11-10 13:00:00,1864.3794892671392,21.666666666666668,65,0,1,0
2021-11-10 14:00:00,1903.8979604926308,21.666666666666668,65,0,1,0
2021-11-10 15:00:00,1903.8979604926308,20.555555555555557,78,0,1,0
2021-11-10 16:00:00,1848.4446218375058,20.555555555555557,78,0,1,0
2021-11-10 17:00:00,1845.7356943744678,20.555555555555557,78,0,1,0
2021-11-10 18:00:00,1118.6276935602837,18.88888888888889,90,0,1,0
2021-11-10 19:00:00,1071.7791833171607,18.88888888888889,90,0,1,0
2021-11-10 20:00:00,902.5508912144511,18.88888888888889,90,0,1,0
2021-11-10 21:00:00,846.1414605135479,19.444444444444443,88,0,1,0
2021-11-10 22:00:00,846.1414605135479,19.444444444444443,88,0,1,0
2021-11-10 23:00:00,846.1414605135479,19.444444444444443,88,0,1,0
2021-11-11 00:00:00,1289.2901237316603,22.77777777777778,72,0,1,0
2021-11-11 01:00:00,1289.2901237316603,22.77777777777778,72,0,1,0
2021-11-11 02:00:00,1289.2901237316603,22.77777777777778,72,0,1,0
2021-11-11 03:00:00,1315.2241204733891,26.666666666666668,44,0,1,0
2021-11-11 04:00:00,1377.2401996383928,26.666666666666668,44,0,1,0
2021-11-11 05:00:00,1513.5144930762967,26.666666666666668,44,0,1,0
2021-11-11 06:00:00,1662.9974059727213,28.333333333333332,38,0,1,0
2021-11-11 07:00:00,1961.96323176557,28.333333333333332,38,0,1,0
2021-11-11 08:00:00,1961.96323176557,28.333333333333332,38,0,1,0
2021-11-11 09:00:00,1982.0983224035583,27.22222222222222,45,0,1,0
2021-11-11 10:00:00,1945.0497556296598,27.22222222222222,45,0,1,0
2021-11-11 11:00:00,1945.0497556296598,27.22222222222222,45,0,1,0
2021-11-11 12:00:00,1945.0497556296598,24.444444444444443,72,0,1,0
2021-11-11 13:00:00,1945.0497556296598,24.444444444444443,72,0,1,0
2021-11-11 14:00:00,1961.96323176557,24.444444444444443,72,0,1,0
2021-11-11 15:00:00,1961.96323176557,25.0,62,0,1,0
2021-11-11 16:00:00,1771.5658146927535,25.0,62,0,1,0
2021-11-11 17:00:00,1884.644483715695,25.0,62,0,1,0
2021-11-11 18:00:00,1130.7866902294172,20.555555555555557,83,0,1,0
2021-11-11 19:00:00,1074.2473557179462,20.555555555555557,83,0,1,0
2021-11-11 20:00:00,904.6293521835337,20.555555555555557,83,0,1,0
2021-11-11 21:00:00,848.0900176720628,23.333333333333332,79,0,1,0
2021-11-11 22:00:00,848.0900176720628,23.333333333333332,79,0,1,0
2021-11-11 23:00:00,848.0900176720628,23.333333333333332,79,0,1,0
2021-11-12 00:00:00,1625.626677748615,25.0,71,0,1,0
2021-11-12 01:00:00,1625.626677748615,25.0,71,0,1,0
2021-11-12 02:00:00,1625.626677748615,25.0,71,0,1,0
2021-11-12 03:00:00,1611.6126546645753,29.444444444444443,58,0,1,0
2021-11-12 04:00:00,1611.6126546645753,29.444444444444443,58,0,1,0
2021-11-12 05:00:00,1662.9974059727213,29.444444444444443,58,0,1,0
2021-11-12 06:00:00,1961.96323176557,30.0,51,0,1,0
2021-11-12 07:00:00,1965.8291691680638,30.0,51,0,1,0
2021-11-12 08:00:00,1983.2258874792856,30.0,51,0,1,0
2021-11-12 09:00:00,1964.8626848174404,27.77777777777778,63,0,1,0
2021-11-12 10:00:00,2001.5890901411308,27.77777777777778,63,0,1,0
2021-11-12 11:00:00,1982.0983224035583,27.77777777777778,63,0,1,0
2021-11-12 12:00:00,1963.5740390166093,26.666666666666668,73,0,1,0
2021-11-12 13:00:00,1889.4769054688124,26.666666666666668,73,0,1,0
2021-11-12 14:00:00,1815.3797719210158,26.666666666666668,73,0,1,0
2021-11-12 15:00:00,1756.4242265329865,25.555555555555557,85,0,1,0
2021-11-12 16:00:00,1700.3681341968272,25.555555555555557,85,0,1,0
2021-11-12 17:00:00,1790.4122595299104,25.555555555555557,85,0,1,0
2021-11-12 18:00:00,1149.6331350665741,23.88888888888889,73,0,1,0
2021-11-12 19:00:00,1130.7866902294172,23.88888888888889,73,0,1,0
2021-11-12 20:00:00,1055.4009108807893,23.88888888888889,73,0,1,0
2021-11-12 21:00:00,912.3612269885213,24.444444444444443,90,0,1,0
2021-11-12 22:00:00,874.3461758639995,24.444444444444443,90,0,1,0
2021-11-12 23:00:00,855.3386503017387,24.444444444444443,90,0,1,0
2021-11-13 00:00:00,1323.2452477632403,26.11111111111111,85,0,1,0
2021-11-13 01:00:00,1323.2452477632403,26.11111111111111,85,0,1,0
2021-11-13 02:00:00,1323.2452477632403,26.11111111111111,85,0,1,0
2021-11-13 03:00:00,1323.2452477632403,28.88888888888889,65,0,1,0
2021-11-13 04:00:00,1430.5354029872872,28.88888888888889,65,0,1,0
2021-11-13 05:00:00,1511.3113244490692,28.88888888888889,65,0,1,0
2021-11-13 06:00:00,1595.4786013920714,29.444444444444443,62,0,1,0
2021-11-13 07:00:00,1609.3523283606978,29.444444444444443,62,0,1,0
2021-11-13 08:00:00,1662.997405972721,29.444444444444443,62,0,1,0
2021-11-13 09:00:00,1843.6641616086156,28.88888888888889,68,0,1,1
2021-11-13 10:00:00,1932.3018616859529,28.88888888888889,68,0,1,1
2021-11-13 11:00:00,679.5043164189614,28.88888888888889,68,0,1,0
2021-11-13 12:00:00,1782.619762946658,27.22222222222222,81,0,1,0
2021-11-13 13:00:00,1600.7197871357748,27.22222222222222,81,0,1,0
2021-11-13 14:00:00,1478.939294855607,27.22222222222222,81,0,1,0
2021-11-13 15:00:00,1515.0109849740363,26.11111111111111,88,0,1,0
2021-11-13 16:00:00,1370.7242245003183,26.11111111111111,88,0,1,0
2021-11-13 17:00:00,1437.0098089059795,26.11111111111111,88,0,1,0
2021-11-13 18:00:00,1118.2223936713124,24.444444444444443,86,0,1,0
2021-11-13 19:00:00,1118.2223936713124,24.444444444444443,86,0,1,0
2021-11-13 20:00:00,937.8639430791653,24.444444444444443,86,0,1,0
2021-11-13 21:00:00,927.6898766355057,25.555555555555557,82,0,1,0
2021-11-13 22:00:00,836.7398887300641,25.555555555555557,82,0,1,0
2021-11-13 23:00:00,800.3598935678874,25.555555555555557,82,0,1,0
2021-11-14 00:00:00,1085.798402553623,26.11111111111111,91,1,1,0
2021-11-14 01:00:00,1085.798402553623,26.11111111111111,91,1,1,0
2021-11-14 02:00:00,1076.518074326669,26.11111111111111,91,1,1,0
2021-11-14 03:00:00,1095.4043563324,28.333333333333332,71,1,1,0
2021-11-14 04:00:00,1095.4043563324,28.333333333333332,71,1,1,0
2021-11-14 05:00:00,1246.4946123782481,28.333333333333332,71,1,1,0
2021-11-14 06:00:00,1605.333970487138,28.333333333333332,70,1,1,0
2021-11-14 07:00:00,1657.2712460028984,28.333333333333332,70,1,1,0
2021-11-14 08:00:00,1923.9585729458934,28.333333333333332,70,1,1,0
2021-11-14 09:00:00,1888.6282005731034,28.88888888888889,69,1,1,0
2021-11-14 10:00:00,2020.8321746132206,28.88888888888889,69,1,1,0
2021-11-14 11:00:00,2020.8321746132206,28.88888888888889,69,1,1,0
2021-11-14 12:00:00,1983.0596106017588,26.666666666666668,83,1,1,0
2021-11-14 13:00:00,1983.0596106017588,26.666666666666668,83,1,1,0
2021-11-14 14:00:00,1983.0596106017588,26.666666666666668,83,1,1,0
2021-11-14 15:00:00,2153.036148653338,25.555555555555557,90,1,1,0
2021-11-14 16:00:00,1983.0596106017588,25.555555555555557,90,1,1,0
2021-11-14 17:00:00,2228.5812766762624,25.555555555555557,90,1,1,0
2021-11-14 18:00:00,1161.994781680193,25.555555555555557,82,1,1,0
2021-11-14 19:00:00,1142.9456868985505,25.555555555555557,82,1,1,0
2021-11-14 20:00:00,1047.700212990338,25.555555555555557,82,1,1,0
2021-11-14 21:00:00,952.4547390821253,24.444444444444443,93,1,1,0
2021-11-14 22:00:00,838.1601703922704,24.444444444444443,93,1,1,0
2021-11-14 23:00:00,838.1601703922704,24.444444444444443,93,1,1,0
2021-11-15 00:00:00,1631.0514608779206,26.666666666666668,89,0,1,0
2021-11-15 01:00:00,1631.0514608779206,26.666666666666668,89,0,1,0
2021-11-15 02:00:00,1332.6883887661058,26.666666666666668,89,0,1,0
2021-11-15 03:00:00,1332.6883887661058,27.77777777777778,67,0,1,0
2021-11-15 04:00:00,1332.6883887661058,27.77777777777778,67,0,1,0
2021-11-15 05:00:00,1340.9190942036735,27.77777777777778,67,0,1,0
2021-11-15 06:00:00,1971.9398444171668,31.11111111111111,53,0,1,0
2021-11-15 07:00:00,2031.0980397496817,31.11111111111111,53,0,1,0
2021-11-15 08:00:00,1538.11307864539,31.11111111111111,53,0,1,0
2021-11-15 09:00:00,1971.9398444171668,30.0,56,0,1,0
2021-11-15 10:00:00,2148.2141192050663,30.0,56,0,1,0
2021-11-15 11:00:00,1949.3054044638563,30.0,56,0,1,0
2021-11-15 12:00:00,1949.3054044638563,27.22222222222222,78,0,1,0
2021-11-15 13:00:00,1810.0693041450095,27.22222222222222,78,0,1,0
2021-11-15 14:00:00,1730.5058182485257,27.22222222222222,78,0,1,0
2021-11-15 15:00:00,1745.4239718541164,26.666666666666668,87,0,1,0
2021-11-15 16:00:00,1670.8332038261626,26.666666666666668,87,0,1,0
2021-11-15 17:00:00,1459.2354848687032,26.666666666666668,87,0,1,0
2021-11-15 18:00:00,1243.8653592523588,25.0,91,0,1,0
2021-11-15 19:00:00,1243.8653592523588,25.0,91,0,1,0
2021-11-15 20:00:00,1083.3666032197964,25.0,91,0,1,0
2021-11-15 21:00:00,1043.2419142116557,23.88888888888889,93,0,1,0
2021-11-15 22:00:00,971.2232416329418,23.88888888888889,93,0,1,0
2021-11-15 23:00:00,930.7556065649027,23.88888888888889,93,0,1,0
2021-11-16 00:00:00,686.5780119170726,25.0,93,0,1,0
2021-11-16 01:00:00,686.5780119170726,25.0,93,0,1,0
2021-11-16 02:00:00,686.5780119170726,25.0,93,0,1,0
2021-11-16 03:00:00,686.5780119170726,30.0,83,0,1,0
2021-11-16 04:00:00,959.1820244187231,30.0,83,0,1,0
2021-11-16 05:00:00,1082.9474469243646,30.0,83,0,1,0
2021-11-16 06:00:00,1134.9609326756581,30.0,62,0,1,0
2021-11-16 07:00:00,1104.2863128736133,30.0,62,0,1,0
2021-11-16 08:00:00,1094.6838231964516,30.0,62,0,1,0
2021-11-16 09:00:00,1094.6838231964516,28.88888888888889,75,0,1,0
2021-11-16 10:00:00,1064.2759392187725,28.88888888888889,75,0,1,0
2021-11-16 11:00:00,1033.868055241093,28.88888888888889,75,0,1,0
2021-11-16 12:00:00,1012.262453467479,26.666666666666668,85,0,1,0
2021-11-16 13:00:00,1042.9370732695238,26.666666666666668,85,0,1,0
2021-11-16 14:00:00,1101.6189546299572,26.666666666666668,85,0,1,0
2021-11-16 15:00:00,1012.262453467479,26.11111111111111,90,0,1,0
2021-11-16 16:00:00,1319.008651487927,26.11111111111111,90,0,1,0
2021-11-16 17:00:00,1392.3610031884689,26.11111111111111,90,0,1,0
2021-11-16 18:00:00,959.1820244187231,25.555555555555557,90,0,1,0
2021-11-16 19:00:00,943.7113466055179,25.555555555555557,90,0,1,0
2021-11-16 20:00:00,912.7699909791073,25.555555555555557,90,0,1,0
2021-11-16 21:00:00,873.8265606217287,25.0,91,0,1,0
2021-11-16 22:00:00,811.4103777201767,25.0,91,0,1,0
2021-11-16 23:00:00,733.3901490932366,25.0,91,0,1,0
2021-11-17 00:00:00,1240.2176602516186,26.666666666666668,90,0,1,0
2021-11-17 01:00:00,1240.2176602516186,26.666666666666668,90,0,1,0
2021-11-17 02:00:00,1240.2176602516186,26.666666666666668,90,0,1,0
2021-11-17 03:00:00,1240.2176602516186,30.555555555555557,56,0,1,0
2021-11-17 04:00:00,1229.6175093092972,30.555555555555557,56,0,1,0
2021-11-17 05:00:00,1286.7405449429189,30.555555555555557,56,0,1,0
2021-11-17 06:00:00,1309.1186413767086,30.555555555555557,52,0,1,0
2021-11-17 07:00:00,1409.8200753287633,30.555555555555557,52,0,1,0
2021-11-17 08:00:00,1320.6021382308904,30.555555555555557,52,0,1,0
2021-11-17 09:00:00,1510.5215092808178,30.0,61,0,1,0
2021-11-17 10:00:00,1510.5215092808178,30.0,61,0,1,0
2021-11-17 11:00:00,1320.6021382308904,30.0,61,0,1,0
2021-11-17 12:00:00,1343.5691319392533,27.77777777777778,84,0,1,0
2021-11-17 13:00:00,1343.5691319392533,27.77777777777778,84,0,1,0
2021-11-17 14:00:00,1446.9206036268886,27.77777777777778,84,0,1,0
2021-11-17 15:00:00,1446.9206036268886,26.666666666666668,88,0,1,0
2021-11-17 16:00:00,1811.5952409064778,26.666666666666668,88,0,1,0
2021-11-17 17:00:00,1127.1493835335223,26.666666666666668,88,0,1,0
2021-11-17 18:00:00,1040.5814841712302,25.555555555555557,91,0,1,0
2021-11-17 19:00:00,1041.7592787203769,25.555555555555557,91,0,1,0
2021-11-17 20:00:00,1007.6032367951184,25.555555555555557,91,0,1,0
2021-11-17 21:00:00,956.3691739072311,25.555555555555557,92,0,1,0
2021-11-17 22:00:00,870.9790690940856,25.555555555555557,92,0,1,0
2021-11-17 23:00:00,785.5889642809399,25.555555555555557,92,0,1,0
2021-11-18 00:00:00,1532.1998571883498,27.22222222222222,89,0,1,0
2021-11-18 01:00:00,1532.1998571883498,27.22222222222222,89,0,1,0
2021-11-18 02:00:00,1532.1998571883498,27.22222222222222,89,0,1,0
2021-11-18 03:00:00,1532.1998571883498,30.0,63,0,1,0
2021-11-18 04:00:00,1505.7826182713095,30.0,63,0,1,0
2021-11-18 05:00:00,1510.7761207495307,30.0,63,0,1,0
2021-11-18 06:00:00,1569.5705854124558,31.11111111111111,53,0,1,0
2021-11-18 07:00:00,1662.9974059727213,31.11111111111111,53,0,1,0
2021-11-18 08:00:00,1778.3312051471175,31.11111111111111,53,0,1,0
2021-11-18 09:00:00,1583.101366321184,26.666666666666668,87,0,1,0
2021-11-18 10:00:00,1488.869142135399,26.666666666666668,87,0,1,0
2021-11-18 11:00:00,1488.869142135399,26.666666666666668,87,0,1,0
2021-11-18 12:00:00,1539.6095705431296,25.555555555555557,90,0,1,0
2021-11-18 13:00:00,1461.3243381426314,25.555555555555557,90,0,1,0
2021-11-18 14:00:00,1476.1437648521908,25.555555555555557,90,0,1,0
2021-11-18 15:00:00,1526.562031809713,26.11111111111111,92,0,1,0
2021-11-18 16:00:00,1526.562031809713,26.11111111111111,92,0,1,0
2021-11-18 17:00:00,1513.5144930762967,26.11111111111111,92,0,1,0
2021-11-18 18:00:00,1129.9812866038976,23.88888888888889,88,0,1,0
2021-11-18 19:00:00,1129.9812866038976,23.88888888888889,88,0,1,0
2021-11-18 20:00:00,1055.884153056101,23.88888888888889,88,0,1,0
2021-11-18 21:00:00,963.2627361213554,23.88888888888889,88,0,1,0
2021-11-18 22:00:00,840.8413850423872,23.88888888888889,88,0,1,0
2021-11-18 23:00:00,840.8413850423872,23.88888888888889,88,0,1,0
2021-11-19 00:00:00,1181.3972148265796,25.0,75,0,1,0
2021-11-19 01:00:00,1201.7661323235898,25.0,75,0,1,0
2021-11-19 02:00:00,1181.3972148265796,25.0,75,0,1,0
2021-11-19 03:00:00,1238.139199282536,29.444444444444443,59,0,1,0
2021-11-19 04:00:00,1254.8708100836513,29.444444444444443,59,0,1,0
2021-11-19 05:00:00,1310.3033641290858,29.444444444444443,59,0,1,0
2021-11-19 06:00:00,1293.7172455958062,30.0,53,0,1,0
2021-11-19 07:00:00,1426.4061938620428,30.0,53,0,1,0
2021-11-19 08:00:00,1699.6406728576485,30.0,53,0,1,0
2021-11-19 09:00:00,1333.29114244714,28.88888888888889,61,0,1,0
2021-11-19 10:00:00,1310.7398409325929,28.88888888888889,61,0,1,0
2021-11-19 11:00:00,1121.0179236747285,28.88888888888889,61,0,1,0
2021-11-19 12:00:00,1111.269941729731,26.666666666666668,84,0,1,0
2021-11-19 13:00:00,1293.7172455958062,26.666666666666668,84,0,1,0
2021-11-19 14:00:00,1288.334031685882,26.666666666666668,84,0,1,0
2021-11-19 15:00:00,1121.0179236747285,25.555555555555557,88,0,1,0
2021-11-19 16:00:00,1111.269941729731,25.555555555555557,88,0,1,0
2021-11-19 17:00:00,1333.29114244714,25.555555555555557,88,0,1,0
2021-11-19 18:00:00,1029.5032872060194,25.0,88,0,1,0
2021-11-19 19:00:00,995.749081068117,25.0,88,0,1,0
2021-11-19 20:00:00,961.9948749302148,25.0,88,0,1,0
2021-11-19 21:00:00,877.6093595854591,25.0,90,0,1,0
2021-11-19 22:00:00,843.8551534475569,25.0,90,0,1,0
2021-11-19 23:00:00,793.2238442407036,25.0,90,0,1,0
2021-11-20 00:00:00,1209.5257199414982,26.666666666666668,81,0,1,0
2021-11-20 01:00:00,1209.5257199414982,26.666666666666668,81,0,1,0
2021-11-20 02:00:00,1209.5257199414982,26.666666666666668,81,0,1,0
2021-11-20 03:00:00,1209.5257199414982,27.77777777777778,70,0,1,0
2021-11-20 04:00:00,1278.6414753667266,27.77777777777778,70,0,1,0
2021-11-20 05:00:00,1267.6187040273585,27.77777777777778,70,0,1,0
2021-11-20 06:00:00,1426.406193862043,28.88888888888889,60,0,1,0
2021-11-20 07:00:00,1324.5200371576111,28.88888888888889,60,0,1,0
2021-11-20 08:00:00,1289.664246706095,28.88888888888889,60,0,1,0
2021-11-20 09:00:00,1324.520037157611,27.77777777777778,60,0,1,0
2021-11-20 10:00:00,1289.664246706095,27.77777777777778,60,0,1,0
2021-11-20 11:00:00,1267.6187040273585,27.77777777777778,60,0,1,0
2021-11-20 12:00:00,1267.6187040273585,26.666666666666668,78,0,1,0
2021-11-20 13:00:00,1267.6187040273585,26.666666666666668,78,0,1,0
2021-11-20 14:00:00,1267.6187040273585,26.666666666666668,78,0,1,0
2021-11-20 15:00:00,1267.6187040273585,25.555555555555557,86,0,1,0
2021-11-20 16:00:00,1289.664246706095,25.555555555555557,86,0,1,0
2021-11-20 17:00:00,1177.6490568790007,25.555555555555557,86,0,1,0
2021-11-20 18:00:00,1062.058914185084,25.555555555555557,86,0,1,0
2021-11-20 19:00:00,1019.4573925221198,24.444444444444443,93,0,1,0
2021-11-20 20:00:00,984.8995148095057,24.444444444444443,93,0,1,0
2021-11-20 21:00:00,933.0626982405844,24.444444444444443,93,0,1,0
2021-11-20 22:00:00,846.6680039590487,24.444444444444443,93,0,1,0
2021-11-20 23:00:00,819.1110756106278,24.444444444444443,93,0,1,0
2021-11-21 00:00:00,1345.9489697488532,26.666666666666668,83,1,1,0
2021-11-21 01:00:00,1345.9489697488532,26.666666666666668,83,1,1,0
2021-11-21 02:00:00,1345.9489697488532,26.666666666666668,83,1,1,0
2021-11-21 03:00:00,1345.9489697488532,31.11111111111111,53,1,1,0
2021-11-21 04:00:00,1345.9489697488532,31.11111111111111,53,1,1,0
2021-11-21 05:00:00,1420.9918030375825,31.11111111111111,53,1,1,0
2021-11-21 06:00:00,1420.9918030375825,31.11111111111111,50,1,1,0
2021-11-21 07:00:00,1408.6353525763861,31.11111111111111,50,1,1,0
2021-11-21 08:00:00,1538.2273939986894,31.11111111111111,50,1,1,0
2021-11-21 09:00:00,1555.7072507486746,28.88888888888889,65,1,1,0
2021-11-21 10:00:00,1639.6407008326546,28.88888888888889,65,1,1,0
2021-11-21 11:00:00,1639.6407008326546,28.88888888888889,65,1,1,0
2021-11-21 12:00:00,1551.4879749814368,26.666666666666668,82,1,1,0
2021-11-21 13:00:00,1529.1860887831801,26.666666666666668,82,1,1,0
2021-11-21 14:00:00,1493.6236216021757,26.666666666666668,82,1,1,0
2021-11-21 15:00:00,1493.6236216021757,26.666666666666668,85,1,1,0
2021-11-21 16:00:00,1516.2268846409495,26.666666666666668,85,1,1,0
2021-11-21 17:00:00,1528.884711942663,26.666666666666668,85,1,1,0
2021-11-21 18:00:00,1299.687624729496,25.0,90,1,1,0
2021-11-21 19:00:00,1310.989256248883,25.0,90,1,1,0
2021-11-21 20:00:00,1293.509399498898,25.0,90,1,1,0
2021-11-21 21:00:00,1380.9086832488235,25.0,90,1,1,0
2021-11-21 22:00:00,1241.0698292489426,25.0,90,1,1,0
2021-11-21 23:00:00,1244.6863513351466,25.0,90,1,1,0
2021-11-22 00:00:00,1296.6998370864399,25.555555555555557,91,0,1,0
2021-11-22 01:00:00,1296.6998370864399,25.555555555555557,91,0,1,0
2021-11-22 02:00:00,1296.6998370864399,25.555555555555557,91,0,1,0
2021-11-22 03:00:00,1296.6998370864399,28.88888888888889,73,0,1,0
2021-11-22 04:00:00,1285.4241863291668,28.88888888888889,73,0,1,0
2021-11-22 05:00:00,1303.787388991012,28.88888888888889,73,0,1,0
2021-11-22 06:00:00,1345.3462160678193,31.666666666666668,56,0,1,0
2021-11-22 07:00:00,1756.4242265329865,31.666666666666668,56,0,1,0
2021-11-22 08:00:00,1793.7949547570925,31.666666666666668,56,0,1,0
2021-11-22 09:00:00,1569.5705854124558,29.444444444444443,60,0,1,0
2021-11-22 10:00:00,1382.7169442919253,29.444444444444443,60,0,1,0
2021-11-22 11:00:00,1307.9754878437132,29.444444444444443,60,0,1,0
2021-11-22 12:00:00,1270.6047596196072,26.666666666666668,82,0,1,0
2021-11-22 13:00:00,1270.6047596196072,26.666666666666668,82,0,1,0
2021-11-22 14:00:00,1307.9754878437132,26.666666666666668,82,0,1,0
2021-11-22 15:00:00,1395.603402300238,26.11111111111111,90,0,1,0
2021-11-22 16:00:00,1395.603402300238,26.11111111111111,90,0,1,0
2021-11-22 17:00:00,1556.039804503728,26.11111111111111,90,0,1,0
2021-11-22 18:00:00,1167.029853377796,25.0,88,0,1,0
2021-11-22 19:00:00,1121.1218467231827,25.0,88,0,1,0
2021-11-22 20:00:00,1083.7511184990767,25.0,88,0,1,0
2021-11-22 21:00:00,1027.6950261629177,25.0,91,0,1,0
2021-11-22 22:00:00,934.2682056026523,25.0,91,0,1,0
2021-11-22 23:00:00,866.9364625092197,25.0,91,0,1,0
2021-11-23 00:00:00,1322.0397404011724,26.11111111111111,90,0,1,0
2021-11-23 01:00:00,1322.0397404011724,26.11111111111111,90,0,1,0
2021-11-23 02:00:00,1310.6428460873692,26.11111111111111,90,0,1,0
2021-11-23 03:00:00,1310.6428460873692,26.11111111111111,88,0,1,0
2021-11-23 04:00:00,1273.1959076277303,26.11111111111111,88,0,1,0
2021-11-23 05:00:00,1466.2918598587387,26.11111111111111,88,0,1,0
2021-11-23 06:00:00,1628.9418229943017,28.333333333333332,59,0,1,0
2021-11-23 07:00:00,1628.9418229943017,28.333333333333332,59,0,1,0
2021-11-23 08:00:00,1529.7888424642138,28.333333333333332,59,0,1,0
2021-11-23 09:00:00,1510.9025604584829,28.333333333333332,67,0,1,0
2021-11-23 10:00:00,1965.9642691310537,28.333333333333332,67,0,1,0
2021-11-23 11:00:00,1965.9642691310537,28.333333333333332,67,0,1,0
2021-11-23 12:00:00,1965.9642691310537,26.11111111111111,90,0,1,0
2021-11-23 13:00:00,1983.0596106017588,26.11111111111111,90,0,1,0
2021-11-23 14:00:00,1983.0596106017588,26.11111111111111,90,0,1,0
2021-11-23 15:00:00,2003.411207590693,25.0,90,0,1,0
2021-11-23 16:00:00,2003.411207590693,25.0,90,0,1,0
2021-11-23 17:00:00,1794.1967905444483,25.0,90,0,1,0
2021-11-23 18:00:00,1189.835766361055,26.11111111111111,90,0,1,0
2021-11-23 19:00:00,1133.176920343862,26.11111111111111,90,0,1,0
2021-11-23 20:00:00,1076.518074326669,26.11111111111111,90,0,1,0
2021-11-23 21:00:00,1038.745510315207,23.88888888888889,93,0,1,0
2021-11-23 22:00:00,963.2003822922828,23.88888888888889,93,0,1,0
2021-11-23 23:00:00,868.7689722636276,23.88888888888889,93,0,1,0
2021-11-24 00:00:00,1548.6751244699449,25.0,90,0,1,0
2021-11-24 01:00:00,1548.6751244699449,25.0,90,0,1,0
2021-11-24 02:00:00,1548.6751244699449,25.0,90,0,1,0
2021-11-24 03:00:00,1548.6751244699449,28.88888888888889,64,0,1,0
2021-11-24 04:00:00,1535.324476845204,28.88888888888889,64,0,1,0
2021-11-24 05:00:00,1591.4948845346628,28.88888888888889,64,0,1,0
2021-11-24 06:00:00,1385.5367230066474,30.555555555555557,42,0,1,0
2021-11-24 07:00:00,1853.6234537521364,30.555555555555557,42,0,1,0
2021-11-24 08:00:00,1888.6282005731034,30.555555555555557,42,0,1,0
2021-11-24 09:00:00,1778.7295768328584,29.444444444444443,55,0,1,0
2021-11-24 10:00:00,1661.992816504331,29.444444444444443,55,0,1,0
2021-11-24 11:00:00,1813.0830725501794,29.444444444444443,55,0,1,0
2021-11-24 12:00:00,1813.0830725501794,25.555555555555557,80,0,1,0
2021-11-24 13:00:00,1661.992816504331,25.555555555555557,80,0,1,0
2021-11-24 14:00:00,1643.1065344986,25.555555555555557,80,0,1,0
2021-11-24 15:00:00,1586.4476884814069,23.88888888888889,91,0,1,0
2021-11-24 16:00:00,1666.3887614539408,23.88888888888889,91,0,1,0
2021-11-24 17:00:00,1643.1065344986,23.88888888888889,91,0,1,0
2021-11-24 18:00:00,1152.0632023495932,24.444444444444443,93,0,1,0
2021-11-24 19:00:00,1161.994781680193,24.444444444444443,93,0,1,0
2021-11-24 20:00:00,1066.7493077719805,24.444444444444443,93,0,1,0
2021-11-24 21:00:00,990.5529286454105,22.22222222222222,92,0,1,0
2021-11-24 22:00:00,838.1601703922704,22.22222222222222,92,0,1,0
2021-11-24 23:00:00,838.1601703922704,22.22222222222222,92,0,1,0
2021-11-25 00:00:00,1083.7511184990767,23.333333333333332,91,0,1,0
2021-11-25 01:00:00,1083.7511184990767,23.333333333333332,91,0,1,0
2021-11-25 02:00:00,1083.7511184990767,23.333333333333332,91,0,1,0
2021-11-25 03:00:00,1083.7511184990767,28.88888888888889,40,0,1,0
2021-11-25 04:00:00,1185.5541367647452,28.88888888888889,40,0,1,0
2021-11-25 05:00:00,1222.6027035386435,28.88888888888889,40,0,1,0
2021-11-25 06:00:00,1685.709788212372,30.555555555555557,30,0,1,0
2021-11-25 07:00:00,1889.4769054688124,30.555555555555557,30,0,1,0
2021-11-25 08:00:00,1700.3681341968272,30.555555555555557,30,0,1,0
2021-11-25 09:00:00,1685.709788212372,28.333333333333332,42,0,1,0
2021-11-25 10:00:00,1634.325036904226,28.333333333333332,42,0,1,0
2021-11-25 11:00:00,1597.5986315805355,28.333333333333332,42,0,1,0
2021-11-25 12:00:00,1505.7826182713095,23.88888888888889,78,0,1,0
2021-11-25 13:00:00,1469.056212947619,23.88888888888889,78,0,1,0
2021-11-25 14:00:00,1481.9426709559314,23.88888888888889,78,0,1,0
2021-11-25 15:00:00,1420.0876725160317,22.77777777777778,89,0,1,0
2021-11-25 16:00:00,1241.1269869255925,22.77777777777778,89,0,1,0
2021-11-25 17:00:00,1481.9426709559314,22.77777777777778,89,0,1,0
2021-11-25 18:00:00,1158.492574947289,22.77777777777778,92,0,1,0
2021-11-25 19:00:00,1139.807210835236,22.77777777777778,92,0,1,0
2021-11-25 20:00:00,1102.4364826111296,22.77777777777778,92,0,1,0
2021-11-25 21:00:00,1055.4009108807893,21.666666666666668,93,0,1,0
2021-11-25 22:00:00,904.6293521835337,21.666666666666668,93,0,1,0
2021-11-25 23:00:00,829.2435728349059,21.666666666666668,93,0,1,0
2021-11-26 00:00:00,1085.9612153295345,23.333333333333332,89,0,1,0
2021-11-26 01:00:00,1085.9612153295345,23.333333333333332,89,0,1,0
2021-11-26 02:00:00,1085.9612153295345,23.333333333333332,89,0,1,0
2021-11-26 03:00:00,1085.9612153295345,28.88888888888889,51,0,1,0
2021-11-26 04:00:00,1113.6393872344854,28.88888888888889,51,0,1,0
2021-11-26 05:00:00,1246.4946123782481,28.88888888888889,51,0,1,0
2021-11-26 06:00:00,1473.1299964470206,30.555555555555557,35,0,1,0
2021-11-26 07:00:00,1689.019737305636,30.555555555555557,35,0,1,0
2021-11-26 08:00:00,1813.0830725501794,30.555555555555557,35,0,1,0
2021-11-26 09:00:00,2041.6722099298895,27.22222222222222,47,0,1,0
2021-11-26 10:00:00,2041.6722099298895,27.22222222222222,47,0,1,0
2021-11-26 11:00:00,2041.6722099298895,27.22222222222222,47,0,1,0
2021-11-26 12:00:00,2039.7184566189517,23.333333333333332,78,0,1,0
2021-11-26 13:00:00,2039.7184566189517,23.333333333333332,78,0,1,0
2021-11-26 14:00:00,2041.6722099298895,23.333333333333332,78,0,1,0
2021-11-26 15:00:00,2041.6722099298895,22.77777777777778,93,0,1,0
2021-11-26 16:00:00,1893.186958298625,22.77777777777778,93,0,1,0
2021-11-26 17:00:00,1943.007667727536,22.77777777777778,93,0,1,0
2021-11-26 18:00:00,1170.9494843553243,22.22222222222222,91,0,1,0
2021-11-26 19:00:00,1152.0632023495932,22.22222222222222,91,0,1,0
2021-11-26 20:00:00,1114.290638338131,22.22222222222222,91,0,1,0
2021-11-26 21:00:00,1028.6511182086956,21.11111111111111,93,0,1,0
2021-11-26 22:00:00,914.3565495188403,21.11111111111111,93,0,1,0
2021-11-26 23:00:00,838.1601703922704,21.11111111111111,93,0,1,0
2021-11-27 00:00:00,1532.1998571883498,22.77777777777778,91,0,1,0
2021-11-27 01:00:00,1532.1998571883498,22.77777777777778,91,0,1,0
2021-11-27 02:00:00,1532.1998571883498,22.77777777777778,91,0,1,0
2021-11-27 03:00:00,1532.1998571883498,27.22222222222222,42,0,1,0
2021-11-27 04:00:00,1542.509023595,27.22222222222222,42,0,1,0
2021-11-27 05:00:00,1542.509023595,27.22222222222222,42,0,1,0
2021-11-27 06:00:00,1796.8554885340666,28.88888888888889,28,0,1,0
2021-11-27 07:00:00,2111.768306112202,28.88888888888889,28,0,1,0
2021-11-27 08:00:00,2111.768306112202,28.88888888888889,28,0,1,0
2021-11-27 09:00:00,2056.6786981266664,27.22222222222222,44,0,1,0
2021-11-27 10:00:00,2092.760780549941,27.22222222222222,44,0,1,0
2021-11-27 11:00:00,1946.4994821555952,27.22222222222222,44,0,1,0
2021-11-27 12:00:00,2000.6226057905074,22.22222222222222,77,0,1,0
2021-11-27 13:00:00,2000.6226057905074,22.22222222222222,77,0,1,0
2021-11-27 14:00:00,2000.6226057905074,22.22222222222222,77,0,1,0
2021-11-27 15:00:00,1873.0466715082143,21.11111111111111,81,0,1,0
2021-11-27 16:00:00,1852.4283386949144,21.11111111111111,81,0,1,0
2021-11-27 17:00:00,1926.5254722427107,21.11111111111111,81,0,1,0
2021-11-27 18:00:00,1158.492574947289,21.666666666666668,93,0,1,0
2021-11-27 19:00:00,1139.807210835236,21.666666666666668,93,0,1,0
2021-11-27 20:00:00,1065.0657543870236,21.666666666666668,93,0,1,0
2021-11-27 21:00:00,980.0151315321616,20.0,92,0,1,0
2021-11-27 22:00:00,829.2435728349059,20.0,92,0,1,0
2021-11-27 23:00:00,829.2435728349059,20.0,92,0,1,0
2021-11-28 00:00:00,1374.2783927574499,20.555555555555557,79,1,1,0
2021-11-28 01:00:00,1374.2783927574499,20.555555555555557,79,1,1,0
2021-11-28 02:00:00,1374.2783927574499,20.555555555555557,79,1,1,0
2021-11-28 03:00:00,1362.4311652336787,27.22222222222222,38,1,1,0
2021-11-28 04:00:00,1362.4311652336787,27.22222222222222,38,1,1,0
2021-11-28 05:00:00,1400.2764753790586,27.22222222222222,38,1,1,0
2021-11-28 06:00:00,1800.7785836132102,29.444444444444443,28,1,1,0
2021-11-28 07:00:00,1950.8434655809776,29.444444444444443,28,1,1,0
2021-11-28 08:00:00,2214.115188331447,29.444444444444443,28,1,1,0
2021-11-28 09:00:00,2288.4894500084547,27.22222222222222,44,1,1,0
2021-11-28 10:00:00,2195.027988432038,27.22222222222222,44,1,1,0
2021-11-28 11:00:00,2138.260023213968,27.22222222222222,44,1,1,0
2021-11-28 12:00:00,2024.7240927778282,22.77777777777778,72,1,1,0
2021-11-28 13:00:00,2024.7240927778282,22.77777777777778,72,1,1,0
2021-11-28 14:00:00,2024.7240927778282,22.77777777777778,72,1,1,0
2021-11-28 15:00:00,2081.492057995898,22.77777777777778,76,1,1,0
2021-11-28 16:00:00,2138.260023213968,22.77777777777778,76,1,1,0
2021-11-28 17:00:00,1570.5803710332686,22.77777777777778,76,1,1,0
2021-11-28 18:00:00,1565.15039175154,20.0,92,1,1,0
2021-11-28 19:00:00,1145.2319939645415,20.0,92,1,1,0
2021-11-28 20:00:00,1107.0575941657235,20.0,92,1,1,0
2021-11-28 21:00:00,1030.7087945680873,21.666666666666668,82,1,1,0
2021-11-28 22:00:00,916.1855951716332,21.666666666666668,82,1,1,0
2021-11-28 23:00:00,847.0767679496349,21.666666666666668,82,1,1,0
2021-11-29 00:00:00,1316.4140393781888,22.77777777777778,59,0,1,0
2021-11-29 01:00:00,1316.4140393781888,22.77777777777778,59,0,1,0
2021-11-29 02:00:00,1305.0656424869976,22.77777777777778,59,0,1,0
2021-11-29 03:00:00,1305.0656424869976,26.11111111111111,47,0,1,0
2021-11-29 04:00:00,1329.6538357512454,26.11111111111111,47,0,1,0
2021-11-29 05:00:00,1329.6538357512454,26.11111111111111,47,0,1,0
2021-11-29 06:00:00,1656.3930962434613,27.77777777777778,36,0,1,0
2021-11-29 07:00:00,1727.6358100603843,27.77777777777778,36,0,1,0
2021-11-29 08:00:00,1886.670983160551,27.77777777777778,36,0,1,0
2021-11-29 09:00:00,1886.670983160551,26.666666666666668,47,0,1,0
2021-11-29 10:00:00,1794.4652584196217,26.666666666666668,47,0,1,0
2021-11-29 11:00:00,1794.4652584196217,26.666666666666668,47,0,1,0
2021-11-29 12:00:00,1794.4652584196217,23.88888888888889,67,0,1,0
2021-11-29 13:00:00,1794.4652584196217,23.88888888888889,67,0,1,0
2021-11-29 14:00:00,1866.9689052244548,23.88888888888889,67,0,1,0
2021-11-29 15:00:00,1866.9689052244548,22.22222222222222,74,0,1,0
2021-11-29 16:00:00,1758.213435017205,22.22222222222222,74,0,1,0
2021-11-29 17:00:00,1755.2187191709183,22.22222222222222,74,0,1,0
2021-11-29 18:00:00,1133.5787561312181,22.22222222222222,80,0,1,0
2021-11-29 19:00:00,1097.011699481824,22.22222222222222,80,0,1,0
2021-11-29 20:00:00,1060.44464283243,22.22222222222222,80,0,1,0
2021-11-29 21:00:00,987.3105295336417,22.22222222222222,89,0,1,0
2021-11-29 22:00:00,877.6093595854592,22.22222222222222,89,0,1,0
2021-11-29 23:00:00,811.4103777201767,22.22222222222222,89,0,1,0
2021-11-30 00:00:00,1556.039804503728,23.333333333333332,51,0,1,0
2021-11-30 01:00:00,1556.039804503728,23.333333333333332,51,0,1,0
2021-11-30 02:00:00,1556.039804503728,23.333333333333332,51,0,1,0
2021-11-30 03:00:00,1556.039804503728,28.333333333333332,35,0,1,0
2021-11-30 04:00:00,1542.509023595,28.333333333333332,35,0,1,0
2021-11-30 05:00:00,1528.978242686272,28.333333333333332,35,0,1,0
2021-11-30 06:00:00,1854.683468846369,29.444444444444443,30,0,1,0
2021-11-30 07:00:00,2020.435534978288,29.444444444444443,30,0,1,0
2021-11-30 08:00:00,2056.6786981266664,29.444444444444443,30,0,1,0
2021-11-30 09:00:00,2056.6786981266664,26.666666666666668,35,0,1,0
2021-11-30 10:00:00,2056.6786981266664,26.666666666666668,35,0,1,0
2021-11-30 11:00:00,2148.8168728861006,26.666666666666668,35,0,1,0
2021-11-30 12:00:00,1982.0983224035583,22.77777777777778,71,0,1,0
2021-11-30 13:00:00,1946.4994821555952,22.77777777777778,71,0,1,0
2021-11-30 14:00:00,2056.6786981266664,22.77777777777778,71,0,1,0
2021-11-30 15:00:00,2167.34115627305,21.11111111111111,74,0,1,0
2021-11-30 16:00:00,1964.8626848174404,21.11111111111111,74,0,1,0
2021-11-30 17:00:00,1905.907139429411,21.11111111111111,74,0,1,0
2021-11-30 18:00:00,1158.492574947289,21.666666666666668,80,0,1,0
2021-11-30 19:00:00,1159.4590592979125,21.666666666666668,80,0,1,0
2021-11-30 20:00:00,1065.0657543870236,21.666666666666668,80,0,1,0
2021-11-30 21:00:00,934.2682056026523,19.444444444444443,88,0,1,0
2021-11-30 22:00:00,829.2435728349059,19.444444444444443,88,0,1,0
2021-11-30 23:00:00,829.2435728349059,19.444444444444443,88,0,1,0
2021-12-01 00:00:00,1421.681159258995,21.666666666666668,76,0,1,0
2021-12-01 01:00:00,1421.681159258995,21.666666666666668,76,0,1,0
2021-12-01 02:00:00,1421.681159258995,21.666666666666668,76,0,1,0
2021-12-01 03:00:00,1421.681159258995,27.77777777777778,40,0,1,0
2021-12-01 04:00:00,1421.681159258995,27.77777777777778,40,0,1,0
2021-12-01 05:00:00,1556.1645121618728,27.77777777777778,40,0,1,0
2021-12-01 06:00:00,1959.6145708705062,29.444444444444443,30,0,1,0
2021-12-01 07:00:00,2151.7336464460464,29.444444444444443,30,0,1,0
2021-12-01 08:00:00,2227.278774468971,29.444444444444443,30,0,1,0
2021-12-01 09:00:00,2338.6427131924193,27.22222222222222,40,0,1,0
2021-12-01 10:00:00,2468.5673083697757,27.22222222222222,40,0,1,0
2021-12-01 11:00:00,2338.6427131924193,27.22222222222222,40,0,1,0
2021-12-01 12:00:00,2097.028553739791,22.77777777777778,76,0,1,0
2021-12-01 13:00:00,2321.7101844976255,22.77777777777778,76,0,1,0
2021-12-01 14:00:00,2208.7181180150624,22.77777777777778,76,0,1,0
2021-12-01 15:00:00,2078.7935228377055,21.666666666666668,87,0,1,0
2021-12-01 16:00:00,1834.899984522317,21.666666666666668,87,0,1,0
2021-12-01 17:00:00,1170.9494843553243,21.666666666666668,87,0,1,0
2021-12-01 18:00:00,1189.835766361055,20.0,84,0,1,0
2021-12-01 19:00:00,1152.0632023495932,20.0,84,0,1,0
2021-12-01 20:00:00,1019.8592283094758,20.0,84,0,1,0
2021-12-01 21:00:00,1000.9729463037448,19.444444444444443,94,0,1,0
2021-12-01 22:00:00,868.7689722636276,19.444444444444443,94,0,1,0
2021-12-01 23:00:00,830.9964082521655,19.444444444444443,94,0,1,0
2021-12-02 00:00:00,1412.4527925562677,20.555555555555557,91,0,1,0
2021-12-02 01:00:00,1412.4527925562677,20.555555555555557,91,0,1,0
2021-12-02 02:00:00,1412.4527925562677,20.555555555555557,91,0,1,0
2021-12-02 03:00:00,1475.9670956698187,25.555555555555557,61,0,1,0
2021-12-02 04:00:00,1475.9670956698187,25.555555555555557,61,0,1,0
2021-12-02 05:00:00,1688.2299221373844,25.555555555555557,61,0,1,0
2021-12-02 06:00:00,1916.6181416234165,28.88888888888889,40,0,1,0
2021-12-02 07:00:00,2289.641263795488,28.88888888888889,40,0,1,0
2021-12-02 08:00:00,2213.950643504728,28.88888888888889,40,0,1,0
2021-12-02 09:00:00,2138.260023213968,27.22222222222222,45,0,1,0
2021-12-02 10:00:00,2176.1053333593477,27.22222222222222,45,0,1,0
2021-12-02 11:00:00,2328.638387727901,27.22222222222222,45,0,1,0
2021-12-02 12:00:00,2268.4149811487314,24.444444444444443,67,0,1,0
2021-12-02 13:00:00,2231.2278503102275,24.444444444444443,67,0,1,0
2021-12-02 14:00:00,2194.0407194717236,24.444444444444443,67,0,1,0
2021-12-02 15:00:00,2194.0407194717236,22.77777777777778,83,0,1,0
2021-12-02 16:00:00,2138.260023213968,22.77777777777778,83,0,1,0
2021-12-02 17:00:00,1952.3243690214495,22.77777777777778,83,0,1,0
2021-12-02 18:00:00,1202.4935936627685,20.555555555555557,95,0,1,0
2021-12-02 19:00:00,1145.2319939645415,20.555555555555557,95,0,1,0
2021-12-02 20:00:00,1030.7087945680873,20.555555555555557,95,0,1,0
2021-12-02 21:00:00,973.4471948698603,21.11111111111111,93,0,1,0
2021-12-02 22:00:00,878.0111953728151,21.11111111111111,93,0,1,0
2021-12-02 23:00:00,839.836795573997,21.11111111111111,93,0,1,0
2021-12-03 00:00:00,1492.0162784527517,22.77777777777778,81,0,1,0
2021-12-03 01:00:00,1492.0162784527517,22.77777777777778,81,0,1,0
2021-12-03 02:00:00,1492.0162784527517,22.77777777777778,81,0,1,0
2021-12-03 03:00:00,1492.0162784527517,26.666666666666668,59,0,1,0
2021-12-03 04:00:00,1610.2183537644823,26.666666666666668,59,0,1,0
2021-12-03 05:00:00,1710.9994620536852,26.666666666666668,59,0,1,0
2021-12-03 06:00:00,1931.7735861896447,30.0,41,0,1,0
2021-12-03 07:00:00,2208.7181180150624,30.0,41,0,1,0
2021-12-03 08:00:00,2338.6427131924193,30.0,41,0,1,0
2021-12-03 09:00:00,2245.839430922879,26.666666666666668,56,0,1,0
2021-12-03 10:00:00,2396.6040614169037,26.666666666666668,56,0,1,0
2021-12-03 11:00:00,2301.521400284603,26.666666666666668,56,0,1,0
2021-12-03 12:00:00,2359.1571229572646,22.77777777777778,79,0,1,0
2021-12-03 13:00:00,2321.7101844976255,22.77777777777778,79,0,1,0
2021-12-03 14:00:00,2284.2632460379864,22.77777777777778,79,0,1,0
2021-12-03 15:00:00,2338.6427131924193,21.11111111111111,85,0,1,0
2021-12-03 16:00:00,2246.8163075783473,21.11111111111111,85,0,1,0
2021-12-03 17:00:00,2133.498615543961,21.11111111111111,85,0,1,0
2021-12-03 18:00:00,1170.9494843553243,22.22222222222222,86,0,1,0
2021-12-03 19:00:00,1170.9494843553243,22.22222222222222,86,0,1,0
2021-12-03 20:00:00,1019.8592283094758,22.22222222222222,86,0,1,0
2021-12-03 21:00:00,914.3565495188403,19.444444444444443,92,0,1,0
2021-12-03 22:00:00,838.1601703922704,19.444444444444443,92,0,1,0
2021-12-03 23:00:00,838.1601703922704,19.444444444444443,92,0,1,0
2021-12-04 00:00:00,1397.5848684240966,21.666666666666668,82,0,1,0
2021-12-04 01:00:00,1397.5848684240966,21.666666666666668,82,0,1,0
2021-12-04 02:00:00,1397.5848684240966,21.666666666666668,82,0,1,0
2021-12-04 03:00:00,1397.5848684240966,21.666666666666668,82,0,1,0
2021-12-04 04:00:00,1460.430599925926,21.666666666666668,82,0,1,0
2021-12-04 05:00:00,1813.0830725501794,28.88888888888889,31,0,1,0
2021-12-04 06:00:00,2153.036148653338,28.88888888888889,31,0,1,0
2021-12-04 07:00:00,2301.521400284603,28.88888888888889,31,0,1,0
2021-12-04 08:00:00,2415.327530646723,28.88888888888889,31,0,1,0
2021-12-04 09:00:00,2321.7101844976255,27.22222222222222,40,0,1,0
2021-12-04 10:00:00,2301.521400284603,27.22222222222222,40,0,1,0
2021-12-04 11:00:00,2359.1571229572646,27.22222222222222,40,0,1,0
2021-12-04 12:00:00,2452.7744691063626,22.22222222222222,76,0,1,0
2021-12-04 13:00:00,2434.050999876543,22.22222222222222,76,0,1,0
2021-12-04 14:00:00,2431.4459954619592,22.22222222222222,76,0,1,0
2021-12-04 15:00:00,2487.1279648236837,20.555555555555557,85,0,1,0
2021-12-04 16:00:00,2284.2632460379864,20.555555555555557,85,0,1,0
2021-12-04 17:00:00,2190.6458998888884,20.555555555555557,85,0,1,0
2021-12-04 18:00:00,1181.0438764618355,20.0,88,0,1,0
2021-12-04 19:00:00,952.4547390821253,20.0,88,0,1,0
2021-12-04 20:00:00,1047.700212990338,20.0,88,0,1,0
2021-12-04 21:00:00,952.4547390821253,20.0,88,0,1,0
2021-12-04 22:00:00,838.1601703922704,20.0,88,0,1,0
2021-12-04 23:00:00,838.1601703922704,21.666666666666668,89,0,1,0
2021-12-05 00:00:00,1397.5848684240966,21.666666666666668,89,1,1,0
2021-12-05 01:00:00,1397.5848684240966,21.666666666666668,89,1,1,0
2021-12-05 02:00:00,1397.5848684240966,21.666666666666668,89,1,1,0
2021-12-05 03:00:00,1385.5367230066474,27.22222222222222,48,1,1,0
2021-12-05 04:00:00,1484.8525163126471,27.22222222222222,48,1,1,0
2021-12-05 05:00:00,1710.9994620536852,27.22222222222222,48,1,1,0
2021-12-05 06:00:00,1896.4432138168543,29.444444444444443,32,1,1,0
2021-12-05 07:00:00,2078.7935228377055,29.444444444444443,32,1,1,0
2021-12-05 08:00:00,2579.931247093224,29.444444444444443,32,1,1,0
2021-12-05 09:00:00,2704.4830206655024,27.77777777777778,44,1,1,0
2021-12-05 10:00:00,2778.0743953774886,27.77777777777778,44,1,1,0
2021-12-05 11:00:00,2778.0743953774886,27.77777777777778,44,1,1,0
2021-12-05 12:00:00,2709.855842270581,22.77777777777778,81,1,1,0
2021-12-05 13:00:00,2583.8387537150993,22.77777777777778,81,1,1,0
2021-12-05 14:00:00,2583.8387537150993,22.77777777777778,81,1,1,0
2021-12-05 15:00:00,2579.931247093224,21.11111111111111,87,1,1,0
2021-12-05 16:00:00,2246.8163075783473,21.11111111111111,87,1,1,0
2021-12-05 17:00:00,2228.581276676262,21.11111111111111,87,1,1,0
2021-12-05 18:00:00,1181.0438764618355,21.11111111111111,87,1,1,0
2021-12-05 19:00:00,1104.8474973352654,19.444444444444443,90,1,1,0
2021-12-05 20:00:00,1047.700212990338,19.444444444444443,90,1,1,0
2021-12-05 21:00:00,952.4547390821253,19.444444444444443,90,1,1,0
2021-12-05 22:00:00,838.1601703922704,19.444444444444443,90,1,1,0
2021-12-05 23:00:00,838.1601703922704,19.444444444444443,90,1,1,0
2021-12-06 00:00:00,1570.5803710332686,22.22222222222222,84,0,1,0
2021-12-06 01:00:00,1570.5803710332686,22.22222222222222,84,0,1,0
2021-12-06 02:00:00,1570.5803710332686,22.22222222222222,84,0,1,0
2021-12-06 03:00:00,1570.5803710332686,28.333333333333332,56,0,1,0
2021-12-06 04:00:00,1669.4718118914136,28.333333333333332,56,0,1,0
2021-12-06 05:00:00,1824.4730386607523,28.333333333333332,56,0,1,0
2021-12-06 06:00:00,2156.1954093263435,30.555555555555557,39,0,1,0
2021-12-06 07:00:00,2324.195677406487,30.555555555555557,39,0,1,0
2021-12-06 08:00:00,2432.6307182143364,30.555555555555557,39,0,1,0
2021-12-06 09:00:00,2379.9763736642426,27.77777777777778,55,0,1,0
2021-12-06 10:00:00,2395.7726770292707,27.77777777777778,55,0,1,0
2021-12-06 11:00:00,2438.554331976222,27.77777777777778,55,0,1,0
2021-12-06 12:00:00,2326.0056705003967,22.77777777777778,78,0,1,0
2021-12-06 13:00:00,2288.4894500084547,22.77777777777778,78,0,1,0
2021-12-06 14:00:00,2288.4894500084547,22.77777777777778,78,0,1,0
2021-12-06 15:00:00,2305.602111987235,21.11111111111111,83,0,1,0
2021-12-06 16:00:00,2175.9407885326286,21.11111111111111,83,0,1,0
2021-12-06 17:00:00,2116.3755612603354,21.11111111111111,83,0,1,0
2021-12-06 18:00:00,1174.356428293812,20.0,90,0,1,0
2021-12-06 19:00:00,1174.356428293812,20.0,90,0,1,0
2021-12-06 20:00:00,973.4471948698603,20.0,90,0,1,0
2021-12-06 21:00:00,935.2727950710422,18.88888888888889,92,0,1,0
2021-12-06 22:00:00,839.836795573997,18.88888888888889,92,0,1,0
2021-12-06 23:00:00,832.5968231983592,18.88888888888889,92,0,1,0
2021-12-07 00:00:00,1280.6852953196578,21.666666666666668,89,0,1,0
2021-12-07 01:00:00,1280.6852953196578,21.666666666666668,89,0,1,0
2021-12-07 02:00:00,1280.6852953196578,21.666666666666668,89,0,1,0
2021-12-07 03:00:00,1280.6852953196578,27.22222222222222,52,0,1,0
2021-12-07 04:00:00,1447.7312034048307,27.22222222222222,52,0,1,0
2021-12-07 05:00:00,1651.8984243978198,27.22222222222222,52,0,1,0
2021-12-07 06:00:00,2443.494140879408,28.88888888888889,37,0,1,0
2021-12-07 07:00:00,2625.84444990026,28.88888888888889,37,0,1,0
2021-12-07 08:00:00,2789.7969152431147,28.88888888888889,37,0,1,0
2021-12-07 09:00:00,2621.2856921747384,27.22222222222222,44,0,1,0
2021-12-07 10:00:00,2696.1795690940166,27.22222222222222,44,0,1,0
2021-12-07 11:00:00,2579.931247093224,27.22222222222222,44,0,1,0
2021-12-07 12:00:00,2662.965762808076,22.77777777777778,79,0,1,0
2021-12-07 13:00:00,2479.9642026835786,22.77777777777778,79,0,1,0
2021-12-07 14:00:00,2207.741241359594,22.77777777777778,79,0,1,0
2021-12-07 15:00:00,2407.024079075238,21.11111111111111,89,0,1,0
2021-12-07 16:00:00,2621.2856921747384,21.11111111111111,89,0,1,0
2021-12-07 17:00:00,2323.989563360386,21.11111111111111,89,0,1,0
2021-12-07 18:00:00,1161.994781680193,19.444444444444443,90,0,1,0
2021-12-07 19:00:00,1152.0632023495932,19.444444444444443,90,0,1,0
2021-12-07 20:00:00,963.2003822922828,19.444444444444443,90,0,1,0
2021-12-07 21:00:00,925.4278182808206,19.444444444444443,94,0,1,0
2021-12-07 22:00:00,830.9964082521655,19.444444444444443,94,0,1,0
2021-12-07 23:00:00,823.8326461120607,19.444444444444443,94,0,1,0
2021-12-08 00:00:00,1542.509023595,21.11111111111111,89,0,1,0
2021-12-08 01:00:00,1542.509023595,21.11111111111111,89,0,1,0
2021-12-08 02:00:00,1542.509023595,21.11111111111111,89,0,1,0
2021-12-08 03:00:00,1542.509023595,26.666666666666668,50,0,1,0
2021-12-08 04:00:00,1601.7867304332374,26.666666666666668,50,0,1,0
2021-12-08 05:00:00,1804.1041211637423,26.666666666666668,50,0,1,0
2021-12-08 06:00:00,2222.9140064338967,29.444444444444443,30,0,1,0
2021-12-08 07:00:00,2515.7587646727975,29.444444444444443,30,0,1,0
2021-12-08 08:00:00,2515.7587646727975,29.444444444444443,30,0,1,0
2021-12-08 09:00:00,2445.205407077287,27.77777777777778,36,0,1,0
2021-12-08 10:00:00,2408.1568403033884,27.77777777777778,36,0,1,0
2021-12-08 11:00:00,2371.1082735294904,27.77777777777778,36,0,1,0
2021-12-08 12:00:00,2391.72660634279,23.333333333333332,78,0,1,0
2021-12-08 13:00:00,2350.48994071619,23.333333333333332,78,0,1,0
2021-12-08 14:00:00,2387.2163460398806,23.333333333333332,78,0,1,0
2021-12-08 15:00:00,2332.126738054345,21.11111111111111,87,0,1,0
2021-12-08 16:00:00,2316.985149894578,21.11111111111111,87,0,1,0
2021-12-08 17:00:00,2242.888016346781,21.11111111111111,87,0,1,0
2021-12-08 18:00:00,1168.479579903731,20.0,92,0,1,0
2021-12-08 19:00:00,1111.94024539226,20.0,92,0,1,0
2021-12-08 20:00:00,980.0151315321616,20.0,92,0,1,0
2021-12-08 21:00:00,923.4757970206906,20.555555555555557,92,0,1,0
2021-12-08 22:00:00,840.8413850423872,20.555555555555557,92,0,1,0
2021-12-08 23:00:00,822.1560209303341,20.555555555555557,92,0,1,0
2021-12-09 00:00:00,1471.4256584523732,22.77777777777778,84,0,1,0
2021-12-09 01:00:00,1471.4256584523732,22.77777777777778,84,0,1,0
2021-12-09 02:00:00,1471.4256584523732,22.77777777777778,84,0,1,0
2021-12-09 03:00:00,1471.4256584523732,27.77777777777778,58,0,1,0
2021-12-09 04:00:00,1728.6144187666607,27.77777777777778,58,0,1,0
2021-12-09 05:00:00,1981.022718852058,27.77777777777778,58,0,1,0
2021-12-09 06:00:00,2235.661900377604,30.555555555555557,45,0,1,0
2021-12-09 07:00:00,2452.376097420622,30.555555555555557,45,0,1,0
2021-12-09 08:00:00,2418.912875818391,30.555555555555557,45,0,1,0
2021-12-09 09:00:00,2382.2626807302336,27.22222222222222,51,0,1,0
2021-12-09 10:00:00,2382.2626807302336,27.22222222222222,51,0,1,0
2021-12-09 11:00:00,1814.1846568637934,27.22222222222222,51,0,1,0
2021-12-09 12:00:00,2513.8846856990076,23.88888888888889,70,0,1,0
2021-12-09 13:00:00,2181.1646537682564,23.88888888888889,70,0,1,0
2021-12-09 14:00:00,2366.009115952007,23.88888888888889,70,0,1,0
2021-12-09 15:00:00,2439.9469008255073,21.666666666666668,87,0,1,0
2021-12-09 16:00:00,2272.312095465761,21.666666666666668,87,0,1,0
2021-12-09 17:00:00,2011.9363616655473,21.666666666666668,87,0,1,0
2021-12-09 18:00:00,1137.271488452955,20.555555555555557,90,0,1,0
2021-12-09 19:00:00,1099.9838986676123,20.555555555555557,90,0,1,0
2021-12-09 20:00:00,977.7634654823221,20.555555555555557,90,0,1,0
2021-12-09 21:00:00,921.3540347814188,20.0,92,0,1,0
2021-12-09 22:00:00,827.3383169465802,20.0,92,0,1,0
2021-12-09 23:00:00,827.3383169465802,20.0,92,0,1,0
2021-12-10 00:00:00,1676.3203407845408,21.666666666666668,91,0,1,0
2021-12-10 01:00:00,1676.3203407845408,21.666666666666668,91,0,1,0
2021-12-10 02:00:00,1676.3203407845408,21.666666666666668,91,0,1,0
2021-12-10 03:00:00,1661.992816504331,26.11111111111111,72,0,1,0
2021-12-10 04:00:00,1756.4242265329863,26.11111111111111,72,0,1,0
2021-12-10 05:00:00,1928.5173306714148,26.11111111111111,72,0,1,0
2021-12-10 06:00:00,2357.2033696463272,27.22222222222222,54,0,1,0
2021-12-10 07:00:00,2561.3705906393157,27.22222222222222,54,0,1,0
2021-12-10 08:00:00,2617.0525600010405,27.22222222222222,54,0,1,0
2021-12-10 09:00:00,2568.5343527794207,26.11111111111111,57,0,1,0
2021-12-10 10:00:00,2546.3918152554606,26.11111111111111,57,0,1,0
2021-12-10 11:00:00,2471.497938336182,26.11111111111111,57,0,1,0
2021-12-10 12:00:00,2455.2166607450345,22.77777777777778,86,0,1,0
2021-12-10 13:00:00,2455.2166607450345,22.77777777777778,86,0,1,0
2021-12-10 14:00:00,2334.0839554668974,22.77777777777778,86,0,1,0
2021-12-10 15:00:00,2323.989563360386,21.11111111111111,91,0,1,0
2021-12-10 16:00:00,2247.793184233816,21.11111111111111,91,0,1,0
2021-12-10 17:00:00,2169.9686773481317,21.11111111111111,91,0,1,0
2021-12-10 18:00:00,1161.994781680193,21.11111111111111,91,0,1,0
2021-12-10 19:00:00,1123.896592116908,20.0,94,0,1,0
2021-12-10 20:00:00,1066.7493077719805,20.0,94,0,1,0
2021-12-10 21:00:00,960.5953778776992,20.0,94,0,1,0
2021-12-10 22:00:00,864.5358400899293,20.0,94,0,1,0
2021-12-10 23:00:00,845.3239325323754,20.0,94,0,1,0
2021-12-11 00:00:00,1640.6539505550827,20.555555555555557,96,0,1,0
2021-12-11 01:00:00,1640.6539505550827,20.555555555555557,96,0,1,0
2021-12-11 02:00:00,1677.9415403404253,20.555555555555557,96,0,1,0
2021-12-11 03:00:00,1700.5690520905052,27.77777777777778,49,0,1,0
2021-12-11 04:00:00,1725.7461426293266,27.77777777777778,49,0,1,0
2021-12-11 05:00:00,1908.678420721521,27.77777777777778,49,0,1,0
2021-12-11 06:00:00,2125.7113151131316,30.0,36,0,1,0
2021-12-11 07:00:00,2498.5872129665595,30.0,36,0,1,0
2021-12-11 08:00:00,2498.5872129665595,30.0,36,0,1,0
2021-12-11 09:00:00,2557.227525107611,26.11111111111111,44,0,1,0
2021-12-11 10:00:00,2840.3901193322017,26.11111111111111,44,0,1,0
2021-12-11 11:00:00,2809.6358251930087,26.11111111111111,44,0,1,1
2021-12-11 12:00:00,2717.2135941011334,21.666666666666668,76,0,1,1
2021-12-11 13:00:00,2670.3650838580106,21.666666666666668,76,0,1,0
2021-12-11 14:00:00,2815.6910748162695,21.666666666666668,76,0,1,0
2021-12-11 15:00:00,2815.6910748162695,20.555555555555557,81,0,1,0
2021-12-11 16:00:00,2652.199334988228,20.555555555555557,81,0,1,0
2021-12-11 17:00:00,2519.621237973676,20.555555555555557,81,0,1,0
2021-12-11 18:00:00,1137.271488452955,20.555555555555557,94,0,1,0
2021-12-11 19:00:00,1099.9838986676123,20.555555555555557,94,0,1,0
2021-12-11 20:00:00,1044.052513989598,20.555555555555557,94,0,1,0
2021-12-11 21:00:00,940.1571783483865,18.333333333333332,92,0,1,0
2021-12-11 22:00:00,846.1414605135479,18.333333333333332,92,0,1,0
2021-12-11 23:00:00,827.3383169465802,18.333333333333332,92,0,1,0
2021-12-12 00:00:00,1915.3017830096642,20.0,94,1,1,0
2021-12-12 01:00:00,1915.3017830096642,20.0,94,1,1,0
2021-12-12 02:00:00,1915.3017830096642,20.0,94,1,1,0
2021-12-12 03:00:00,1915.3017830096642,27.77777777777778,46,1,1,0
2021-12-12 04:00:00,1994.6019971833978,27.77777777777778,46,1,1,0
2021-12-12 05:00:00,2051.0529971036826,27.77777777777778,46,1,1,0
2021-12-12 06:00:00,2672.013996226816,29.444444444444443,38,1,1,0
2021-12-12 07:00:00,3208.4665043978566,29.444444444444443,38,1,1,0
2021-12-12 08:00:00,3246.436522201381,29.444444444444443,38,1,1,0
2021-12-12 09:00:00,3170.4964865943316,25.555555555555557,44,1,1,0
2021-12-12 10:00:00,3170.4964865943316,25.555555555555557,44,1,1,0
2021-12-12 11:00:00,3064.482852815463,25.555555555555557,44,1,1,0
2021-12-12 12:00:00,2719.7285318737236,20.0,78,1,1,0
2021-12-12 13:00:00,2936.796067281485,20.0,78,1,1,0
2021-12-12 14:00:00,2604.8104248931436,20.0,78,1,1,0
2021-12-12 15:00:00,1461.6776765073753,18.333333333333332,84,1,1,0
2021-12-12 16:00:00,2589.01758562973,18.333333333333332,84,1,1,0
2021-12-12 17:00:00,2260.056103951404,18.333333333333332,84,1,1,0
2021-12-12 18:00:00,1218.7367661361495,19.444444444444443,88,1,1,0
2021-12-12 19:00:00,1169.3421412059001,19.444444444444443,88,1,1,0
2021-12-12 20:00:00,1070.5528913454018,19.444444444444443,88,1,1,0
2021-12-12 21:00:00,963.19518613986,16.666666666666668,93,1,1,0
2021-12-12 22:00:00,864.9099630643641,16.666666666666668,93,1,1,0
2021-12-12 23:00:00,864.9099630643641,16.666666666666668,93,1,1,0
2021-12-13 00:00:00,1539.6338192544354,19.444444444444443,94,0,1,0
2021-12-13 01:00:00,1539.6338192544354,19.444444444444443,94,0,1,0
2021-12-13 02:00:00,1539.6338192544354,19.444444444444443,94,0,1,0
2021-12-13 03:00:00,1570.547462067925,24.444444444444443,44,0,1,0
2021-12-13 04:00:00,1570.547462067925,24.444444444444443,44,0,1,0
2021-12-13 05:00:00,1951.4237026015132,24.444444444444443,44,0,1,0
2021-12-13 06:00:00,2822.549996014242,27.77777777777778,30,0,1,0
2021-12-13 07:00:00,3323.2166024501016,27.77777777777778,30,0,1,0
2021-12-13 08:00:00,3303.895575691671,27.77777777777778,30,0,1,0
2021-12-13 09:00:00,3430.0702808706405,26.11111111111111,40,0,1,0
2021-12-13 10:00:00,3508.026423617701,26.11111111111111,40,0,1,0
2021-12-13 11:00:00,3332.6251024368157,26.11111111111111,40,0,1,0
2021-12-13 12:00:00,3176.712816942696,21.11111111111111,80,0,1,0
2021-12-13 13:00:00,3014.0801743152088,21.11111111111111,80,0,1,0
2021-12-13 14:00:00,2845.3992102676903,21.11111111111111,80,0,1,0
2021-12-13 15:00:00,2611.5307820265107,19.444444444444443,88,0,1,0
2021-12-13 16:00:00,2437.473532272299,19.444444444444443,88,0,1,0
2021-12-13 17:00:00,2339.3563181251375,19.444444444444443,88,0,1,0
2021-12-13 18:00:00,1218.7367661361495,17.22222222222222,91,0,1,0
2021-12-13 19:00:00,1130.3640698323702,17.22222222222222,91,0,1,0
2021-12-13 20:00:00,1032.9188913985452,17.22222222222222,91,0,1,0
2021-12-13 21:00:00,963.19518613986,17.77777777777778,94,0,1,0
2021-12-13 22:00:00,884.5670076794634,17.77777777777778,94,0,1,0
2021-12-13 23:00:00,857.5175702176601,17.77777777777778,94,0,1,0
2021-12-14 00:00:00,1562.337541240048,18.88888888888889,94,0,1,0
2021-12-14 01:00:00,1562.337541240048,18.88888888888889,94,0,1,0
2021-12-14 02:00:00,1562.337541240048,18.88888888888889,94,0,1,0
2021-12-14 03:00:00,1535.4006870807373,25.0,47,0,1,0
2021-12-14 04:00:00,1691.0358444456463,25.0,47,0,1,0
2021-12-14 05:00:00,2085.7771516938233,25.0,47,0,1,0
2021-12-14 06:00:00,2756.205521881124,27.77777777777778,39,0,1,0
2021-12-14 07:00:00,3453.2381924726824,27.77777777777778,39,0,1,0
2021-12-14 08:00:00,3669.065579502225,27.77777777777778,39,0,1,0
2021-12-14 09:00:00,3594.906092125356,25.0,50,0,1,0
2021-12-14 10:00:00,3529.725556134924,25.0,50,0,1,0
2021-12-14 11:00:00,3633.1497739564766,25.0,50,0,1,0
2021-12-14 12:00:00,3529.725556134924,18.88888888888889,75,0,1,0
2021-12-14 13:00:00,3193.347432898587,18.88888888888889,75,0,1,1
2021-12-14 14:00:00,3346.1558833455438,18.88888888888889,75,0,1,0
2021-12-14 15:00:00,3457.2288375333214,18.333333333333332,84,0,1,0
2021-12-14 16:00:00,2606.888885862226,18.333333333333332,84,0,1,1
2021-12-14 17:00:00,2431.799333826703,18.333333333333332,84,0,1,0
2021-12-14 18:00:00,1166.4322958491846,18.333333333333332,92,0,1,0
2021-12-14 19:00:00,1109.0667731025035,18.333333333333332,92,0,1,0
2021-12-14 20:00:00,1013.4575685247014,18.333333333333332,92,0,1,0
2021-12-14 21:00:00,936.9702048624598,16.666666666666668,93,0,1,0
2021-12-14 22:00:00,841.3610002846577,16.666666666666668,93,0,1,0
2021-12-14 23:00:00,841.3610002846577,16.666666666666668,93,0,1,0
2021-12-15 00:00:00,1676.0709254682508,17.77777777777778,94,0,1,0
2021-12-15 01:00:00,1676.0709254682508,17.77777777777778,94,0,1,0
2021-12-15 02:00:00,1676.0709254682508,17.77777777777778,94,0,1,0
2021-12-15 03:00:00,1676.0709254682508,23.333333333333332,45,0,1,0
2021-12-15 04:00:00,1843.678018015076,23.333333333333332,45,0,1,0
2021-12-15 05:00:00,2309.2532750895903,23.333333333333332,45,0,1,0
2021-12-15 06:00:00,3333.5188406535212,26.666666666666668,30,0,1,0
2021-12-15 07:00:00,3488.3226136307976,26.666666666666668,30,0,1,0
2021-12-15 08:00:00,3506.7793470362512,26.666666666666668,30,0,1,0
2021-12-15 09:00:00,3612.8639948982295,25.0,40,0,1,0
2021-12-15 10:00:00,3519.748943483327,25.0,40,0,1,0
2021-12-15 11:00:00,3556.9949640492882,25.0,40,0,1,0
2021-12-15 12:00:00,3513.596699014843,18.88888888888889,77,0,1,0
2021-12-15 13:00:00,3384.5658420541913,18.88888888888889,77,0,1,0
2021-12-15 14:00:00,3135.981910151906,18.88888888888889,77,0,1,0
2021-12-15 15:00:00,2989.6582579284873,16.666666666666668,87,0,1,0
2021-12-15 16:00:00,2801.432832568362,16.666666666666668,87,0,1,0
2021-12-15 17:00:00,2509.616912509158,16.666666666666668,87,0,1,0
2021-12-15 18:00:00,1195.863303171395,17.22222222222222,91,0,1,0
2021-12-15 19:00:00,1137.9989497921338,17.22222222222222,91,0,1,0
2021-12-15 20:00:00,1051.7012503558221,17.22222222222222,91,0,1,0
2021-12-16 00:00:00,1750.8955203552264,16.666666666666668,91,0,1,0
2021-12-16 01:00:00,1706.0007634230412,16.666666666666668,91,0,1,0
2021-12-16 02:00:00,1706.0007634230412,16.666666666666668,91,0,1,0
2021-12-16 03:00:00,1691.0358444456463,23.88888888888889,34,0,1,0
2021-12-16 04:00:00,1803.7715674086894,23.88888888888889,34,0,1,0
2021-12-16 05:00:00,2774.828532164104,23.88888888888889,34,0,1,0
2021-12-16 06:00:00,3047.5226113077483,27.22222222222222,24,0,1,0
2021-12-16 07:00:00,3645.4542628934455,27.22222222222222,24,0,1,0
2021-12-16 08:00:00,3968.6965128051797,27.22222222222222,24,0,1,0
2021-12-16 09:00:00,3810.068371644792,24.444444444444443,30,0,1,0
2021-12-16 10:00:00,3961.7128839490624,24.444444444444443,30,0,1,0
2021-12-16 11:00:00,3923.801755872995,24.444444444444443,30,0,1,0
2021-12-16 12:00:00,3829.0239356828256,19.444444444444443,55,0,1,0
2021-12-16 13:00:00,3904.5136380799077,19.444444444444443,55,0,1,0
2021-12-16 14:00:00,4027.0596968170203,19.444444444444443,55,0,1,0
2021-12-16 15:00:00,4260.512432864383,17.22222222222222,84,0,1,0
2021-12-16 16:00:00,3791.112807606758,17.22222222222222,84,0,1,0
2021-12-16 17:00:00,2824.379041667035,17.22222222222222,84,0,1,0
2021-12-17 00:00:00,1759.209364231557,17.77777777777778,92,0,1,0
2021-12-17 01:00:00,1759.209364231557,17.77777777777778,92,0,1,0
2021-12-17 02:00:00,1759.209364231557,17.77777777777778,92,0,1,0
2021-12-17 03:00:00,1876.6008397653452,25.555555555555557,38,0,1,0
2021-12-17 04:00:00,2141.9787362978186,25.555555555555557,38,0,1,0
2021-12-17 05:00:00,2681.7134807492016,25.555555555555557,38,0,1,0
2021-12-17 06:00:00,3513.596699014843,27.77777777777778,26,0,1,0
2021-12-17 07:00:00,3734.246115492657,27.77777777777778,26,0,1,0
2021-12-17 08:00:00,3961.7128839490624,27.77777777777778,26,0,1,0
2021-12-17 09:00:00,4094.401832215299,25.0,31,0,1,0
2021-12-17 10:00:00,3963.375652724329,25.0,31,0,1,0
2021-12-17 11:00:00,3961.7128839490624,25.0,31,0,1,0
2021-12-17 12:00:00,4053.8302740988056,20.0,71,0,1,0
2021-12-17 13:00:00,4159.582368205731,20.0,71,0,1,0
2021-12-17 14:00:00,3919.9773876898826,20.0,71,0,1,0
2021-12-17 15:00:00,3973.352265375925,17.22222222222222,79,0,1,0
2021-12-17 16:00:00,3813.0613554402707,17.22222222222222,79,0,1,0
2021-12-17 17:00:00,2854.641433376878,17.22222222222222,79,0,1,0
2021-12-17 18:00:00,1195.863303171395,16.11111111111111,90,0,1,0
2021-12-17 19:00:00,1206.1724695780447,16.11111111111111,90,0,1,0
2021-12-17 20:00:00,1050.537312213136,16.11111111111111,90,0,1,0
2021-12-18 00:00:00,1687.0451993850074,17.77777777777778,94,0,1,0
2021-12-18 01:00:00,1687.0451993850074,17.77777777777778,94,0,1,0
2021-12-18 02:00:00,1687.0451993850074,17.77777777777778,94,0,1,0
2021-12-18 03:00:00,1933.4675318794468,25.555555555555557,40,0,1,0
2021-12-18 04:00:00,2028.2453520696156,25.555555555555557,40,0,1,0
2021-12-18 05:00:00,3175.3895301257135,25.555555555555557,40,0,1,0
2021-12-18 06:00:00,3519.748943483327,28.333333333333332,34,0,1,0
2021-12-18 07:00:00,3896.199794203577,28.333333333333332,34,0,1,0
2021-12-18 08:00:00,4143.786064840702,28.333333333333332,34,0,1,0
2021-12-18 09:00:00,4015.5865922676844,24.444444444444443,32,0,1,0
2021-12-18 10:00:00,3996.464751352124,24.444444444444443,32,0,1,0
2021-12-18 11:00:00,4283.29236508553,24.444444444444443,32,0,1,0
2021-12-18 12:00:00,4113.357396253333,18.333333333333332,69,0,1,0
2021-12-18 13:00:00,4168.561319592168,18.333333333333332,69,0,1,0
2021-12-18 14:00:00,4056.490704139231,18.333333333333332,69,0,1,0
2021-12-18 15:00:00,3896.199794203577,17.22222222222222,75,0,1,0
2021-12-18 16:00:00,3610.2035648578044,17.22222222222222,75,0,1,0
2021-12-18 17:00:00,2873.929551169965,17.22222222222222,75,0,1,0
2021-12-19 00:00:00,2217.8009924499534,17.77777777777778,91,1,1,0
2021-12-19 01:00:00,2217.8009924499534,17.77777777777778,91,1,1,0
2021-12-19 02:00:00,2217.8009924499534,17.77777777777778,91,1,1,0
2021-12-19 03:00:00,2217.8009924499534,22.77777777777778,32,1,1,0
2021-12-19 04:00:00,2198.34659777934,22.77777777777778,32,1,1,0
2021-12-19 05:00:00,3054.1736864088125,22.77777777777778,32,1,1,0
2021-12-19 06:00:00,4163.240459511316,27.22222222222222,30,1,1,0
2021-12-19 07:00:00,4246.046344519569,27.22222222222222,30,1,1,0
2021-12-19 08:00:00,4378.402739030753,27.22222222222222,30,1,1,0
2021-12-19 09:00:00,4436.267092410013,24.444444444444443,33,1,1,0
2021-12-19 10:00:00,4208.135216443501,24.444444444444443,33,1,1,0
2021-12-19 11:00:00,4114.853888151072,24.444444444444443,33,1,1,0
2021-12-19 12:00:00,4246.046344519569,19.444444444444443,68,1,1,0
2021-12-19 13:00:00,4340.824164709738,19.444444444444443,68,1,1,0
2021-12-19 14:00:00,4056.490704139231,19.444444444444443,68,1,1,0
2021-12-19 15:00:00,3919.9773876898826,17.22222222222222,87,1,1,0
2021-12-19 16:00:00,3805.24634219652,17.22222222222222,87,1,1,0
2021-12-19 17:00:00,3640.7985103227006,17.22222222222222,87,1,1,0
2021-12-19 18:00:00,1167.2636802368177,16.11111111111111,89,1,1,0
2021-12-19 19:00:00,1089.4461015543632,16.11111111111111,89,1,1,0
2021-12-19 20:00:00,1069.9917068837494,16.11111111111111,89,1,1,0
2021-12-20 03:00:00,2388.401068792258,22.22222222222222,35,0,1,0
2021-12-20 04:00:00,2686.8680639525264,22.22222222222222,35,0,1,0
2021-12-20 05:00:00,3054.1736864088125,22.22222222222222,35,0,1,0
2021-12-20 06:00:00,3799.094097728035,25.555555555555557,29,0,1,0
2021-12-20 07:00:00,4357.784406217453,25.555555555555557,29,0,1,0
2021-12-20 08:00:00,4357.784406217453,25.555555555555557,29,0,1,0
2021-12-20 09:00:00,4190.177313670627,22.77777777777778,34,0,1,0
2021-12-20 10:00:00,4339.161395934471,22.77777777777778,34,0,1,0
2021-12-20 11:00:00,4377.9039083981725,22.77777777777778,34,0,1,0
2021-12-20 12:00:00,4015.5865922676844,16.11111111111111,59,0,1,0
2021-12-20 13:00:00,4151.2685243294,16.11111111111111,59,0,1,0
2021-12-20 14:00:00,4151.2685243294,16.11111111111111,59,0,1,0
2021-12-21 03:00:00,2342.7892428257387,22.22222222222222,35,0,1,0
2021-12-21 04:00:00,2635.349944732198,22.22222222222222,35,0,1,0
2021-12-21 05:00:00,3077.646438952986,22.22222222222222,35,0,1,0
2021-12-21 06:00:00,3830.2744763658907,26.11111111111111,23,0,1,0
2021-12-21 07:00:00,4257.103756875088,26.11111111111111,23,0,1,0
2021-12-21 08:00:00,4441.393962800417,26.11111111111111,23,0,1,0
2021-12-21 09:00:00,4533.539065763081,23.88888888888889,34,0,1,0
2021-12-21 10:00:00,4533.539065763081,23.88888888888889,34,0,1,0
2021-12-21 11:00:00,4388.081438943447,23.88888888888889,34,0,1,0
2021-12-21 12:00:00,4501.946459033025,16.11111111111111,65,0,1,0
2021-12-21 13:00:00,4237.358377668804,16.11111111111111,65,0,1,0
2021-12-21 14:00:00,4483.188348787055,16.11111111111111,65,0,1,0
2021-12-22 03:00:00,2218.133546205007,25.0,38,0,1,0
2021-12-22 04:00:00,2409.351955360611,25.0,38,0,1,0
2021-12-22 05:00:00,2810.9106145873793,25.0,38,0,1,0
2021-12-22 06:00:00,3682.7002834594077,28.333333333333332,32,0,1,0
2021-12-22 07:00:00,4300.418883470771,28.333333333333332,32,0,1,0
2021-12-22 08:00:00,4484.986217525311,28.333333333333332,32,0,1,0
2021-12-22 09:00:00,4320.538385651491,23.88888888888889,34,0,1,0
2021-12-22 10:00:00,4810.057513089838,23.88888888888889,34,0,1,0
2021-12-22 11:00:00,4549.33536912811,23.88888888888889,34,0,1,0
2021-12-22 12:00:00,848.6771828958287,16.11111111111111,67,0,1,0
2021-12-22 13:00:00,882.9302196663108,16.11111111111111,67,0,1,0
2021-12-22 14:00:00,4490.639631361216,16.11111111111111,67,0,1,0
2021-12-23 00:00:00,2232.215119270542,16.11111111111111,93,0,1,0
2021-12-23 01:00:00,2232.215119270542,16.11111111111111,93,0,1,0
2021-12-23 02:00:00,2232.215119270542,16.11111111111111,93,0,1,0
2021-12-23 03:00:00,2398.569939083495,26.11111111111111,36,0,1,0
2021-12-23 04:00:00,2491.537766179754,26.11111111111111,36,0,1,0
2021-12-23 05:00:00,3473.870381692442,26.11111111111111,36,0,1,0
2021-12-23 06:00:00,3890.333338118341,30.555555555555557,20,0,1,0
2021-12-23 07:00:00,4164.958653912424,30.555555555555557,20,0,1,0
2021-12-23 08:00:00,4293.961798060154,30.555555555555557,20,0,1,0
2021-12-23 09:00:00,4773.116333466009,27.22222222222222,31,0,1,0
2021-12-23 10:00:00,4797.13987816699,27.22222222222222,31,0,1,0
2021-12-23 11:00:00,4629.797789393722,27.22222222222222,31,0,1,0
2021-12-23 12:00:00,4595.73701026288,21.11111111111111,68,0,1,0
2021-12-23 13:00:00,4595.73701026288,21.11111111111111,68,0,1,0
2021-12-23 14:00:00,4595.73701026288,21.11111111111111,68,0,1,0
2021-12-23 15:00:00,4447.317576562303,17.22222222222222,84,0,1,0
2021-12-23 16:00:00,4312.390818652687,17.22222222222222,84,0,1,0
2021-12-23 17:00:00,1145.5610836179796,17.22222222222222,84,0,1,0
2021-12-24 00:00:00,2537.627638169162,16.666666666666668,93,0,1,0
2021-12-24 01:00:00,2537.627638169162,16.666666666666668,93,0,1,0
2021-12-24 02:00:00,2537.627638169162,16.666666666666668,93,0,1,0
2021-12-24 03:00:00,2537.627638169162,26.666666666666668,43,0,1,0
2021-12-24 04:00:00,2589.3986368073956,26.666666666666668,43,0,1,0
2021-12-24 05:00:00,2984.725377228531,26.666666666666668,43,0,1,0
2021-12-24 06:00:00,4411.568047894081,31.666666666666668,24,0,1,0
2021-12-24 07:00:00,4809.780384960626,31.666666666666668,24,0,1,0
2021-12-24 08:00:00,4699.279007539349,31.666666666666668,24,0,1,0
2021-12-24 09:00:00,4606.7701739070935,28.333333333333332,34,0,1,0
2021-12-24 10:00:00,4508.999369921446,28.333333333333332,34,0,1,0
2021-12-24 11:00:00,4627.139091404103,28.333333333333332,34,0,1,0
2021-12-24 12:00:00,2547.472614959383,23.333333333333332,57,0,1,0
2021-12-24 13:00:00,4392.557058230205,23.333333333333332,57,0,1,0
2021-12-24 14:00:00,4237.753285252929,23.333333333333332,57,0,1,0
2021-12-24 15:00:00,4373.206586608046,21.11111111111111,81,0,1,0
2021-12-24 16:00:00,4230.11494119155,21.11111111111111,81,0,1,0
2021-12-24 17:00:00,978.2172627939051,21.11111111111111,81,0,1,0
2021-12-24 21:00:00,925.4278182808208,19.444444444444443,94,0,1,0
2021-12-24 22:00:00,866.3579575394917,19.444444444444443,94,0,1,0
2021-12-24 23:00:00,858.8893544572549,19.444444444444443,94,0,1,0
2021-12-25 00:00:00,2062.569402923208,18.333333333333332,94,0,1,0
2021-12-25 01:00:00,2062.569402923208,18.333333333333332,94,0,1,0
2021-12-25 02:00:00,2044.6340168108322,18.333333333333332,94,0,1,0
2021-12-25 03:00:00,2044.6340168108322,27.22222222222222,58,0,1,0
2021-12-25 04:00:00,2269.731339762484,27.22222222222222,58,0,1,0
2021-12-25 05:00:00,3822.3763246833764,27.22222222222222,58,0,1,0
2021-12-25 06:00:00,4273.887329200432,28.88888888888889,44,0,1,0
2021-12-25 07:00:00,4383.474183795313,28.88888888888889,44,0,1,0
2021-12-25 08:00:00,5094.63692487502,28.88888888888889,44,0,1,0
2021-12-25 09:00:00,5373.540406163798,28.333333333333332,41,0,1,0
2021-12-25 10:00:00,4858.350553706473,28.333333333333332,41,0,1,0
2021-12-25 11:00:00,4848.148774449893,28.333333333333332,41,0,1,0
2021-12-25 12:00:00,4617.127837736356,23.88888888888889,78,0,1,0
2021-12-25 13:00:00,4579.282527590976,23.88888888888889,78,0,1,0
2021-12-25 14:00:00,4238.674736282556,23.88888888888889,78,0,1,0
2021-12-25 15:00:00,4126.784254113607,19.444444444444443,90,0,1,0
2021-12-25 16:00:00,973.4471948698603,19.444444444444443,90,0,1,0
2021-12-25 17:00:00,1164.3191938639504,19.444444444444443,90,0,1,0
2021-12-25 18:00:00,1183.4063937633596,20.0,90,0,1,0
2021-12-25 19:00:00,1116.601194115428,20.0,90,0,1,0
2021-12-25 20:00:00,1039.5942152109158,20.0,90,0,1,0
2021-12-25 21:00:00,924.0837468541472,18.88888888888889,94,0,1,0
2021-12-25 22:00:00,2532.3448832060767,18.88888888888889,94,0,1,0
2021-12-25 23:00:00,2569.8611036980187,18.88888888888889,94,0,1,0
2021-12-26 00:00:00,2513.586772960106,21.11111111111111,94,1,1,0
2021-12-26 01:00:00,2513.586772960106,21.11111111111111,94,1,1,0
2021-12-26 02:00:00,2513.586772960106,21.11111111111111,94,1,1,0
2021-12-26 03:00:00,2677.4734203722733,23.88888888888889,70,1,1,0
2021-12-26 04:00:00,3142.3125558535708,23.88888888888889,70,1,1,0
2021-12-26 05:00:00,3451.492285258653,23.88888888888889,70,1,1,0
2021-12-26 06:00:00,4312.390818652687,27.77777777777778,50,1,1,0
2021-12-26 07:00:00,4711.741113099805,27.77777777777778,50,1,1,0
2021-12-26 08:00:00,4820.834333214531,27.77777777777778,50,1,1,0
2021-12-26 09:00:00,4689.527561492735,26.11111111111111,52,1,1,0
2021-12-26 10:00:00,4825.277043535945,26.11111111111111,52,1,1,0
2021-12-26 11:00:00,4981.759173745755,26.11111111111111,52,1,1,0
2021-12-26 12:00:00,4892.904967317472,22.22222222222222,80,1,1,0
2021-12-26 13:00:00,4711.741113099805,22.22222222222222,80,1,1,0
2021-12-26 14:00:00,4711.741113099805,22.22222222222222,80,1,1,0
2021-12-26 15:00:00,4314.365356573316,21.11111111111111,91,1,1,0
2021-12-26 16:00:00,970.8144776423557,21.11111111111111,91,1,1,0
2021-12-26 17:00:00,970.8144776423557,21.11111111111111,91,1,1,0
2021-12-26 18:00:00,1164.3191938639504,18.333333333333332,94,1,1,0
2021-12-26 19:00:00,1164.3191938639504,18.333333333333332,94,1,1,0
2021-12-26 20:00:00,1107.0575941657235,18.333333333333332,94,1,1,0
2021-12-26 21:00:00,1030.7087945680873,18.88888888888889,94,1,1,0
2021-12-26 22:00:00,839.836795573997,18.88888888888889,94,1,1,0
2021-12-26 23:00:00,643.3702724714594,18.88888888888889,94,1,1,0
2021-12-27 00:00:00,2535.6357797404576,22.22222222222222,92,0,1,0
2021-12-27 01:00:00,2535.6357797404576,22.22222222222222,92,0,1,0
2021-12-27 02:00:00,2724.8623304673574,22.22222222222222,92,0,1,0
2021-12-27 03:00:00,2701.1678754198156,25.555555555555557,64,0,1,0
2021-12-27 04:00:00,3142.3125558535708,25.555555555555557,64,0,1,0
2021-12-27 05:00:00,3298.79468606338,25.555555555555557,64,0,1,0
2021-12-27 06:00:00,4312.390818652687,28.88888888888889,55,0,1,0
2021-12-27 07:00:00,5064.689766412153,28.88888888888889,55,0,1,0
2021-12-27 08:00:00,4806.354388463255,28.88888888888889,55,0,1,0
2021-12-27 09:00:00,4200.829426137177,26.666666666666668,58,0,1,0
2021-12-27 10:00:00,4981.759173745755,26.666666666666668,58,0,1,0
2021-12-27 11:00:00,4986.20188406717,26.666666666666668,58,0,1,0
2021-12-27 12:00:00,4795.823519553237,22.22222222222222,78,0,1,0
2021-12-27 13:00:00,4601.166989544608,22.22222222222222,78,0,1,0
2021-12-27 14:00:00,4465.746597154835,22.22222222222222,78,0,1,0
2021-12-27 15:00:00,4332.794377165848,21.666666666666668,91,0,1,0
2021-12-27 16:00:00,1211.0499246521588,21.666666666666668,91,0,1,0
2021-12-27 17:00:00,1189.9881868321213,21.666666666666668,91,0,1,0
2021-12-27 18:00:00,1173.2046145067789,20.0,92,0,1,0
2021-12-27 19:00:00,1097.513994216019,20.0,92,0,1,0
2021-12-27 20:00:00,965.055408707189,20.0,92,0,1,0
2021-12-27 21:00:00,919.147402052576,18.88888888888889,94,0,1,0
2021-12-27 22:00:00,825.3568508227213,18.88888888888889,94,0,1,0
2021-12-27 23:00:00,825.3568508227213,18.88888888888889,94,0,1,0
2021-12-28 00:00:00,2232.215119270542,20.0,94,0,1,0
2021-12-28 01:00:00,2326.0056705003967,20.0,94,0,1,0
2021-12-28 02:00:00,2326.0056705003967,20.0,94,0,1,0
2021-12-28 03:00:00,2472.944200760502,26.666666666666668,62,0,1,0
2021-12-28 04:00:00,2714.660551210777,26.666666666666668,62,0,1,0
2021-12-28 05:00:00,3927.355924130126,26.666666666666668,62,0,1,0
2021-12-28 06:00:00,4459.82298339295,29.444444444444443,43,0,1,0
2021-12-28 07:00:00,5096.2823731422095,29.444444444444443,43,0,1,0
2021-12-28 08:00:00,4976.658284117466,29.444444444444443,43,0,1,0
2021-12-28 09:00:00,5203.730144989745,27.22222222222222,42,0,1,0
2021-12-28 10:00:00,5128.039524698986,27.22222222222222,42,0,1,0
2021-12-28 11:00:00,4943.584773946937,27.22222222222222,42,0,1,0
2021-12-28 12:00:00,4752.712774952847,23.333333333333332,68,0,1,0
2021-12-28 13:00:00,4727.043781984677,23.333333333333332,68,0,1,0
2021-12-28 14:00:00,4711.741113099805,23.333333333333332,68,0,1,0
2021-12-28 15:00:00,4541.437217445596,22.22222222222222,78,0,1,0
2021-12-28 16:00:00,1116.4366492887088,22.22222222222222,78,0,1,0
2021-12-28 17:00:00,1173.2046145067789,22.22222222222222,78,0,1,0
2021-12-28 18:00:00,1248.895234797539,20.0,94,0,1,0
2021-12-28 19:00:00,1116.4366492887088,20.0,94,0,1,0
2021-12-28 20:00:00,1021.823373925259,20.0,94,0,1,0
2021-12-28 21:00:00,946.1327536344992,18.88888888888889,94,0,1,0
2021-12-28 22:00:00,878.0111953728151,18.88888888888889,94,0,1,0
2021-12-28 23:00:00,2462.248787023764,18.88888888888889,94,0,1,0
2021-12-29 00:00:00,2363.5218909923383,21.666666666666668,92,0,1,0
2021-12-29 01:00:00,2384.254539158938,21.666666666666668,92,0,1,0
2021-12-29 02:00:00,2384.254539158938,21.666666666666668,92,0,1,0
2021-12-29 03:00:00,2630.2490551039073,25.555555555555557,58,0,1,0
2021-12-29 04:00:00,2724.8623304673574,25.555555555555557,58,0,1,0
2021-12-29 05:00:00,3732.863938948217,25.555555555555557,58,0,1,0
2021-12-29 06:00:00,4536.829962297463,28.88888888888889,43,0,1,0
2021-12-29 07:00:00,4952.141104936328,28.88888888888889,43,0,1,0
2021-12-29 08:00:00,3225.7367830001253,28.88888888888889,43,0,1,0
2021-12-29 09:00:00,5033.426249335535,26.666666666666668,44,0,1,0
2021-12-29 10:00:00,5172.631172739846,26.666666666666668,44,0,1,0
2021-12-29 11:00:00,5172.631172739846,26.666666666666668,44,0,1,0
2021-12-29 12:00:00,4555.423527716715,22.22222222222222,76,0,1,0
2021-12-29 13:00:00,4555.423527716715,22.22222222222222,76,0,1,0
2021-12-29 14:00:00,4555.423527716715,22.22222222222222,76,0,1,0
2021-12-29 15:00:00,4499.642831458959,21.11111111111111,89,0,1,0
2021-12-29 16:00:00,3034.864784006035,21.11111111111111,89,0,1,0
2021-12-29 17:00:00,1097.0203597358618,21.11111111111111,89,0,1,0
2021-12-29 18:00:00,1154.281959434089,21.666666666666668,80,0,1,0
2021-12-29 19:00:00,1154.281959434089,21.666666666666668,80,0,1,0
2021-12-29 20:00:00,965.055408707189,21.666666666666668,80,0,1,0
2021-12-29 21:00:00,851.5194782710493,20.0,89,0,1,0
2021-12-29 22:00:00,2668.0943652492874,20.0,89,0,1,0
2021-12-29 23:00:00,2724.8623304673574,20.0,89,0,1,0
2021-12-30 00:00:00,2696.1795690940166,20.555555555555557,88,0,1,0
2021-12-30 01:00:00,2696.1795690940166,20.555555555555557,88,0,1,0
2021-12-30 02:00:00,2696.1795690940166,20.555555555555557,88,0,1,0
2021-12-30 03:00:00,2696.1795690940166,23.88888888888889,70,0,1,0
2021-12-30 04:00:00,2977.03160754131,23.88888888888889,70,0,1,0
2021-12-30 05:00:00,3475.0758890545103,23.88888888888889,70,0,1,0
2021-12-30 06:00:00,4452.278170075181,27.22222222222222,54,0,1,0
2021-12-30 07:00:00,5011.377242555183,27.22222222222222,54,0,1,0
2021-12-30 08:00:00,5042.637295530186,27.22222222222222,54,0,1,0
2021-12-30 09:00:00,5042.637295530186,24.444444444444443,64,0,1,0
2021-12-30 10:00:00,4860.612612061158,24.444444444444443,64,0,1,0
2021-12-30 11:00:00,4608.252809398373,24.444444444444443,64,0,1,0
2021-12-30 12:00:00,4688.682320698641,21.666666666666668,82,0,1,0
2021-12-30 13:00:00,4605.973430535612,21.666666666666668,82,0,1,0
2021-12-30 14:00:00,4553.059278364382,21.666666666666668,82,0,1,0
2021-12-30 15:00:00,4268.2997332952145,20.555555555555557,88,0,1,0
2021-12-30 16:00:00,717.6787162177793,20.555555555555557,88,0,1,0
2021-12-30 17:00:00,906.5415362750897,20.555555555555557,88,0,1,0
2021-12-30 18:00:00,1160.8550922488128,20.555555555555557,88,0,1,0
2021-12-30 19:00:00,1160.8550922488128,20.555555555555557,88,0,1,0
2021-12-30 20:00:00,1011.0673384102563,20.555555555555557,88,0,1,0
2021-12-30 21:00:00,898.726523031339,18.333333333333332,94,0,1,0
2021-12-30 22:00:00,2023.1115534759815,18.333333333333332,94,0,1,0
2021-12-30 23:00:00,2023.1115534759815,18.333333333333332,94,0,1,0
2021-12-31 00:00:00,2044.6340168108322,20.0,94,0,1,0
2021-12-31 01:00:00,2100.908347548745,20.0,94,0,1,0
2021-12-31 02:00:00,2288.4894500084547,20.0,94,0,1,0
2021-12-31 03:00:00,2138.424568040687,23.88888888888889,66,0,1,0
2021-12-31 04:00:00,2524.7758211770006,23.88888888888889,66,0,1,0
2021-12-31 05:00:00,2690.6370065097963,23.88888888888889,66,0,1,0
2021-12-31 06:00:00,4237.358377668804,27.22222222222222,50,0,1,0
2021-12-31 07:00:00,4614.495120508851,27.22222222222222,50,0,1,0
2021-12-31 08:00:00,4943.584773946937,27.22222222222222,50,0,1,0
2021-12-31 09:00:00,4947.698394614913,25.555555555555557,52,0,1,0
2021-12-31 10:00:00,4889.943160436528,25.555555555555557,52,0,1,0
2021-12-31 11:00:00,4711.741113099805,25.555555555555557,52,0,1,0
2021-12-31 12:00:00,4834.656098658931,22.22222222222222,80,0,1,0
2021-12-31 13:00:00,4924.497574047528,22.22222222222222,80,0,1,0
2021-12-31 14:00:00,4877.108663952444,22.22222222222222,80,0,1,0
2021-12-31 15:00:00,4727.043781984677,20.555555555555557,91,0,1,0
2021-12-31 16:00:00,847.0767679496349,20.555555555555557,91,0,1,0
2021-12-31 17:00:00,1011.6215946686783,20.555555555555557,91,0,1,0
2021-12-31 18:00:00,1240.6679934615865,19.444444444444443,92,0,1,0
2021-12-31 19:00:00,1221.5807935621776,19.444444444444443,92,0,1,0
2021-12-31 20:00:00,1173.2046145067789,19.444444444444443,92,0,1,0
2021-12-31 21:00:00,1078.591339143329,18.333333333333332,94,0,1,0
2021-12-31 22:00:00,908.2874434891191,18.333333333333332,94,0,1,0
2021-12-31 23:00:00,839.836795573997,18.333333333333332,94,0,1,0
