DATE,TIME,VOLTAGE,CURRENT,PF,POWER (KW),"""WEEKEND/WEEKDAY""",SEASON,Temp (F),Humidity (%),Substation Shutdown,F1,F2,F3,F4,Jul-Oct-,Rainy,0
2021-01-01,01-00,11.6,102,0.96,1967.3880148948756,0,1,65,90,,,,,,Nov-Feb,Winter,1.0
,02-00,11.6,102,0.96,1967.3880148948756,0,1,65,90,,,,,,Mar-Jun,Summer,2.0
,03-00,11.6,102,0.96,1967.3880148948756,0,1,65,90,,,,,,,,
,04-00,11.3,130,0.96,2442.6073308659334,0,1,78,49,,,,,,Weekend,1,
,05-00,11.2,148,0.96,2756.205521881124,0,1,78,49,,,,,,Weekday,0,
,06-00,11.2,172,0.96,3203.1577686726573,0,1,78,49,,,,,,Missing Values,66,
,07-00,11.5,218,0.96,4168.561319592168,0,1,83,34,,,,,,,,
,08-00,11.2,274,0.96,5102.704817536675,0,1,83,34,,,,,,,,
,09-00,11.2,280,0.96,5214.442879234559,0,1,83,34,,,,,,,,
,10-00,11.5,254,0.96,4856.947592552343,0,1,81,42,,,,,,,,
,11-00,11.5,254,0.96,4856.947592552343,0,1,81,42,,,,,,,,
,12-00,11.5,243,0.96,4646.607342481178,0,1,81,42,,,,,,,,
,13-00,11.6,231,0.96,4455.555210203101,0,1,71,42,,,,,,,,
,14-00,11.8,214,0.96,4198.823711302011,0,1,71,87,,,,,,,,
,15-00,11.8,205,0.96,4022.2376673687495,0,1,71,87,,,,,,,,
,16-00,11.7,215,0.96,4182.694854181929,0,1,67,87,,,,,,,,
,17-00,11.5,194,0.96,3709.637137618718,0,1,67,87,,,,,,,,
,18-00,11.7,44,0.96,855.9933655069996,0,1,67,87,,,,,,,,
,19-00,11.8,42,0.96,824.0682050218901,0,1,66,88,,,,,,,,
,20-00,11.8,39,0.96,765.2061903774694,0,1,66,88,,,,,,,,
,21-00,11.8,30,0.96,588.6201464442073,0,1,66,88,,,,,,,,
,22-00,11.8,25,0.96,490.516788703506,0,1,62,89,,,,,,,,
,23-00,11.8,22,0.96,431.6547740590853,0,1,62,89,,,,,,,,
,24-00,11.8,21,0.96,412.03410251094505,0,1,62,89,,,,,,,,
2021-01-02,01-00,11.7,95,0.95,1828.9157489821664,0,1,65,90,,,,,,,,
,02-00,11.7,95,0.95,1828.9157489821664,0,1,65,90,,,,,,,,
,03-00,11.7,95,0.95,1828.9157489821664,0,1,65,90,,,,,,,,
,04-00,11.5,100,0.95,1892.2655072689984,0,1,78,48,,,,,,,,
,05-00,11.4,135,0.95,2532.3448832060767,0,1,78,48,,,,,,,,
,06-00,11.3,162,0.95,3012.1575979188074,0,1,78,48,,,,,,,,
,07-00,11.5,213,0.95,4030.5255304829666,0,1,83,32,,,,,,,,
,08-00,11.3,257,0.95,4778.546312747738,0,1,83,32,,,,,,,,
,09-00,11.3,258,0.95,4797.13987816699,0,1,83,32,,,,,,,,
,10-00,11.3,262,0.95,4871.514139843997,0,1,80,38,,,,,,,,
,11-00,11.5,260,0.95,4919.8903188993945,0,1,80,38,,,,,,,,
,12-00,11.6,256,0.95,4886.3231742487105,0,1,80,38,,,,,,,,
,13-00,11.9,221,0.95,4327.36439788412,0,1,71,73,,,,,,,,
,14-00,11.6,225,0.95,4294.6199773670305,0,1,71,73,,,,,,,,
,15-00,11.7,222,0.95,4273.887329200431,0,1,71,73,,,,,,,,
,16-00,11.7,208,0.95,4004.3629030346383,0,1,67,88,,,,,,,,
,17-00,11.9,190,0.95,3720.3585321175697,0,1,67,88,,,,,,,,
,18-00,11.7,46,0.95,885.5802574018911,0,1,67,88,,,,,,,,
,19-00,11.8,43,0.95,834.9004507724259,0,1,66,88,,,,,,,,
,20-00,11.8,40,0.95,776.6515821138845,0,1,66,88,,,,,,,,
,21-00,11.8,34,0.95,660.1538447968018,0,1,66,88,,,,,,,,
,22-00,11.8,26,0.95,504.82352837402493,0,1,62,89,,,,,,,,
,23-00,11.8,23,0.950000000000001,446.5746597154841,0,1,62,89,,,,,,,,
,24-00,11.6,114,0.950000000000001,2175.940788532631,0,1,62,89,,,,,,,,
2021-01-03,01-00,11.8,114,0.96,2236.7565564879874,1,1,65,92,,,,,,,,
,02-00,11.8,114,0.96,2236.7565564879874,1,1,65,92,,,,,,,,
,03-00,11.8,120,0.96,2354.4805857768292,1,1,65,92,,,,,,,,
,04-00,11.8,128,0.96,2511.445958161951,1,1,77,52,,,,,,,,
,05-00,11.8,143,0.96,2805.756031384054,1,1,77,52,,,,,,,,
,06-00,11.5,168,0.96,3212.4692738141475,1,1,77,52,,,,,,,,
,07-00,11.6,233,0.96,4494.131445789274,1,1,82,33,,,,,1.0,,,
,08-00,11.4,290,0.96,5497.1135710297995,1,1,82,33,,,,,1.0,,,
,09-00,11.3,266,0.96,4997.950384694909,1,1,82,33,1.0,,,,,,,
,10-00,11.4,279,0.96,5288.602366611428,1,1,80,41,,,,,,,,
,11-00,11.4,272,0.96,5155.913418345191,1,1,80,41,,,,,,,,
,12-00,11.7,266,0.96,5174.868982383225,1,1,80,41,,,,,,,,
,13-00,11.8,254,0.96,4983.650573227621,1,1,71,76,,,,,,,,
,14-00,11.8,254,0.96,4983.650573227621,1,1,71,76,,,,,,,,
,15-00,11.8,242,0.96,4748.202514649938,1,1,71,76,,,,,,,,
,16-00,11.2,230,0.96,4283.29236508553,1,1,68,85,,,,,,,,
,17-00,11.5,181,0.96,3461.0532057164332,1,1,68,85,,,,,,,,
,18-00,11.6,43,0.96,829.3890651027416,1,1,68,85,,,,,,,,
,19-00,11.7,43,0.96,836.5389708363859,1,1,64,89,,,,,,,,
,20-00,11.7,39,0.96,758.7213921539313,1,1,64,89,,,,,,,,
,21-00,11.7,35,0.96,680.9038134714768,1,1,64,89,,,,,,,,
,22-00,11.8,29,0.96,568.999474896067,1,1,67,88,,,,,,,,
,23-00,11.8,22,0.96,431.6547740590853,1,1,67,88,,,,,,,,
,24-00,11.8,22,0.96,431.6547740590853,1,1,67,88,,,,,,,,
2021-01-04,01-00,11.8,114,0.97,2260.0561039514037,0,1,68,88,,,,,,,,
,02-00,11.8,114,0.97,2260.0561039514037,0,1,68,88,,,,,,,,
,03-00,11.8,114,0.97,2260.0561039514037,0,1,68,88,,,,,,,,
,04-00,11.7,130,0.97,2555.4157999628937,0,1,77,54,,,,,,,,
,05-00,11.6,146,0.97,2845.3992102676903,0,1,77,54,,,,,,,,
,06-00,11.5,159,0.97,3072.043254590501,0,1,77,54,,,,,,,,
,07-00,11.6,250,0.97,4872.258921691251,0,1,83,32,,,,,,,,
,08-00,11.6,262,0.97,5106.127349932431,0,1,83,32,,,,,,,,
,09-00,11.6,262,0.97,5106.127349932431,0,1,83,32,,,,,,,,
,10-00,11.6,269,0.97,5242.550599739786,0,1,80,35,,,,,,,,
,11-00,11.8,250,0.97,4956.263385858342,0,1,80,35,,,,,,,,
,12-00,11.7,227,0.97,4462.149127627516,0,1,80,35,,,,,,,,
,13-00,11.7,220,0.97,4324.5498153218205,0,1,72,70,,,,,,,,
,14-00,11.4,210,0.97,4022.133744320295,0,1,72,70,,,,,,,,
,15-00,11.4,220,0.97,4213.663922621262,0,1,72,70,,,1.0,,,,,
,16-00,11.2,226,0.97,4252.641993994791,0,1,68,83,,,,,,,,
,17-00,11.3,218,0.97,4138.731940584217,0,1,68,83,,,,,,,,
,18-00,11.6,42,0.97,818.5394988441301,0,1,68,83,,,,,,,,
,19-00,11.6,42,0.97,818.5394988441301,0,1,66,88,,,,,,,,
,20-00,11.8,41,0.97,812.827195280768,0,1,66,88,,,,,,,,
,21-00,11.8,33,0.97,654.2267669333012,0,1,66,88,,,,,,,,
,22-00,11.8,26,0.97,515.4513921292676,0,1,63,87,,,,,,,,
,23-00,11.8,23,0.97,455.9762314989675,0,1,63,87,,,,,,,,
,24-00,11.7,106,0.97,2083.6467292005136,0,1,63,87,,,,,,,,
2021-01-05,01-00,11.7,106,0.96,2062.1658350850444,0,1,66,90,,,,,,,,
,02-00,11.7,106,0.96,2062.1658350850444,0,1,66,90,,,,,,,,
,03-00,11.7,106,0.96,2062.1658350850444,0,1,66,90,,,,,,,,
,04-00,11.5,120,0.96,2294.620909867248,0,1,80,40,,,,,,,,
,05-00,11.4,143,0.96,2710.645657438832,0,1,80,40,,,,,,,,
,06-00,11.8,162,0.96,3178.548790798719,0,1,80,40,,,,,,,,
,07-00,11.3,230,0.96,4321.536046916651,0,1,83,32,,,,,,,,
,08-00,11.4,271,0.96,5136.9578543071575,0,1,83,32,,,,,,,,
,09-00,11.4,284,0.96,5383.380186801597,0,1,83,32,,,,,,,,
,10-00,11.6,244,0.96,4706.3007415132315,0,1,81,38,,,,,,,,
,11-00,11.6,253,0.96,4879.893801651014,0,1,81,38,,,,,,,,
,12-00,11.6,249,0.96,4802.741330478667,0,1,81,38,,,,,,,,
,13-00,11.7,241,0.96,4688.509115617883,0,1,72,69,,,,,,,,
,14-00,11.7,234,0.96,4552.328352923588,0,1,72,69,,,,,,,,
,15-00,11.7,234,0.96,4552.328352923588,0,1,72,69,,,,,,,,
,16-00,11.8,223,0.96,4375.409755235274,0,1,71,78,,,,,,,,
,17-00,11.7,205,0.96,3988.1509074757932,0,1,71,78,,,,,,,,
,18-00,11.6,41,0.96,790.8128295165676,0,1,71,78,,,,,,,,
,19-00,11.6,43,0.96,829.3890651027416,0,1,65,88,,,,,,,,
,20-00,11.6,41,0.96,790.8128295165676,0,1,65,88,,,,,,,,
,21-00,11.7,32,0.96,622.540629459636,0,1,65,88,,,,,,,,
,22-00,11.7,26,0.96,505.8142614359543,0,1,69,85,,,,,,,,
,23-00,11.7,26,0.96,505.8142614359543,0,1,69,85,,,,,,,,
,24-00,11.6,106,0.96,2044.5404860672234,0,1,69,85,,,,,,,,
2021-01-06,01-00,11.6,106,0.94,2001.9458926074897,0,1,73,86,,,,,,,,
,02-00,11.6,106,0.94,2001.9458926074897,0,1,73,86,,,,,,,,
,03-00,11.6,106,0.94,2001.9458926074897,0,1,73,86,,,,,,,,
,04-00,11.4,117,0.94,2171.596805107246,0,1,80,56,,,,,,,,
,05-00,11.1,139,0.94,2512.038319538139,0,1,80,56,,,,,,,,
,06-00,11.3,186,0.94,3421.9989241073704,0,1,80,56,,,,,,,,
,07-00,11.4,241,0.94,4473.118205391849,0,1,81,55,,,,,,,,
,08-00,11.4,271,0.94,5029.937899009092,0,1,81,55,,,,,,,,
,09-00,11.4,276,0.94,5122.741181278631,0,1,81,55,,,,,,,,
,10-00,11.6,265,0.94,5004.8647315187245,0,1,80,59,,,,,,,,
,11-00,11.6,257,0.94,4853.774475472876,0,1,80,59,,,,,,,,
,12-00,11.6,257,0.94,4853.774475472876,0,1,80,59,,,,,,,,
,13-00,11.6,249,0.94,4702.6842194270275,0,1,76,74,,,,,,,,
,14-00,11.8,191,0.94,3669.4743434928114,0,1,76,74,,,,,,,,
,15-00,11.6,182,0.94,3437.303325043048,0,1,76,74,,,,,,,,
,16-00,11.6,182,0.94,3437.303325043048,0,1,74,79,,,,,,,,
,17-00,11.8,191,0.94,3669.4743434928114,0,1,74,79,,,,,,,,
,18-00,11.8,40,0.94,768.4763023021594,0,1,74,79,,,,,,,,
,19-00,11.8,40,0.94,768.4763023021594,0,1,70,83,,,,,,,,
,20-00,11.8,39,0.94,749.2643947446054,0,1,70,83,,,,,,,,
,21-00,11.8,32,0.94,614.7810418417275,0,1,70,83,,,,,,,,
,22-00,11.8,26,0.94,499.5095964964036,0,1,72,89,,,,,,,,
,23-00,11.8,26,0.94,499.5095964964036,0,1,72,89,,,,,,,,
,24-00,11.8,97,0.94,1863.5550330827366,0,1,72,89,,,,,,,,
2021-01-07,01-00,11.8,97,0.98,1942.8552472564702,0,1,71,89,,,,,,,,
,02-00,11.8,97,0.98,1942.8552472564702,0,1,71,89,,,,,,,,
,03-00,11.8,97,0.98,1942.8552472564702,0,1,71,89,,,,,,,,
,04-00,11.8,97,0.98,1942.8552472564702,0,1,72,87,,,,,,,,
,05-00,11.7,117,0.98,2323.584263471415,0,1,72,87,,,,,,,,
,06-00,11.6,167,0.98,3288.22224793398,0,1,72,87,,,,,,,,
,07-00,11.5,215,0.98,4196.845709279768,0,1,77,68,,,,,,,,
,08-00,11.5,243,0.98,4743.411662116203,0,1,77,68,,,,,,,,
,09-00,11.5,239,0.98,4665.330811710997,0,1,77,68,,,,,,,,
,10-00,11.5,241,0.98,4704.371236913599,0,1,78,67,,,,,,,,
,11-00,11.7,224,0.98,4448.571581346982,0,1,78,67,,,,,,,,
,12-00,11.3,100,0.98,1918.0730643017746,0,1,78,67,,,,,,,,
,13-00,11.6,175,0.98,3445.741876577524,0,1,74,79,,,,,,,,
,14-00,11.5,180,0.98,3513.638268234224,0,1,74,79,,,,,,,,
,15-00,11.6,170,0.98,3347.292108675309,0,1,74,79,,,,,,,,
,16-00,11.7,175,0.98,3475.44654792733,0,1,73,83,,,1.0,,,,,
,17-00,11.7,166,0.98,3296.7092968910674,0,1,73,83,,,,,,,,
,18-00,11.7,42,0.98,834.1071715025593,0,1,73,83,,,,,,,,
,19-00,11.8,44,0.98,881.2951637039658,0,1,73,84,,,,,,,,
,20-00,11.8,44,0.98,881.2951637039658,0,1,73,84,,,,,,,,
,21-00,11.8,38,0.98,761.1185504716068,0,1,73,84,,,,,,,,
,22-00,11.8,30,0.98,600.8830661617949,0,1,72,86,,,,,,,,
,23-00,11.8,27,0.98,540.7947595456153,0,1,72,86,,,,,,,,
,24-00,11.8,94,0.98,1882.7669406402906,0,1,72,86,,,,,,,,
2021-01-08,01-00,11.8,94,0.97,1863.5550330827366,0,1,74,89,,,,,,,,
,02-00,11.8,94,0.97,1863.5550330827366,0,1,74,89,,,,,,,,
,03-00,11.8,94,0.97,1863.5550330827366,0,1,74,89,,,,,,,,
,04-00,11.8,94,0.97,1863.5550330827366,0,1,81,47,,,,,,,,
,05-00,11.5,134,0.97,2589.01758562973,0,1,81,47,,,,,,,,
,06-00,11.5,162,0.97,3130.0063348657936,0,1,81,47,,,,,,,,
,07-00,11.5,220,0.97,4250.625886854781,0,1,85,32,,,,,,,,
,08-00,11.6,259,0.97,5047.660242872136,0,1,85,32,,,,,,,,
,09-00,11.6,250,0.97,4872.258921691251,0,1,85,32,,,,,,,,
,10-00,11.8,259,0.97,5134.6888677492425,0,1,83,35,,,,,,,,
,11-00,11.9,219,0.97,4378.4806813170935,0,1,83,35,,,,,,,,
,12-00,11.6,210,0.97,4092.697494220651,0,1,83,35,,,,,,,,
,13-00,11.6,211,0.97,4112.186529907416,0,1,75,69,,,,,,,,
,14-00,11.3,207,0.97,3929.89684266483,0,1,75,69,,,,,,,,
,15-00,11.3,207,0.97,3929.89684266483,0,1,75,69,,,,,,,,
,16-00,11.3,206,0.97,3910.911833763067,0,1,72,84,,,,,,,,
,17-00,11.3,204,0.97,3872.9418159595425,0,1,72,84,,,,,,,,
,18-00,11.8,45,0.97,892.1274094545015,0,1,72,84,,,,,,,,
,19-00,11.8,47,0.97,931.7775165413683,0,1,72,84,,,,,,,,
,20-00,11.8,46,0.97,911.952462997935,0,1,72,84,,,,,,,,
,21-00,11.8,45,0.97,892.1274094545015,0,1,72,84,,,,,,,,
,22-00,11.8,40,0.97,793.0021417373348,0,1,64,87,,,,,,,,
,23-00,11.8,36,0.97,713.7019275636012,0,1,64,87,,,,,,,,
,24-00,11.8,96,0.97,1903.2051401696033,0,1,64,87,,,,,,,,
2021-01-09,01-00,11.8,100,0.97,1982.5053543433369,0,1,67,90,,,,,,,,
,02-00,11.8,100,0.97,1982.5053543433369,0,1,67,90,,,,,,,,
,03-00,11.8,102,0.97,2022.1554614302033,0,1,67,90,,,,,,,,
,04-00,11.7,103,0.97,2024.6755953552158,0,1,81,30,,,,,,,,
,05-00,11.4,136,0.97,2604.8104248931436,0,1,81,30,,,,,,,,
,06-00,11.2,198,0.97,3725.7659947387997,0,1,81,30,,,,,,,,
,07-00,11.4,238,0.97,4558.418243563002,0,1,87,22,,,,,,,,
,08-00,11.4,268,0.97,5133.0087784659,0,1,87,22,,,,,,,,
,09-00,11.5,284,0.97,5487.171599394354,0,1,87,22,,,,,,,,
,10-00,11.5,248,0.97,4791.614636090844,0,1,84,25,1.0,,,,,,,
,11-00,11.7,234,0.97,4599.748439933209,0,1,84,25,1.0,,,,,,,
,12-00,11.5,281,0.97,5429.208519119062,0,1,84,25,,,,,,,,
,13-00,11.2,279,0.97,5249.942992586491,0,1,73,59,,,,,,,,
,14-00,11.4,276,0.97,5286.2329211066735,0,1,73,59,,,,,,,,
,15-00,11.4,271,0.97,5190.46783195619,0,1,73,59,,,,,,,,
,16-00,11.4,271,0.97,5190.46783195619,0,1,69,78,,,,,,,,
,17-00,11.6,271,0.97,5281.528671113317,0,1,69,78,,,,,,,,
,18-00,11.5,168,0.97,3245.9324954163785,0,1,69,78,,,,,,,,
,19-00,11.7,131,0.97,2575.0728445779932,0,1,69,87,,,,,,,,
,20-00,11.8,118,0.97,2339.3563181251375,0,1,69,87,,,,,,,,
,21-00,11.9,105,0.97,2099.2715595355926,0,1,69,87,,,,,,,,
,22-00,11.8,102,0.97,2022.1554614302033,0,1,64,86,,,,,,,,
,23-00,11.8,102,0.97,2022.1554614302033,0,1,64,86,,,,,,,,
,24-00,11.8,100,0.97,1982.5053543433369,0,1,64,86,,,,,,,,
2021-01-10,01-00,11.8,98,0.96,1922.8258117177436,1,1,67,87,,,,,,,,
,02-00,11.8,98,0.96,1922.8258117177436,1,1,67,87,,,,,,,,
,03-00,11.8,98,0.96,1922.8258117177436,1,1,67,87,,,,,,,,
,04-00,11.8,98,0.96,1922.8258117177436,1,1,82,36,,,,,,,,
,05-00,11.6,143,0.96,2758.2008444114426,1,1,82,36,,,,,,,,
,06-00,11.2,186,0.96,3463.879912634385,1,1,82,36,,,,,,,,
,07-00,11.7,211,0.96,4104.877275499474,1,1,88,25,,,,,,,,
,08-00,11.4,274,0.96,5193.824546421259,1,1,88,25,,,,,,,,
,09-00,11.3,276,0.96,5185.8432562999815,1,1,88,25,,,,,,,,
,10-00,11.6,102,0.96,1967.3880148948756,1,1,84,26,,,,,,,,
,11-00,11.2,104,0.96,1936.7930694299787,1,1,84,26,,,,,,,,
,12-00,11.6,255,0.96,4918.470037237189,1,1,84,26,,,,,,,,
,13-00,11.6,273,0.96,5265.656157512755,1,1,74,61,,,,,,,,
,14-00,11.2,288,0.96,5363.426961498403,1,1,74,61,,,,,,,,
,15-00,11.5,233,0.96,4455.388933325574,1,1,74,61,1.0,,,,,,,
,16-00,11.2,272,0.96,5065.458796970714,1,1,71,76,,,,,,,,
,17-00,11.3,258,0.96,4847.636087410852,1,1,71,76,,,,,,,,
,18-00,11.7,166,0.96,3229.429515321862,1,1,71,76,,,,,,,,
,19-00,11.8,45,0.96,882.9302196663108,1,1,65,86,,,,,,,,
,20-00,11.8,46,0.96,902.5508912144511,1,1,65,86,,,,,,,,
,21-00,11.8,45,0.96,882.9302196663108,1,1,65,86,,,,,,,,
,22-00,11.8,35,0.96,686.7235041849084,1,1,65,88,,,,,,,,
,23-00,11.8,27,0.96,529.7581317997865,1,1,65,88,,,,,,,,
,24-00,11.8,99,0.96,1942.446483265884,1,1,65,88,,,,,,,,
2021-01-11,01-00,11.8,99,0.97,1962.6803007999035,0,1,68,87,,,,,,,,
,02-00,11.8,99,0.97,1962.6803007999035,0,1,68,87,,,,,,,,
,03-00,11.8,99,0.97,1962.6803007999035,0,1,68,87,,,,,,,,
,04-00,11.8,99,0.97,1962.6803007999035,0,1,79,49,,,,,,,,
,05-00,11.6,150,0.97,2923.3553530147506,0,1,79,49,,,,,,,,
,06-00,11.4,175,0.97,3351.7781202669125,0,1,79,49,,,,,,,,
,07-00,11.6,228,0.97,4443.500136582421,0,1,85,27,,,,,,,,
,08-00,11.2,280,0.97,5268.759992559919,0,1,85,27,,,,,,,,
,09-00,11.2,295,0.97,5551.014992161343,0,1,85,27,,,,,,,,
,10-00,11.3,237,0.97,4499.447109717704,0,1,83,43,,,,,,,,
,11-00,11.5,249,0.97,4810.935662849275,0,1,83,43,,,,,,,,
,12-00,11.5,248,0.97,4791.614636090844,0,1,83,43,,,,,,,,
,13-00,11.7,233,0.97,4580.09139531811,0,1,73,71,,,,,,,,
,14-00,11.5,215,0.97,4154.020753062628,0,1,73,71,,,,,,,,
,15-00,11.5,252,0.97,4868.898743124568,0,1,73,71,1.0,,,,,,,
,16-00,11.5,227,0.97,4385.873074163797,0,1,71,76,,,,,,,,
,17-00,11.3,226,0.97,4290.612011798317,0,1,71,76,,,,,,,,
,18-00,11.8,159,0.97,3152.1835134059056,0,1,71,76,,,,,,,,
,19-00,11.8,48,0.97,951.6025700848016,0,1,68,83,,,,,,,,
,20-00,11.8,42,0.97,832.6522488242015,0,1,68,83,,,,,,,,
,21-00,11.8,41,0.97,812.827195280768,0,1,68,83,,,,,,,,
,22-00,11.8,33,0.97,654.2267669333012,0,1,67,88,,,,,,,,
,23-00,11.8,26,0.97,515.4513921292676,0,1,67,88,,,,,,,,
,24-00,11.8,100,0.97,1982.5053543433369,0,1,67,88,,,,,,,,
2021-01-12,01-00,11.8,100,0.97,1982.5053543433369,0,1,68,92,,,,,,,,
,02-00,11.6,102,0.97,1987.8816400500305,0,1,68,92,,,,,,,,
,03-00,11.6,105,0.97,2046.3487471103256,0,1,68,92,,,,,,,,
,04-00,11.5,107,0.97,2067.3498631520984,0,1,77,56,,,,,,,,
,05-00,11.4,158,0.97,3026.1768171552694,0,1,77,56,,,,,,,,
,06-00,11.2,181,0.97,3405.8769951905188,0,1,77,56,,,,,,,,
,07-00,11.5,223,0.97,4308.588967130074,0,1,82,44,,,,,,,,
,08-00,11.2,268,0.97,5042.9559928787785,0,1,82,44,,,,,,,,
,09-00,11.3,289,0.97,5486.667572609352,0,1,82,44,,,,,,,,
,10-00,11.4,241,0.97,4615.877297053292,0,1,81,54,,,,,,,,
,11-00,11.4,248,0.97,4749.948421863968,0,1,81,54,,,,,,,,
,12-00,11.6,243,0.97,4735.835671883896,0,1,81,54,,,,,,,,
,13-00,11.6,243,0.97,4735.835671883896,0,1,69,78,,,,,,,,
,14-00,11.6,232,0.97,4521.456279329481,0,1,69,78,,,,,,,,
,15-00,11.7,232,0.97,4560.434350703011,0,1,69,78,,,,,,,,
,16-00,11.8,226,0.97,4480.462100815941,0,1,70,83,,,,,,,,
,17-00,11.8,212,0.97,4202.911351207874,0,1,70,83,,,,,,,,
,18-00,11.8,43,0.97,852.4773023676348,0,1,70,83,,,,,,,,
,19-00,11.8,42,0.97,832.6522488242015,0,1,69,85,,,,,,,,
,20-00,11.8,40,0.97,793.0021417373348,0,1,69,85,,,,,,,,
,21-00,11.8,37,0.97,733.5269811070347,0,1,69,85,,,,,,,,
,22-00,11.8,31,0.97,614.5766598464344,0,1,66,88,,,,,,,,
,23-00,11.8,27,0.97,535.2764456727009,0,1,66,88,,,,,,,,
,24-00,11.8,27,0.97,535.2764456727009,0,1,66,88,,,,,,,,
2021-01-13,01-00,11.7,99,0.97,1946.0474168948192,0,1,70,87,,,,,,,,
,02-00,11.7,99,0.97,1946.0474168948192,0,1,70,87,,,,,,,,
,03-00,11.7,99,0.97,1946.0474168948192,0,1,70,87,,,,,,,,
,04-00,11.6,108,0.97,2104.8158541706207,0,1,76,63,,,,,,,,
,05-00,11.6,115,0.97,2241.2391039779754,0,1,76,63,,,,,,,,
,06-00,11.5,193,0.97,3728.958164377149,0,1,76,63,,,,,,,,
,07-00,11.4,257,0.97,4922.325582334837,0,1,81,48,,,,,,,,
,08-00,11.4,280,0.97,5362.844992427061,0,1,81,48,,,,,,,,
,09-00,11.4,287,0.97,5496.916117237737,0,1,81,48,,,,,,,,
,10-00,11.4,287,0.97,5496.916117237737,0,1,84,32,,,,,,,,
,11-00,11.4,278,0.97,5324.538956766867,0,1,84,32,,,,,,,,
,12-00,11.5,253,0.97,4888.219769882999,0,1,84,32,,,,,,,,
,13-00,11.5,243,0.97,4695.009502298691,0,1,82,71,,,,,,,,
,14-00,11.5,243,0.97,4695.009502298691,0,1,82,71,,,,,,,,
,15-00,11.5,237,0.97,4579.083341748105,0,1,82,71,,,,,,,,
,16-00,11.5,233,0.97,4501.799234714383,0,1,71,82,,,,,,,,
,17-00,11.8,192,0.97,3806.4102803392066,0,1,71,82,,,,,,,,
,18-00,11.8,41,0.97,812.827195280768,0,1,71,82,,,,,,,,
,19-00,11.8,42,0.97,832.6522488242015,0,1,69,88,,,,,,,,
,20-00,11.8,39,0.97,773.1770881939013,0,1,69,88,,,,,,,,
,21-00,11.8,35,0.97,693.8768740201679,0,1,69,88,,,,,,,,
,22-00,11.8,28,0.97,555.1014992161342,0,1,64,86,,,,,,,,
,23-00,11.8,28,0.97,555.1014992161342,0,1,64,86,,,,,,,,
,24-00,11.8,28,0.97,555.1014992161342,0,1,64,86,,,,,,,,
2021-01-14,01-00,11.7,102,0.97,2005.018550740117,0,1,67,88,,,,,,,,
,02-00,11.7,102,0.97,2005.018550740117,0,1,67,88,,,,,,,,
,03-00,11.6,102,0.97,1987.8816400500305,0,1,67,88,,,,,,,,
,04-00,11.6,102,0.97,1987.8816400500305,0,1,80,45,,,,,,,,
,05-00,11.4,121,0.97,2317.515157441694,0,1,80,45,,,,,,,,
,06-00,11.3,181,0.97,3436.286611219006,0,1,80,45,,,,,,,,
,07-00,11.2,215,0.97,4045.6549942870806,0,1,86,25,,,,,,,,
,08-00,11.3,243,0.97,4613.357163128279,0,1,86,25,,,,,,,,
,09-00,11.3,243,0.97,4613.357163128279,0,1,86,25,,,,,,,,
,10-00,11.3,266,0.97,5050.012367868815,0,1,83,26,,,,,,,,
,11-00,11.6,154,0.97,3001.3114957618104,0,1,83,26,,,,1.0,,,,
,12-00,11.6,242,0.97,4716.3466361971305,0,1,83,26,,,,,,,,
,13-00,11.5,244,0.97,4714.330529057122,0,1,72,67,,,,,,,,
,14-00,11.7,232,0.97,4560.434350703011,0,1,72,67,,,,,,,,
,15-00,11.4,230,0.97,4405.194100922227,0,1,72,67,,,,,,,,
,16-00,11.3,237,0.97,4499.447109717704,0,1,68,78,,,,,,,,
,17-00,11.3,229,0.97,4347.567038503604,0,1,68,78,,,,,,,,
,18-00,11.6,34,0.97,662.6272133500102,0,1,68,78,,,,,,,,
,19-00,11.7,46,0.97,904.2240522945625,0,1,68,87,,,,,,,,
,20-00,11.7,42,0.97,825.5958738341658,0,1,68,87,,,,,,,,
,21-00,11.7,35,0.97,687.9965615284714,0,1,68,87,,,,,,,,
,22-00,11.7,32,0.97,629.0254276831739,0,1,62,87,,,,,,,,
,23-00,11.7,30,0.97,589.7113384529755,0,1,62,87,,,,,,,,
,24-00,11.7,106,0.97,2083.6467292005136,0,1,62,87,,,,,,,,
2021-01-15,01-00,11.7,106,0.97,2083.6467292005136,0,1,66,79,,,,,,,,
,02-00,11.7,106,0.97,2083.6467292005136,0,1,66,79,,,,,,,,
,03-00,11.7,106,0.97,2083.6467292005136,0,1,66,79,,,,,,,,
,04-00,11.6,110,0.97,2143.7939255441506,0,1,79,37,,,,,,,,
,05-00,11.5,140,0.97,2704.943746180315,0,1,79,37,,,,,,,,
,06-00,11.3,163,0.97,3094.5564509872816,0,1,79,37,,,,,,,,
,07-00,11.4,220,0.97,4213.663922621262,0,1,86,29,,,,,,,,
,08-00,11.1,293,0.97,5464.154376212571,0,1,86,29,,,,,,,,
,09-00,11.1,287,0.97,5352.260429942006,0,1,86,29,,,,,,,,
,10-00,11.1,279,0.97,5203.068501581254,0,1,83,36,,,,,,,,
,11-00,11.4,261,0.97,4998.937653655224,0,1,83,36,,,,,,,,
,12-00,11.4,247,0.97,4730.795404033871,0,1,83,36,,,,,,,,
,13-00,11.5,224,0.97,4327.909993888505,0,1,70,66,,,,,,,,
,14-00,11.5,215,0.97,4154.020753062628,0,1,70,66,,,,,,,,
,15-00,11.6,218,0.97,4248.60977971477,0,1,70,66,,,,,,,,
,16-00,11.3,227,0.97,4309.597020700079,0,1,68,79,,,,,,,,
,17-00,11.9,200,0.97,3998.61249435351,0,1,68,79,,,,,,,,
,18-00,11.7,36,0.97,707.6536061435706,0,1,68,79,,,,,,,,
,19-00,11.6,47,0.97,915.9846772779553,0,1,67,84,,,,,,,,
,20-00,11.7,44,0.97,864.9099630643641,0,1,67,84,,,,,,,,
,21-00,11.8,40,0.97,793.0021417373348,0,1,67,84,,,,,,,,
,22-00,11.7,36,0.97,707.6536061435706,0,1,60,87,,,,,,,,
,23-00,11.7,30,0.97,589.7113384529755,0,1,60,87,,,,,,,,
,24-00,11.7,102,0.97,2005.018550740117,0,1,60,87,,,,,,,,
2021-01-16,01-00,11.6,102,0.97,1987.8816400500305,0,1,63,87,,,,,,,,
,02-00,11.6,102,0.97,1987.8816400500305,0,1,63,87,,,,,,,,
,03-00,11.6,110,0.97,2143.7939255441506,0,1,63,87,,,,,,,,
,04-00,11.6,118,0.97,2299.7062110382703,0,1,78,48,,,,,,,,
,05-00,11.5,124,0.97,2395.807318045422,0,1,78,48,,,,,,,,
,06-00,11.4,190,0.97,3639.0733877183625,0,1,78,48,,,,,,,,
,07-00,11.6,231,0.97,4501.967243642716,0,1,86,25,,,,,,,,
,08-00,11.1,276,0.97,5147.121528445972,0,1,86,25,,,,,,,,
,09-00,11.1,287,0.97,5352.260429942006,0,1,86,25,,,,,,,,
,10-00,11.2,273,0.97,5137.04099274592,0,1,83,39,,,,,,,,
,11-00,11.3,152,0.97,2885.721353067894,0,1,83,39,,,,,,,,
,12-00,11.5,244,0.97,4714.330529057122,0,1,83,39,1.0,,,,,,,
,13-00,11.4,238,0.97,4558.418243563002,0,1,72,62,,,,,,,,
,14-00,11.4,267,0.97,5113.855760635804,0,1,72,62,,,,,,,,
,15-00,11.3,243,0.97,4613.357163128279,0,1,72,62,,,1.0,,,,,
,16-00,11.2,265,0.97,4986.504992958495,0,1,64,80,,,,,,,,
,17-00,11.5,232,0.97,4482.478207955952,0,1,64,80,,,,,,,,
,18-00,11.8,179,0.97,3548.684584274573,0,1,64,80,,,,,,,,
,19-00,11.8,51,0.97,1011.0777307151017,0,1,65,86,,,,,,,,
,20-00,11.8,45,0.97,892.1274094545015,0,1,65,86,,,,,,,,
,21-00,11.8,40,0.97,793.0021417373348,0,1,65,86,,,,,,,,
,22-00,11.8,36,0.97,713.7019275636012,0,1,63,87,,,,,,,,
,23-00,11.8,30,0.97,594.751606303001,0,1,63,87,,,,,,,,
,24-00,11.8,29,0.97,574.9265527595677,0,1,63,87,,,,,,,,
2021-01-17,01-00,11.8,109,0.97,2160.930836234237,1,1,67,88,,,,,,,,
,02-00,11.8,108,0.97,2141.1057826908036,1,1,67,88,,,,,,,,
,03-00,11.7,108,0.97,2122.960818430712,1,1,67,88,,,,,,,,
,04-00,11.8,118,0.97,2339.3563181251375,1,1,79,50,,,,,,,,
,05-00,11.3,154,0.97,2923.691370871419,1,1,79,50,,,,,,,,
,06-00,11.7,175,0.97,3439.9828076423573,1,1,79,50,,,,,,,,
,07-00,11.7,224,0.97,4403.1779937822175,1,1,86,30,,,,,,,,
,08-00,11.4,257,0.97,4922.325582334837,1,1,86,30,,,,,,,,
,09-00,11.4,257,0.97,4922.325582334837,1,1,86,30,,,,,,,,
,10-00,11.6,267,0.97,5203.572528366256,1,1,82,35,,,,,,,,
,11-00,11.6,246,0.97,4794.302778944191,1,1,82,35,,,,,,,,
,12-00,11.8,240,0.97,4758.012850424008,1,1,82,35,,,,,,,,
,13-00,11.9,236,0.97,4718.362743337142,1,1,73,63,,,,,,,,
,14-00,11.3,229,0.97,4347.567038503604,1,1,73,63,,,,,,,,
,15-00,11.3,225,0.97,4271.627002896555,1,1,73,63,,,,,,,,
,16-00,11.4,213,0.97,4079.592797810585,1,1,69,79,,,,,,,,
,17-00,11.6,204,0.97,3975.763280100061,1,1,69,79,,,,,,,,
,18-00,11.6,50,0.97,974.4517843382503,1,1,69,79,,,,,,,,
,19-00,11.6,48,0.97,935.4737129647202,1,1,66,84,,,,,,,,
,20-00,11.6,45,0.97,877.0066059044252,1,1,66,84,,,,,,,,
,21-00,11.7,42,0.97,825.5958738341658,1,1,66,84,,,,,,,,
,22-00,11.7,40,0.97,786.2817846039674,1,1,63,86,,,,,,,,
,23-00,11.7,36,0.97,707.6536061435706,1,1,63,86,,,,,,,,
,24-00,11.7,30,0.97,589.7113384529755,1,1,63,86,,,,,,,,
2021-01-18,01-00,11.7,110,0.97,2162.2749076609102,0,1,67,90,,,,,,,,
,02-00,11.7,110,0.97,2162.2749076609102,0,1,67,90,,,,,,,,
,03-00,11.7,115,0.97,2260.560130736406,0,1,67,90,,,,,,,,
,04-00,11.5,122,0.97,2357.165264528561,0,1,76,51,,,,,,,,
,05-00,11.4,128,0.97,2451.5862822523704,0,1,76,51,,,,,,,,
,06-00,11.5,179,0.97,3458.4637897591174,0,1,76,51,,,,,,,,
,07-00,11.3,230,0.97,4366.5520474053665,0,1,78,38,,,,,,,,
,08-00,11.2,265,0.97,4986.504992958495,0,1,78,38,,,,,,,,
,09-00,11.4,270,0.97,5171.314814126094,0,1,78,38,,,,,,,,
,10-00,11.6,272,0.97,5301.017706800081,0,1,77,37,,,,,,,,
,11-00,11.6,261,0.97,5086.638314245666,0,1,77,37,,,,,,,,
,12-00,11.5,241,0.97,4656.367448781828,0,1,77,37,,,,,,,,
,13-00,11.5,241,0.97,4656.367448781828,0,1,69,71,,,,,,,,
,14-00,11.6,210,0.97,4092.697494220651,0,1,69,71,,,,,,,,
,15-00,11.4,202,0.97,3868.909601679522,0,1,69,71,,,,,,,,
,16-00,11.4,202,0.97,3868.909601679522,0,1,65,82,,,,,,,,
,17-00,11.6,197,0.97,3839.3400302927057,0,1,65,82,,,,,,,,
,18-00,11.7,38,0.97,746.967695373769,0,1,65,82,,,,,,,,
,19-00,11.6,47,0.97,915.9846772779553,0,1,66,86,,,,,,,,
,20-00,11.6,42,0.97,818.5394988441301,0,1,66,86,,,,,,,,
,21-00,11.8,39,0.97,773.1770881939013,0,1,66,86,,,,,,,,
,22-00,11.8,33,0.97,654.2267669333012,0,1,62,91,,,,,,,,
,23-00,11.8,30,0.97,594.751606303001,0,1,62,91,,,,,,,,
,24-00,11.7,108,0.97,2122.960818430712,0,1,62,91,,,,,,,,
2021-01-19,01-00,11.7,108,0.99,2166.733206439593,0,1,67,92,,,,,,,,
,02-00,11.7,108,0.99,2166.733206439593,0,1,67,92,,,,,,,,
,03-00,11.7,108,0.99,2166.733206439593,0,1,67,92,,,,,,,,
,04-00,11.6,108,0.99,2148.2141192050663,0,1,77,55,,,,,,,,
,05-00,11.4,120,0.99,2345.751049706682,0,1,77,55,,,,,,,,
,06-00,11.2,146,0.99,2803.9269857312615,0,1,77,55,,,,,,,,
,07-00,11.2,174,0.99,3341.6664076523252,0,1,82,35,,,,,,,,
,08-00,11.3,255,0.99,4940.995357989623,0,1,82,35,,,,,,,,
,09-00,11.3,286,0.99,5541.665381902087,0,1,82,35,,,,,,,,
,10-00,11.8,269,0.99,5442.896916651278,0,1,81,35,,,,,,,,
,11-00,11.7,246,0.99,4935.336748001294,0,1,81,35,,,,,,,,
,12-00,11.5,238,0.99,4693.216829712856,0,1,81,35,,,,,,,,
,13-00,11.4,237,0.99,4632.858323170697,0,1,73,68,,,,,,,,
,14-00,11.4,223,0.99,4359.187367371584,0,1,73,68,,,,,,,,
,15-00,11.7,231,0.99,4634.40158044024,0,1,73,68,,,,,,,,
,16-00,11.8,198,0.99,4006.2958717358856,0,1,68,81,,,,,,,,
,17-00,11.7,184,0.99,3691.4713887489356,0,1,68,81,,,,,,,,
,18-00,11.8,38,0.99,768.8850662927457,0,1,68,81,,,,,,,,
,19-00,11.8,45,0.99,910.521789030883,0,1,64,87,,,,,,,,
,20-00,11.8,43,0.99,870.0541539628438,0,1,64,87,,,,,,,,
,21-00,11.8,39,0.99,789.1188838267653,0,1,64,87,,,,,,,,
,22-00,11.8,33,0.99,667.7159786226476,0,1,65,90,,,,,,,,
,23-00,11.8,32,0.99,647.4821610886279,0,1,65,90,,,,,,,,
,24-00,11.7,109,0.99,2186.795550943663,0,1,65,90,,,,,,,,
2021-01-20,01-00,11.7,109,0.97,2142.617863045811,0,1,66,92,,,,,,,,
,02-00,11.7,109,0.97,2142.617863045811,0,1,66,92,,,,,,,,
,03-00,11.7,109,0.97,2142.617863045811,0,1,66,92,,,,,,,,
,04-00,11.5,126,0.97,2434.449371562284,0,1,80,40,,,,,,,,
,05-00,11.4,158,0.97,3026.1768171552694,0,1,80,40,,,,,,,,
,06-00,11.5,165,0.97,3187.9694151410863,0,1,80,40,,,,,,,,
,07-00,11.6,221,0.97,4307.076886775066,0,1,86,26,,,,,,,,
,08-00,11.2,266,0.97,5005.321992931923,0,1,86,26,,,,,,,,
,09-00,11.2,262,0.97,4930.053993038209,0,1,86,26,,,,,,,,
,10-00,11.4,250,0.97,4788.254457524161,0,1,83,28,,,,,,,,
,11-00,11.5,242,0.97,4675.68847554026,0,1,83,28,,,,,,,,
,12-00,11.2,237,0.97,4459.628993702503,0,1,83,28,,,,,,,,
,13-00,11.4,216,0.97,4137.051851300875,0,1,72,67,,,,,,,,
,14-00,11.4,218,0.97,4175.357886961068,0,1,72,67,,,,,,,,
,15-00,11.5,208,0.97,4018.7735657536114,0,1,72,67,,,,,,,,
,16-00,11.5,219,0.97,4231.30486009635,0,1,69,78,,,,,,,,
,17-00,11.5,207,0.97,3999.4525389951805,0,1,69,78,,,,,,,,
,18-00,11.5,38,0.97,734.1990168203713,0,1,69,78,,,,,,,,
,19-00,11.6,45,0.97,877.0066059044252,0,1,66,86,,,,,,,,
,20-00,11.7,46,0.97,904.2240522945625,0,1,66,86,,,,,,,,
,21-00,11.7,40,0.97,786.2817846039674,0,1,66,86,,,,,,,,
,22-00,11.7,35,0.97,687.9965615284714,0,1,65,92,,,,,,,,
,23-00,11.7,33,0.97,648.6824722982731,0,1,65,92,,,,,,,,
,24-00,11.6,31,0.97,604.1601062897151,0,1,65,92,,,,,,,,
2021-01-21,01-00,11.6,105,0.95,2004.1559894379477,0,1,69,83,,,,,,,,
,02-00,11.6,105,0.95,2004.1559894379477,0,1,69,83,,,,,,,,
,03-00,11.6,105,0.95,2004.1559894379477,0,1,69,83,,,,,,,,
,04-00,11.6,105,0.95,2004.1559894379477,0,1,78,41,,,,,,,,
,05-00,11.2,142,0.95,2616.9209241396647,0,1,78,41,,,,,,,,
,06-00,11.3,165,0.95,3067.938294176563,0,1,78,41,,,,,,,,
,07-00,11.5,214,0.95,4049.4481855556564,0,1,84,26,,,,,,,,
,08-00,11.4,257,0.95,4820.834333214531,0,1,84,26,,,,,,,,
,09-00,11.4,263,0.95,4933.382994690357,0,1,84,26,,,,,,,,
,10-00,11.5,256,0.95,4844.199698608635,0,1,82,32,,,,,,,,
,11-00,11.7,246,0.95,4735.929202627504,0,1,82,32,,,,,,,,
,12-00,11.8,237,0.95,4601.660624024766,0,1,82,32,,,,,,,,
,13-00,11.8,235,0.95,4562.8280449190715,0,1,73,68,,,,,,,,
,14-00,11.8,191,0.95,3708.5113045937987,0,1,73,68,,,,,,,,
,15-00,11.8,150,0.95,2912.443432927067,0,1,73,68,,,,,,,,
,16-00,11.8,177,0.95,3436.6832508539387,0,1,72,74,,,1.0,,,,,
,17-00,11.8,172,0.95,3339.6018030897035,0,1,72,74,,,1.0,,,,,
,18-00,11.9,90,0.95,1762.2750941609538,0,1,72,74,,,,,,,,
,19-00,11.8,91,0.95,1766.8823493090872,0,1,67,88,,,,,,,,
,20-00,11.6,76,0.95,1450.627192355086,0,1,67,88,,,,,,,,
,21-00,11.7,72,0.95,1386.1256202812208,0,1,67,88,,,,,,,,
,22-00,11.6,70,0.95,1336.1039929586316,0,1,64,80,,,,,,,,
,23-00,11.5,64,0.95,1211.0499246521588,0,1,64,80,,,,,,,,
,24-00,11.5,56,0.95,1059.668684070639,0,1,64,80,,,,,,,,
2021-01-22,01-00,11.5,100,0.97,1932.1026758430826,0,1,67,88,,,,,,,,
,02-00,11.5,100,0.97,1932.1026758430826,0,1,67,88,,,,,,,,
,03-00,11.4,100,0.97,1915.3017830096642,0,1,67,88,,,,,,,,
,04-00,11.3,110,0.97,2088.350979193871,0,1,82,34,,,,,,,,
,05-00,11.3,135,0.97,2562.9762017379326,0,1,82,34,,,,,,,,
,06-00,11.0,197,0.97,3640.753477001704,0,1,82,34,,,,,,,,
,07-00,11.2,248,0.97,4666.615993410213,0,1,86,29,,,,,,,,
,08-00,11.2,277,0.97,5212.308992639633,0,1,86,29,,,,,,,,
,09-00,11.2,270,0.97,5080.589992825636,0,1,86,29,,,,,,,,
,10-00,11.4,250,0.97,4788.254457524161,0,1,83,35,,,,,,,,
,11-00,11.8,227,0.97,4500.287154359375,0,1,83,35,,,,,,,,
,12-00,11.5,217,0.97,4192.6628065794885,0,1,83,35,,,,,,,,
,13-00,11.5,217,0.97,4192.6628065794885,0,1,73,62,,,,,,,,
,14-00,11.5,210,0.97,4057.4156192704727,0,1,73,62,,,,,,,,
,15-00,11.6,210,0.97,4092.697494220651,0,1,73,62,,,,,,,,
,16-00,11.6,216,0.97,4209.631708341241,0,1,70,78,,,,,,,,
,17-00,11.6,199,0.97,3878.318101666236,0,1,70,78,,,,,,,,
,18-00,11.8,39,0.97,773.1770881939013,0,1,70,78,,,,,,,,
,19-00,11.8,43,0.97,852.4773023676348,0,1,67,70,,,,,,,,
,20-00,11.8,42,0.97,832.6522488242015,0,1,67,70,,,,,,,,
,21-00,11.8,36,0.97,713.7019275636012,0,1,67,70,,,,,,,,
,22-00,11.8,32,0.97,634.4017133898677,0,1,65,88,,,,,,,,
,23-00,11.8,32,0.97,634.4017133898677,0,1,65,88,,,,,,,,
,24-00,11.6,100,0.97,1948.9035686765005,0,1,65,88,,,,,,,,
2021-01-23,01-00,11.6,100,0.96,1928.8117793087015,0,1,69,83,,,,,,,,
,02-00,11.5,100,0.96,1912.1840915560404,0,1,69,83,,,,,,,,
,03-00,11.5,100,0.96,1912.1840915560404,0,1,69,83,,,,,,,,
,04-00,11.3,114,0.96,2141.9787362978186,0,1,81,54,,,,,,,,
,05-00,11.2,139,0.96,2588.5984293342985,0,1,81,54,,,,,,,,
,06-00,11.5,183,0.96,3499.2968875475535,0,1,81,54,,,,,,,,
,07-00,11.5,232,0.96,4436.267092410014,0,1,86,33,,,,,,,,
,08-00,11.3,257,0.96,4828.846800250345,0,1,86,33,,,,,,,,
,09-00,11.5,244,0.96,4665.729183396738,0,1,86,33,,,,,,,,
,10-00,11.5,232,0.96,4436.267092410014,0,1,83,35,,,,,,,,
,11-00,11.6,230,0.96,4436.267092410013,0,1,83,35,,,,,,,,
,12-00,11.6,227,0.96,4378.402739030753,0,1,83,35,1.0,,,,,,,
,13-00,11.2,228,0.96,4246.046344519569,0,1,75,64,,,,,,,,
,14-00,11.1,255,0.96,4706.467018390758,0,1,75,64,,,,,,,,
,15-00,11.1,252,0.96,4651.0968181743965,0,1,75,64,,,,,,,,
,16-00,11.6,216,0.96,4166.233443306795,0,1,71,80,1.0,,,,,,,
,17-00,11.8,212,0.96,4159.582368205731,0,1,71,80,,,,,,,,
,18-00,11.9,216,0.96,4273.980859944039,0,1,71,80,,,,,,,,
,19-00,12.0,56,0.96,1117.380616978834,0,1,67,88,,,,,,,,
,20-00,12.0,48,0.96,957.7548145532863,0,1,67,88,,,,,,,,
,21-00,12.0,44,0.96,877.9419133405125,0,1,67,88,,,,,,,,
,22-00,12.0,37,0.96,738.2693362181583,0,1,66,90,,,,,,,,
,23-00,12.0,32,0.96,638.5032097021909,0,1,66,90,,,,,,,,
,24-00,11.9,102,0.96,2018.2687394180186,0,1,66,90,,,,,,,,
2021-01-24,01-00,11.9,102,0.98,2060.316004822561,1,1,69,91,,,,,,,,
,02-00,11.9,102,0.98,2060.316004822561,1,1,69,91,,,,,,,,
,03-00,11.9,102,0.98,2060.316004822561,1,1,69,91,,,,,,,,
,04-00,11.6,120,0.98,2362.794429653159,1,1,82,37,,,,,,,,
,05-00,11.3,146,0.98,2800.386673880591,1,1,82,37,,,,,,,,
,06-00,11.3,171,0.98,3279.9049399560345,1,1,82,37,,,,,,,,
,07-00,11.5,252,0.98,4919.093575527914,1,1,87,27,,,,,,,,
,08-00,11.4,280,0.98,5418.13205420466,1,1,87,27,,,,,,,,
,09-00,11.8,264,0.98,5287.770982223795,1,1,87,27,,,,,,,,
,10-00,11.9,246,0.98,4968.997423395588,1,1,85,30,,,,,,,,
,11-00,11.6,248,0.98,4883.108487949863,1,1,85,30,,,,,,,,
,12-00,11.8,223,0.98,4466.564125136008,1,1,85,30,,,,,,,,
,13-00,11.4,211,0.98,4082.949512275654,1,1,75,69,,,,,,,,
,14-00,11.6,196,0.98,3859.2309017668267,1,1,75,69,,,,,,,,
,15-00,11.6,187,0.98,3682.0213195428396,1,1,75,69,,,,,,,,
,16-00,11.6,198,0.98,3898.6108089277127,1,1,72,76,,,,,,,,
,17-00,11.8,163,0.98,3264.7979928124187,1,1,72,76,,,,,,,,
,18-00,11.8,34,0.98,681.0008083167008,1,1,72,76,,,,,,,,
,19-00,11.8,52,0.98,1041.5306480137779,1,1,69,85,,,,,,,,
,20-00,11.8,48,0.98,961.4129058588717,1,1,69,85,,,,,,,,
,21-00,11.8,46,0.98,921.3540347814188,1,1,69,85,,,,,,,,
,22-00,11.8,40,0.98,801.1774215490599,1,1,68,88,,,,,,,,
,23-00,11.8,34,0.98,681.0008083167008,1,1,68,88,,,,,,,,
,24-00,11.8,88,0.98,1762.5903274079317,1,1,68,88,,,,,,,,
2021-01-25,01-00,11.8,88,0.96,1726.6190962363412,0,1,70,91,,,,,,,,
,02-00,11.8,88,0.96,1726.6190962363412,0,1,70,91,,,,,,,,
,03-00,11.8,88,0.96,1726.6190962363412,0,1,70,91,,,,,,,,
,04-00,11.5,112,0.96,2141.646182542765,0,1,83,46,,,,,,,,
,05-00,11.3,136,0.96,2555.3430538289763,0,1,83,46,,,,,,,,
,06-00,11.6,158,0.96,3047.5226113077483,0,1,83,46,,,,,,,,
,07-00,11.3,220,0.96,4133.643175311579,0,1,89,30,,,,,,,,
,08-00,11.8,259,0.96,5081.7539309683225,0,1,89,30,,,,,,,,
,09-00,11.7,243,0.96,4727.417904959111,0,1,89,30,,,,,,,,
,10-00,11.7,249,0.96,4844.144272982792,0,1,86,33,,,,,,,,
,11-00,11.8,254,0.96,4983.650573227621,0,1,86,33,,,,,,,,
,12-00,11.8,236,0.96,4630.478485361096,0,1,86,33,,,,,,,,
,13-00,11.6,236,0.96,4551.995799168535,0,1,78,60,,,,,,,,
,14-00,11.7,230,0.96,4474.510774241134,0,1,78,60,,,,,,,,
,15-00,11.7,220,0.96,4279.966827534998,0,1,78,60,,,,,,,,
,16-00,11.7,216,0.96,4202.149248852544,0,1,73,73,,,,,,,,
,17-00,11.8,190,0.96,3727.927594146646,0,1,73,73,,,,,,,,
,18-00,11.8,44,0.96,863.3095481181706,0,1,73,73,,,,,,,,
,19-00,11.8,47,0.96,922.1715627625913,0,1,69,83,,,,,,,,
,20-00,11.8,44,0.96,863.3095481181706,0,1,69,83,,,,,,,,
,21-00,11.8,43,0.96,843.6888765700303,0,1,69,83,,,,,,,,
,22-00,11.8,35,0.96,686.7235041849084,0,1,68,88,,,,,,,,
,23-00,11.8,35,0.96,686.7235041849084,0,1,68,88,,,,,,,,
,24-00,11.8,34,0.96,667.1028326367681,0,1,68,88,,,,,,,,
2021-01-26,01-00,11.7,111,0.97,2181.9319522760093,0,1,71,89,,,,,,,,
,02-00,11.7,111,0.97,2181.9319522760093,0,1,71,89,,,,,,,,
,03-00,11.7,111,0.97,2181.9319522760093,0,1,71,89,,,,,,,,
,04-00,11.6,111,0.97,2163.2829612309156,0,1,81,40,,,,,,,,
,05-00,11.5,238,0.97,4598.404368506536,0,1,81,40,,,,,,,,
,06-00,11.2,178,0.97,3349.4259952702337,0,1,81,40,,,,,,,,
,07-00,11.2,230,0.97,4327.909993888505,0,1,87,24,,,,,,,,
,08-00,11.3,282,0.97,5353.772510297015,0,1,87,24,,,,,,,,
,09-00,11.1,294,0.97,5482.803367257666,0,1,87,24,,,,,,,,
,10-00,11.3,274,0.97,5201.892439082915,0,1,85,30,,,,,,,,
,11-00,11.6,257,0.97,5008.682171498606,0,1,85,30,,,,,,,,
,12-00,11.7,253,0.97,4973.232287620093,0,1,85,30,,,,,,,,
,13-00,11.8,230,0.97,4559.762314989674,0,1,75,67,,,,,,,,
,14-00,11.6,228,0.97,4443.500136582421,0,1,75,67,,,,,,,,
,15-00,11.7,222,0.97,4363.8639045520185,0,1,75,67,,,,,,,,
,16-00,11.7,218,0.97,4285.235726091622,0,1,72,74,,,,,,,,
,17-00,11.6,200,0.97,3897.807137353001,0,1,72,74,1.0,,,,,,,
,18-00,11.8,210,0.97,4163.261244121007,0,1,72,74,,,,,,,,
,19-00,11.8,49,0.97,971.427623628235,0,1,71,85,,,,,,,,
,20-00,11.6,50,0.97,974.4517843382503,0,1,71,85,,,,,,,,
,21-00,11.7,48,0.97,943.5381415247608,0,1,71,85,,,,,,,,
,22-00,11.8,40,0.97,793.0021417373348,0,1,67,90,,,,,,,,
,23-00,11.8,36,0.97,713.7019275636012,0,1,67,90,,,,,,,,
,24-00,11.6,110,0.97,2143.7939255441506,0,1,67,90,,,,,,,,
2021-01-27,01-00,11.8,110,0.97,2180.7558897776707,0,1,71,91,,,,,,,,
,02-00,11.8,110,0.97,2180.7558897776707,0,1,71,91,,,,,,,,
,03-00,11.7,111,0.97,2181.9319522760093,0,1,71,91,,,,,,,,
,04-00,11.6,112,0.97,2182.7719969176806,0,1,80,45,,,,,,,,
,05-00,11.6,140,0.97,2728.4649961471005,0,1,80,45,,,,,,,,
,06-00,11.5,180,0.97,3477.7848165175483,0,1,80,45,,,,,,,,
,07-00,11.6,242,0.97,4716.3466361971305,0,1,85,32,,,,,,,,
,08-00,11.3,272,0.97,5163.92242127939,0,1,85,32,,,,,,,,
,09-00,11.3,290,0.97,5505.6525815111145,0,1,85,32,,,,,,,,
,10-00,11.5,272,0.97,5255.319278293185,0,1,82,35,,,,,,,,
,11-00,11.6,255,0.97,4969.704100125076,0,1,82,35,,,,,,,,
,12-00,11.8,209,0.97,4143.436190577574,0,1,82,35,,,,,,,,
,13-00,11.8,213,0.97,4222.736404751307,0,1,75,60,,,,,,,,
,14-00,11.2,220,0.97,4139.739994154222,0,1,75,60,,,,,,,,
,15-00,11.2,234,0.97,4403.1779937822175,0,1,75,60,,,,,,,,
,16-00,11.4,235,0.97,4500.959190072712,0,1,73,74,,,,,1.0,,,
,17-00,11.4,211,0.97,4041.286762150392,0,1,73,74,,,,,,,,
,18-00,11.6,38,0.97,740.5833560970702,0,1,73,74,,,,,,,,
,19-00,11.6,48,0.97,935.4737129647202,0,1,70,85,,,,,,,,
,20-00,11.7,48,0.97,943.5381415247608,0,1,70,85,,,,,,,,
,21-00,11.7,48,0.97,943.5381415247608,0,1,70,85,,,,,,,,
,22-00,11.7,40,0.97,786.2817846039674,0,1,70,89,,,,,,,,
,23-00,11.7,36,0.97,707.6536061435706,0,1,70,89,,,,,,,,
,24-00,11.6,34,0.97,662.6272133500102,0,1,70,89,,,,,,,,
2021-01-28,01-00,11.6,106,0.97,2065.8377827970903,0,1,73,81,,,,,,,,
,02-00,11.6,106,0.97,2065.8377827970903,0,1,73,81,,,,,,,,
,03-00,11.6,106,0.97,2065.8377827970903,0,1,73,81,,,,,,,,
,04-00,11.6,106,0.97,2065.8377827970903,0,1,81,48,,,,,,,,
,05-00,11.3,157,0.97,2980.646397576707,0,1,81,48,,,,,,,,
,06-00,11.8,170,0.97,3370.2591023836726,0,1,81,48,,,,,,,,
,07-00,11.4,225,0.97,4309.429011771745,0,1,86,37,,,,,,,,
,08-00,11.5,269,0.97,5197.356198017891,0,1,86,37,,,,,,,,
,09-00,11.4,287,0.97,5496.916117237737,0,1,86,37,,,,,,,,
,10-00,11.7,253,0.97,4973.232287620093,0,1,82,41,,,,,,,,
,11-00,11.8,248,0.97,4916.613278771475,0,1,82,41,,,,,,,,
,12-00,11.6,231,0.97,4501.967243642716,0,1,82,41,,,,,,,,
,13-00,11.6,213,0.97,4151.164601280946,0,1,76,69,,,,,,,,
,14-00,11.6,214,0.97,4170.653636967711,0,1,76,69,,,,,,,,
,15-00,11.5,212,0.97,4096.057672787335,0,1,76,69,,,,,,,,
,16-00,11.5,209,0.97,4038.094592512042,0,1,73,76,,,,,,,,
,17-00,11.8,205,0.97,4064.1359764038407,0,1,73,76,,,,,,,,
,18-00,11.6,40,0.97,779.5614274706002,0,1,73,76,,,,,,,,
,19-00,11.6,49,0.97,954.9627486514852,0,1,72,84,,,,,,,,
,20-00,11.7,50,0.97,982.8522307549592,0,1,72,84,,,,,,,,
,21-00,11.8,46,0.97,911.952462997935,0,1,72,84,,,,,,,,
,22-00,11.8,40,0.97,793.0021417373348,0,1,68,88,,,,,,,,
,23-00,11.8,36,0.97,713.7019275636012,0,1,68,88,,,,,,,,
,24-00,11.7,100,0.97,1965.7044615099185,0,1,68,88,,,,,,,,
2021-01-29,01-00,11.6,100,0.97,1948.9035686765005,0,1,71,91,,,,,,,,
,02-00,11.6,100,0.97,1948.9035686765005,0,1,71,91,,,,,,,,
,03-00,11.6,102,0.97,1987.8816400500305,0,1,71,91,,,,,,,,
,04-00,11.5,110,0.97,2125.3129434273906,0,1,80,59,,,,,,,,
,05-00,11.3,152,0.97,2885.721353067894,0,1,80,59,,,,,,,,
,06-00,11.2,190,0.97,3575.229994951373,0,1,80,59,,,,,,,,
,07-00,11.6,245,0.97,4774.813743257426,0,1,85,36,,,,,,,,
,08-00,11.6,267,0.97,5203.572528366256,0,1,85,36,,,,,,,,
,09-00,11.6,264,0.97,5145.105421305961,0,1,85,36,,,,,,,,
,10-00,11.6,248,0.97,4833.280850317721,0,1,84,33,1.0,,,,,,,
,11-00,11.8,240,0.97,4758.012850424008,0,1,84,33,,,,,,,,
,12-00,11.8,250,0.97,4956.263385858342,0,1,84,33,,,,,,,,
,13-00,11.5,230,0.97,4443.836154439089,0,1,76,67,,,,,,,,
,14-00,11.6,219,0.97,4268.098815401536,0,1,76,67,,1.0,,,,,,
,15-00,11.6,214,0.97,4170.653636967711,0,1,76,67,,,,,,,,
,16-00,11.6,220,0.97,4287.587851088301,0,1,73,79,,,,,,,,
,17-00,11.7,211,0.97,4147.636413785927,0,1,73,79,,,,,,,,
,18-00,11.5,35,0.97,676.2359365450787,0,1,73,79,,,,,,,,
,19-00,11.7,49,0.97,963.19518613986,0,1,70,87,,,,,,,,
,20-00,11.7,49,0.97,963.19518613986,0,1,70,87,,,,,,,,
,21-00,11.7,46,0.97,904.2240522945625,0,1,70,87,,,,,,,,
,22-00,11.7,40,0.97,786.2817846039674,0,1,70,89,,,,,,,,
,23-00,11.7,34,0.97,668.3395169133722,0,1,70,89,,,,,,,,
,24-00,11.7,103,0.97,2024.6755953552158,0,1,70,89,,,,,,,,
2021-01-30,01-00,11.7,103,0.97,2024.6755953552158,0,1,70,62,,,,,,,,
,02-00,11.7,103,0.97,2024.6755953552158,0,1,70,62,,,,,,,,
,03-00,11.7,103,0.97,2024.6755953552158,0,1,70,62,,,,,,,,
,04-00,11.5,110,0.97,2125.3129434273906,0,1,77,34,,,,,,,,
,05-00,11.3,152,0.97,2885.721353067894,0,1,77,34,,,,,,,,
,06-00,11.6,160,0.97,3118.2457098824007,0,1,77,34,,,,,,,,
,07-00,11.9,208,0.97,4158.55699412765,0,1,83,32,,,,,,,,
,08-00,11.6,238,0.97,4638.3904934500715,0,1,83,32,,,,,,,,
,09-00,11.5,240,0.97,4637.046422023397,0,1,83,32,,,,,,,,
,10-00,11.5,244,0.97,4714.330529057122,0,1,82,35,,,,,,,,
,11-00,11.5,244,0.97,4714.330529057122,0,1,82,35,,,,,,,,
,12-00,11.4,224,0.97,4290.275993941648,0,1,82,35,,,,,,,,
,13-00,11.4,224,0.97,4290.275993941648,0,1,75,64,,,,,,,,
,14-00,11.5,216,0.97,4173.341779821058,0,1,75,64,,,,,,,,
,15-00,11.5,216,0.97,4173.341779821058,0,1,75,64,,,,,,,,
,16-00,11.5,210,0.97,4057.4156192704727,0,1,72,72,,,,,,,,
,17-00,11.7,173,0.97,3400.668718412159,0,1,72,72,,,,,,,,
,18-00,11.8,165,0.97,3271.1338346665057,0,1,72,72,,,,,,,,
,19-00,11.7,49,0.97,963.19518613986,0,1,72,80,,,,,,,,
,20-00,11.7,43,0.97,845.2529184492649,0,1,72,80,,,,,,,,
,21-00,11.7,41,0.97,805.9388292190666,0,1,72,80,,,,,,,,
,22-00,11.7,33,0.97,648.6824722982731,0,1,66,58,,,,,,,,
,23-00,11.7,33,0.97,648.6824722982731,0,1,66,58,,,,,,,,
,24-00,11.6,102,0.97,1987.8816400500305,0,1,66,58,,,,,,,,
2021-01-31,01-00,11.6,102,0.98,2008.3752652051855,1,1,70,50,,,,,,,,
,02-00,11.6,102,0.98,2008.3752652051855,1,1,70,50,,,,,,,,
,03-00,11.6,102,0.98,2008.3752652051855,1,1,70,50,,,,,,,,
,04-00,11.6,114,0.98,2244.654708170501,1,1,79,39,,,,,,,,
,05-00,11.7,133,0.98,2641.339376424771,1,1,79,39,,,,,,,,
,06-00,11.8,170,0.98,3405.0040415835047,1,1,79,39,,,,,,,,
,07-00,11.2,211,0.98,4011.3188190778346,1,1,85,36,,,,,,,,
,08-00,11.2,240,0.98,4562.637519330238,1,1,85,36,,,,,,,,
,09-00,11.3,245,0.98,4699.279007539349,1,1,85,36,,,,,,,,
,10-00,11.4,243,0.98,4702.164604184758,1,1,83,40,,,,,,,,
,11-00,11.5,235,0.98,4587.249961305793,1,1,83,40,,,,,,,,
,12-00,11.6,224,0.98,4410.54960201923,1,1,83,40,,,,,,,,
,13-00,11.6,220,0.98,4331.789787697459,1,1,76,64,,,,,,,,
,14-00,11.5,215,0.98,4196.845709279768,1,1,76,64,,,,,,,,
,15-00,11.5,215,0.98,4196.845709279768,1,1,76,64,,,,,,,,
,16-00,11.5,212,0.98,4138.285071475864,1,1,72,72,,,,,,,,
,17-00,11.8,178,0.98,3565.239525893316,1,1,72,72,,,,,,,,
,18-00,11.7,50,0.98,992.9847279792372,1,1,72,72,,,,,,,,
,19-00,11.7,47,0.98,933.4056443004829,1,1,69,66,,,,,,,,
,20-00,11.7,45,0.98,893.6862551813134,1,1,69,66,,,,,,,,
,21-00,11.7,44,0.98,873.8265606217287,1,1,69,66,,,,,,,,
,22-00,11.8,36,0.98,721.0596793941538,1,1,65,75,,,,,,,,
,23-00,11.8,34,0.98,681.0008083167008,1,1,65,75,,,,,,,,
,24-00,11.7,97,0.98,1926.3903722797202,1,1,65,75,,,,,,,,
2021-02-01,01-00,11.7,97,0.97,1906.733327664621,0,1,66,75,,,,,,,,
,02-00,11.7,97,0.97,1906.733327664621,0,1,66,75,,,,,,,,
,03-00,11.7,97,0.97,1906.733327664621,0,1,66,75,,,,,,,,
,04-00,11.5,97,0.97,1874.13959556779,0,1,79,48,,,,,,,,
,05-00,11.2,133,0.97,2502.6609964659615,0,1,79,48,,,,,,,,
,06-00,11.4,169,0.97,3236.860013286333,0,1,79,48,,,,,,,,
,07-00,11.3,219,0.97,4157.716949485979,0,1,85,32,,,,,,,,
,08-00,11.2,240,0.97,4516.079993622787,0,1,85,32,,,,,,,,
,09-00,11.3,125,0.97,2373.126112720308,0,1,85,32,,,,,,,,
,10-00,11.8,124,0.97,2458.3066393857375,0,1,81,37,,,,,,,,
,11-00,11.4,240,0.97,4596.724279223195,0,1,81,37,,,,,,,,
,12-00,11.5,238,0.97,4598.404368506536,0,1,81,37,,,,,,,,
,13-00,11.8,219,0.97,4341.686726011907,0,1,71,68,,,,,,,,
,14-00,11.8,201,0.97,3984.835762230107,0,1,71,68,,,,,,,,
,15-00,11.8,202,0.97,4004.6608157735404,0,1,71,68,,,,,,,,
,16-00,11.7,209,0.97,4108.322324555729,0,1,64,78,,,,,,,,
,17-00,11.3,194,0.97,3683.091726941918,0,1,64,78,,,,,,,,
,18-00,11.7,156,0.97,3066.4989599554724,0,1,64,78,,,,,,,,
,19-00,11.8,49,0.97,971.427623628235,0,1,67,72,,,,,,,,
,20-00,11.8,48,0.97,951.6025700848016,0,1,67,72,,,,,,,,
,21-00,11.8,41,0.97,812.827195280768,0,1,67,72,,,,,,,,
,22-00,11.8,35,0.97,693.8768740201679,0,1,57,84,,,,,,,,
,23-00,11.8,31,0.97,614.5766598464344,0,1,57,84,,,,,,,,
,24-00,11.8,98,0.97,1942.85524725647,0,1,57,84,,,,,,,,
2021-02-02,01-00,11.8,98,0.97,1942.85524725647,0,1,62,87,,,,,,,,
,02-00,11.8,98,0.97,1942.85524725647,0,1,62,87,,,,,,,,
,03-00,11.8,98,0.97,1942.85524725647,0,1,62,87,,,,,,,,
,04-00,11.7,100,0.97,1965.7044615099185,0,1,78,28,,,,,,,,
,05-00,11.5,120,0.97,2318.5232110116985,0,1,78,28,,,,,,,,
,06-00,11.7,135,0.97,2653.70102303839,0,1,78,28,,,,,,,,
,07-00,11.5,192,0.97,3709.637137618718,0,1,83,22,,,,,,,,
,08-00,11.4,233,0.97,4462.653154412517,0,1,83,22,,,,,,,,
,09-00,11.3,239,0.97,4537.417127521229,0,1,83,22,,,,,,,,
,10-00,11.4,231,0.97,4424.347118752325,0,1,81,26,1.0,,,,,,,
,11-00,11.6,224,0.97,4365.543993835361,0,1,81,26,1.0,,,,,,,
,12-00,11.8,202,0.97,4004.6608157735404,0,1,81,26,,,,,,,,
,13-00,11.7,202,0.97,3970.723012250035,0,1,65,54,,,,,,,,
,14-00,11.6,199,0.97,3878.318101666236,0,1,65,54,,,,,,,,
,15-00,11.6,196,0.97,3819.8509946059407,0,1,65,54,,,,,,,,
,16-00,11.6,192,0.97,3741.894851858881,0,1,61,69,,,,,,,,
,17-00,11.8,201,0.97,3984.835762230107,0,1,61,69,,,,,,,,
,18-00,11.8,120,0.97,2379.006425212004,0,1,61,69,,,,,,,,
,19-00,11.8,48,0.97,951.6025700848016,0,1,61,79,,,,,,,,
,20-00,11.9,45,0.97,899.6878112295396,0,1,61,79,,,,,,,,
,21-00,11.9,40,0.97,799.722498870702,0,1,61,79,,,,,,,,
,22-00,11.8,36,0.97,713.7019275636012,0,1,55,90,,,,,,,,
,23-00,11.8,30,0.97,594.751606303001,0,1,55,90,,,,,,,,
,24-00,11.8,100,0.97,1982.5053543433369,0,1,55,90,,,,,,,,
2021-02-03,01-00,11.7,98,0.97,1926.39037227972,0,1,63,91,,,,,,,,
,02-00,11.7,98,0.97,1926.39037227972,0,1,63,91,,,,,,,,
,03-00,11.7,98,0.97,1926.39037227972,0,1,63,91,,,,,,,,
,04-00,11.6,99,0.97,1929.4145329897353,0,1,82,41,,,,,,,,
,05-00,11.6,111,0.97,2163.2829612309156,0,1,82,41,,,,,,,,
,06-00,11.3,152,0.97,2885.721353067894,0,1,82,41,,,,,,,,
,07-00,11.5,193,0.97,3728.958164377149,0,1,86,29,,,,,,,,
,08-00,11.5,216,0.97,4173.341779821058,0,1,86,29,,,,,,,,
,09-00,11.6,229,0.97,4462.9891722691855,0,1,86,29,,,,,,,,
,10-00,11.6,225,0.97,4385.033029522126,0,1,83,22,,,,,,,,
,11-00,11.3,222,0.97,4214.671976191267,0,1,83,22,,,,,,,,
,12-00,11.3,217,0.97,4119.7469316824545,0,1,83,22,,,,,,,,
,13-00,11.6,213,0.97,4151.164601280946,0,1,69,50,,,,,,,,
,14-00,11.6,204,0.97,3975.763280100061,0,1,69,50,,,,,,,,
,15-00,11.7,202,0.97,3970.723012250035,0,1,69,50,,,,,,,,
,16-00,11.5,204,0.97,3941.489458719888,0,1,64,67,,,,,,,,
,17-00,11.4,201,0.97,3849.756583849425,0,1,64,67,,,,,,,,
,18-00,11.2,154,0.97,2897.8179959079553,0,1,64,67,,,,,,,,
,19-00,11.7,46,0.97,904.2240522945625,0,1,57,77,,,,,,,,
,20-00,11.7,40,0.97,786.2817846039674,0,1,57,77,,,,,,,,
,21-00,11.7,36,0.97,707.6536061435706,0,1,57,77,,,,,,,,
,22-00,11.7,30,0.97,589.7113384529755,0,1,55,91,,,,,,,,
,23-00,11.7,29,0.97,570.0542938378763,0,1,55,91,,,,,,,,
,24-00,11.7,27,0.97,530.740204607678,0,1,55,91,,,,,,,,
2021-02-04,01-00,11.7,96,0.97,1887.0762830495216,0,1,61,89,,,,,,,,
,02-00,11.7,96,0.97,1887.0762830495216,0,1,61,89,,,,,,,,
,03-00,11.7,96,0.97,1887.0762830495216,0,1,61,89,,,,,,,,
,04-00,11.6,99,0.97,1929.4145329897353,0,1,80,46,,,,,,,,
,05-00,11.5,110,0.97,2125.3129434273906,0,1,80,46,,,,,,,,
,06-00,11.3,135,0.97,2562.9762017379326,0,1,80,46,,,,,,,,
,07-00,11.4,224,0.97,4290.275993941648,0,1,84,18,,,,,,,,
,08-00,11.2,243,0.97,4572.530993543072,0,1,84,18,,,,,,,,
,09-00,11.2,237,0.97,4459.628993702503,0,1,84,18,,,,,,,,
,10-00,11.2,235,0.97,4421.994993755646,0,1,82,18,,,,,,,,
,11-00,11.5,237,0.97,4579.083341748105,0,1,82,18,,,,,,,,
,12-00,11.7,212,0.97,4167.293458401027,0,1,82,18,,,,,,,,
,13-00,11.6,200,0.97,3897.807137353001,0,1,69,42,,,,,,,,
,14-00,11.8,197,0.97,3905.5355480563735,0,1,69,42,,,,,,,,
,15-00,11.5,190,0.97,3670.9950841018567,0,1,69,42,,,,,,,,
,16-00,11.5,195,0.97,3767.6002178940107,0,1,65,73,,,,,,,,
,17-00,11.5,198,0.97,3825.563298169303,0,1,65,73,,,,,,,,
,18-00,11.4,163,0.97,3121.941906305753,0,1,65,73,,,,,,,,
,19-00,11.7,48,0.97,943.5381415247608,0,1,60,81,,,,,,,,
,20-00,11.7,48,0.97,943.5381415247608,0,1,60,81,,,,,,,,
,21-00,11.7,40,0.97,786.2817846039674,0,1,60,81,,,,,,,,
,22-00,11.8,30,0.97,594.751606303001,0,1,58,91,,,,,,,,
,23-00,11.8,27,0.97,535.2764456727009,0,1,58,91,,,,,,,,
,24-00,11.8,90,0.97,1784.254818909003,0,1,58,91,,,,,,,,
2021-02-05,01-00,11.8,90,0.98,1802.6491984853844,0,1,64,90,,,,,,,,
,02-00,11.8,90,0.98,1802.6491984853844,0,1,64,90,,,,,,,,
,03-00,11.8,90,0.98,1802.6491984853844,0,1,64,90,,,,,,,,
,04-00,11.6,99,0.98,1949.3054044638563,0,1,80,38,,,,,,,,
,05-00,11.4,110,0.98,2128.5518784375445,0,1,80,38,,,,,,,,
,06-00,11.4,129,0.98,2496.210839258575,0,1,80,38,,,,,,,,
,07-00,11.3,182,0.98,3490.8929770292298,0,1,85,20,,,,,,,,
,08-00,11.2,229,0.98,4353.516633027603,0,1,85,20,,,,,,,,
,09-00,11.4,243,0.98,4702.164604184758,0,1,85,20,,,,,,,,
,10-00,11.3,241,0.98,4622.5560849672775,0,1,82,24,,,,,,,,
,11-00,11.5,237,0.98,4626.290386508395,0,1,82,24,,,,,,,,
,12-00,11.4,221,0.98,4276.454228497249,0,1,82,24,,,,,,,,
,13-00,11.2,238,0.98,4524.615540002486,0,1,72,56,,,,,,,,
,14-00,11.2,261,0.98,4961.868302271634,0,1,72,56,,,,,,,,
,15-00,11.2,242,0.98,4600.65949865799,0,1,72,56,,,,,,,,
,16-00,11.3,233,0.98,4469.110239823135,0,1,68,72,,,,,,,,
,17-00,11.4,220,0.98,4257.103756875089,0,1,68,72,,,,,,,,
,18-00,11.9,120,0.98,2423.901182144189,0,1,68,72,,,,,,,,
,19-00,11.8,121,0.98,2423.561700185906,0,1,62,83,,,,,,,,
,20-00,11.9,111,0.98,2242.1085934833754,0,1,62,83,,,,,,,,
,21-00,11.8,98,0.98,1962.8846827951966,0,1,62,83,,,,,,,,
,22-00,11.8,95,0.98,1902.796376179017,0,1,65,84,,,,,,,,
,23-00,11.8,92,0.98,1842.7080695628376,0,1,65,84,,,,,,,,
,24-00,11.7,90,0.98,1787.3725103626268,0,1,65,84,,,,,,,,
2021-02-06,01-00,11.7,90,0.97,1769.1340153589267,0,1,66,88,,,,,,,,
,02-00,11.7,90,0.97,1769.1340153589267,0,1,66,88,,,,,,,,
,03-00,11.6,90,0.97,1754.0132118088504,0,1,66,88,,,,,,,,
,04-00,11.4,101,0.97,1934.454800839761,0,1,80,54,,,,,,,,
,05-00,11.4,108,0.97,2068.5259256504373,0,1,80,54,,,,,,,,
,06-00,11.3,132,0.97,2506.0211750326453,0,1,80,54,,,,,,,,
,07-00,11.3,201,0.97,3815.986789254255,0,1,84,32,,,,,,,,
,08-00,11.3,295,0.97,5600.577626019927,0,1,84,32,,,,,,,,
,09-00,11.4,248,0.97,4749.948421863968,0,1,84,32,,,,,,,,
,10-00,11.5,247,0.97,4772.293609332413,0,1,85,26,,,,,,,,
,11-00,11.5,237,0.97,4579.083341748105,0,1,85,26,,,,,,,,
,12-00,11.8,220,0.97,4361.5117795553415,0,1,85,26,,,,,,,,
,13-00,11.5,214,0.97,4134.699726304197,0,1,74,61,,,,,,,,
,14-00,11.5,203,0.97,3922.1684319614574,0,1,74,61,,,,,,,,
,15-00,11.6,202,0.97,3936.785208726531,0,1,74,61,,,,,,,,
,16-00,11.5,202,0.97,3902.8474052030265,0,1,71,73,,,,,,,,
,17-00,11.4,202,0.97,3868.909601679522,0,1,71,73,,,,,,,,
,18-00,11.6,149,0.97,2903.8663173279856,0,1,71,73,,,,,,,,
,19-00,11.7,48,0.97,943.5381415247608,0,1,65,82,,,,,,,,
,20-00,11.7,45,0.97,884.5670076794634,0,1,65,82,,,,,,,,
,21-00,11.7,40,0.97,786.2817846039674,0,1,65,82,,,,,,,,
,22-00,11.8,35,0.97,693.8768740201679,0,1,68,54,,,,,,,,
,23-00,11.8,30,0.97,594.751606303001,0,1,68,54,,,,,,,,
,24-00,11.7,90,0.97,1769.1340153589267,0,1,68,54,,,,,,,,
2021-02-07,01-00,11.7,90,0.97,1769.1340153589267,1,1,68,54,,,,,,,,
,02-00,11.7,90,0.97,1769.1340153589267,1,1,68,54,,,,,,,,
,03-00,11.7,90,0.97,1769.1340153589267,1,1,68,54,,,,,,,,
,04-00,11.6,90,0.97,1754.0132118088504,1,1,76,35,,,,,,,,
,05-00,11.5,122,0.97,2357.165264528561,1,1,76,35,,,,,,,,
,06-00,11.5,136,0.97,2627.6596391465923,1,1,76,35,,,,,,,,
,07-00,11.4,182,0.97,3485.8492450775893,1,1,82,22,,,,,,,,
,08-00,11.2,222,0.97,4177.373994101078,1,1,82,22,,,,,,,,
,09-00,11.5,228,0.97,4405.194100922227,1,1,82,22,,,,,,,,
,10-00,11.6,223,0.97,4346.054958148596,1,1,80,20,,,,,,,,
,11-00,11.4,216,0.97,4137.051851300875,1,1,80,20,,,,,,,,
,12-00,11.6,213,0.97,4151.164601280946,1,1,80,20,,,,,,,,
,13-00,11.6,201,0.97,3917.2961730397656,1,1,69,53,,,,,,,,
,14-00,11.8,188,0.97,3727.110066165473,1,1,69,53,,,,,,,,
,15-00,11.6,178,0.97,3469.048352244171,1,1,69,53,,,,,,,,
,16-00,11.5,190,0.97,3670.9950841018567,1,1,64,62,,,,,,,,
,17-00,11.5,191,0.97,3690.3161108602876,1,1,64,62,,,,,,,,
,18-00,11.5,144,0.97,2782.2278532140385,1,1,64,62,,,,,,,,
,19-00,11.7,48,0.97,943.5381415247608,1,1,69,72,,,,,,,,
,20-00,11.7,45,0.97,884.5670076794634,1,1,69,72,,,,,,,,
,21-00,11.7,40,0.97,786.2817846039674,1,1,69,72,,,,,,,,
,22-00,11.8,35,0.97,693.8768740201679,1,1,56,82,,,,,,,,
,23-00,11.8,27,0.97,535.2764456727009,1,1,56,82,,,,,,,,
,24-00,11.8,86,0.97,1704.9546047352696,1,1,56,82,,,,,,,,
2021-02-08,01-00,11.8,86,0.97,1704.9546047352696,0,1,60,81,,,,,,,,
,02-00,11.8,86,0.97,1704.9546047352696,0,1,60,81,,,,,,,,
,03-00,11.8,86,0.97,1704.9546047352696,0,1,60,81,,,,,,,,
,04-00,11.8,86,0.97,1704.9546047352696,0,1,77,22,,,,,,,,
,05-00,11.5,96,0.97,1854.818568809359,0,1,77,22,,,,,,,,
,06-00,11.3,122,0.97,2316.1710860150206,0,1,77,22,,,,,,,,
,07-00,11.5,190,0.97,3670.9950841018567,0,1,82,18,,,,,,,,
,08-00,11.5,239,0.97,4617.725395264967,0,1,82,18,,,,,,,,
,09-00,11.4,250,0.97,4788.254457524161,0,1,82,18,,,,,,,,
,10-00,11.4,241,0.97,4615.877297053292,0,1,81,18,,,,,,,,
,11-00,11.0,222,0.97,4102.7780299207025,0,1,81,18,,,,,,,,
,12-00,11.7,199,0.97,3911.751878404738,0,1,81,18,,,,,,,,
,13-00,11.7,192,0.97,3774.1525660990433,0,1,66,48,,,,,,,,
,14-00,11.6,191,0.97,3722.405816172116,0,1,66,48,,,,,,,,
,15-00,11.5,190,0.97,3670.9950841018567,0,1,66,48,,,,,,,,
,16-00,11.4,202,0.97,3868.909601679522,0,1,62,56,,,,,,,,
,17-00,11.4,191,0.97,3658.226405548459,0,1,62,56,,,,,,,,
,18-00,11.5,145,0.97,2801.5488799724694,0,1,62,56,,,,,,,,
,19-00,11.6,45,0.97,877.0066059044252,0,1,60,70,,,,,,,,
,20-00,11.7,42,0.97,825.5958738341658,0,1,60,70,,,,,,,,
,21-00,11.7,38,0.97,746.967695373769,0,1,60,70,,,,,,,,
,22-00,11.7,35,0.97,687.9965615284714,0,1,55,88,,,,,,,,
,23-00,11.8,25,0.97,495.6263385858342,0,1,55,88,,,,,,,,
,24-00,11.8,90,0.97,1784.254818909003,0,1,55,88,,,,,,,,
2021-02-09,01-00,11.8,90,0.97,1784.254818909003,0,1,63,91,,,,,,,,
,02-00,11.8,90,0.97,1784.254818909003,0,1,63,91,,,,,,,,
,03-00,11.8,90,0.97,1784.254818909003,0,1,63,91,,,,,,,,
,04-00,11.8,90,0.97,1784.254818909003,0,1,81,27,,,,,,,,
,05-00,11.8,120,0.97,2379.006425212004,0,1,81,27,,,,,,,,
,06-00,11.8,136,0.97,2696.2072819069376,0,1,81,27,,,,,,,,
,07-00,11.4,188,0.97,3600.7673520581693,0,1,86,16,,,,,,,,
,08-00,11.2,246,0.97,4628.981993463357,0,1,86,16,,,,,,,,
,09-00,11.4,237,0.97,4539.265225732905,0,1,86,16,,,,,,,,
,10-00,11.5,213,0.97,4115.378699545766,0,1,84,20,,,,,,,,
,11-00,11.6,223,0.97,4346.054958148596,0,1,84,20,,,,,,,,
,12-00,11.7,225,0.97,4422.835038397317,0,1,84,20,,,,,,,,
,13-00,11.5,207,0.97,3999.4525389951805,0,1,68,48,,,,,,,,
,14-00,11.5,199,0.97,3844.884324927734,0,1,68,48,,,,,,,,
,15-00,11.6,197,0.97,3839.3400302927057,0,1,68,48,,,,,,,,
,16-00,11.6,211,0.97,4112.186529907416,0,1,63,72,,,,,,,,
,17-00,11.7,185,0.97,3636.553253793349,0,1,63,72,,,,,,,,
,18-00,11.8,143,0.97,2834.9826567109717,0,1,63,72,,,,,,,,
,19-00,11.6,46,0.97,896.4956415911902,0,1,60,84,,,,,,,,
,20-00,11.7,42,0.97,825.5958738341658,0,1,60,84,,,,,,,,
,21-00,11.7,39,0.97,766.6247399888681,0,1,60,84,,,,,,,,
,22-00,11.7,35,0.97,687.9965615284714,0,1,59,87,,,,,,,,
,23-00,11.7,24,0.97,471.7690707623804,0,1,59,87,,,,,,,,
,24-00,11.8,91,0.97,1804.0798724524366,0,1,59,87,,,,,,,,
2021-02-10,01-00,11.8,91,0.97,1804.0798724524366,0,1,63,84,,,,,,,,
,02-00,11.8,91,0.97,1804.0798724524366,0,1,63,84,,,,,,,,
,03-00,11.8,91,0.97,1804.0798724524366,0,1,63,84,,,,,,,,
,04-00,11.8,91,0.97,1804.0798724524366,0,1,77,31,,,,,,,,
,05-00,11.5,103,0.97,1990.0657561183748,0,1,77,31,,,,,,,,
,06-00,11.8,136,0.97,2696.2072819069376,0,1,77,31,,,,,,,,
,07-00,11.2,185,0.97,3481.1449950842316,0,1,83,24,,,,,,,,
,08-00,11.7,226,0.97,4442.492083012416,0,1,83,24,,,,,,,,
,09-00,11.8,238,0.97,4718.362743337142,0,1,83,24,,,,,,,,
,10-00,11.8,233,0.97,4619.237475619974,0,1,84,22,,,,,,,,
,11-00,11.9,223,0.97,4458.452931204163,0,1,84,22,,,,,,,,
,12-00,11.7,216,0.97,4245.921636861424,0,1,84,22,,,,,,,,
,13-00,11.6,205,0.97,3995.252315786826,0,1,72,52,,,,,,,,
,14-00,11.6,198,0.97,3858.8290659794707,0,1,72,52,,,,,,,,
,15-00,11.6,188,0.97,3663.938709111821,0,1,72,52,,,,,,,,
,16-00,11.6,192,0.97,3741.894851858881,0,1,67,72,,,,,,,,
,17-00,11.9,194,0.97,3878.6541195229042,0,1,67,72,,,,,,,,
,18-00,11.8,140,0.97,2775.5074960806714,0,1,67,72,,,,,,,,
,19-00,11.8,45,0.97,892.1274094545015,0,1,60,81,,,,,,,,
,20-00,11.8,43,0.97,852.4773023676348,0,1,60,81,,,,,,,,
,21-00,11.8,38,0.97,753.352034650468,0,1,60,81,,,,,,,,
,22-00,11.8,32,0.97,634.4017133898677,0,1,58,88,,,,,,,,
,23-00,11.8,28,0.97,555.1014992161342,0,1,58,88,,,,,,,,
,24-00,11.9,24,0.97,479.8334993224211,0,1,58,88,,,,,,,,
2021-02-11,01-00,11.7,99,0.97,1946.0474168948192,0,1,66,92,,,,,,,,
,02-00,11.7,99,0.97,1946.0474168948192,0,1,66,92,,,,,,,,
,03-00,11.7,99,0.97,1946.0474168948192,0,1,66,92,,,,,,,,
,04-00,11.7,99,0.97,1946.0474168948192,0,1,83,38,,,,,,,,
,05-00,11.4,114,0.97,2183.4440326310173,0,1,83,38,,,,,,,,
,06-00,11.6,168,0.97,3274.1579953765204,0,1,83,38,,,,,,,,
,07-00,11.3,207,0.97,3929.89684266483,0,1,90,18,,,,,,,,
,08-00,11.3,228,0.97,4328.582029601842,0,1,90,18,,,,,,,,
,09-00,11.2,243,0.97,4572.530993543072,0,1,90,18,,,,,,,,
,10-00,11.4,226,0.97,4328.582029601841,0,1,87,16,,,,,,,,
,11-00,11.5,228,0.97,4405.194100922227,0,1,87,16,,,,,,,,
,12-00,11.6,221,0.97,4307.076886775066,0,1,87,16,,,,,,,,
,13-00,11.8,183,0.97,3627.9847984483063,0,1,76,51,,,,,,,,
,14-00,11.8,173,0.97,3429.734263013973,0,1,76,51,,,,,,,,
,15-00,11.4,180,0.97,3447.5432094173957,0,1,76,51,,,,,,,,
,16-00,11.2,197,0.97,3706.948994765371,0,1,71,72,,,,,,,,
,17-00,11.2,190,0.97,3575.229994951373,0,1,71,72,,,,,,,,
,18-00,11.8,152,0.97,3013.408138601872,0,1,71,72,,,,,,,,
,19-00,11.8,48,0.97,951.6025700848016,0,1,65,80,,,,,,,,
,20-00,11.8,43,0.97,852.4773023676348,0,1,65,80,,,,,,,,
,21-00,11.8,38,0.97,753.352034650468,0,1,65,80,,,,,,,,
,22-00,11.8,36,0.97,713.7019275636012,0,1,67,90,,,,,,,,
,23-00,11.8,28,0.97,555.1014992161342,0,1,67,90,,,,,,,,
,24-00,11.7,96,0.97,1887.0762830495216,0,1,67,90,,,,,,,,
2021-02-12,01-00,11.7,96,0.98,1906.5306777201354,0,1,69,91,,,,,,,,
,02-00,11.7,96,0.98,1906.5306777201354,0,1,69,91,,,,,,,,
,03-00,11.7,96,0.98,1906.5306777201354,0,1,69,91,,,,,,,,
,04-00,11.7,96,0.98,1906.5306777201354,0,1,83,42,,,,,,,,
,05-00,11.4,110,0.98,2128.5518784375445,0,1,83,42,,,,,,,,
,06-00,11.5,140,0.98,2732.829764182174,0,1,83,42,,,,,,,,
,07-00,11.3,207,0.98,3970.4112431046733,0,1,88,24,,,,,,,,
,08-00,11.3,238,0.98,4565.013893038224,0,1,88,24,,,,,,,,
,09-00,11.4,252,0.98,4876.3188487841935,0,1,88,24,,,,,,,,
,10-00,11.5,234,0.98,4567.729748704492,0,1,86,25,,,,,,,,
,11-00,11.7,210,0.98,4170.535857512796,0,1,86,25,,,,,,,,
,12-00,11.5,185,0.98,3611.2393312407303,0,1,86,25,,,,,,,,
,13-00,11.6,192,0.98,3780.4710874450548,0,1,76,54,,,,,,,,
,14-00,11.8,184,0.98,3685.4161391256753,0,1,76,54,,,,,,,,
,15-00,11.5,184,0.98,3591.719118639429,0,1,76,54,,,,,,,,
,16-00,11.4,197,0.98,3812.042909565421,0,1,72,69,,,,,,,,
,17-00,11.5,196,0.98,3825.961669855044,0,1,72,69,,,,,,,,
,18-00,11.6,155,0.98,3051.9428049686644,0,1,72,69,,,,,,,,
,19-00,11.6,45,0.98,886.0479111199347,0,1,69,87,,,,,,,,
,20-00,11.6,41,0.98,807.2880967981628,0,1,69,87,,,,,,,,
,21-00,11.5,38,0.98,741.7680788494473,0,1,69,87,,,,,,,,
,22-00,11.5,36,0.98,702.7276536468448,0,1,66,88,,,,,,,,
,23-00,11.5,28,0.98,546.5659528364349,0,1,66,88,,,,,,,,
,24-00,11.7,101,0.98,2005.8291505180591,0,1,66,88,,,,,,,,
2021-02-13,01-00,11.6,101,0.98,1988.6853116247426,0,1,71,91,,,,,,,,
,02-00,11.6,101,0.98,1988.6853116247426,0,1,71,91,,,,,,,,
,03-00,11.6,101,0.98,1988.6853116247426,0,1,71,91,,,,,,,,
,04-00,11.6,101,0.98,1988.6853116247426,0,1,82,45,,,,,,,,
,05-00,11.5,115,0.98,2244.824449149643,0,1,82,45,,,,,,,,
,06-00,11.5,151,0.98,2947.5521027964883,0,1,82,45,,,,,,,,
,07-00,11.2,224,0.98,4258.4616847082225,0,1,87,28,,,,,,,,
,08-00,11.2,267,0.98,5075.93424025489,0,1,87,28,,,,,,,,
,09-00,11.3,266,0.98,5102.07435104272,0,1,87,28,,,,,,,,
,10-00,11.5,248,0.98,4841.012725122709,0,1,86,27,,,,,,,,
,11-00,11.6,223,0.98,4390.859648438787,0,1,86,27,1.0,,,,,,,
,12-00,11.6,208,0.98,4095.5103447321426,0,1,86,27,1.0,,,,,,,
,13-00,11.5,232,0.98,4528.689323501889,0,1,75,52,,,,,,,,
,14-00,11.3,258,0.98,4948.628505898579,0,1,75,52,,,,,,,,
,15-00,11.2,235,0.98,4467.582571010858,0,1,75,52,,,,,,,,
,16-00,11.2,253,0.98,4809.780384960626,0,1,72,72,,,,,,,,
,17-00,11.2,252,0.98,4790.769395296751,0,1,72,72,,,,,,,,
,18-00,11.4,177,0.98,3425.0334771222306,0,1,72,72,,,,,,,,
,19-00,11.8,133,0.98,2663.914926650624,0,1,68,85,,,,,,,,
,20-00,11.8,133,0.98,2663.914926650624,0,1,68,85,,,,,,,,
,21-00,11.8,130,0.98,2603.826620034444,0,1,68,85,,,,,,,,
,22-00,11.8,120,0.98,2403.5322646471795,0,1,69,87,,,,,,,,
,23-00,11.8,120,0.98,2403.5322646471795,0,1,69,87,,,,,,,,
,24-00,11.8,110,0.98,2203.2379092599144,0,1,69,87,,,,,,,,
2021-02-14,01-00,11.8,100,0.96,1962.067154814024,1,1,72,87,,,,,,,,
,02-00,11.8,100,0.96,1962.067154814024,1,1,72,87,,,,,,,,
,03-00,11.8,100,0.96,1962.067154814024,1,1,72,87,,,,,,,,
,04-00,11.8,100,0.96,1962.067154814024,1,1,85,33,,,,,,,,
,05-00,11.5,135,0.96,2581.4485236006544,1,1,85,33,,,,,,,,
,06-00,11.2,160,0.96,2979.6816452768903,1,1,85,33,,,,,,,,
,07-00,11.4,218,0.96,4132.312960291367,1,1,86,25,,,,,,,,
,08-00,11.2,275,0.96,5121.327827819655,1,1,86,25,,,,,,,,
,09-00,11.2,285,0.96,5307.557930649461,1,1,86,25,,,,,,,,
,10-00,11.4,255,0.96,4833.668829698617,1,1,87,24,,,,,,,,
,11-00,11.4,232,0.96,4397.69085682384,1,1,87,24,,,,,,,,
,12-00,11.6,213,0.96,4108.369089927533,1,1,87,24,,,,,,,,
,13-00,11.7,210,0.96,4085.4228808288613,1,1,77,59,,,,,,,,
,14-00,11.8,200,0.96,3924.134309628048,1,1,77,59,,,,,,,,
,15-00,11.8,195,0.96,3826.030951887347,1,1,77,59,,,,1.0,,,,
,16-00,11.3,236,0.96,4434.271769879694,1,1,73,78,,,,,,,,
,17-00,11.5,215,0.96,4111.195796845487,1,1,73,78,,,,,,,,
,18-00,11.5,145,0.96,2772.666932756258,1,1,73,78,,,,,,,,
,19-00,11.6,76,0.96,1465.896952274613,1,1,70,81,,,,,,,,
,20-00,11.8,45,0.96,882.9302196663108,1,1,70,81,,,,,,,,
,21-00,11.8,41,0.96,804.4475334737498,1,1,70,81,,,,,,,,
,22-00,11.8,36,0.96,706.3441757330487,1,1,64,91,,,,,,,,
,23-00,11.8,30,0.96,588.6201464442073,1,1,64,91,,,,,,,,
,24-00,11.8,102,0.96,2001.3084979103044,1,1,64,91,,,,,,,,
2021-02-15,01-00,11.8,102,0.97,2022.1554614302033,0,1,71,89,,,,,,,,
,02-00,11.8,102,0.97,2022.1554614302033,0,1,71,89,,,,,,,,
,03-00,11.8,102,0.97,2022.1554614302033,0,1,71,89,,,,,,,,
,04-00,11.8,102,0.97,2022.1554614302033,0,1,84,30,,,,,,,,
,05-00,11.7,136,0.97,2673.358067653489,0,1,84,30,,,,,,,,
,06-00,11.5,162,0.97,3130.0063348657936,0,1,84,30,,,,,,,,
,07-00,11.2,248,0.97,4666.615993410213,0,1,90,20,,,,,,,,
,08-00,11.2,271,0.97,5099.406992799064,0,1,90,20,,,,,,,,
,09-00,11.3,278,0.97,5277.832474689965,0,1,90,20,,,,,,,,
,10-00,11.4,261,0.97,4998.937653655224,0,1,87,23,,,,,,,,
,11-00,11.5,236,0.97,4559.762314989674,0,1,87,23,,,,,,,,
,12-00,11.8,231,0.97,4579.587368533108,0,1,87,23,,,,,,,,
,13-00,11.9,122,0.97,2439.1536215556407,0,1,76,56,,,,,,,,
,14-00,11.4,201,0.97,3849.756583849425,0,1,76,56,,,,,,,,
,15-00,11.3,217,0.97,4119.7469316824545,0,1,76,56,,,,,,,,
,16-00,11.2,233,0.97,4384.360993808789,0,1,71,74,,,,,,,,
,17-00,11.4,238,0.97,4558.418243563002,0,1,71,74,,,,,,,,
,18-00,11.5,145,0.97,2801.5488799724694,0,1,71,74,,,,,,,,
,19-00,11.8,47,0.97,931.7775165413683,0,1,68,85,,,,,,,,
,20-00,11.8,45,0.97,892.1274094545015,0,1,68,85,,,,,,,,
,21-00,11.8,40,0.97,793.0021417373348,0,1,68,85,,,,,,,,
,22-00,11.8,37,0.97,733.5269811070347,0,1,65,84,,,,,,,,
,23-00,11.8,32,0.97,634.4017133898677,0,1,65,84,,,,,,,,
,24-00,11.6,105,0.97,2046.3487471103256,0,1,65,84,,,,,,,,
2021-02-16,01-00,11.6,107,0.96,2063.8286038603105,0,1,71,87,,,,,,,,
,02-00,11.6,107,0.96,2063.8286038603105,0,1,71,87,,,,,,,,
,03-00,11.6,107,0.96,2063.8286038603105,0,1,71,87,,,,,,,,
,04-00,11.6,107,0.96,2063.8286038603105,0,1,86,30,,,,,,,,
,05-00,11.5,146,0.96,2791.788773671819,0,1,86,30,,,,,,,,
,06-00,11.2,180,0.96,3352.1418509365017,0,1,86,30,,,,,,,,
,07-00,11.4,251,0.96,4757.8465735464815,0,1,91,21,,,,,,,,
,08-00,11.4,282,0.96,5345.46905872553,0,1,91,21,,,,,,,,
,09-00,11.4,283,0.96,5364.424622763563,0,1,91,21,,,,,,,,
,10-00,11.7,257,0.96,4999.779430347701,0,1,88,23,,,,,,,,
,11-00,11.7,254,0.96,4941.416246335861,0,1,88,23,,,,,,,,
,12-00,11.7,231,0.96,4493.965168911748,0,1,88,23,,,,,,,,
,13-00,11.8,223,0.96,4375.409755235274,0,1,77,58,,,1.0,,,,,
,14-00,11.3,223,0.96,4190.011036793101,0,1,77,58,,,,,,,,
,15-00,11.3,223,0.96,4190.011036793101,0,1,77,58,,,,,,,,
,16-00,11.2,235,0.96,4376.407416500433,0,1,77,58,,,,,,,,
,17-00,11.4,233,0.96,4416.646420861873,0,1,67,83,,,,,,,,
,18-00,11.6,187,0.96,3606.8780273072716,0,1,67,83,,,,,,,,
,19-00,11.7,48,0.96,933.8109441894541,0,1,67,83,,,,,,,,
,20-00,11.7,46,0.96,894.9021548482268,0,1,67,83,,,,,,,,
,21-00,11.7,40,0.96,778.175786824545,0,1,67,83,,,,,,,,
,22-00,11.7,37,0.96,719.8126028127041,0,1,69,78,,,,,,,,
,23-00,11.7,32,0.96,622.540629459636,0,1,69,78,,,,,,,,
,24-00,11.6,120,0.96,2314.5741351704414,0,1,69,78,,,,,,,,
2021-02-17,01-00,11.6,120,0.96,2314.5741351704414,0,1,71,78,,,,,,,,
,02-00,11.6,120,0.96,2314.5741351704414,0,1,71,78,,,,,,,,
,03-00,11.6,120,0.96,2314.5741351704414,0,1,71,78,,,,,,,,
,04-00,11.6,120,0.96,2314.5741351704414,0,1,82,34,,,,,,,,
,05-00,11.5,145,0.96,2772.666932756258,0,1,82,34,,,,,,,,
,06-00,11.8,176,0.96,3453.2381924726824,0,1,82,34,,,,,,,,
,07-00,11.3,250,0.96,4697.321790126794,0,1,86,25,,,,,,,,
,08-00,11.3,284,0.96,5336.157553584038,0,1,86,25,,,,,,,,
,09-00,11.7,284,0.96,5525.04808645427,0,1,86,25,,,,,,,,
,10-00,11.7,273,0.96,5311.049745077519,0,1,85,26,,,,,,,,
,11-00,11.9,247,0.96,4887.376261139712,0,1,85,26,,,,,,,,
,12-00,11.7,234,0.96,4552.328352923588,0,1,85,26,,,,,,,,
,13-00,11.7,222,0.96,4318.875616876225,0,1,73,56,,,,,,,,
,14-00,11.7,215,0.96,4182.694854181929,0,1,73,56,,,,,,,,
,15-00,11.7,205,0.96,3988.1509074757932,0,1,73,56,,,,,,,,
,16-00,11.7,225,0.96,4377.238800888066,0,1,71,70,,,,,,,,
,17-00,11.5,232,0.96,4436.267092410014,0,1,71,70,,,,,,,,
,18-00,11.6,147,0.96,2835.3533155837913,0,1,71,70,,,,,,,,
,19-00,11.7,50,0.96,972.7197335306813,0,1,73,71,,,,,,,,
,20-00,11.8,46,0.96,902.5508912144511,0,1,73,71,,,,,,,,
,21-00,11.8,34,0.96,667.1028326367681,0,1,73,71,,,,,,,,
,22-00,11.8,35,0.96,686.7235041849084,0,1,65,88,,,,,,,,
,23-00,11.8,31,0.96,608.2408179923474,0,1,65,88,,,,,,,,
,24-00,11.6,115,0.96,2218.1335462050065,0,1,65,88,,,,,,,,
2021-02-18,01-00,11.6,115,0.97,2241.2391039779754,0,1,69,87,,,,,,,,
,02-00,11.6,115,0.97,2241.2391039779754,0,1,69,87,,,,,,,,
,03-00,11.6,115,0.97,2241.2391039779754,0,1,69,87,,,,,,,,
,04-00,11.4,115,0.97,2202.5970504611137,0,1,78,61,,,,,,,,
,05-00,11.2,147,0.97,2766.0989960939573,0,1,78,61,,,,,,,,
,06-00,11.2,188,0.97,3537.5959950045167,0,1,78,61,,,,,,,,
,07-00,11.4,282,0.97,5401.1510280872535,0,1,85,32,,,,,,,,
,08-00,11.5,250,0.97,4830.256689607706,0,1,85,32,,,,,,,,
,09-00,11.8,285,0.97,5650.14025987851,0,1,85,32,,,,,,,,
,10-00,11.6,273,0.97,5320.506742486846,0,1,84,34,,,,,,,,
,11-00,11.5,238,0.97,4598.404368506536,0,1,84,34,,,,,,,,
,12-00,11.6,233,0.97,4540.945315016246,0,1,84,34,,,,,,,,
,13-00,11.6,211,0.97,4112.186529907416,0,1,77,42,,,,,,,,
,14-00,11.6,199,0.97,3878.318101666236,0,1,77,42,,,,,,,,
,15-00,11.6,205,0.97,3995.252315786826,0,1,77,42,,,,,,,,
,16-00,11.6,197,0.97,3839.3400302927057,0,1,74,46,,,,,,,,
,17-00,11.8,197,0.97,3905.5355480563735,0,1,74,46,,,,,,,,
,18-00,11.6,150,0.97,2923.3553530147506,0,1,74,46,,,,,,,,
,19-00,11.6,43,0.97,838.0285345308952,0,1,68,85,,,,,,,,
,20-00,11.8,45,0.97,892.1274094545015,0,1,68,85,,,,,,,,
,21-00,11.8,38,0.97,753.352034650468,0,1,68,85,,,,,,,,
,22-00,11.8,35,0.97,693.8768740201679,0,1,72,70,,,,,,,,
,23-00,11.8,28,0.97,555.1014992161342,0,1,72,70,,,,,,,,
,24-00,11.8,92,0.97,1823.90492599587,0,1,72,70,,,,,,,,
2021-02-19,01-00,11.8,92,0.97,1823.90492599587,0,1,71,72,,,,,,,,
,02-00,11.8,92,0.97,1823.90492599587,0,1,71,72,,,,,,,,
,03-00,11.8,92,0.97,1823.90492599587,0,1,71,72,,,,,,,,
,04-00,11.7,92,0.97,1808.448104589125,0,1,77,51,,,,,,,,
,05-00,11.5,108,0.97,2086.670889910529,0,1,77,51,,,,,,,,
,06-00,11.3,149,0.97,2828.7663263626073,0,1,77,51,,,,,,,,
,07-00,11.3,177,0.97,3360.3465756119563,0,1,81,34,,,,,,,,
,08-00,11.5,211,0.97,4076.7366460289036,0,1,81,34,,,,,,,,
,09-00,11.4,234,0.97,4481.806172242615,0,1,81,34,,,,,,,,
,10-00,11.6,234,0.97,4560.434350703011,0,1,81,31,,,,,,,,
,11-00,11.8,198,0.97,3925.360601599807,0,1,81,31,,,,,,,,
,12-00,11.8,198,0.97,3925.360601599807,0,1,81,31,,,,,,,,
,13-00,11.8,194,0.97,3846.0603874260732,0,1,86,45,,,,,,,,
,14-00,11.7,193,0.97,3793.8096107141428,0,1,86,45,,,,,,,,
,15-00,11.7,191,0.97,3754.495521483944,0,1,86,45,,,,,,,,
,16-00,11.5,194,0.97,3748.27919113558,0,1,73,62,,1.0,,,,,,
,17-00,11.7,187,0.97,3675.867343023547,0,1,73,62,,,,,,,,
,18-00,11.5,148,0.97,2859.511960247762,0,1,73,62,,,,,,,,
,19-00,11.7,42,0.97,825.5958738341658,0,1,72,67,,,,,,,,
,20-00,11.8,42,0.97,832.6522488242015,0,1,72,67,,,,,,,,
,21-00,11.8,39,0.97,773.1770881939013,0,1,72,67,,,,,,,,
,22-00,11.8,35,0.97,693.8768740201679,0,1,66,77,,,,,,,,
,23-00,11.8,30,0.97,594.751606303001,0,1,66,77,,,,,,,,
,24-00,11.8,92,0.97,1823.90492599587,0,1,66,77,,,,,,,,
2021-02-20,01-00,11.8,92,0.97,1823.90492599587,0,1,71,72,,,,,,,,
,02-00,11.8,92,0.97,1823.90492599587,0,1,71,72,,,,,,,,
,03-00,11.8,92,0.97,1823.90492599587,0,1,71,72,,,,,,,,
,04-00,11.7,100,0.97,1965.7044615099185,0,1,81,47,,,,,,,,
,05-00,11.4,128,0.97,2451.5862822523704,0,1,81,47,,,,,,,,
,06-00,11.6,144,0.97,2806.421138894161,0,1,81,47,,,,,,,,
,07-00,11.5,212,0.97,4096.057672787335,0,1,87,33,,,,,,,,
,08-00,11.3,255,0.97,4841.177269949429,0,1,87,33,,,,,,,,
,09-00,11.3,267,0.97,5068.997376770578,0,1,87,33,,,,,,,,
,10-00,11.4,256,0.97,4903.172564504741,0,1,85,43,,,,,,,,
,11-00,11.4,250,0.97,4788.254457524161,0,1,85,43,,,,,,,,
,12-00,11.5,244,0.97,4714.330529057122,0,1,85,43,,,,,,,,
,13-00,11.2,208,0.97,3913.9359944730822,0,1,75,69,,,,,,,,
,14-00,11.2,215,0.97,4045.6549942870806,0,1,75,69,,,,,,,,
,15-00,11.3,215,0.97,4081.7769138789295,0,1,75,69,,,,,,,,
,16-00,11.4,209,0.97,4002.980726490199,0,1,70,80,,,,1.0,,,,
,17-00,11.6,194,0.97,3780.872923232411,0,1,70,80,,,,,,,,
,18-00,11.8,153,0.97,3033.233192145305,0,1,70,80,,,,,,,,
,19-00,11.8,83,0.97,1645.4794441049696,0,1,71,72,,,,,,,,
,20-00,11.8,42,0.97,832.6522488242015,0,1,71,72,,,,,,,,
,21-00,11.9,40,0.97,799.722498870702,0,1,71,72,,,,,,,,
,22-00,11.8,35,0.97,693.8768740201679,0,1,66,90,,,,,,,,
,23-00,11.8,31,0.97,614.5766598464344,0,1,66,90,,,,,,,,
,24-00,11.6,114,0.97,2221.7500682912105,0,1,66,90,,,,,,,,
2021-02-21,01-00,11.6,114,0.96,2198.84542841192,1,1,72,87,,,,,,,,
,02-00,11.6,114,0.96,2198.84542841192,1,1,72,87,,,,,,,,
,03-00,11.6,114,0.96,2198.84542841192,1,1,72,87,,,,,,,,
,04-00,11.6,120,0.96,2314.5741351704414,1,1,82,59,,,,,,,,
,05-00,11.4,138,0.96,2615.867837248663,1,1,82,59,,,,,,,,
,06-00,11.2,188,0.96,3501.1259332003465,1,1,82,59,,,,,,,,
,07-00,11.2,241,0.96,4488.145478198317,1,1,89,40,,,,,,,,
,08-00,11.5,274,0.96,5239.38441086355,1,1,89,40,,,,,,,,
,09-00,11.2,286,0.96,5326.180940932441,1,1,89,40,,,,,,,,
,10-00,11.5,264,0.96,5048.166001707947,1,1,86,49,,,,,,,,
,11-00,11.6,243,0.96,4687.012623720145,1,1,86,49,,,,,,,,
,12-00,11.8,238,0.96,4669.719828457377,1,1,86,49,,,,,,,,
,13-00,11.8,234,0.96,4591.237142264817,1,1,75,78,,,,,,,,
,14-00,11.2,219,0.96,4078.439251972744,1,1,75,78,,,,,,,,
,15-00,11.5,204,0.96,3900.855546774322,1,1,75,78,,,,,,,,
,16-00,11.4,230,0.96,4359.7797287477715,1,1,70,87,,,,,,,,
,17-00,11.6,213,0.96,4108.369089927533,1,1,70,87,,,,,,,,
,18-00,11.8,179,0.96,3512.1002071171033,1,1,70,87,,,,,,,,
,19-00,11.8,46,0.96,902.5508912144511,1,1,69,87,,,,,,,,
,20-00,11.8,43,0.96,843.6888765700303,1,1,69,87,,,,,,,,
,21-00,11.8,40,0.96,784.8268619256096,1,1,69,87,,,,,,,,
,22-00,11.8,35,0.96,686.7235041849084,1,1,65,96,,,,,,,,
,23-00,11.8,31,0.96,608.2408179923474,1,1,65,96,,,,,,,,
,24-00,11.7,113,0.96,2198.3465977793394,1,1,65,96,,,,,,,,
2021-02-22,01-00,11.6,113,0.97,2202.2610326044455,0,1,69,87,,,,,,,,
,02-00,11.6,113,0.97,2202.2610326044455,0,1,69,87,,,,,,,,
,03-00,11.6,113,0.97,2202.2610326044455,0,1,69,87,,,,,,,,
,04-00,11.5,125,0.97,2415.128344803853,0,1,80,62,,,,,,,,
,05-00,11.3,140,0.97,2657.901246246745,0,1,80,62,,,,,,,,
,06-00,11.2,164,0.97,3085.987995642238,0,1,80,62,,,,,,,,
,07-00,11.5,242,0.97,4675.68847554026,0,1,87,45,,,,,,,,
,08-00,11.5,275,0.97,5313.282358568476,0,1,87,45,,,,,,,,
,09-00,11.4,279,0.97,5343.691974596964,0,1,87,45,,,,,,,,
,10-00,11.6,251,0.97,4891.747957378016,0,1,87,49,,,,,,,,
,11-00,11.8,247,0.97,4896.7882252280415,0,1,87,49,,,,,,,,
,12-00,11.7,234,0.97,4599.748439933209,0,1,87,49,,,,,,,,
,13-00,11.8,214,0.97,4242.561458294741,0,1,75,67,,,,,,,,
,14-00,11.5,205,0.97,3960.810485478319,0,1,75,67,,,,,,,,
,15-00,11.5,203,0.97,3922.1684319614574,0,1,75,67,,,,,,,,
,16-00,11.4,276,0.97,5286.2329211066735,0,1,69,79,,,,,,,,
,17-00,11.4,223,0.97,4271.122976111551,0,1,69,79,,,,,,,,
,18-00,11.2,192,0.97,3612.86399489823,0,1,69,79,,,,,,,,
,19-00,11.7,47,0.97,923.8810969096617,0,1,68,90,,,,,,,,
,20-00,11.7,43,0.97,845.2529184492649,0,1,68,90,,,,,,,,
,21-00,11.8,40,0.97,793.0021417373348,0,1,68,90,,,,,,,,
,22-00,11.7,35,0.97,687.9965615284714,0,1,64,90,,,,,,,,
,23-00,11.6,32,0.97,623.6491419764801,0,1,64,90,,,,,,,,
,24-00,11.6,119,0.97,2319.1952467250358,0,1,64,90,,,,,,,,
2021-02-23,01-00,11.6,119,0.97,2319.1952467250358,0,1,71,82,,,,,,,,
,02-00,11.6,119,0.97,2319.1952467250358,0,1,71,82,,,,,,,,
,03-00,11.6,119,0.97,2319.1952467250358,0,1,71,82,,,,,,,,
,04-00,11.6,128,0.97,2494.5965679059204,0,1,86,30,,,,,,,,
,05-00,11.4,148,0.97,2834.646638854303,0,1,86,30,,,,,,,,
,06-00,11.2,170,0.97,3198.889995482808,0,1,86,30,,,,,,,,
,07-00,11.7,228,0.97,4481.806172242615,0,1,94,21,,,,,,,,
,08-00,11.3,278,0.97,5277.832474689965,0,1,94,21,,,,,,,,
,09-00,11.5,282,0.97,5448.529545877493,0,1,94,21,,,,,,,,
,10-00,11.5,200,0.97,3864.205351686165,0,1,90,35,,,,,,,,
,11-00,11.5,233,0.97,4501.799234714383,0,1,90,35,,,,,,,,
,12-00,11.8,217,0.97,4302.036618925041,0,1,90,35,,,,,,,,
,13-00,11.8,200,0.97,3965.0107086866738,0,1,76,57,,,,,,,,
,14-00,11.7,184,0.97,3616.89620917825,0,1,76,57,,,,,,,,
,15-00,11.6,193,0.97,3761.383887545646,0,1,76,57,,,,,,,,
,16-00,11.4,215,0.97,4117.898833470778,0,1,68,69,,,,,,,,
,17-00,11.5,219,0.97,4231.30486009635,0,1,68,69,,,,,,,,
,18-00,11.5,128,0.97,2473.0914250791457,0,1,68,69,,,,,,,,
,19-00,11.7,47,0.97,923.8810969096617,0,1,65,84,,,,,,,,
,20-00,11.8,45,0.97,892.1274094545015,0,1,65,84,,,,,,,,
,21-00,11.8,40,0.97,793.0021417373348,0,1,65,84,,,,,,,,
,22-00,11.8,35,0.97,693.8768740201679,0,1,63,90,,,,,,,,
,23-00,11.8,32,0.97,634.4017133898677,0,1,63,90,,,,,,,,
,24-00,11.6,30,0.97,584.6710706029501,0,1,63,90,,,,,,,,
2021-02-24,01-00,11.6,117,0.97,2280.2171753515054,0,1,71,77,,,,,,,,
,02-00,11.6,117,0.97,2280.2171753515054,0,1,71,77,,,,,,,,
,03-00,11.6,117,0.97,2280.2171753515054,0,1,71,77,,,,,,,,
,04-00,11.5,120,0.97,2318.5232110116985,0,1,85,43,,,,,,,,
,05-00,11.3,129,0.97,2449.066148327358,0,1,85,43,,,,,,,,
,06-00,11.7,171,0.97,3361.3546291819603,0,1,85,43,,,,,,,,
,07-00,11.3,261,0.97,4955.087323360003,0,1,96,23,,,,,,,,
,08-00,11.3,286,0.97,5429.712545904064,0,1,96,23,,,,,,,,
,09-00,11.4,273,0.97,5228.7738676163835,0,1,96,37,,,,,,,,
,10-00,11.7,238,0.97,4678.376618393606,0,1,90,37,,,,,,,,
,11-00,11.6,241,0.97,4696.857600510366,0,1,90,37,,,,,,,,
,12-00,11.8,232,0.97,4599.412422076542,0,1,90,73,,,,,,,,
,13-00,11.5,228,0.97,4405.194100922227,0,1,74,73,,,,,,,,
,14-00,11.4,210,0.97,4022.133744320295,0,1,74,73,,,,,,,,
,15-00,11.4,204,0.97,3907.2156373397156,0,1,74,75,,,,,,,,
,16-00,11.3,228,0.97,4328.582029601842,0,1,71,75,,,,,,,,
,17-00,11.2,244,0.97,4591.3479935165005,0,1,71,75,,,,,,,,
,18-00,11.5,136,0.97,2627.6596391465923,0,1,71,75,,,,,,,,
,19-00,11.7,49,0.97,963.19518613986,0,1,66,75,,,,,,,,
,20-00,11.7,44,0.97,864.9099630643641,0,1,66,75,,,,,,,,
,21-00,11.8,41,0.97,812.827195280768,0,1,66,75,,,,,,,,
,22-00,11.8,36,0.97,713.7019275636012,0,1,63,89,,,,,,,,
,23-00,11.8,30,0.97,594.751606303001,0,1,63,89,,,,,,,,
,24-00,11.6,125,0.97,2436.1294608456255,0,1,63,89,,,,,,,,
2021-02-25,01-00,11.6,125,0.96,2411.014724135877,0,1,72,70,,,,,,,,
,02-00,11.6,125,0.96,2411.014724135877,0,1,72,70,,,,,,,,
,03-00,11.6,125,0.96,2411.014724135877,0,1,72,70,,,,,,,,
,04-00,11.6,130,0.96,2507.455313101312,0,1,90,39,,,,,,,,
,05-00,11.5,181,0.96,3461.0532057164332,0,1,90,39,,,,,,,,
,06-00,11.4,200,0.96,3791.112807606758,0,1,90,39,,,,,,,,
,07-00,11.2,284,0.96,5288.934920366481,0,1,96,24,,,,,,,,
,08-00,11.4,294,0.96,5572.935827181935,0,1,96,24,,,,,,,,
,09-00,11.3,292,0.96,5486.471850868096,0,1,96,24,,,,,,,,
,10-00,11.6,272,0.96,5246.368039719668,0,1,93,33,,,,,,,,
,11-00,11.8,241,0.96,4728.581843101798,0,1,93,33,,,,,,,,
,12-00,11.6,233,0.96,4494.131445789274,0,1,93,33,1.0,,,,,,,
,13-00,11.4,215,0.96,4075.446268177265,0,1,77,63,,,,,,,,
,14-00,11.6,215,0.96,4146.945325513709,0,1,77,63,,,,,,,,
,15-00,11.2,222,0.96,4134.308282821686,0,1,77,63,,,,,,,,
,16-00,11.4,244,0.96,4625.157625280245,0,1,71,75,,,,,,,,
,17-00,11.4,236,0.96,4473.513112975975,0,1,71,75,,,,,,,,
,18-00,11.8,216,0.96,4238.065054398292,0,1,71,75,,,,,,,,
,19-00,11.6,46,0.96,887.2534184820026,0,1,66,81,,,,,,,,
,20-00,11.7,45,0.96,875.4477601776132,0,1,66,81,,,,,,,,
,21-00,11.7,42,0.96,817.0845761657723,0,1,66,81,,,,,,,,
,22-00,11.8,36,0.96,706.3441757330487,0,1,65,88,,,,,,,,
,23-00,11.7,33,0.96,641.9950241302496,0,1,65,88,,,,,,,,
,24-00,11.2,132,0.96,2458.2373573534346,0,1,65,88,,,,,,,,
2021-02-26,01-00,11.5,132,0.97,2550.3755321128688,0,1,77,62,,,,,,,,
,02-00,11.5,132,0.97,2550.3755321128688,0,1,77,62,,,,,,,,
,03-00,11.5,132,0.97,2550.3755321128688,0,1,77,62,,,,,,,,
,04-00,11.5,132,0.97,2550.3755321128688,0,1,90,30,,,,,,,,
,05-00,11.2,155,0.97,2916.6349958813835,0,1,90,30,,,,,,,,
,06-00,11.7,184,0.97,3616.89620917825,0,1,90,30,,,,,,,,
,07-00,11.6,259,0.97,5047.660242872136,0,1,99,26,,,,,,,,
,08-00,11.4,284,0.97,5439.457063747447,0,1,99,26,,,,,,,,
,09-00,11.6,274,0.97,5339.995778173611,0,1,99,26,,,,,,,,
,10-00,11.7,286,0.97,5621.914759918367,0,1,93,45,,,,,,,,
,11-00,11.7,233,0.97,4580.09139531811,0,1,93,45,,,,,,,,
,12-00,11.4,235,0.97,4500.959190072712,0,1,93,45,,,,,,,,
,13-00,11.6,221,0.97,4307.076886775066,0,1,79,66,,,,,,,,
,14-00,11.7,215,0.97,4226.264592246324,0,1,79,66,,,,,,,,
,15-00,11.7,229,0.97,4501.463216857713,0,1,79,66,,,,,,,,
,16-00,11.6,248,0.97,4833.280850317721,0,1,74,63,,,,,,,,
,17-00,11.4,240,0.97,4596.724279223195,0,1,74,63,,,,,,,,
,18-00,11.8,215,0.97,4262.386511838174,0,1,74,63,,,,,,,,
,19-00,11.8,50,0.97,991.2526771716684,0,1,65,94,,,,,,,,
,20-00,11.9,48,0.97,959.6669986448422,0,1,65,94,,,,,,,,
,21-00,11.8,44,0.97,872.3023559110683,0,1,65,94,,,,,,,,
,22-00,11.8,40,0.97,793.0021417373348,0,1,68,85,,,,,,,,
,23-00,11.8,35,0.97,693.8768740201679,0,1,68,85,,,,,,,,
,24-00,11.6,131,0.97,2553.0636749662153,0,1,68,85,,,,,,,,
2021-02-27,01-00,11.6,131,0.97,2553.0636749662153,0,1,75,80,,,,,,,,
,02-00,11.5,131,0.97,2531.054505354438,0,1,75,80,,,,,,,,
,03-00,11.5,131,0.97,2531.054505354438,0,1,75,80,,,,,,,,
,04-00,11.4,131,0.97,2509.0453357426604,0,1,91,35,,,,,,,,
,05-00,11.3,166,0.97,3151.511477692569,0,1,91,35,,,,,,,,
,06-00,11.1,220,0.97,4102.7780299207025,0,1,91,35,,,,,,,,
,07-00,11.2,274,0.97,5155.857992719349,0,1,99,21,,,,,,,,
,08-00,11.4,288,0.97,5516.0691350678335,0,1,99,21,,,,,,,,
,09-00,11.7,294,0.97,5779.17111683916,0,1,99,21,,,,,,,,
,10-00,11.8,280,0.97,5551.014992161343,0,1,94,38,,,,,,,,
,11-00,11.6,266,0.97,5184.083492679491,0,1,94,38,,,,,,,,
,12-00,11.7,238,0.97,4678.376618393606,0,1,94,38,,,,,,,,
,13-00,11.8,228,0.97,4520.112207902807,0,1,79,59,,,,,,,,
,14-00,11.7,230,0.97,4521.120261472812,0,1,79,59,,,,,,,,
,15-00,11.6,216,0.97,4209.631708341241,0,1,79,59,,,,,,,,
,16-00,11.4,242,0.97,4635.030314883388,0,1,73,69,,,,,,,,
,17-00,11.5,232,0.97,4482.478207955952,0,1,73,69,,,,,,,,
,18-00,11.8,202,0.97,4004.6608157735404,0,1,73,69,,,,,,,,
,19-00,11.8,51,0.97,1011.0777307151017,0,1,67,81,,,,,,,,
,20-00,11.8,48,0.97,951.6025700848016,0,1,67,81,,,,,,,,
,21-00,11.8,45,0.97,892.1274094545015,0,1,67,81,,,,,,,,
,22-00,11.8,40,0.97,793.0021417373348,0,1,67,87,,,,,,,,
,23-00,11.8,35,0.97,693.8768740201679,0,1,67,87,,,,,,,,
,24-00,11.5,137,0.97,2646.9806659050228,0,1,67,87,,,,,,,,
2021-02-28,01-00,11.5,137,0.97,2646.9806659050228,1,1,76,69,,,,,,,,
,02-00,11.5,137,0.97,2646.9806659050228,1,1,76,69,,,,,,,,
,03-00,11.5,137,0.97,2646.9806659050228,1,1,76,69,,,,,,,,
,04-00,11.2,141,0.97,2653.196996253387,1,1,92,38,,,,,,,,
,05-00,11.3,154,0.97,2923.691370871419,1,1,92,38,,,,,,,,
,06-00,11.5,196,0.97,3786.9212446524416,1,1,92,38,,,,,,,,
,07-00,11.6,262,0.97,5106.127349932431,1,1,99,17,,,,,,,,
,08-00,11.3,288,0.97,5467.682563707589,1,1,99,17,,,,,,,,
,09-00,11.3,282,0.97,5353.772510297015,1,1,99,17,,,,,,,,
,10-00,11.3,250,0.97,4746.252225440616,1,1,95,45,,,,,,,,
,11-00,11.6,242,0.97,4716.3466361971305,1,1,95,45,,,,,,,,
,12-00,11.8,228,0.97,4520.112207902807,1,1,95,45,,,,,,,,
,13-00,11.8,204,0.97,4044.3109228604067,1,1,78,61,,,,,,,,
,14-00,11.4,204,0.97,3907.2156373397156,1,1,78,61,,,,,,,,
,15-00,11.3,205,0.97,3891.9268248613052,1,1,78,61,,,,,,,,
,16-00,11.2,242,0.97,4553.713993569644,1,1,76,62,,,,,,,,
,17-00,11.2,242,0.97,4553.713993569644,1,1,76,62,,,,,,,,
,18-00,11.2,215,0.97,4045.6549942870806,1,1,76,62,,,,,,,,
,19-00,11.7,48,0.97,943.5381415247608,1,1,71,82,,,,,,,,
,20-00,11.7,48,0.97,943.5381415247608,1,1,71,82,,,,,,,,
,21-00,11.8,45,0.97,892.1274094545015,1,1,71,82,,,,,,,,
,22-00,11.8,40,0.97,793.0021417373348,1,1,74,65,,,,,,,,
,23-00,11.8,35,0.97,693.8768740201679,1,1,74,65,,,,,,,,
,24-00,11.4,145,0.97,2777.1875853640136,1,1,74,65,,,,,,,,
2021-03-01,01-00,11.4,145,0.97,2777.1875853640136,0,2,78,71,,,,,,,,
,02-00,11.4,145,0.97,2777.1875853640136,0,2,78,71,,,,,,,,
,03-00,11.4,145,0.97,2777.1875853640136,0,2,78,71,,,,,,,,
,04-00,11.4,145,0.97,2777.1875853640136,0,2,90,47,,,,,,,,
,05-00,11.6,168,0.97,3274.1579953765204,0,2,90,47,,,,,,,,
,06-00,11.8,192,0.97,3806.4102803392066,0,2,90,47,,,,,,,,
,07-00,11.4,267,0.97,5113.855760635804,0,2,99,23,,,,,,,,
,08-00,11.3,300,0.97,5695.502670528739,0,2,99,23,,,,,,,,
,09-00,11.5,283,0.97,5467.8505726359235,0,2,99,23,,,,,,,,
,10-00,11.7,270,0.97,5307.40204607678,0,2,94,39,,,,,,,,
,11-00,11.8,250,0.97,4956.263385858342,0,2,94,39,,,,,,,,
,12-00,11.9,221,0.97,4418.466806260628,0,2,94,39,,,,,,,,
,13-00,11.7,129,0.97,2535.758755347795,0,2,80,65,,,,,,,,
,14-00,11.5,210,0.97,4057.4156192704727,0,2,80,65,,,,,,,,
,15-00,11.5,213,0.97,4115.378699545766,0,2,80,65,,,,,,,,
,16-00,11.3,231,0.97,4385.537056307129,0,2,81,55,,,,,,,,
,17-00,11.8,27,0.97,535.2764456727009,0,2,81,55,,,,,,,,
,18-00,11.8,38,0.97,753.352034650468,0,2,81,55,,,,,,,,
,19-00,11.8,50,0.97,991.2526771716684,0,2,75,58,,,,,,,,
,20-00,11.8,50,0.97,991.2526771716684,0,2,75,58,,,,,,,,
,21-00,11.8,44,0.97,872.3023559110683,0,2,75,58,,,,,,,,
,22-00,11.9,40,0.97,799.722498870702,0,2,70,83,,,,,,,,
,23-00,11.5,138,0.97,2666.3016926634537,0,2,70,83,,,,,,,,
,24-00,11.4,140,0.97,2681.4224962135304,0,2,70,83,,,,,,,,
2021-03-02,01-00,11.4,140,0.96,2653.778965324731,0,2,77,74,,,,,,,,
,02-00,11.4,140,0.96,2653.778965324731,0,2,77,74,,,,,,,,
,03-00,11.4,140,0.96,2653.778965324731,0,2,77,74,,,,,,,,
,04-00,11.4,140,0.96,2653.778965324731,0,2,88,49,,,,,,,,
,05-00,11.5,180,0.96,3441.931364800873,0,2,88,49,,,,,,,,
,06-00,11.2,240,0.96,4469.522467915335,0,2,88,49,,,,,,,,
,07-00,11.6,282,0.96,5439.249217650538,0,2,96,26,,,,,,,,
,08-00,11.2,310,0.96,5773.133187723975,0,2,96,26,,,,,,,,
,09-00,11.3,308,0.96,5787.100445436211,0,2,96,26,,,,,,,,
,10-00,11.6,278,0.96,5362.09674647819,0,2,94,34,1.0,,,,,,,
,11-00,11.7,251,0.96,4883.05306232402,0,2,94,34,1.0,,,,,,,
,12-00,11.8,233,0.96,4571.616470716675,0,2,94,34,1.0,,,,,,,
,13-00,11.5,179,0.96,3422.809523885312,0,2,81,69,1.0,,,,,,,
,14-00,11.8,252,0.96,4944.409230131341,0,2,81,69,,,,,,,,
,15-00,11.5,306,0.96,5851.283320161483,0,2,81,69,,,,,,,,
,16-00,11.2,327,0.96,6089.724362534645,0,2,73,81,,,,,,,,
,17-00,11.5,140,0.96,2677.0577281784563,0,2,73,81,1.0,,,,,,,
,18-00,11.8,286,0.96,5611.512062768108,0,2,73,81,,,,,,,,
,19-00,11.8,184,0.96,3610.2035648578044,0,2,76,72,,,,,,,,
,20-00,11.6,171,0.96,3298.268142617879,0,2,76,72,,,,,,,,
,21-00,11.7,151,0.96,2937.6135952626573,0,2,76,72,,,,,,,,
,22-00,11.7,140,0.96,2723.6152538859074,0,2,68,94,,,,,,,,
,23-00,11.5,140,0.96,2677.0577281784563,0,2,68,94,,,,,,,,
,24-00,11.5,140,0.96,2677.0577281784563,0,2,68,94,,,,,,,,
2021-03-03,01-00,11.4,150,0.96,2843.3346057050685,0,2,75,60,,,,,,,,
,02-00,11.4,150,0.96,2843.3346057050685,0,2,75,60,,,,,,,,
,03-00,11.4,150,0.96,2843.3346057050685,0,2,75,60,,,,,,,,
,04-00,11.2,160,0.96,2979.6816452768903,0,2,92,21,,,,,,,,
,05-00,11.4,173,0.96,3279.312578579846,0,2,92,21,,,,,,,,
,06-00,11.6,228,0.96,4397.69085682384,0,2,92,21,,,,,,,,
,07-00,11.1,283,0.96,5223.255553743469,0,2,98,15,,,,,,,,
,08-00,11.4,308,0.96,5838.313723714407,0,2,98,15,,,,,,,,
,09-00,11.5,286,0.96,5468.846501850275,0,2,98,15,,,,,,,,
,10-00,11.5,286,0.96,5468.846501850275,0,2,94,29,,,,,,,,
,11-00,11.7,252,0.96,4902.507456994634,0,2,94,29,,,,,,,,
,12-00,11.7,246,0.96,4785.781088970952,0,2,94,29,,,,,,,,
,13-00,11.4,229,0.96,4340.824164709738,0,2,78,62,,,,,,,,
,14-00,11.4,211,0.96,3999.62401202513,0,2,78,62,,,,,,,,
,15-00,11.4,211,0.96,3999.62401202513,0,2,78,62,,,,,,,,
,16-00,11.3,231,0.96,4340.325334077158,0,2,71,70,,,,,,,,
,17-00,11.2,254,0.96,4730.244611877063,0,2,71,70,,,,,,,,
,18-00,11.3,204,0.96,3833.014580743465,0,2,71,70,,,,,,,,
,19-00,11.8,50,0.96,981.033577407012,0,2,70,87,,,,,,,,
,20-00,11.8,52,0.96,1020.2749205032926,0,2,70,87,,,,,,,,
,21-00,11.8,48,0.96,941.7922343107315,0,2,70,87,,,,,,,,
,22-00,11.7,44,0.96,855.9933655069996,0,2,63,87,,,,,,,,
,23-00,11.7,44,0.96,855.9933655069996,0,2,63,87,,,,,,,,
,24-00,11.6,136,0.96,2623.184019859834,0,2,63,87,,,,,,,,
2021-03-04,01-00,11.6,138,0.97,2689.4869247735705,0,2,74,73,,,,,,,,
,02-00,11.6,138,0.97,2689.4869247735705,0,2,74,73,,,,,,,,
,03-00,11.5,138,0.97,2666.3016926634537,0,2,74,73,,,,,,,,
,04-00,11.5,162,0.97,3130.0063348657936,0,2,90,39,,,,,,,,
,05-00,11.3,179,0.97,3398.316593415481,0,2,90,39,,,,,,,,
,06-00,11.2,220,0.97,4139.739994154222,0,2,90,39,,,,,,,,
,07-00,11.4,256,0.97,4903.172564504741,0,2,97,17,,,,,,,,
,08-00,11.2,312,0.97,5870.903991709623,0,2,97,17,,,,,,,,
,09-00,11.3,287,0.97,5448.697554805827,0,2,97,17,,,,,,,,
,10-00,11.8,286,0.97,5669.965313421943,0,2,93,33,,,,,,,,
,11-00,11.6,223,0.97,4346.054958148596,0,2,93,33,,,,,,,,
,12-00,11.8,216,0.97,4282.211565381607,0,2,93,33,,,,,,,,
,13-00,11.9,192,0.97,3838.667994579369,0,2,75,63,,,,,,,,
,14-00,11.8,196,0.97,3885.71049451294,0,2,75,63,,,,,,,,
,15-00,11.8,199,0.97,3945.18565514324,0,2,75,63,,,,,,,,
,16-00,11.6,219,0.97,4268.098815401536,0,2,73,63,,,,,,,,
,17-00,11.4,200,0.97,3830.6035660193284,0,2,73,63,,,,,,,,
,18-00,11.4,188,0.97,3600.7673520581693,0,2,73,63,,,,,,,,
,19-00,11.8,52,0.97,1030.9027842585351,0,2,67,77,,,,,,,,
,20-00,11.8,50,0.97,991.2526771716684,0,2,67,77,,,,,,,,
,21-00,11.8,48,0.97,951.6025700848016,0,2,67,77,,,,,,,,
,22-00,11.7,44,0.97,864.9099630643641,0,2,64,90,,,,,,,,
,23-00,11.7,37,0.97,727.3106507586698,0,2,64,90,,,,,,,,
,24-00,11.6,140,0.97,2728.4649961471005,0,2,64,90,,,,,,,,
2021-03-05,01-00,11.6,140,0.97,2728.4649961471005,0,2,75,61,,,,,,,,
,02-00,11.6,140,0.97,2728.4649961471005,0,2,75,61,,,,,,,,
,03-00,11.5,140,0.97,2704.943746180315,0,2,75,61,,,,,,,,
,04-00,11.4,160,0.97,3064.482852815463,0,2,89,35,,,,,,,,
,05-00,11.2,168,0.97,3161.255995535951,0,2,89,35,,,,,,,,
,06-00,11.2,224,0.97,4215.0079940479345,0,2,89,35,,,,,,,,
,07-00,11.2,259,0.97,4873.602993117925,0,2,95,34,,,,,,,,
,08-00,11.4,281,0.97,5381.998010257157,0,2,95,34,,,,,,,,
,09-00,11.4,269,0.97,5152.161796295997,0,2,95,34,,,,,,,,
,10-00,11.7,239,0.97,4698.033663008705,0,2,95,37,,,,,,,,
,11-00,11.7,230,0.97,4521.120261472812,0,2,95,37,,,,,,,,
,12-00,11.8,204,0.97,4044.3109228604067,0,2,95,37,,,,,,,,
,13-00,11.5,201,0.97,3883.5263784445956,0,2,78,57,,,,,,,,
,14-00,11.6,190,0.97,3702.9167804853505,0,2,78,57,,,,,,,,
,15-00,11.6,189,0.97,3683.427744798586,0,2,78,57,,,,,,,,
,16-00,11.2,230,0.97,4327.909993888505,0,2,72,72,,,,,,,,
,17-00,11.4,230,0.97,4405.194100922227,0,2,72,72,,,,,,,,
,18-00,11.7,186,0.97,3656.210298408448,0,2,72,72,,,,,,,,
,19-00,11.8,52,0.97,1030.9027842585351,0,2,69,74,,,,,,,,
,20-00,11.8,51,0.97,1011.0777307151017,0,2,69,74,,,,,,,,
,21-00,11.8,45,0.97,892.1274094545015,0,2,69,74,,,,,,,,
,22-00,11.7,42,0.97,825.5958738341658,0,2,65,81,,,,,,,,
,23-00,11.5,37,0.97,714.8779900619405,0,2,65,81,,,,,,,,
,24-00,11.5,151,0.97,2917.4750405230548,0,2,65,81,,,,,,,,
2021-03-06,01-00,11.5,154,0.97,2975.438120798347,0,2,76,63,,,,,,,,
,02-00,11.5,154,0.97,2975.438120798347,0,2,76,63,,,,,,,,
,03-00,11.5,154,0.97,2975.438120798347,0,2,76,63,,,,,,,,
,04-00,11.4,171,0.97,3275.166048946526,0,2,92,23,,,,,,,,
,05-00,11.3,186,0.97,3531.211655727818,0,2,92,23,,,,,,,,
,06-00,11.2,225,0.97,4233.824994021363,0,2,92,23,,,,,,,,
,07-00,11.6,246,0.97,4794.302778944191,0,2,99,17,,,,,,,,
,08-00,11.5,270,0.97,5216.677224776322,0,2,99,17,,,,,,,,
,09-00,11.6,265,0.97,5164.594456992726,0,2,99,17,,,,,,,,
,10-00,11.9,234,0.97,4678.376618393607,0,2,95,31,,,,,,,,
,11-00,11.9,220,0.97,4398.473743788861,0,2,95,31,,,,,,,,
,12-00,11.9,204,0.97,4078.5847442405798,0,2,95,31,,,,,,,,
,13-00,11.9,192,0.97,3838.667994579369,0,2,77,61,,,,,,,,
,14-00,11.6,184,0.97,3585.9825663647607,0,2,77,61,,,,,,,,
,15-00,11.4,189,0.97,3619.9203698882657,0,2,77,61,,,,,,,,
,16-00,11.2,218,0.97,4102.105994207365,0,2,73,63,,,,,,,,
,17-00,11.2,234,0.97,4403.1779937822175,0,2,73,63,,,,,,,,
,18-00,11.8,210,0.97,4163.261244121007,0,2,73,63,,,,1.0,,,,
,19-00,11.4,114,0.97,2183.4440326310173,0,2,68,78,,,,,,,,
,20-00,11.8,50,0.97,991.2526771716684,0,2,68,78,,,,,,,,
,21-00,11.7,48,0.97,943.5381415247608,0,2,68,78,,,,,,,,
,22-00,11.6,43,0.97,838.0285345308952,0,2,66,81,,,,,,,,
,23-00,11.5,36,0.97,695.5569633035096,0,2,66,81,,,,,,,,
,24-00,11.5,156,0.97,3014.0801743152088,0,2,66,81,,,,,,,,
2021-03-07,01-00,11.5,156,0.97,3014.0801743152088,1,2,75,73,,,,,,,,
,02-00,11.5,156,0.97,3014.0801743152088,1,2,75,73,,,,,,,,
,03-00,11.5,156,0.97,3014.0801743152088,1,2,75,73,,,,,,,,
,04-00,11.4,171,0.97,3275.166048946526,1,2,90,45,,,,,,,,
,05-00,11.3,187,0.97,3550.196664629581,1,2,90,45,,,,,,,,
,06-00,11.2,225,0.97,4233.824994021363,1,2,90,45,,,,,,,,
,07-00,11.6,235,0.97,4579.923386389776,1,2,99,25,,,,,,,,
,08-00,11.5,271,0.97,5235.998251534754,1,2,99,25,,,,,,,,
,09-00,11.8,266,0.97,5273.464242553276,1,2,99,25,,,,,,,,
,10-00,11.7,254,0.97,4992.889332235192,1,2,95,34,,,1.0,,1.0,,,
,11-00,11.5,216,0.97,4173.341779821058,1,2,95,34,,,,,,,,
,12-00,11.2,242,0.97,4553.713993569644,1,2,95,34,,,,,,,,
,13-00,11.8,234,0.97,4639.062529163409,1,2,84,51,,,,,,,,
,14-00,11.6,196,0.97,3819.8509946059407,1,2,84,51,,,,,,,,
,15-00,11.6,198,0.97,3858.8290659794707,1,2,84,51,,,,,,,,
,16-00,11.6,222,0.97,4326.565922461831,1,2,77,61,,,,,,,,
,17-00,11.5,236,0.97,4559.762314989674,1,2,77,61,,,,,,,,
,18-00,11.5,211,0.97,4076.7366460289036,1,2,77,61,,,,,,,,
,19-00,11.8,54,0.97,1070.5528913454018,1,2,69,76,,,,,,,,
,20-00,11.8,53,0.97,1050.7278378019685,1,2,69,76,,,,,,,,
,21-00,11.8,48,0.97,951.6025700848016,1,2,69,76,,,,,,,,
,22-00,11.9,42,0.97,839.708623814237,1,2,68,87,,,,,,,,
,23-00,11.9,38,0.97,759.7363739271668,1,2,68,87,,,,,,,,
,24-00,11.5,154,0.97,2975.438120798347,1,2,68,87,,,,,,,,
2021-03-08,01-00,11.5,154,0.97,2975.438120798347,0,2,77,77,,,,,,,,
,02-00,11.5,154,0.97,2975.438120798347,0,2,77,77,,,,,,,,
,03-00,11.5,154,0.97,2975.438120798347,0,2,77,77,,,,,,,,
,04-00,11.4,166,0.97,3179.400959796043,0,2,90,43,,,,,,,,
,05-00,11.4,197,0.97,3773.144512529039,0,2,90,43,,,,,,,,
,06-00,11.2,235,0.97,4421.994993755646,0,2,90,43,,,,,,,,
,07-00,11.2,266,0.97,5005.321992931923,0,2,94,37,,,,,,,,
,08-00,11.4,278,0.97,5324.538956766867,0,2,94,37,,,,,,,,
,09-00,11.8,266,0.97,5273.464242553276,0,2,94,37,,,,,,,,
,10-00,11.9,261,0.97,5218.18930513133,0,2,91,43,,,,,,,,
,11-00,11.7,237,0.97,4658.719573778507,0,2,91,43,,,,,,,,
,12-00,11.8,228,0.97,4520.112207902807,0,2,91,43,,,,,,,,
,13-00,11.5,207,0.97,3999.4525389951805,0,2,78,73,,,,,,,,
,14-00,11.4,192,0.97,3677.3794233785557,0,2,78,73,,,,,,,,
,15-00,11.4,199,0.97,3811.450548189232,0,2,78,73,,,,,,,,
,16-00,11.2,221,0.97,4158.55699412765,0,2,78,63,,,,,,,,
,17-00,11.2,232,0.97,4365.543993835361,0,2,78,63,,,,,,,,
,18-00,11.2,206,0.97,3876.301994526226,0,2,78,63,,,,,,,,
,19-00,11.8,51,0.97,1011.0777307151017,0,2,72,74,,,,,,,,
,20-00,11.7,50,0.97,982.8522307549592,0,2,72,74,,,,,,,,
,21-00,11.8,48,0.97,951.6025700848016,0,2,72,74,,,,,,,,
,22-00,11.8,42,0.97,832.6522488242015,0,2,75,72,,,,,,,,
,23-00,11.5,37,0.97,714.8779900619405,0,2,75,72,,,,,,,,
,24-00,11.5,152,0.97,2936.796067281485,0,2,75,72,,,,,,,,
2021-03-09,01-00,11.5,152,0.97,2936.796067281485,0,2,77,85,,,,,,,,
,02-00,11.5,152,0.97,2936.796067281485,0,2,77,85,,,,,,,,
,03-00,11.5,152,0.97,2936.796067281485,0,2,77,85,,,,,,,,
,04-00,11.4,165,0.97,3160.247941965946,0,2,85,54,,,,,,,,
,05-00,11.2,179,0.97,3368.242995243662,0,2,85,54,,,,,,,,
,06-00,11.5,203,0.97,3922.1684319614574,0,2,85,54,,,,,,,,
,07-00,11.4,250,0.97,4788.254457524161,0,2,91,41,,,,,,,,
,08-00,11.2,276,0.97,5193.491992666205,0,2,91,41,,,,,,,,
,09-00,11.4,257,0.97,4922.325582334837,0,2,91,41,,,,,,,,
,10-00,11.7,237,0.97,4658.719573778507,0,2,90,47,,,,,,,,
,11-00,11.8,226,0.97,4480.462100815941,0,2,90,47,,,,,,,,
,12-00,11.7,217,0.97,4265.578681476523,0,2,90,47,,,,,,,,
,13-00,11.7,217,0.97,4265.578681476523,0,2,80,66,,,,,,,,
,14-00,11.3,199,0.97,3778.01677145073,0,2,80,66,,,,,,,,
,15-00,11.3,211,0.97,4005.8368782718794,0,2,80,66,,,,,,,,
,16-00,11.2,231,0.97,4346.726993861932,0,2,76,74,,,,,,,,
,17-00,11.2,251,0.97,4723.066993330499,0,2,76,74,,,,,,,,
,18-00,11.3,217,0.97,4119.7469316824545,0,2,76,74,,,,,,,,
,19-00,11.8,51,0.97,1011.0777307151017,0,2,76,74,,,,,,,,
,20-00,11.8,50,0.97,991.2526771716684,0,2,76,74,,,,,,,,
,21-00,11.8,47,0.97,931.7775165413683,0,2,76,74,,,,,,,,
,22-00,11.8,42,0.97,832.6522488242015,0,2,72,84,,,,,,,,
,23-00,11.7,39,0.97,766.6247399888681,0,2,72,84,,,,,,,,
,24-00,11.5,37,0.97,714.8779900619405,0,2,72,84,,,,,,,,
2021-03-10,01-00,11.3,168,0.97,3189.481495496094,0,2,76,78,,,,,,,,
,02-00,11.3,163,0.97,3094.5564509872816,0,2,76,78,,,,,,,,
,03-00,11.3,163,0.97,3094.5564509872816,0,2,76,78,,,,,,,,
,04-00,11.2,175,0.97,3292.974995349949,0,2,86,58,,,,,,,,
,05-00,11.2,185,0.97,3481.1449950842316,0,2,86,58,,,,,,,,
,06-00,11.2,211,0.97,3970.386994393367,0,2,86,58,,,,,,,,
,07-00,11.4,257,0.97,4922.325582334837,0,2,92,46,,,,,,,,
,08-00,11.2,280,0.97,5268.759992559919,0,2,92,46,,,,,,,,
,09-00,11.5,257,0.97,4965.503876916721,0,2,92,46,,,,,,,,
,10-00,11.6,247,0.97,4813.791814630956,0,2,91,54,,,,,,,,
,11-00,11.8,234,0.97,4639.062529163409,0,2,91,54,,,,,,,,
,12-00,11.7,201,0.97,3951.065967634936,0,2,91,54,,,,,,,,
,13-00,11.7,170,0.97,3341.6975845668617,0,2,78,76,,,,,,,,
,14-00,11.6,188,0.97,3663.938709111821,0,2,78,76,,,,,,,,
,15-00,11.5,199,0.97,3844.884324927734,0,2,78,76,,,,,,,,
,16-00,11.3,210,0.97,3986.8518693701176,0,2,75,72,,,,,,,,
,17-00,11.2,228,0.97,4290.275993941648,0,2,75,72,,,,,,,,
,18-00,11.8,233,0.97,4619.237475619974,0,2,75,72,,,,,,,,
,19-00,11.8,53,0.97,1050.7278378019685,0,2,74,79,,,,,,,,
,20-00,11.8,51,0.97,1011.0777307151017,0,2,74,79,,,,,,,,
,21-00,11.8,48,0.97,951.6025700848016,0,2,74,79,,,,,,,,
,22-00,11.9,44,0.97,879.6947487577721,0,2,74,74,,,,,,,,
,23-00,11.7,40,0.97,786.2817846039674,0,2,74,74,,,,,,,,
,24-00,11.4,36,0.97,689.5086418834792,0,2,74,74,,,,,,,,
2021-03-11,01-00,11.4,165,0.97,3160.247941965946,0,2,79,70,,,,,,,,
,02-00,11.3,165,0.97,3132.5264687908066,0,2,79,70,,,,,,,,
,03-00,11.2,165,0.97,3104.804995615666,0,2,79,70,,,,,,,,
,04-00,11.2,178,0.97,3349.4259952702337,0,2,91,40,,,,,,,,
,05-00,11.2,210,0.97,3951.569994419939,0,2,91,40,,,,,,,,
,06-00,11.2,258,0.97,4854.785993144496,0,2,91,40,,,,,,,,
,07-00,11.4,266,0.97,5094.702742805707,0,2,97,27,,,,,,,,
,08-00,11.3,298,0.97,5657.532652725215,0,2,97,27,,,,,,,,
,09-00,11.3,270,0.97,5125.952403475865,0,2,97,27,,,,,,,,
,10-00,11.6,238,0.97,4638.3904934500715,0,2,93,37,,,,,,,,
,11-00,11.6,217,0.97,4229.120744028006,0,2,93,37,,,,,,,,
,12-00,11.6,199,0.97,3878.318101666236,0,2,93,37,,,,,,,,
,13-00,11.8,193,0.97,3826.23533388264,0,2,79,64,,,,,,,,
,14-00,11.6,185,0.97,3605.4716020515257,0,2,79,64,,,,,,,,
,15-00,11.5,206,0.97,3980.1315122367496,0,2,79,64,,,,,,,,
,16-00,11.4,214,0.97,4098.745815640682,0,2,77,62,,,,,,,,
,17-00,11.3,239,0.97,4537.417127521229,0,2,77,62,,,,,,,,
,18-00,11.8,218,0.97,4321.861672468474,0,2,77,62,,,,,,,,
,19-00,11.7,53,0.97,1041.8233646002568,0,2,69,87,,,,,,,,
,20-00,11.8,49,0.97,971.427623628235,0,2,69,87,,,,,,,,
,21-00,11.8,46,0.97,911.952462997935,0,2,69,87,,,,,,,,
,22-00,11.9,44,0.97,879.6947487577721,0,2,69,85,,,,,,,,
,23-00,11.8,41,0.97,812.827195280768,0,2,69,85,,,,,,,,
,24-00,11.4,37,0.97,708.6616597135758,0,2,69,85,,,,,,,,
2021-03-12,01-00,11.4,169,0.96,3203.490322427711,0,2,79,68,,,,,,,,
,02-00,11.4,169,0.96,3203.490322427711,0,2,79,68,,,,,,,,
,03-00,11.4,169,0.96,3203.490322427711,0,2,79,68,,,,,,,,
,04-00,11.2,178,0.96,3314.8958303705404,0,2,89,49,,,,,,,,
,05-00,11.2,188,0.96,3501.1259332003465,0,2,89,49,,,,,,,,
,06-00,11.2,200,0.96,3724.602056596113,0,2,89,49,,,,,,,,
,07-00,11.3,262,0.96,4922.793236052881,0,2,96,35,,,,,,,,
,08-00,11.2,283,0.96,5270.3119100835,0,2,96,35,,,,,,,,
,09-00,11.2,274,0.96,5102.704817536675,0,2,96,35,,,,,,,,
,10-00,11.6,240,0.96,4629.148270340883,0,2,93,46,,,,,,,,
,11-00,11.7,232,0.96,4513.419563582362,0,2,93,46,,,,,,,,
,12-00,11.8,222,0.96,4355.789083687133,0,2,93,46,,,,,,,,
,13-00,11.7,206,0.96,4007.6053021464068,0,2,77,68,,,,,,,,
,14-00,11.7,196,0.96,3813.0613554402707,0,2,77,68,,,,,,,,
,15-00,11.4,194,0.96,3677.3794233785557,0,2,77,68,,,,,,,,
,16-00,11.3,231,0.96,4340.325334077158,0,2,74,71,,,,,,,,
,17-00,11.2,246,0.96,4581.260529613219,0,2,74,71,,,,,,,,
,18-00,11.6,224,0.96,4320.538385651491,0,2,74,71,,,,,,,,
,19-00,11.7,53,0.96,1031.0829175425222,0,2,72,84,,,,,,,,
,20-00,11.8,51,0.96,1000.6542489551522,0,2,72,84,,,,,,,,
,21-00,11.8,48,0.96,941.7922343107315,0,2,72,84,,,,,,,,
,22-00,11.6,46,0.96,887.2534184820026,0,2,66,84,,,,,,,,
,23-00,11.4,41,0.96,777.1781255593855,0,2,66,84,,,,,,,,
,24-00,11.3,36,0.96,676.4143377782584,0,2,66,84,,,,,,,,
2021-03-13,01-00,11.5,168,0.93,3112.079609007456,0,2,76,67,,,,,,,,
,02-00,11.4,168,0.93,3085.01804719,0,2,76,67,,,,,,,,
,03-00,11.4,168,0.93,3085.01804719,0,2,76,67,,,,,,,,
,04-00,11.4,168,0.93,3085.01804719,0,2,87,40,,,,,,,,
,05-00,11.4,192,0.93,3525.7349110742857,0,2,87,40,,,,,,,,
,06-00,11.4,236,0.93,4333.715828195476,0,2,87,40,,,,,,,,
,07-00,11.3,279,0.93,5078.392020350832,0,2,93,33,,,,,,,,
,08-00,11.2,281,0.93,5069.532580470117,0,2,93,33,,,,,,,,
,09-00,11.6,268,0.93,5007.677582030216,0,2,93,33,,,,,,,,
,10-00,11.9,248,0.93,4753.814359266462,0,2,91,40,,,,,,,,
,11-00,11.8,222,0.93,4219.67067482191,0,2,91,40,1.0,,,,,,,
,12-00,11.8,215,0.93,4086.617995886085,0,2,91,40,1.0,,,,,,,
,13-00,11.7,201,0.93,3788.1354122685475,0,2,74,62,1.0,,,,,,,
,14-00,11.3,246,0.93,4477.7219964383685,0,2,74,62,,,,,,,,
,15-00,11.3,250,0.93,4550.530484185333,0,2,74,62,,,,,,,,
,16-00,11.2,266,0.93,4798.916962295555,0,2,72,72,,,,,,,,
,17-00,11.2,270,0.93,4871.081127142104,0,2,72,72,,,,,,,,
,18-00,11.9,222,0.93,4255.430595794978,0,2,72,72,,,,,,,,
,19-00,11.8,200,0.93,3801.505112452172,0,2,70,81,,,,,,,,
,20-00,11.9,185,0.93,3546.1921631624814,0,2,70,81,,,,,,,,
,21-00,11.9,180,0.93,3450.349131725657,0,2,70,81,,,,,,,,
,22-00,11.8,178,0.93,3383.339550082433,0,2,70,81,,,,,,,,
,23-00,11.8,175,0.93,3326.3169733956506,0,2,70,67,,,,,,,,
,24-00,11.5,173,0.93,3204.7010259422013,0,2,87,67,,,,,,,,
2021-03-14,01-00,11.5,173,0.97,3342.5376292085325,1,2,75,67,,,,,,,,
,02-00,11.4,170,0.97,3256.0130311164294,1,2,75,67,,,,,,,,
,03-00,11.4,170,0.97,3256.0130311164294,1,2,75,67,,,,,,,,
,04-00,11.4,170,0.97,3256.0130311164294,1,2,87,41,,,,,,,,
,05-00,11.4,200,0.97,3830.6035660193284,1,2,87,41,,,,,,,,
,06-00,11.3,244,0.97,4632.342172030041,1,2,87,41,,,,,,,,
,07-00,11.2,260,0.97,4892.419993091353,1,2,97,26,,,,,,,,
,08-00,11.4,267,0.97,5113.855760635804,1,2,97,26,,,,,,,,
,09-00,11.7,236,0.97,4639.062529163408,1,2,97,26,,,,,,,,
,10-00,11.7,236,0.97,4639.062529163408,1,2,94,26,,,,,,,,
,11-00,11.8,203,0.97,4024.4858693169735,1,2,94,26,,,,,,,,
,12-00,11.8,195,0.97,3865.885440969507,1,2,94,26,,,,,,,,
,13-00,11.6,195,0.97,3800.361958919176,1,2,77,59,,,,,,,,
,14-00,11.7,189,0.97,3715.1814322537457,1,2,77,59,,,,,,,,
,15-00,11.7,177,0.97,3479.2968968725554,1,2,77,59,,,,,,,,
,16-00,11.4,215,0.97,4117.898833470778,1,2,71,68,,,,,,,,
,17-00,11.3,235,0.97,4461.477091914179,1,2,71,68,,,,,,,,
,18-00,11.7,186,0.97,3656.210298408448,1,2,71,68,,,,,,,,
,19-00,11.8,52,0.97,1030.9027842585351,1,2,68,79,,,,,,,,
,20-00,11.8,51,0.97,1011.0777307151017,1,2,68,79,,,,,,,,
,21-00,11.8,48,0.97,951.6025700848016,1,2,68,79,,,,,,,,
,22-00,11.8,45,0.97,892.1274094545015,1,2,67,87,,,,,,,,
,23-00,11.8,41,0.97,812.827195280768,1,2,67,87,,,,,,,,
,24-00,11.8,36,0.97,713.7019275636012,1,2,67,87,,,,,,,,
2021-03-15,01-00,11.4,151,0.97,2892.105692344593,0,2,76,64,,,,,,,,
,02-00,11.4,155,0.97,2968.71776366498,0,2,76,64,,,,,,,,
,03-00,11.3,155,0.97,2942.676379773182,0,2,76,64,,,,,,,,
,04-00,11.2,174,0.97,3274.1579953765204,0,2,90,45,,,,,,,,
,05-00,11.2,206,0.97,3876.301994526226,0,2,90,45,,,,,,,,
,06-00,11.2,239,0.97,4497.262993649359,0,2,90,45,,,,,,,,
,07-00,11.4,262,0.97,5018.090671485321,0,2,96,37,,,,,,,,
,08-00,11.2,264,0.97,4967.687992985066,0,2,96,37,,,,,,,,
,09-00,11.5,258,0.97,4984.824903675152,0,2,96,37,,,,,,,,
,10-00,11.7,220,0.97,4324.5498153218205,0,2,91,42,,,,,,,,
,11-00,11.9,212,0.97,4238.5292440147205,0,2,91,42,,,,,,,,
,12-00,11.8,208,0.97,4123.6111370341405,0,2,91,42,,,,,,,,
,13-00,11.7,195,0.97,3833.1236999443413,0,2,78,71,,,,,,,,
,14-00,11.5,176,0.97,3400.500709483825,0,2,78,71,,,,,,,,
,15-00,11.2,209,0.97,3932.7529944465105,0,2,78,71,,,,,,,,
,16-00,11.2,210,0.97,3951.569994419939,0,2,72,80,,,,,,,,
,17-00,11.2,212,0.97,3989.2039943667955,0,2,72,80,,,,,,,,
,18-00,11.8,182,0.97,3608.159744904873,0,2,72,80,,,,,,,,
,19-00,11.8,53,0.97,1050.7278378019685,0,2,68,81,,,,,,,,
,20-00,11.7,51,0.97,1002.5092753700585,0,2,68,81,,,,,,,,
,21-00,11.7,47,0.97,923.8810969096617,0,2,68,81,,,,,,,,
,22-00,11.8,45,0.97,892.1274094545015,0,2,71,78,,,,,,,,
,23-00,11.8,40,0.97,793.0021417373348,0,2,71,78,,,,,,,,
,24-00,11.8,36,0.97,713.7019275636012,0,2,71,78,,,,,,,,
2021-03-16,01-00,11.6,165,0.96,3182.539435859357,0,2,77,71,,,,,,,,
,02-00,11.6,165,0.96,3182.539435859357,0,2,77,71,,,,,,,,
,03-00,11.6,165,0.96,3182.539435859357,0,2,77,71,,,,,,,,
,04-00,11.6,170,0.96,3278.9800248247925,0,2,88,54,,,,,,,,
,05-00,11.6,210,0.96,4050.5047365482733,0,2,88,54,,,,,,,,
,06-00,11.4,234,0.96,4435.601984899907,0,2,88,54,,,,,,,,
,07-00,11.4,276,0.96,5231.735674497326,0,2,98,34,,,,,,,,
,08-00,11.3,270,0.96,5073.107533336938,0,2,98,34,,,,,,,,
,09-00,11.6,260,0.96,5014.910626202624,0,2,98,34,,,,,,,,
,10-00,11.7,240,0.96,4669.054720947271,0,2,90,48,,,,,,,,
,11-00,11.7,233,0.96,4532.873958252974,0,2,90,48,,,,,,,,
,12-00,11.8,228,0.96,4473.513112975975,0,2,90,48,,,,,,,,
,13-00,11.8,207,0.96,4061.479010465029,0,2,79,66,,,,,,,,
,14-00,11.6,196,0.96,3780.4710874450548,0,2,79,66,,,,,,,,
,15-00,11.4,186,0.96,3525.7349110742853,0,2,79,66,,,,,,,,
,16-00,11.3,213,0.96,4002.1181651880293,0,2,74,78,,,,,,,,
,17-00,11.2,233,0.96,4339.161395934471,0,2,74,78,,,,,,,,
,18-00,11.8,204,0.96,4002.6169958206087,0,2,74,78,,,,,,,,
,19-00,11.3,50,0.96,939.464358025359,0,2,70,92,,,,,,,,
,20-00,11.6,51,0.96,983.6940074474378,0,2,70,92,,,,,,,,
,21-00,11.8,47,0.96,922.1715627625913,0,2,70,92,,,,,,,,
,22-00,11.8,43,0.96,843.6888765700303,0,2,71,87,,,,,,,,
,23-00,11.5,39,0.96,745.7517957068558,0,2,71,87,,,,,,,,
,24-00,11.3,35,0.96,657.6250506177513,0,2,71,87,,,,,,,,
2021-03-17,01-00,11.4,157,0.94,2914.0230632635694,0,2,79,79,,,,,,,,
,02-00,11.4,161,0.94,2988.2656890792023,0,2,79,79,,,,,,,,
,03-00,11.4,174,0.94,3229.554222980007,0,2,79,79,,,,,,,,
,04-00,11.5,174,0.94,3257.8836459886033,0,2,92,47,,,,,,,,
,05-00,11.6,187,0.94,3531.734735071703,0,2,92,47,,,,,,,,
,06-00,11.2,227,0.94,4139.352014773326,0,2,92,47,,,,,,,,
,07-00,11.2,254,0.94,4631.697849129624,0,2,96,44,,,,,,,,
,08-00,11.4,258,0.94,4788.6493651082865,0,2,96,44,,,,,,,,
,09-00,11.7,239,0.94,4552.73365281256,0,2,96,44,,,,,,,,
,10-00,11.6,246,0.94,4646.025373409834,0,2,95,47,,,,,,,,
,11-00,11.6,238,0.94,4494.935117363986,0,2,95,47,,,,,,,,
,12-00,11.7,237,0.94,4514.635463249274,0,2,95,47,,,,,,,,
,13-00,11.8,219,0.94,4207.407755104322,0,2,81,76,,,,,,,,
,14-00,11.7,172,0.94,3276.4443024425113,0,2,81,76,,,,,,,,
,15-00,11.7,176,0.94,3352.6406815690816,0,2,81,76,,,,,,,,
,16-00,11.5,197,0.94,3688.5234382744534,0,2,79,76,,,,,,,,
,17-00,11.6,227,0.94,4287.186015300945,0,2,79,76,,,,,,,,
,18-00,11.9,192,0.94,3719.9463040253677,0,2,79,76,,,,,,,,
,19-00,11.6,50,0.94,944.3141002865517,0,2,72,77,,,,,,,,
,20-00,11.8,50,0.94,960.5953778776992,0,2,72,77,,,,,,,,
,21-00,11.8,47,0.94,902.9596552050373,0,2,72,77,,,,,,,,
,22-00,11.8,44,0.94,845.3239325323754,0,2,75,75,,,,,,,,
,23-00,11.5,39,0.94,730.215299962963,0,2,75,75,,,,,,,,
,24-00,11.3,36,0.94,662.3223724078781,0,2,75,75,,,,,,,,
2021-03-18,01-00,11.4,160,0.97,3064.482852815463,0,2,78,72,,,,,,,,
,02-00,11.4,162,0.97,3102.7888884756567,0,2,78,72,,,,,,,,
,03-00,11.4,162,0.97,3102.7888884756567,0,2,78,72,,,,,,,,
,04-00,11.4,175,0.97,3351.7781202669125,0,2,88,49,,,,,,,,
,05-00,11.3,178,0.97,3379.3315845137186,0,2,88,49,,,,,,,,
,06-00,11.6,201,0.97,3917.2961730397656,0,2,88,49,,,,,,,,
,07-00,11.6,248,0.97,4833.280850317721,0,2,96,40,,,,,,,,
,08-00,11.5,256,0.97,4946.182850158291,0,2,96,40,,,,,,,,
,09-00,11.5,247,0.97,4772.293609332413,0,2,96,40,,,,,,,,
,10-00,11.7,234,0.97,4599.748439933209,0,2,91,44,,,,,,,,
,11-00,11.8,215,0.97,4262.386511838174,0,2,91,44,,,,,,,,
,12-00,11.6,213,0.97,4151.164601280946,0,2,91,44,,,,,,,,
,13-00,11.8,204,0.97,4044.3109228604067,0,2,85,52,,,,,,,,
,14-00,11.5,192,0.97,3709.637137618718,0,2,85,52,,,,,,,,
,15-00,11.5,180,0.97,3477.7848165175483,0,2,85,52,,,,,,,,
,16-00,11.4,203,0.97,3888.062619509619,0,2,83,63,,,,,,,,
,17-00,11.4,225,0.97,4309.429011771745,0,2,83,63,,,,,,,,
,18-00,11.4,201,0.97,3849.756583849425,0,2,83,63,,,,,,,,
,19-00,11.8,52,0.97,1030.9027842585351,0,2,78,66,,,,,,,,
,20-00,11.8,51,0.97,1011.0777307151017,0,2,78,66,,,,,,,,
,21-00,11.8,48,0.97,951.6025700848016,0,2,78,66,,,,,,,,
,22-00,11.8,43,0.97,852.4773023676348,0,2,76,72,,,,,,,,
,23-00,11.6,38,0.97,740.5833560970702,0,2,76,72,,,,,,,,
,24-00,11.4,36,0.97,689.5086418834792,0,2,76,72,,,,,,,,
2021-03-19,01-00,11.4,159,0.97,3045.3298349853662,0,2,80,69,,,,,,,,
,02-00,11.4,161,0.97,3083.63587064556,0,2,80,69,,,,,,,,
,03-00,11.4,161,0.97,3083.63587064556,0,2,80,69,,,,,,,,
,04-00,11.3,173,0.97,3284.406540004906,0,2,89,51,,,,,,,,
,05-00,11.2,207,0.97,3895.1189944996536,0,2,89,51,,,,,,,,
,06-00,11.8,225,0.97,4460.6370472725075,0,2,89,51,,,,,,,,
,07-00,11.2,269,0.97,5061.772992852207,0,2,96,27,,,,,,,,
,08-00,11.5,274,0.97,5293.9613318100455,0,2,96,27,,,,,,,,
,09-00,11.6,256,0.97,4989.193135811841,0,2,96,27,,,,,,,,
,10-00,11.7,240,0.97,4717.690707623804,0,2,92,38,,,,,,,,
,11-00,11.9,221,0.97,4418.466806260628,0,2,92,38,,,,,,,,
,12-00,11.9,201,0.97,4018.6055568252773,0,2,92,38,,,,,,,,
,13-00,11.6,190,0.97,3702.9167804853505,0,2,78,64,,,,,,,,
,14-00,11.7,184,0.97,3616.89620917825,0,2,78,64,,,,,,,,
,15-00,11.8,173,0.97,3429.734263013973,0,2,78,64,,,,,,,,
,16-00,11.4,206,0.97,3945.521672999909,0,2,76,66,,,,,,,,
,17-00,11.3,232,0.97,4404.522065208891,0,2,76,66,,,,,,,,
,18-00,11.4,188,0.97,3600.7673520581693,0,2,76,66,,,,,,,,
,19-00,11.8,53,0.97,1050.7278378019685,0,2,81,64,,,,,,,,
,20-00,11.8,50,0.97,991.2526771716684,0,2,81,64,,,,,,,,
,21-00,11.9,46,0.97,919.6808737013072,0,2,81,64,,,,,,,,
,22-00,11.8,42,0.97,832.6522488242015,0,2,74,67,,,,,,,,
,23-00,11.6,38,0.97,740.5833560970702,0,2,74,67,,,,,,,,
,24-00,11.6,36,0.97,701.6052847235402,0,2,74,67,,,,,,,,
2021-03-20,01-00,11.5,160,0.97,3091.3642813489314,0,2,77,63,,,,,,,,
,02-00,11.5,160,0.97,3091.3642813489314,0,2,77,63,,,,,,,,
,03-00,11.4,161,0.97,3083.63587064556,0,2,77,63,,,,,,,,
,04-00,11.4,175,0.97,3351.7781202669125,0,2,88,41,,,,,,,,
,05-00,11.2,210,0.97,3951.569994419939,0,2,88,41,,,,,,,,
,06-00,11.8,220,0.97,4361.5117795553415,0,2,88,41,,,,,,,,
,07-00,11.7,227,0.97,4462.149127627516,0,2,95,32,,,,,,,,
,08-00,11.4,268,0.97,5133.0087784659,0,2,95,32,,,,,,,,
,09-00,11.8,240,0.97,4758.012850424008,0,2,95,32,,,,,,,,
,10-00,11.8,238,0.97,4718.362743337142,0,2,95,40,1.0,,,,,,,
,11-00,11.3,213,0.97,4043.8068960754044,0,2,95,40,,,,,,,,
,12-00,11.3,212,0.97,4024.8218871736417,0,2,95,40,,,,,,,,
,13-00,11.5,192,0.97,3709.637137618718,0,2,81,71,,,,,,,,
,14-00,11.4,118,0.97,2260.056103951404,0,2,81,71,,,,,,,,
,15-00,11.2,195,0.97,3669.3149948185146,0,2,81,71,,,,,,,,
,16-00,11.2,243,0.97,4572.530993543072,0,2,75,76,,,,,,,,
,17-00,11.2,229,0.97,4309.0929939150765,0,2,75,76,,,,,,,,
,18-00,11.2,207,0.97,3895.1189944996536,0,2,75,76,,,,,,,,
,19-00,11.6,49,0.97,954.9627486514852,0,2,78,64,,,,,,,,
,20-00,11.5,48,0.97,927.4092844046795,0,2,78,64,,,,,,,,
,21-00,11.8,48,0.97,951.6025700848016,0,2,78,64,,,,,,,,
,22-00,11.8,42,0.97,832.6522488242015,0,2,71,75,,,,,,,,
,23-00,11.6,38,0.97,740.5833560970702,0,2,71,75,,,,,,,,
,24-00,11.6,36,0.97,701.6052847235402,0,2,71,75,,,,,,,,
2021-03-21,01-00,11.4,163,0.95,3057.571970093263,1,2,77,61,,,,,,,,
,02-00,11.4,163,0.95,3057.571970093263,1,2,77,61,,,,,,,,
,03-00,11.4,163,0.95,3057.571970093263,1,2,77,61,,,,,,,,
,04-00,11.4,173,0.95,3245.1530725529724,1,2,88,43,,,,,,,,
,05-00,11.6,180,0.95,3435.6959818936243,1,2,88,43,,,,,,,,
,06-00,11.2,208,0.95,3833.236283246833,1,2,88,43,,,,,,,,
,07-00,11.2,243,0.95,4478.252003985483,1,2,96,30,,,,,,,,
,08-00,11.4,259,0.95,4858.350553706473,1,2,96,30,,,,,,,,
,09-00,11.3,248,0.95,4611.20422397447,1,2,96,30,,,,,,,,
,10-00,11.6,227,0.95,4332.794377165848,1,2,93,45,,,,,,,,
,11-00,11.7,204,0.95,3927.355924130126,1,2,93,45,,,,,,,,
,12-00,11.8,195,0.95,3786.176462805187,1,2,93,45,,,,,,,,
,13-00,11.8,189,0.95,3669.678725488104,1,2,81,65,,,,,,,,
,14-00,11.5,174,0.95,3292.5419826480565,1,2,81,65,,,,,,,,
,15-00,11.2,186,0.95,3427.79783021111,1,2,81,65,,,,,,,,
,16-00,11.2,201,0.95,3704.233139099103,1,2,76,76,,,,,,,,
,17-00,11.5,203,0.95,3841.2989797560663,1,2,76,76,,,,,,,,
,18-00,11.7,186,0.95,3580.8245190598204,1,2,76,76,,,,,,,,
,19-00,11.7,50,0.95,962.5872363064033,1,2,75,64,,,,,,,,
,20-00,11.8,50,0.95,970.8144776423557,1,2,75,64,,,,,,,,
,21-00,11.7,47,0.95,904.8320021280191,1,2,75,64,,,,,,,,
,22-00,11.6,43,0.95,820.749595674588,1,2,72,89,,,,,,,,
,23-00,11.5,37,0.95,700.1382376895293,1,2,72,89,,,,,,,,
,24-00,11.4,35,0.95,656.5338586089829,1,2,72,89,,,,,,,,
2021-03-22,01-00,11.3,172,0.97,3265.4215311031435,0,2,79,72,,,,,,,,
,02-00,11.3,176,0.97,3341.3615667101935,0,2,79,72,,,,,,,,
,03-00,11.3,176,0.97,3341.3615667101935,0,2,79,72,,,,,,,,
,04-00,11.2,182,0.97,3424.693995163947,0,2,91,40,,,,,,,,
,05-00,11.4,194,0.97,3715.685459038749,0,2,91,40,,,,,,,,
,06-00,11.5,211,0.97,4076.7366460289036,0,2,91,40,,,,,,,,
,07-00,11.4,239,0.97,4577.571261393098,0,2,91,40,,,,,,,,
,08-00,11.3,261,0.97,4955.087323360003,0,2,91,40,,,,,,,,
,09-00,11.4,247,0.97,4730.795404033871,0,2,91,40,,,,,,,,
,10-00,11.8,236,0.97,4678.712636250275,0,2,96,43,,,,,,,,
,11-00,11.7,202,0.97,3970.723012250035,0,2,96,43,,,,,,,,
,12-00,11.4,190,0.97,3639.0733877183625,0,2,96,43,,,,,,,,
,13-00,11.5,179,0.97,3458.4637897591174,0,2,86,48,,,,,,,,
,14-00,11.7,170,0.97,3341.6975845668617,0,2,86,48,,,,,,,,
,15-00,11.7,180,0.97,3538.2680307178534,0,2,86,48,,,,,,,,
,16-00,11.6,196,0.97,3819.8509946059407,0,2,86,31,,,,,,,,
,17-00,11.4,215,0.97,4117.898833470778,0,2,86,31,,,,,,,,
,18-00,11.8,176,0.97,3489.209423644273,0,2,86,31,,,,,,,,
,19-00,11.9,53,0.97,1059.6323110036801,0,2,73,87,,,,,,,,
,20-00,11.8,53,0.97,1050.7278378019685,0,2,73,87,,,,,,,,
,21-00,11.8,48,0.97,951.6025700848016,0,2,73,87,,,,,,,,
,22-00,11.8,43,0.97,852.4773023676348,0,2,79,60,,,,,,,,
,23-00,11.7,40,0.97,786.2817846039674,0,2,79,60,,,,,,,,
,24-00,11.6,38,0.97,740.5833560970702,0,2,79,60,,,,,,,,
2021-03-23,01-00,11.4,168,0.98,3250.8792325227955,0,2,82,50,,,,,,,,
,02-00,11.4,168,0.98,3250.8792325227955,0,2,82,50,,,,,,,,
,03-00,11.4,170,0.98,3289.5801757671143,0,2,82,50,,,,,,,,
,04-00,11.3,180,0.98,3452.531515743194,0,2,90,39,,,,,,,,
,05-00,11.3,196,0.98,3759.4232060314785,0,2,90,39,,,,,,,,
,06-00,11.5,215,0.98,4196.845709279768,0,2,90,39,,,,,,,,
,07-00,11.3,235,0.98,4507.471701109171,0,2,93,36,,,,,,,,
,08-00,11.3,276,0.98,5293.881657472898,0,2,93,36,,,,1.0,,,,
,09-00,11.3,248,0.98,4756.821199468401,0,2,93,36,,,,,1.0,,,
,10-00,11.5,249,0.98,4860.53293772401,0,2,90,38,,,1.0,,,,,
,11-00,11.3,233,0.98,4469.110239823135,0,2,90,38,,,1.0,,,,,
,12-00,11.5,208,0.98,4060.204221070659,0,2,90,38,,,1.0,,,,,
,13-00,11.5,210,0.98,4099.244646273261,0,2,83,44,,,,,,,,
,14-00,11.4,206,0.98,3986.1971541648563,0,2,83,44,,,,,,,,
,15-00,11.3,205,0.98,3932.049781818638,0,2,83,44,,,,,,,,
,16-00,11.1,235,0.98,4427.693440912548,0,2,79,55,,,,,,,,
,17-00,11.1,227,0.98,4276.9634514346735,0,2,79,55,,,,,,,,
,18-00,11.2,186,0.98,3536.044077480935,0,2,79,55,,,,,,,,
,19-00,11.8,150,0.98,3004.4153308089744,0,2,81,50,,,,,,,,
,20-00,11.8,79,0.98,1582.3254075593932,0,2,81,50,,,,,,,,
,21-00,11.8,78,0.98,1562.2959720206666,0,2,81,50,,,,,,,,
,22-00,11.8,48,0.98,961.4129058588717,0,2,70,74,,,,,,,,
,23-00,11.7,42,0.98,834.1071715025593,0,2,70,74,,,,,,,,
,24-00,11.6,36,0.98,708.8383288959478,0,2,70,74,,,,,,,,
2021-03-24,01-00,11.4,168,0.96,3184.534758389677,0,2,78,68,,,,,,,,
,02-00,11.4,168,0.96,3184.534758389677,0,2,78,68,,,,,,,,
,03-00,11.4,168,0.96,3184.534758389677,0,2,78,68,,,,,,,,
,04-00,11.3,182,0.96,3419.650263212307,0,2,91,35,,,,,,,,
,05-00,11.2,196,0.96,3650.110015464191,0,2,91,35,,,,,,,,
,06-00,11.2,208,0.96,3873.5861388599574,0,2,91,35,,,,,,,,
,07-00,11.5,247,0.96,4723.094706143419,0,2,98,29,,,,,,,,
,08-00,11.5,260,0.96,4971.678638045704,0,2,98,29,,,,,,,,
,09-00,11.7,228,0.96,4435.601984899907,0,2,98,29,,,,,,,,
,10-00,11.8,214,0.96,4198.823711302011,0,2,97,44,,,,,,,,
,11-00,11.7,195,0.96,3793.6069607696572,0,2,97,44,,,,,,,,
,12-00,11.8,184,0.96,3610.2035648578044,0,2,97,44,,,,,,,,
,13-00,11.9,175,0.96,3462.715974491699,0,2,81,61,,,,,,,,
,14-00,11.6,175,0.96,3375.4206137902274,0,2,81,61,,,,,,,,
,15-00,11.5,176,0.96,3365.444001138631,0,2,81,61,,,,,,,,
,16-00,11.2,228,0.96,4246.046344519569,0,2,76,77,,,,,,,,
,17-00,11.2,238,0.96,4432.276447349374,0,2,76,77,,,,,,,,
,18-00,11.4,196,0.96,3715.2905514546233,0,2,76,77,,,,,,,,
,19-00,11.5,52,0.96,994.3357276091409,0,2,78,65,,,,,,,,
,20-00,11.8,51,0.96,1000.6542489551522,0,2,78,65,,,,,,,,
,21-00,11.8,50,0.96,981.033577407012,0,2,78,65,,,,,,,,
,22-00,11.8,48,0.96,941.7922343107315,0,2,73,86,,,,,,,,
,23-00,11.7,42,0.96,817.0845761657723,0,2,73,86,,,,,,,,
,24-00,11.7,38,0.96,739.2669974833177,0,2,73,86,,,,,,,,
2021-03-25,01-00,11.7,170,0.95,3272.7966034417714,0,2,81,71,,,,,,,,
,02-00,11.7,170,0.95,3272.7966034417714,0,2,81,71,,,,,,,,
,03-00,11.7,170,0.95,3272.7966034417714,0,2,81,71,,,,,,,,
,04-00,11.7,182,0.95,3503.817540155308,0,2,96,29,,,,,,,,
,05-00,11.7,190,0.95,3657.831497964333,0,2,96,29,,,,,,,,
,06-00,11.6,202,0.95,3855.614379680623,0,2,96,29,,,,,,,,
,07-00,11.8,240,0.95,4659.909492683308,0,2,99,27,,,,,,,,
,08-00,11.6,248,0.95,4733.625575053438,0,2,99,27,,,,,,,,
,09-00,11.6,245,0.95,4676.363975355211,0,2,99,27,,,,,,,,
,10-00,11.8,240,0.95,4659.909492683308,0,2,96,37,,,,,,,,
,11-00,11.7,230,0.95,4427.901287009455,0,2,96,37,,,,,,,,
,12-00,11.8,222,0.95,4310.416280732059,0,2,96,37,,,,,,,,
,13-00,11.8,204,0.95,3960.923068780811,0,2,82,59,,,,,,,,
,14-00,11.8,193,0.95,3747.343883699493,0,2,82,59,,,,,,,,
,15-00,11.4,180,0.95,3376.459844274769,0,2,82,59,,,,,,,,
,16-00,11.3,230,0.95,4276.520046427936,0,2,78,72,,,,,,,,
,17-00,11.2,237,0.95,4367.677880430286,0,2,78,72,,,,,,,,
,18-00,11.8,211,0.95,4096.837095650741,0,2,78,72,,,,,,,,
,19-00,11.8,55,0.95,1067.8959254065912,0,2,75,76,,,,,,,,
,20-00,11.8,52,0.95,1009.6470567480499,0,2,75,76,,,,,,,,
,21-00,11.8,51,0.95,990.2307671952027,0,2,75,76,,,,,,,,
,22-00,11.7,47,0.95,904.8320021280191,0,2,73,86,,,,,,,,
,23-00,11.5,42,0.95,794.7515130529792,0,2,73,86,,,,,,,,
,24-00,11.3,39,0.95,725.149051350824,0,2,73,86,,,,,,,,
2021-03-26,01-00,11.5,167,0.97,3226.6114686579476,0,2,81,71,,,,,,,,
,02-00,11.5,167,0.97,3226.6114686579476,0,2,81,71,,,,,,,,
,03-00,11.5,167,0.97,3226.6114686579476,0,2,81,71,,,,,,,,
,04-00,11.4,177,0.97,3390.0841559271057,0,2,96,29,,,,,,,,
,05-00,11.4,192,0.97,3677.3794233785557,0,2,96,29,,,,,,,,
,06-00,11.4,205,0.97,3926.368655169812,0,2,96,29,,,,,,,,
,07-00,11.3,226,0.97,4290.612011798317,0,2,99,27,,,,,,,,
,08-00,11.2,236,0.97,4440.811993729074,0,2,99,27,,,,,,,,
,09-00,11.5,244,0.97,4714.330529057122,0,2,99,27,,,,,,,,
,10-00,11.8,218,0.97,4321.861672468474,0,2,96,37,,,,,,,,
,11-00,11.9,198,0.97,3958.626369409975,0,2,96,37,,,,,,,,
,12-00,11.5,186,0.97,3593.710977068133,0,2,96,37,,,,,,,,
,13-00,11.5,177,0.97,3419.821736242256,0,2,82,59,,,,,,,,
,14-00,11.4,168,0.97,3217.706995456236,0,2,82,59,,,,,,,,
,15-00,11.4,173,0.97,3313.4720846067194,0,2,82,59,,,,,,,,
,16-00,11.3,212,0.97,4024.8218871736417,0,2,78,72,,,,,,,,
,17-00,11.2,230,0.97,4327.909993888505,0,2,78,72,,,,,,,,
,18-00,11.8,198,0.97,3925.360601599807,0,2,78,72,,,,1.0,,,,
,19-00,11.8,52,0.97,1030.9027842585351,0,2,75,76,,,,,,,,
,20-00,11.8,54,0.97,1070.5528913454018,0,2,75,76,,,,,,,,
,21-00,11.7,52,0.97,1022.1663199851577,0,2,75,76,,,,,,,,
,22-00,11.6,48,0.97,935.4737129647202,0,2,70,76,,,,,,,,
,23-00,11.4,46,0.97,881.0388201844456,0,2,70,76,,,,,,,,
,24-00,11.2,40,0.97,752.6799989371311,0,2,70,76,,,,,,,,
2021-03-27,01-00,11.4,167,0.98,3231.528760900636,0,2,81,69,,,,,,,,
,02-00,11.4,167,0.98,3231.528760900636,0,2,81,69,,,,,,,,
,03-00,11.5,167,0.98,3259.875504417308,0,2,81,69,,,,,,,,
,04-00,11.6,178,0.98,3504.811737318853,0,2,95,29,,,,,,,,
,05-00,11.5,188,0.98,3669.799969044634,0,2,95,29,,,,,,,,
,06-00,11.5,196,0.98,3825.961669855044,0,2,95,29,,,,,,,,
,07-00,11.3,240,0.98,4603.375354324259,0,2,103,21,,,,,,,,
,08-00,11.4,257,0.98,4973.071206894991,0,2,103,21,,,,,,,,
,09-00,11.6,233,0.98,4587.7591842432175,0,2,103,21,,,,,,,,
,10-00,11.9,208,0.98,4201.4287157165945,0,2,98,33,,,,,,,,
,11-00,11.2,204,0.98,3878.2418914307027,0,2,98,33,,,,,,,,
,12-00,11.4,193,0.98,3734.641023076783,0,2,98,33,,,,,,,,
,13-00,11.4,177,0.98,3425.0334771222306,0,2,82,60,,,,,,,,
,14-00,11.7,185,0.98,3674.0434935231774,0,2,82,60,,,,,,,,
,15-00,11.4,161,0.98,3115.425931167679,0,2,82,60,1.0,,,,,,,
,16-00,11.2,215,0.98,4087.362777733339,0,2,76,72,,,,,,,,
,17-00,11.2,236,0.98,4486.593560674735,0,2,76,72,,,,,,,,
,18-00,11.3,195,0.98,3740.2424753884607,0,2,76,72,,,,,,,,
,19-00,11.7,135,0.98,2681.0587655439404,0,2,72,69,,,,,,,,
,20-00,11.7,53,0.98,1052.5638116579914,0,2,72,69,,,,,,,,
,21-00,11.7,51,0.98,1012.844422538822,0,2,72,69,,,,,,,,
,22-00,11.6,48,0.98,945.1177718612637,0,2,71,83,,,,,,,,
,23-00,11.4,46,0.98,890.1216946193368,0,2,71,83,,,,,,,,
,24-00,11.2,40,0.98,760.4395865550398,0,2,71,83,,,,,,,,
2021-03-28,01-00,11.4,168,0.96,3184.534758389677,1,2,84,65,,,,,,,,
,02-00,11.4,168,0.96,3184.534758389677,1,2,84,65,,,,,,,,
,03-00,11.4,168,0.96,3184.534758389677,1,2,84,65,,,,,,,,
,04-00,11.4,181,0.96,3430.957090884116,1,2,96,44,,,,,,,,
,05-00,11.3,192,0.96,3607.543134817379,1,2,96,44,,,,,,,,
,06-00,11.2,201,0.96,3743.2250668790934,1,2,96,44,,,,,,,,
,07-00,11.5,248,0.96,4742.21654705898,1,2,104,15,,,,,,,,
,08-00,11.4,261,0.96,4947.402213926819,1,2,104,15,,,,,,,,
,09-00,11.5,235,0.96,4493.632615156695,1,2,104,15,,,,,,,,
,10-00,11.8,225,0.96,4414.651098331554,1,2,97,29,,,,,,,,
,11-00,11.6,215,0.96,4146.945325513709,1,2,97,29,,,,,,,,
,12-00,11.6,207,0.96,3992.640383169012,1,2,97,29,,,,,,,,
,13-00,11.6,196,0.96,3780.4710874450548,1,2,81,57,,,,,,,,
,14-00,11.7,172,0.96,3346.1558833455438,1,2,81,57,,,,,,,,
,15-00,11.7,150,0.96,2918.159200592044,1,2,81,57,,,,,,,,
,16-00,11.3,213,0.96,4002.1181651880293,1,2,76,66,,,,,,,,
,17-00,11.2,232,0.96,4320.538385651491,1,2,76,66,,,,,,,,
,18-00,11.7,198,0.96,3851.9701447814978,1,2,76,66,,,,,,,,
,19-00,11.8,55,0.96,1079.1369351477133,1,2,74,72,,,,,,,,
,20-00,11.7,53,0.96,1031.0829175425222,1,2,74,72,,,,,,,,
,21-00,11.7,50,0.96,972.7197335306813,1,2,74,72,,,,,,,,
,22-00,11.6,48,0.96,925.8296540681766,1,2,72,78,,,,,,,,
,23-00,11.3,46,0.96,864.3072093833304,1,2,72,78,,,,,,,,
,24-00,11.3,42,0.96,789.1500607413016,1,2,72,78,,,,,,,,
2021-03-29,01-00,11.5,172,0.97,3323.2166024501016,0,2,83,66,,,,,,,,
,02-00,11.5,172,0.97,3323.2166024501016,0,2,83,66,,,,,,,,
,03-00,11.5,172,0.97,3323.2166024501016,0,2,83,66,,,,,,,,
,04-00,11.4,182,0.97,3485.8492450775893,0,2,95,48,,,,,,,,
,05-00,11.4,192,0.97,3677.3794233785557,0,2,95,48,,,,,,,,
,06-00,11.3,204,0.97,3872.9418159595425,0,2,95,48,,,,,,,,
,07-00,11.4,250,0.97,4788.254457524161,0,2,103,31,,,,,,,,
,08-00,11.4,254,0.97,4864.866528844547,0,2,103,31,,,,,,,,
,09-00,11.5,240,0.97,4637.046422023397,0,2,103,31,,,,,,,,
,10-00,11.7,220,0.97,4324.5498153218205,0,2,99,36,,,,,,,,
,11-00,11.6,202,0.97,3936.785208726531,0,2,99,36,,,,,,,,
,12-00,11.7,180,0.97,3538.2680307178534,0,2,99,36,,,,,,,,
,13-00,11.5,170,0.97,3284.5745489332403,0,2,85,65,,,,,,,,
,14-00,11.4,167,0.97,3198.5539776261394,0,2,85,65,,,,,,,,
,15-00,11.4,167,0.97,3198.5539776261394,0,2,85,65,,,,,,,,
,16-00,11.2,189,0.97,3556.412994977945,0,2,81,68,,,,,,,,
,17-00,11.2,231,0.97,4346.726993861932,0,2,81,68,,,,,,,,
,18-00,11.3,205,0.97,3891.9268248613052,0,2,81,68,,,,,,,,
,19-00,11.8,58,0.97,1149.8531055191354,0,2,73,76,,,,,,,,
,20-00,11.8,58,0.97,1149.8531055191354,0,2,73,76,,,,,,,,
,21-00,11.8,54,0.97,1070.5528913454018,0,2,73,76,,,,,,,,
,22-00,11.6,48,0.97,935.4737129647202,0,2,75,83,,,,,,,,
,23-00,11.4,47,0.97,900.1918380145423,0,2,75,83,,,,,,,,
,24-00,11.3,43,0.97,816.3553827757859,0,2,75,83,,,,,,,,
2021-03-30,01-00,11.4,146,0.97,2796.34060319411,0,2,84,63,,,,,,,,
,02-00,11.4,143,0.97,2738.8815497038204,0,2,84,63,,,,,,,,
,03-00,11.4,143,0.97,2738.8815497038204,0,2,84,63,,,,,,,,
,04-00,11.4,150,0.97,2872.9526745144967,0,2,99,32,,,,,,,,
,05-00,11.3,172,0.97,3265.4215311031435,0,2,99,32,,,,,,,,
,06-00,11.3,186,0.97,3531.211655727818,0,2,99,32,,,,,,,,
,07-00,11.3,256,0.97,4860.16227885119,0,2,104,19,,,,,,,,
,08-00,11.3,264,0.97,5012.0423500652905,0,2,104,19,,,,,,,,
,09-00,11.5,234,0.97,4521.120261472813,0,2,104,19,,,,,,,,
,10-00,11.5,225,0.97,4347.231020646936,0,2,102,22,,,,,,,,
,11-00,11.7,211,0.97,4147.636413785927,0,2,102,22,,,,,1.0,,,
,12-00,11.4,201,0.97,3849.756583849425,0,2,102,22,,,,,,,,
,13-00,11.4,184,0.97,3524.1552807377825,0,2,85,46,,,,,,,,
,14-00,11.5,170,0.97,3284.5745489332403,0,2,85,46,,,,,,,,
,15-00,11.5,170,0.97,3284.5745489332403,0,2,85,46,,,,,,,,
,16-00,11.6,194,0.97,3780.872923232411,0,2,76,68,,,,,,,,
,17-00,11.2,225,0.97,4233.824994021363,0,2,76,68,,,,,,,,
,18-00,11.5,188,0.97,3632.353030584995,0,2,76,68,,,,,,,,
,19-00,11.7,54,0.97,1061.480409215356,0,2,77,83,,,,,,,,
,20-00,11.7,54,0.97,1061.480409215356,0,2,77,83,,,,,,,,
,21-00,11.7,51,0.97,1002.5092753700585,0,2,77,83,,,,,,,,
,22-00,11.5,47,0.97,908.0882576462487,0,2,77,61,,,,,,,,
,23-00,11.4,42,0.97,804.426748864059,0,2,77,61,,,,,,,,
,24-00,11.3,40,0.97,759.4003560704984,0,2,77,61,,,,,,,,
2021-03-31,01-00,11.3,172,0.97,3265.4215311031435,0,2,85,48,,,,,,,,
,02-00,11.3,172,0.97,3265.4215311031435,0,2,85,48,,,,,,,,
,03-00,11.3,172,0.97,3265.4215311031435,0,2,85,48,,,,,,,,
,04-00,11.2,184,0.97,3462.327995110804,0,2,100,26,,,,,,,,
,05-00,11.2,196,0.97,3688.131994791943,0,2,100,26,,,,,,,,
,06-00,11.2,212,0.97,3989.2039943667955,0,2,100,26,,,,,,,,
,07-00,11.4,250,0.97,4788.254457524161,0,2,106,16,,,,,,,,
,08-00,11.4,233,0.97,4462.653154412517,0,2,106,16,,,,,,,,
,09-00,11.6,219,0.97,4268.098815401536,0,2,106,16,,,,,,,,
,10-00,11.8,205,0.97,4064.1359764038407,0,2,101,22,,,,,,,,
,11-00,11.8,181,0.97,3588.3346913614396,0,2,101,22,,,,,,,,
,12-00,11.6,145,0.97,2825.9101745809257,0,2,101,22,,,,,,,,
,13-00,11.6,145,0.97,2825.9101745809257,0,2,82,52,,,,,,,,
,14-00,11.5,179,0.97,3458.4637897591174,0,2,82,52,,,,,,,,
,15-00,11.4,193,0.97,3696.532441208652,0,2,82,52,,,,,,,,
,16-00,11.3,204,0.97,3872.9418159595425,0,2,75,64,,,,,,,,
,17-00,11.2,215,0.97,4045.6549942870806,0,2,75,64,,,,,,,,
,18-00,11.5,192,0.97,3709.637137618718,0,2,75,64,,,,,,,,
,19-00,11.7,54,0.97,1061.480409215356,0,2,78,57,,,,,,,,
,20-00,11.7,54,0.97,1061.480409215356,0,2,78,57,,,,,,,,
,21-00,11.7,51,0.97,1002.5092753700585,0,2,78,57,,,,,,,,
,22-00,11.5,47,0.97,908.0882576462487,0,2,75,64,,,,,,,,
,23-00,11.5,44,0.97,850.1251773709563,0,2,75,64,,,,,,,,
,24-00,11.4,42,0.97,804.426748864059,0,2,75,64,,,,,,,,
2021-04-01,01-00,11.4,169,0.96,3203.490322427711,0,2,85,45,,,,,,,,
,02-00,11.4,169,0.96,3203.490322427711,0,2,85,45,,,,,,,,
,03-00,11.4,169,0.96,3203.490322427711,0,2,85,45,,,,,,,,
,04-00,11.3,182,0.96,3419.650263212307,0,2,99,33,,,,,,,,
,05-00,11.2,199,0.96,3705.9790463131326,0,2,99,33,,,,,,,,
,06-00,11.4,212,0.96,4018.579576063164,0,2,99,33,,,,,,,,
,07-00,11.2,260,0.96,4841.982673574947,0,2,105,21,,,,,,,,
,08-00,11.4,260,0.96,4928.446649888786,0,2,105,21,,,,,,,,
,09-00,11.6,236,0.96,4551.995799168535,0,2,105,21,,,,,,,,
,10-00,11.9,210,0.96,4155.2591693900395,0,2,101,26,,,,,,,,
,11-00,11.9,196,0.96,3878.241891430703,0,2,101,26,,,,,,,,
,12-00,11.9,173,0.96,3423.1420776403656,0,2,101,26,,,,,,,,
,13-00,11.5,168,0.96,3212.4692738141475,0,2,84,51,,,,,,,,
,14-00,11.6,165,0.96,3182.539435859357,0,2,84,51,,,,,,,,
,15-00,11.6,163,0.96,3143.9632002731837,0,2,84,51,,,,,,,,
,16-00,11.4,173,0.96,3279.312578579846,0,2,77,68,,,,,,,,
,17-00,11.3,179,0.96,3363.2824017307853,0,2,77,68,,,,,,,,
,18-00,11.3,187,0.96,3513.596699014843,0,2,77,68,,,,,,,,
,19-00,11.7,55,0.96,1069.9917068837494,0,2,74,68,,,,,,,,
,20-00,11.7,54,0.96,1050.537312213136,0,2,74,68,,,,,,,,
,21-00,11.7,52,0.96,1011.6285228719086,0,2,74,68,,,,,,,,
,22-00,11.5,48,0.96,917.8483639468993,0,2,73,72,,,,,,,,
,23-00,11.5,44,0.96,841.3610002846577,0,2,73,72,,,,,,,,
,24-00,11.3,40,0.96,751.5714864202871,0,2,73,72,,,,,,,,
2021-04-02,01-00,11.4,168,0.97,3217.706995456236,0,2,84,47,,,,,,,,
,02-00,11.4,168,0.97,3217.706995456236,0,2,84,47,,,,,,,,
,03-00,11.4,168,0.97,3217.706995456236,0,2,84,47,,,,,,,,
,04-00,11.4,183,0.97,3505.002262907686,0,2,99,26,,,,,,,,
,05-00,11.3,188,0.97,3569.1816735313428,0,2,99,26,,,,,,,,
,06-00,11.3,228,0.97,4328.582029601842,0,2,99,26,,,,,,,,
,07-00,11.4,246,0.97,4711.642386203775,0,2,106,22,,,,,,,,
,08-00,11.6,240,0.97,4677.3685648236005,0,2,106,22,,,,,,,,
,09-00,11.7,232,0.97,4560.434350703011,0,2,106,22,,,,,,,,
,10-00,11.8,212,0.97,4202.911351207874,0,2,100,28,,,,,,,,
,11-00,11.9,188,0.97,3758.695744692299,0,2,100,28,,,,,,,,
,12-00,11.6,169,0.97,3293.647031063286,0,2,100,28,,,,,,,,
,13-00,11.6,160,0.97,3118.2457098824007,0,2,83,57,,,,,,,,
,14-00,11.6,151,0.97,2942.8443887015155,0,2,83,57,,,,,,,,
,15-00,11.5,166,0.97,3207.2904418995167,0,2,83,57,,,,,,,,
,16-00,11.3,178,0.97,3379.3315845137186,0,2,78,64,,,,,,,,
,17-00,11.5,32,0.97,618.2728562697864,0,2,78,64,,,,,,,,
,18-00,11.5,33,0.97,637.5938830282172,0,2,78,64,,,,,,,,
,19-00,11.6,54,0.97,1052.4079270853103,0,2,75,71,,,,,,,,
,20-00,11.7,57,0.97,1120.4515430606536,0,2,75,71,,,,,,,,
,21-00,11.6,54,0.97,1052.4079270853103,0,2,75,71,,,,,,,,
,22-00,11.5,48,0.97,927.4092844046795,0,2,72,72,,,,,,,,
,23-00,11.5,43,0.97,830.8041506125254,0,2,72,72,,,,,,,,
,24-00,11.3,40,0.97,759.4003560704984,0,2,72,72,,,,,,,,
2021-04-03,01-00,11.4,159,0.96,3013.9346820473725,0,2,81,67,,,,,,,,
,02-00,11.4,159,0.96,3013.9346820473725,0,2,81,67,,,,,,,,
,03-00,11.4,159,0.96,3013.9346820473725,0,2,81,67,,,,,,,,
,04-00,11.4,165,0.96,3127.6680662755757,0,2,96,34,,,,,,,,
,05-00,11.3,173,0.96,3250.546678767742,0,2,96,34,,,,,,,,
,06-00,11.5,213,0.96,4072.952115014366,0,2,96,34,,,,,,,,
,07-00,11.5,260,0.96,4971.678638045704,0,2,102,29,,,,,,,,
,08-00,11.7,263,0.96,5116.505798371384,0,2,102,29,,,,,,,,
,09-00,11.9,248,0.96,4907.1632095653795,0,2,102,29,,,,,,,,
,10-00,11.5,216,0.96,4130.317637761047,0,2,98,45,,,,,,,,
,11-00,11.6,198,0.96,3819.0473230312286,0,2,98,45,,,,,,,,
,12-00,11.7,175,0.96,3404.5190673573843,0,2,98,45,,,,,,,,
,13-00,11.8,166,0.96,3257.0314769912798,0,2,86,72,,,,,,,,
,14-00,11.8,167,0.96,3276.6521485394205,0,2,86,72,,,,,,,,
,15-00,11.8,170,0.96,3335.514163183841,0,2,86,72,,,,,,,,
,16-00,11.6,186,0.96,3587.589909514185,0,2,80,85,,,,,,,,
,17-00,11.4,211,0.96,3999.62401202513,0,2,80,85,,,,,,,,
,18-00,11.8,94,0.96,1844.3431255251826,0,2,80,85,,,,,,,,
,19-00,11.6,54,0.96,1041.5583608266988,0,2,76,70,,,,,,,,
,20-00,11.6,54,0.96,1041.5583608266988,0,2,76,70,,,,,,,,
,21-00,11.7,55,0.96,1069.9917068837494,0,2,76,70,,,,,,,,
,22-00,11.6,48,0.96,925.8296540681766,0,2,81,87,,,,,,,,
,23-00,11.6,43,0.96,829.3890651027416,0,2,81,87,,,,,,,,
,24-00,11.3,43,0.96,807.9393479018087,0,2,81,87,,,,,,,,
2021-04-04,01-00,11.2,154,0.97,2897.8179959079553,1,2,83,81,,,,,,,,
,02-00,11.2,154,0.97,2897.8179959079553,1,2,83,81,,,,,,,,
,03-00,11.2,154,0.97,2897.8179959079553,1,2,83,81,,,,,,,,
,04-00,11.2,165,0.97,3104.804995615666,1,2,91,64,,,,,,,,
,05-00,11.5,179,0.97,3458.4637897591174,1,2,91,64,,,,,,,,
,06-00,11.3,199,0.97,3778.01677145073,1,2,91,64,,,,,,,,
,07-00,11.8,220,0.97,4361.5117795553415,1,2,97,52,,,,,,,,
,08-00,11.8,204,0.97,4044.3109228604067,1,2,97,52,,,,,1.0,,,
,09-00,11.8,200,0.97,3965.0107086866738,1,2,97,52,,,,,1.0,,,
,10-00,11.8,185,0.97,3667.634905535173,1,2,95,61,,,,,,,,
,11-00,11.8,188,0.97,3727.110066165473,1,2,95,61,,,,,,,,
,12-00,11.6,174,0.97,3391.092209497111,1,2,95,61,,,,,,,,
,13-00,11.7,165,0.97,3243.4123614913656,1,2,85,76,,,,,,,,
,14-00,11.7,158,0.97,3105.813049185671,1,2,85,76,,,,,,,,
,15-00,11.7,154,0.97,3027.1848707252743,1,2,85,76,,,,,,,,
,16-00,11.5,174,0.97,3361.8586559669634,1,2,81,81,,,,,,,,
,17-00,11.3,206,0.97,3910.911833763067,1,2,81,81,,,,,,,,
,18-00,11.2,170,0.97,3198.889995482808,1,2,81,81,,,,,,,,
,19-00,11.6,55,0.97,1071.8969627720753,1,2,83,73,,,,,,,,
,20-00,11.7,54,0.97,1061.480409215356,1,2,83,73,,,,,,,,
,21-00,11.7,53,0.97,1041.8233646002568,1,2,83,73,,,,,,,,
,22-00,11.6,48,0.97,935.4737129647202,1,2,77,95,,,,,,,,
,23-00,11.5,43,0.97,830.8041506125254,1,2,77,95,,,,,,,,
,24-00,11.3,40,0.97,759.4003560704984,1,2,77,95,,,,,,,,
2021-04-05,01-00,11.3,144,0.97,2733.8412818537945,0,2,86,76,,,,,,,,
,02-00,11.3,144,0.97,2733.8412818537945,0,2,86,76,,,,,,,,
,03-00,11.3,144,0.97,2733.8412818537945,0,2,86,76,,,,,,,,
,04-00,11.3,146,0.97,2771.8112996573195,0,2,93,67,,,,,,,,
,05-00,11.2,156,0.97,2935.4519958548117,0,2,93,67,,,,,,,,
,06-00,11.2,188,0.97,3537.5959950045167,0,2,93,67,,,,,,,,
,07-00,11.3,226,0.97,4290.612011798317,0,2,98,53,,,,,,,,
,08-00,11.8,218,0.97,4321.861672468474,0,2,98,53,,,,,,,,
,09-00,11.8,217,0.97,4302.036618925041,0,2,98,53,,,,,,,,
,10-00,11.8,204,0.97,4044.3109228604067,0,2,95,61,,,,,,,,
,11-00,11.4,165,0.97,3160.247941965946,0,2,95,61,,,,,,,,
,12-00,11.3,173,0.97,3284.406540004906,0,2,95,61,,,,,,,,
,13-00,11.4,179,0.97,3428.390191587299,0,2,85,75,,,,,,,,
,14-00,11.4,168,0.97,3217.706995456236,0,2,85,75,,,,,,,,
,15-00,11.3,178,0.97,3379.3315845137186,0,2,85,75,,,,,,,,
,16-00,11.3,189,0.97,3588.1666824331055,0,2,83,83,,,,,,,,
,17-00,11.4,192,0.97,3677.3794233785557,0,2,83,83,,,,,,,,
,18-00,11.8,179,0.97,3548.684584274573,0,2,83,83,,,,,,,,
,19-00,11.6,55,0.97,1071.8969627720753,0,2,83,83,,,,,,,,
,20-00,11.6,54,0.97,1052.4079270853103,0,2,83,91,,,,,,,,
,21-00,11.6,51,0.97,993.9408200250152,0,2,76,91,,,,,,,,
,22-00,11.5,48,0.97,927.4092844046795,0,2,76,91,,,,,,,,
,23-00,11.3,44,0.97,835.3403916775484,0,2,76,91,,,,,,,,
,24-00,11.3,42,0.97,797.3703738740235,0,2,76,91,,,,,,,,
2021-04-06,01-00,11.4,151,0.97,2892.105692344593,0,2,86,71,,,,,,,,
,02-00,11.4,151,0.97,2892.105692344593,0,2,86,71,,,,,,,,
,03-00,11.4,151,0.97,2892.105692344593,0,2,86,71,,,,,,,,
,04-00,11.3,168,0.97,3189.481495496094,0,2,95,59,,,,,,,,
,05-00,11.3,178,0.97,3379.3315845137186,0,2,95,59,,,,,,,,
,06-00,11.2,200,0.97,3763.3999946856557,0,2,95,59,,,,,,,,
,07-00,11.3,229,0.97,4347.567038503604,0,2,100,48,,,,,,,,
,08-00,11.5,219,0.97,4231.30486009635,0,2,100,48,,,,,,,,
,09-00,11.8,206,0.97,4083.961029947274,0,2,100,48,,,,,,,,
,10-00,11.8,181,0.97,3588.3346913614396,0,2,98,53,,,,,,,,
,11-00,11.8,180,0.97,3568.509637818006,0,2,98,53,,,,,,,,
,12-00,11.6,165,0.97,3215.6908883162255,0,2,98,53,,,,,,,,
,13-00,11.7,153,0.97,3007.5278261101753,0,2,88,63,,,,,,,,
,14-00,11.8,153,0.97,3033.233192145305,0,2,88,63,,,,,,,,
,15-00,11.8,153,0.97,3033.233192145305,0,2,88,63,,,,,,,,
,16-00,11.6,168,0.97,3274.1579953765204,0,2,81,77,,,,,,,,
,17-00,11.3,196,0.97,3721.061744745443,0,2,81,77,,,,,,,,
,18-00,11.7,178,0.97,3498.953941487655,0,2,81,77,,,,,,,,
,19-00,11.7,53,0.97,1041.8233646002568,0,2,80,83,,,,,,,,
,20-00,11.7,55,0.97,1081.1374538304551,0,2,80,83,,,,,,,,
,21-00,11.7,55,0.97,1081.1374538304551,0,2,80,83,,,,,,,,
,22-00,11.6,50,0.97,974.4517843382503,0,2,78,83,,,,,,,,
,23-00,11.6,48,0.97,935.4737129647202,0,2,78,83,,,,,,,,
,24-00,11.6,42,0.97,818.5394988441301,0,2,78,83,,,,,,,,
2021-04-07,01-00,11.5,140,0.97,2704.943746180315,0,2,81,83,,,,,,,,
,02-00,11.5,140,0.97,2704.943746180315,0,2,81,83,,,,,,,,
,03-00,11.5,140,0.97,2704.943746180315,0,2,81,83,,,,,,,,
,04-00,11.5,154,0.97,2975.438120798347,0,2,94,54,,,,,,,,
,05-00,11.6,156,0.97,3040.289567135341,0,2,94,54,,,,,,,,
,06-00,11.6,166,0.97,3235.179924002991,0,2,94,54,,,,,,,,
,07-00,11.2,206,0.97,3876.301994526226,0,2,100,44,,,,,,,,
,08-00,11.2,207,0.97,3895.1189944996536,0,2,100,44,,,,,,,,
,09-00,11.6,191,0.97,3722.405816172116,0,2,100,44,,,,,,,,
,10-00,11.6,171,0.97,3332.6251024368157,0,2,96,49,,,,,,,,
,11-00,11.7,168,0.97,3302.383495336663,0,2,96,49,,,,,,,,
,12-00,11.7,151,0.97,2968.2137368799768,0,2,96,49,,,,,,,,
,13-00,11.8,141,0.97,2795.332549624105,0,2,89,61,,,,,,,,
,14-00,11.9,140,0.97,2799.028746047457,0,2,89,61,,,,,,,,
,15-00,11.9,137,0.97,2739.0495586321545,0,2,89,61,,,,,,,,
,16-00,11.4,157,0.97,3007.023799325173,0,2,87,52,,,,,,,,
,17-00,11.2,177,0.97,3330.608995296806,0,2,87,52,,,,,,,,
,18-00,11.7,146,0.97,2869.9285138044806,0,2,87,52,,,,,,,,
,19-00,11.6,53,0.97,1032.9188913985452,0,2,78,86,,,,,,,,
,20-00,11.7,55,0.97,1081.1374538304551,0,2,78,86,,,,,,,,
,21-00,11.7,51,0.97,1002.5092753700585,0,2,78,86,,,,,,,,
,22-00,11.6,48,0.97,935.4737129647202,0,2,81,72,,,,,,,,
,23-00,11.5,44,0.97,850.1251773709563,0,2,81,72,,,,,,,,
,24-00,11.3,40,0.97,759.4003560704984,0,2,81,72,,,,,,,,
2021-04-08,01-00,11.5,136,0.98,2654.7489137769694,0,2,83,76,,,,,,,,
,02-00,11.5,136,0.98,2654.7489137769694,0,2,83,76,,,,,,,,
,03-00,11.5,136,0.98,2654.7489137769694,0,2,83,76,,,,,,,,
,04-00,11.5,154,0.98,3006.1127406003916,0,2,94,56,,,,,,,,
,05-00,11.4,161,0.98,3115.425931167679,0,2,94,56,,,,,,,,
,06-00,11.3,168,0.98,3222.3627480269815,0,2,94,56,,,,,,,,
,07-00,11.2,203,0.98,3859.2309017668267,0,2,100,40,,,,,,,,
,08-00,11.2,203,0.98,3859.2309017668267,0,2,100,40,,,,,,,,
,09-00,11.4,188,0.98,3637.8886649659853,0,2,100,40,,,,,,,,
,10-00,11.8,165,0.98,3304.856863889872,0,2,97,39,,,,1.0,,,,
,11-00,11.6,180,0.98,3544.191644479739,0,2,97,39,,,,,,,,
,12-00,11.8,160,0.98,3204.7096861962395,0,2,97,39,,,,,,,,
,13-00,11.8,146,0.98,2924.2975886540685,0,2,86,54,,,,,,,,
,14-00,11.8,142,0.98,2844.1798464991625,0,2,86,54,,,,,,,,
,15-00,11.5,155,0.98,3025.6329532016925,0,2,86,54,,,,,,,,
,16-00,11.4,166,0.98,3212.1782892784763,0,2,87,60,,,,,,,,
,17-00,11.3,175,0.98,3356.6278625281057,0,2,87,60,,,,,,,,
,18-00,11.5,142,0.98,2771.870189384777,0,2,87,60,,,,,,,,
,19-00,11.8,55,0.98,1101.6189546299572,0,2,84,61,,,,,,,,
,20-00,11.8,55,0.98,1101.6189546299572,0,2,84,61,,,,,,,,
,21-00,11.6,53,0.98,1043.5675397634786,0,2,84,61,,,,,,,,
,22-00,11.5,49,0.98,956.490417463761,0,2,81,69,,,,,,,,
,23-00,11.3,44,0.98,843.9521482927809,0,2,81,69,,,,,,,,
,24-00,11.3,41,0.98,786.4099563637276,0,2,81,69,,,,,,,,
2021-04-09,01-00,11.5,127,0.98,2479.067000365258,0,2,82,77,,,,,,,,
,02-00,11.5,127,0.98,2479.067000365258,0,2,82,77,,,,,,,,
,03-00,11.5,127,0.98,2479.067000365258,0,2,82,77,,,,,,,,
,04-00,11.3,140,0.98,2685.3022900224846,0,2,91,59,,,,,,,,
,05-00,11.2,154,0.98,2927.6924082369032,0,2,91,59,,,,,,,,
,06-00,11.2,171,0.98,3250.879232522795,0,2,91,59,,,,,,,,
,07-00,11.3,193,0.98,3701.881014102425,0,2,93,56,,,,,,,,
,08-00,11.4,184,0.98,3560.4867784773473,0,2,93,56,,,,,,,,
,09-00,11.8,162,0.98,3244.7685572736923,0,2,93,56,,,,,,,,
,10-00,11.8,152,0.98,3044.474201886427,0,2,93,55,,,,,,,,
,11-00,11.8,141,0.98,2824.150410960436,0,2,93,55,,1.0,,,,,,
,12-00,11.4,142,0.98,2747.7669703466486,0,2,93,55,,1.0,,,,,,
,13-00,11.5,140,0.98,2732.829764182174,0,2,87,64,,,,,,,,
,14-00,11.6,132,0.98,2599.073872618475,0,2,87,64,,,,,,,,
,15-00,11.5,140,0.98,2732.829764182174,0,2,87,64,,,,,,,,
,16-00,11.4,143,0.98,2767.117441968808,0,2,85,64,,,,,,,,
,17-00,11.3,158,0.98,3030.555441596804,0,2,85,64,,,,,,,,
,18-00,11.8,138,0.98,2764.0621043442566,0,2,85,64,,,,,,,,
,19-00,11.8,52,0.98,1041.5306480137779,0,2,81,75,,,,,,,,
,20-00,11.8,53,0.98,1061.5600835525042,0,2,81,75,,,,,,,,
,21-00,11.7,53,0.98,1052.5638116579914,0,2,81,75,,,,,,,,
,22-00,11.7,48,0.98,953.2653388600677,0,2,82,75,,,,,,,,
,23-00,11.6,42,0.98,826.9780503786058,0,2,82,75,,,,,,,,
,24-00,11.8,110,0.98,2203.2379092599144,0,2,82,75,,,,,,,,
2021-04-10,01-00,11.7,110,0.98,2184.566401554322,0,2,82,77,,,,,,,,
,02-00,11.7,110,0.98,2184.566401554322,0,2,82,77,,,,,,,,
,03-00,11.7,110,0.98,2184.566401554322,0,2,82,77,,,,,,,,
,04-00,11.6,110,0.98,2165.8948938487297,0,2,92,58,,,,,,,,
,05-00,11.5,120,0.98,2342.425512156149,0,2,92,58,,,,,,,,
,06-00,11.5,135,0.98,2635.228701175668,0,2,92,58,,,,,,,,
,07-00,11.2,176,0.98,3345.934180842175,0,2,97,47,,,,,,,,
,08-00,11.4,180,0.98,3483.084891988709,0,2,97,47,1.0,,,,,,,
,09-00,11.6,169,0.98,3327.6021550948662,0,2,97,47,1.0,,,,,,,
,10-00,11.8,162,0.98,3244.7685572736923,0,2,95,50,,,,,,,,
,11-00,11.4,184,0.98,3560.4867784773473,0,2,95,50,,,,,,,,
,12-00,11.2,170,0.98,3231.868242858919,0,2,95,50,,,,,,,,
,13-00,11.2,167,0.98,3174.835273867291,0,2,86,67,,,,,,,,
,14-00,11.2,152,0.98,2889.670428909151,0,2,86,67,,,,,,,,
,15-00,11.2,146,0.98,2775.6044909258953,0,2,86,67,,,,,,,,
,16-00,11.2,163,0.98,3098.7913152117867,0,2,80,73,,,,,,,,
,17-00,11.2,171,0.98,3250.879232522795,0,2,80,73,,,,,,,,
,18-00,11.2,154,0.98,2927.6924082369032,0,2,80,73,,,,,,,,
,19-00,11.8,53,0.98,1061.5600835525042,0,2,85,67,,,,,,,,
,20-00,11.8,55,0.98,1101.6189546299572,0,2,85,67,,,,,,,,
,21-00,11.8,54,0.98,1081.5895190912306,0,2,85,67,,,,,,,,
,22-00,11.8,48,0.98,961.4129058588717,0,2,76,78,,,,,,,,
,23-00,11.7,42,0.98,834.1071715025593,0,2,76,78,,,,,,,,
,24-00,11.7,40,0.98,794.3877823833897,0,2,76,78,,,,,,,,
2021-04-11,01-00,11.7,113,0.98,2244.1454852330758,1,2,80,66,,,,,,,,
,02-00,11.7,113,0.98,2244.1454852330758,1,2,80,66,,,,,,,,
,03-00,11.7,113,0.98,2244.1454852330758,1,2,80,66,,,,,,,,
,04-00,11.6,118,0.98,2323.414522492273,1,2,90,48,,,,,,,,
,05-00,11.5,120,0.98,2342.425512156149,1,2,90,48,,,,,,,,
,06-00,11.3,149,0.98,2857.9288658096443,1,2,90,48,,,,,,,,
,07-00,11.2,172,0.98,3269.890222186671,1,2,90,54,,,,,,,,
,08-00,11.3,172,0.98,3299.0856705990523,1,2,90,54,,,,,,,,
,09-00,11.5,168,0.98,3279.395717018609,1,2,90,54,,,,,,,,
,10-00,11.7,168,0.98,3336.428686010237,1,2,88,64,,,,,,,,
,11-00,11.8,168,0.98,3364.945170506051,1,2,88,64,,,,,,,,
,12-00,11.5,144,0.98,2810.9106145873793,1,2,88,64,,,,,,,,
,13-00,11.7,128,0.98,2542.040903626847,1,2,79,80,,,,,,,,
,14-00,11.7,128,0.98,2542.040903626847,1,2,79,80,,,,,,,,
,15-00,11.6,138,0.98,2717.2135941011334,1,2,79,80,,,,,,,,
,16-00,11.4,151,0.98,2921.9212149460836,1,2,78,79,,,,,,,,
,17-00,11.6,142,0.98,2795.9734084229053,1,2,78,79,,,,,,,,
,18-00,11.8,132,0.98,2643.8854911118974,1,2,78,79,,,,,,,,
,19-00,11.8,54,0.98,1081.5895190912306,1,2,79,83,,,,,,,,
,20-00,11.8,55,0.98,1101.6189546299572,1,2,79,83,,,,,,,,
,21-00,11.8,51,0.98,1021.5012124750511,1,2,79,83,,,,,,,,
,22-00,11.8,48,0.98,961.4129058588717,1,2,75,83,,,,,,,,
,23-00,11.7,44,0.98,873.8265606217287,1,2,75,83,,,,,,,,
,24-00,11.7,42,0.98,834.1071715025593,1,2,75,83,,,,,,,,
2021-04-12,01-00,11.7,125,0.98,2482.461819948093,0,2,85,68,,,,,,,,
,02-00,11.7,125,0.98,2482.461819948093,0,2,85,68,,,,,,,,
,03-00,11.7,125,0.98,2482.461819948093,0,2,85,68,,,,,,,,
,04-00,11.6,134,0.98,2638.453779779361,0,2,93,56,,,,,,,,
,05-00,11.6,143,0.98,2815.663362003348,0,2,93,56,,,,,,,,
,06-00,11.6,154,0.98,3032.2528513882207,0,2,93,56,,,,,,,,
,07-00,11.3,187,0.98,3586.7966302443187,0,2,97,41,,,,,,,,
,08-00,11.4,175,0.98,3386.332533877912,0,2,97,41,,,,,,,,
,09-00,11.4,175,0.98,3386.332533877912,0,2,97,41,,,,,,,,
,10-00,11.6,152,0.98,2992.872944227335,0,2,95,46,,,,,,,,
,11-00,11.7,135,0.98,2681.0587655439404,0,2,95,46,,,,,,,,
,12-00,11.8,125,0.98,2503.679442340812,0,2,95,46,,,,,,,,
,13-00,11.8,122,0.98,2443.5911357246323,0,2,88,54,,,,,,,,
,14-00,11.7,118,0.98,2343.443958031,0,2,88,54,,,,,,,,
,15-00,11.7,118,0.98,2343.443958031,0,2,88,54,,,,,,,,
,16-00,11.7,120,0.98,2383.163347150169,0,2,82,59,,,,,,,,
,17-00,11.7,128,0.98,2542.040903626847,0,2,82,59,,,,,,,,
,18-00,11.8,113,0.98,2263.326215876094,0,2,82,59,,,,,,,,
,19-00,11.7,51,0.98,1012.844422538822,0,2,76,81,,,,,,,,
,20-00,11.7,53,0.98,1052.5638116579914,0,2,76,81,,,,,,,,
,21-00,11.7,53,0.98,1052.5638116579914,0,2,76,81,,,,,,,,
,22-00,11.7,48,0.98,953.2653388600677,0,2,74,83,,,,,,,,
,23-00,11.7,42,0.98,834.1071715025593,0,2,74,83,,,,,,,,
,24-00,11.7,41,0.98,814.2474769429745,0,2,74,83,,,,,,,,
2021-04-13,01-00,11.7,98,0.99,1966.1097613988895,0,2,83,70,,,,,,,,
,02-00,11.7,98,0.99,1966.1097613988895,0,2,83,70,,,,,,,,
,03-00,11.7,98,0.99,1966.1097613988895,0,2,83,70,,,,,,,,
,04-00,11.7,98,0.99,1966.1097613988895,0,2,94,48,,,,,,,,
,05-00,11.6,120,0.99,2386.904576894518,0,2,94,48,,,,,,,,
,06-00,11.4,140,0.99,2736.709557991129,0,2,94,48,,,,,,,,
,07-00,11.4,154,0.99,3010.3805137902414,0,2,98,44,,,,,,,,
,08-00,11.3,174,0.99,3371.502714863507,0,2,98,44,,,,,,,,
,09-00,11.4,169,0.99,3303.599395003577,0,2,98,44,,,,,,,,
,10-00,11.4,160,0.99,3127.6680662755757,0,2,97,47,,,,,,,,
,11-00,11.7,144,0.99,2888.9776085861236,0,2,97,47,,,,,,,,
,12-00,11.8,131,0.99,2650.6300969565705,0,2,97,47,,,,,,,,
,13-00,11.9,120,0.99,2448.6348676762727,0,2,87,54,,,,,,,,
,14-00,11.6,115,0.99,2287.450219523913,0,2,87,54,,,,,,,,
,15-00,11.6,118,0.99,2347.122833946276,0,2,87,54,,,,,,,,
,16-00,11.4,128,0.99,2502.1344530204606,0,2,93,53,,,,,,,,
,17-00,11.4,146,0.99,2853.9971104764627,0,2,93,53,,,,,,,,
,18-00,11.8,125,0.99,2529.227191752453,0,2,93,53,,,,,,,,
,19-00,11.7,58,0.99,1163.6159812360775,0,2,78,72,,,,,,,,
,20-00,11.7,57,0.99,1143.5536367320074,0,2,78,72,,,,,,,,
,21-00,11.7,55,0.99,1103.4289477238667,0,2,78,72,,,,,,,,
,22-00,11.7,48,0.99,962.9925361953744,0,2,77,65,,,,,,,,
,23-00,11.9,43,0.99,877.4274942506645,0,2,77,65,,,,,,,,
,24-00,11.9,43,0.99,877.4274942506645,0,2,77,65,,,,,,,,
2021-04-14,01-00,11.9,40,0.94,774.9888133386183,0,2,81,64,,,,,,,,
,02-00,11.9,40,0.94,774.9888133386183,0,2,81,64,,,,,,,,
,03-00,11.9,35,0.94,678.115211671291,0,2,81,64,,,,,,,,
,04-00,11.9,33,0.94,639.3657710043601,0,2,87,56,,,,,,,,
,05-00,11.9,32,0.94,619.9910506708947,0,2,87,56,,,,,,,,
,06-00,11.8,32,0.94,614.7810418417275,0,2,87,56,,,,,,,,
,07-00,11.5,66,0.94,1235.748969168091,0,2,89,56,,,,,,,,
,08-00,11.9,76,0.94,1472.4787453433748,0,2,89,56,,,,,,,,
,09-00,11.8,80,0.94,1536.9526046043188,0,2,89,56,,,,,,,,
,10-00,11.8,76,0.94,1460.1049743741028,0,2,93,48,,,,,,,,
,11-00,11.7,78,0.94,1485.8293929681156,0,2,93,48,,,,,,,,
,12-00,11.8,78,0.94,1498.5287894892108,0,2,93,48,,,,,,,,
,13-00,11.8,78,0.94,1498.5287894892108,0,2,82,75,,,,,,,,
,14-00,11.7,82,0.94,1562.0257720946856,0,2,82,75,,,,,,,,
,15-00,11.7,85,0.94,1619.1730564396132,0,2,82,75,,,,,,,,
,16-00,11.7,78,0.94,1485.8293929681156,0,2,79,82,,,,,,,,
,17-00,11.8,79,0.94,1517.7406970467648,0,2,79,82,,,,,,,,
,18-00,11.8,79,0.94,1517.7406970467648,0,2,79,82,,,,,,,,
,19-00,11.8,54,0.94,1037.4430081079151,0,2,80,65,,,,,,,,
,20-00,11.8,54,0.94,1037.4430081079151,0,2,80,65,,,,,,,,
,21-00,11.8,51,0.94,979.8072854352531,0,2,80,65,,,,,,,,
,22-00,11.8,47,0.94,902.9596552050373,0,2,77,66,,,,,,,,
,23-00,11.8,44,0.94,845.3239325323754,0,2,77,66,,,,,,,,
,24-00,11.8,40,0.94,768.4763023021594,0,2,77,66,,,,,,,,
2021-04-15,01-00,11.7,77,0.98,1529.1964810880252,0,2,81,59,,,,,,,,
,02-00,11.7,77,0.98,1529.1964810880252,0,2,81,59,,,,,,,,
,03-00,11.7,77,0.98,1529.1964810880252,0,2,81,59,,,,,,,,
,04-00,11.7,77,0.98,1529.1964810880252,0,2,92,40,,,,,,,,
,05-00,11.6,82,0.98,1614.5761935963255,0,2,92,40,,,,,,,,
,06-00,11.7,64,0.98,1271.0204518134235,0,2,92,40,,,,,,,,
,07-00,11.4,67,0.98,1296.481598684686,0,2,99,38,,,,,,,,
,08-00,11.4,66,0.98,1277.1311270625267,0,2,99,38,,,,,,,,
,09-00,11.3,100,0.98,1918.0730643017746,0,2,99,38,,,,,,,,
,10-00,11.5,101,0.98,1971.5414727314258,0,2,95,40,,,,,,,,
,11-00,11.5,102,0.98,1991.061685332727,0,2,95,40,,,,,,,,
,12-00,11.6,96,0.98,1890.2355437225274,0,2,95,40,,,,,,,,
,13-00,11.6,94,0.98,1850.8556365616416,0,2,80,66,,,,,,,,
,14-00,11.6,94,0.98,1850.8556365616416,0,2,80,66,,,,,,,,
,15-00,11.6,94,0.98,1850.8556365616416,0,2,80,66,,,,,,,,
,16-00,11.5,90,0.98,1756.819134117112,0,2,80,67,1.0,,,,,,,
,17-00,11.4,98,0.98,1896.3462189716306,0,2,80,67,,,,,,,,
,18-00,11.5,92,0.98,1795.8595593197144,0,2,80,67,,,,,,,,
,19-00,11.6,53,0.98,1043.5675397634786,0,2,80,56,,,,,,,,
,20-00,11.7,58,0.98,1151.8622844559152,0,2,80,56,,,,,,,,
,21-00,11.6,55,0.98,1082.9474469243648,0,2,80,56,,,,,,,,
,22-00,11.6,47,0.98,925.4278182808208,0,2,75,83,,,,,,,,
,23-00,11.6,44,0.98,866.3579575394917,0,2,75,83,,,,,,,,
,24-00,11.6,40,0.98,787.5981432177198,0,2,75,83,,,,,,,,
2021-04-16,01-00,11.8,80,0.99,1618.70540272157,0,2,83,74,,,,,,,,
,02-00,11.8,80,0.99,1618.70540272157,0,2,83,74,,,,,,,,
,03-00,11.8,80,0.99,1618.70540272157,0,2,83,74,,,,,,,,
,04-00,11.8,80,0.99,1618.70540272157,0,2,94,58,,,,,,,,
,05-00,11.6,82,0.99,1631.0514608779206,0,2,94,58,,,,,,,,
,06-00,11.5,85,0.99,1676.1488677545917,0,2,94,58,,,,,,,,
,07-00,11.3,105,0.99,2034.5275003486684,0,2,100,34,,,,,,,,
,08-00,11.3,118,0.99,2286.4213813442175,0,2,100,34,,,,,,,,
,09-00,11.3,116,0.99,2247.6684765756713,0,2,100,34,,,,,,,,
,10-00,11.3,120,0.99,2325.1742861127636,0,2,98,42,,,,,,,,
,11-00,11.4,110,0.99,2150.2717955644584,0,2,98,42,,,,,,,,
,12-00,11.3,104,0.99,2015.151047964395,0,2,98,42,,,,,,,,
,13-00,11.4,96,0.99,1876.6008397653454,0,2,85,61,,,,,,,,
,14-00,11.5,95,0.99,1873.3428521963083,0,2,85,61,,,,,,,,
,15-00,11.5,95,0.99,1873.3428521963083,0,2,85,61,,,,,,,,
,16-00,11.4,102,0.99,1993.8883922506795,0,2,81,68,,,,,,,,
,17-00,11.3,102,0.99,1976.3981431958491,0,2,81,68,,,,,,,,
,18-00,11.4,97,0.99,1896.1487651795678,0,2,81,68,,,,,,,,
,19-00,11.6,54,0.99,1074.1070596025331,0,2,79,70,,,,,,,,
,20-00,11.6,54,0.99,1074.1070596025331,0,2,79,70,,,,,,,,
,21-00,11.6,53,0.99,1054.216188128412,0,2,79,70,,,,,,,,
,22-00,11.6,47,0.99,934.8709592836863,0,2,80,82,,,,,,,,
,23-00,11.6,44,0.99,875.1983448613232,0,2,80,82,,,,,,,,
,24-00,11.6,42,0.99,835.4166019130813,0,2,80,82,,,,,,,,
2021-04-17,01-00,11.8,84,0.99,1699.6406728576483,0,2,85,72,,,,,,,,
,02-00,11.8,84,0.99,1699.6406728576483,0,2,85,72,,,,,,,,
,03-00,11.8,84,0.99,1699.6406728576483,0,2,85,72,,,,,,,,
,04-00,11.8,86,0.99,1740.1083079256875,0,2,94,55,,,,,,,,
,05-00,11.9,87,0.99,1775.2602790652977,0,2,94,55,,,1.0,,,,,
,06-00,11.5,98,0.99,1932.5010475288234,0,2,94,55,,,1.0,,,,,
,07-00,11.5,110,0.99,2169.133828858883,0,2,100,43,,,1.0,,,,,
,08-00,11.3,104,0.99,2015.151047964395,0,2,100,43,,,,,,,,
,09-00,11.3,125,0.99,2422.056548034129,0,2,100,43,,,1.0,,,,,
,10-00,11.3,126,0.99,2441.4330004184017,0,2,98,49,,,1.0,,,,,
,11-00,11.4,127,0.99,2482.586527606238,0,2,98,49,,,,,,,,
,12-00,11.4,127,0.99,2482.586527606238,0,2,98,49,,,,,,,,
,13-00,11.4,115,0.99,2248.01142263557,0,2,87,65,,,,,,,,
,14-00,11.4,108,0.99,2111.1759447360137,0,2,87,65,,,,,,,,
,15-00,11.4,107,0.99,2091.6280193217913,0,2,87,65,,,,,,,,
,16-00,11.4,104,0.99,2032.9842430791243,0,2,86,50,,,,,,,,
,17-00,11.4,109,0.99,2130.723870150236,0,2,86,50,,,,,,,,
,18-00,11.4,115,0.99,2248.01142263557,0,2,86,50,,,,,,,,
,19-00,11.6,56,0.99,1113.8888025507752,0,2,83,73,,,,,,,,
,20-00,11.6,56,0.99,1113.8888025507752,0,2,83,73,,,,,,,,
,21-00,11.6,54,0.99,1074.1070596025331,0,2,83,73,,,,,,,,
,22-00,11.6,50,0.99,994.5435737060492,0,2,81,75,,,,,,,,
,23-00,11.6,45,0.99,895.0892163354443,0,2,81,75,,,,,,,,
,24-00,11.6,43,0.99,855.3074733872023,0,2,81,75,,,,,,,,
2021-04-18,01-00,11.7,89,0.94,1695.3694355661833,1,2,87,67,,,,,,,,
,02-00,11.7,89,0.94,1695.3694355661833,1,2,87,67,,,,,,,,
,03-00,11.7,89,0.94,1695.3694355661833,1,2,87,67,,,,,,,,
,04-00,11.6,96,0.94,1813.0830725501794,1,2,98,45,,,,,,,,
,05-00,11.5,103,0.94,1928.5173306714148,1,2,98,45,,,,,,,,
,06-00,11.3,108,0.94,1986.9671172236342,1,2,98,45,,,,,,,,
,07-00,11.2,126,0.94,2297.6138936627276,1,2,103,39,,,,,,,,
,08-00,11.2,126,0.94,2297.6138936627276,1,2,103,39,,,,,,,,
,09-00,11.2,130,0.94,2370.5540172710676,1,2,103,39,,,,,,,,
,10-00,11.3,128,0.94,2354.9239907835668,1,2,99,47,,,,,,,,
,11-00,11.4,121,0.94,2245.839430922879,1,2,99,47,,,,,,,,
,12-00,11.4,117,0.940000000000001,2171.596805107248,1,2,99,47,,,,,,,,
,13-00,11.2,118,0.940000000000001,2151.7336464460486,1,2,86,67,,,,,,,,
,14-00,11.2,123,0.940000000000001,2242.908800956474,1,2,86,67,,,,,,,,
,15-00,11.2,128,0.940000000000002,2334.0839554669024,1,2,86,67,,,,,,,,
,16-00,11.2,128,0.940000000000001,2334.0839554669,1,2,85,67,,,,,,,,
,17-00,11.2,138,0.940000000000002,2516.4342644877543,1,2,85,67,,,,,,,,
,18-00,11.3,123,0.940000000000002,2262.9347723935884,1,2,85,67,,,,,,,,
,19-00,11.7,54,0.940000000000002,1028.6511182086977,1,2,81,65,,,,,,,,
,20-00,11.7,54,0.940000000000002,1028.6511182086977,1,2,81,65,,,,,,,,
,21-00,11.7,54,0.940000000000002,1028.6511182086977,1,2,81,65,,,,,,,,
,22-00,11.6,48,0.940000000000003,906.5415362750927,1,2,80,80,,,,,,,,
,23-00,11.6,44,0.940000000000003,830.9964082521682,1,2,80,80,,,,,,,,
,24-00,11.6,42,0.940000000000003,793.2238442407061,1,2,80,80,,,,,,,,
2021-04-19,01-00,11.4,98,0.93,1799.5938608608333,0,2,88,69,,,,,,,,
,02-00,11.4,98,0.93,1799.5938608608333,0,2,88,69,,,,,,,,
,03-00,11.4,98,0.93,1799.5938608608333,0,2,88,69,,,,,,,,
,04-00,11.3,105,0.93,1911.2228033578401,0,2,100,44,,,,,,,,
,05-00,11.3,110,0.93,2002.2334130415466,0,2,100,44,,,,,,,,
,06-00,11.2,117,0.93,2110.8018217615786,0,2,100,44,,,,,,,,
,07-00,11.2,105,0.93,1894.3093272219296,0,2,107,29,,,,,,,,
,08-00,11.2,115,0.93,2074.719739338304,0,2,107,29,,,,,,,,
,09-00,11.2,150,0.93,2706.1561817456136,0,2,107,29,,,,,,,,
,10-00,11.2,150,0.93,2706.1561817456136,0,2,100,45,,,,,,,,
,11-00,11.3,138,0.93,2511.8928272703038,0,2,100,45,,,,,,,,
,12-00,11.4,127,0.93,2332.126738054345,0,2,100,45,,,,,,,,
,13-00,11.5,123,0.93,2278.4868565947445,0,2,90,53,,,,,,,,
,14-00,11.5,120,0.93,2222.9140064338967,0,2,90,53,,,,,,,,
,15-00,11.5,120,0.930000000000001,2222.9140064338994,0,2,90,53,,,,,,,,
,16-00,11.4,123,0.930000000000001,2258.673927406967,0,2,88,50,,,,,,,,
,17-00,11.3,133,0.930000000000001,2420.8822175866,0,2,88,50,,,,,,,,
,18-00,11.5,105,0.930000000000002,1945.0497556296639,0,2,88,50,,,,,,,,
,19-00,11.6,52,0.930000000000002,971.6389338267604,0,2,83,77,,,,,,,,
,20-00,11.6,56,0.930000000000002,1046.3803902749728,0,2,83,77,,,,,,,,
,21-00,11.6,54,0.930000000000002,1009.0096620508667,0,2,83,77,,,,,,,,
,22-00,11.6,48,0.930000000000002,896.8974773785482,0,2,84,79,,,,,,,,
,23-00,11.6,45,0.930000000000002,840.841385042389,0,2,84,79,,,,,,,,
,24-00,11.6,44,0.930000000000002,822.1560209303358,0,2,84,79,,,,,,,,
2021-04-20,01-00,11.5,93,0.86,1593.088371277626,0,2,88,71,,,,,,,,
,02-00,11.5,93,0.86,1593.088371277626,0,2,88,71,,,,,,,,
,03-00,11.5,93,0.86,1593.088371277626,0,2,88,71,,,,,,,,
,04-00,11.5,98,0.86,1678.7382837119071,0,2,97,51,,,,,,,,
,05-00,11.5,105,0.86,1798.6481611199004,0,2,97,51,,,,,,,,
,06-00,11.5,120,0.86,2055.597898422743,0,2,97,51,,,,,,,,
,07-00,11.3,139,0.86,2339.6576949656546,0,2,104,41,,,,,,,,
,08-00,11.3,147,0.86,2474.3142529492893,0,2,104,41,,,,,,,,
,09-00,11.3,144,0.86,2423.818043705426,0,2,104,41,,,,,,,,
,10-00,11.3,145,0.86,2440.6501134533805,0,2,101,41,,,,,,,,
,11-00,11.4,141,0.86,2394.3246825541437,0,2,101,41,,,,,,,,
,12-00,11.4,138,0.86,2343.3816042019275,0,2,101,41,,,,,,,,
,13-00,11.5,130,0.86,2226.8977232913053,0,2,94,52,,,,,,,,
,14-00,11.5,127,0.86,2175.5077758307366,0,2,94,52,,,,,,,,
,15-00,11.5,127,0.86,2175.5077758307366,0,2,94,52,,,,,,,,
,16-00,11.4,126,0.86,2139.6092907930642,0,2,91,54,,,,,,,,
,17-00,11.3,136,0.86,2289.1614857217915,0,2,91,54,,,,,,,,
,18-00,11.5,132,0.86,2261.157688265018,0,2,91,54,,,,,,,,
,19-00,11.6,55,0.86,950.3416370968915,0,2,87,61,,,,,,,,
,20-00,11.7,58,0.86,1010.8179230939663,0,2,87,61,,,,,,,,
,21-00,11.6,56,0.86,967.6205759531986,0,2,87,61,,,,,,,,
,22-00,11.6,50,0.86,863.9469428153559,0,2,80,75,,,,,,,,
,23-00,11.6,44,0.86,760.2733096775131,0,2,80,75,,,,,,,,
,24-00,11.6,42,0.86,725.7154319648989,0,2,80,75,,,,,,,,
2021-04-21,01-00,11.5,90,0.69,1236.9440842253136,0,2,89,68,,,,,,,,
,02-00,11.5,90,0.69,1236.9440842253136,0,2,89,68,,,,,,,,
,03-00,11.5,90,0.69,1236.9440842253136,0,2,89,68,,,,,,,,
,04-00,11.4,93,0.69,1267.0609836673214,0,2,97,51,,,,,,,,
,05-00,11.3,98,0.69,1323.4704143682245,0,2,97,51,,,,,,,,
,06-00,11.3,106,0.69,1431.5088155411406,0,2,97,51,,,,,,,,
,07-00,11.2,128,0.69,1713.316946034212,0,2,102,40,,,,,,,,
,08-00,11.3,139,0.69,1877.1672203794205,0,2,102,40,,,,,,,,
,09-00,11.2,133,0.69,1780.2433892386734,0,2,102,40,,,,,,,,
,10-00,11.2,134,0.69,1793.6286778795654,0,2,99,47,,,,,,,,
,11-00,11.3,132,0.69,1782.6336193531188,0,2,99,47,,,,,,,,
,12-00,11.3,122,0.69,1647.5856178869735,0,2,99,47,,,,,,,,
,13-00,11.4,122,0.69,1662.1660215850882,0,2,84,84,,,,,,,,
,14-00,11.6,118,0.69,1635.8734903261923,0,2,84,84,,,,,,,,
,15-00,11.3,111,0.69,1499.0328162742135,0,2,84,84,,,1.0,,,,,
,16-00,11.3,134,0.69,1809.6432196463477,0,2,80,78,,,,,,,,
,17-00,11.5,129,0.69,1772.953187389616,0,2,80,78,,,,,,,,
,18-00,11.6,124,0.69,1719.0534983088803,0,2,80,78,,,,,,,,
,19-00,11.6,56,0.69,776.3467411717522,0,2,84,89,,,,,,,,
,20-00,11.6,54,0.69,748.6200718441897,0,2,84,89,,,,,,,,
,21-00,11.6,52,0.69,720.893402516627,0,2,84,89,,,,,,,,
,22-00,11.6,49,0.69,679.3033985252832,0,2,76,83,,,,,,,,
,23-00,11.6,46,0.69,637.7133945339393,0,2,76,83,,,,,,,,
,24-00,11.6,42,0.69,582.2600558788142,0,2,76,83,,,,,,,,
2021-04-22,01-00,11.6,40,0.87,699.1942699994044,0,2,85,64,,,,,,,,
,02-00,11.6,40,0.87,699.1942699994044,0,2,85,64,,,,,,,,
,03-00,11.6,40,0.87,699.1942699994044,0,2,85,64,,,,,,,,
,04-00,11.5,40,0.87,693.1667331890645,0,2,94,56,,,,,,,,
,05-00,11.5,40,0.87,693.1667331890645,0,2,94,56,,,,,,,,
,06-00,11.3,65,0.87,1106.8064467986262,0,2,94,56,,,,,,,,
,07-00,11.4,93,0.87,1597.5986315805355,0,2,98,43,,,,,,,,
,08-00,11.4,102,0.87,1752.2049507657487,0,2,98,43,,,,,,,,
,09-00,11.4,108,0.87,1855.2758302225575,0,2,98,43,,,,,,,,
,10-00,11.3,92,0.87,1566.5568170072863,0,2,92,53,,,,,,,,
,11-00,11.3,102,0.87,1736.8347318993826,0,2,92,53,,,,,,,,
,12-00,11.4,100,0.87,1717.8479909468124,0,2,92,53,,,,,,,,
,13-00,11.4,100,0.87,1717.8479909468124,0,2,86,62,,,,,,,,
,14-00,11.4,92,0.87,1580.4201516710675,0,2,86,62,,,,,,,,
,15-00,11.3,91,0.87,1549.5290255180767,0,2,86,62,,,,,,,,
,16-00,11.3,91,0.87,1549.5290255180767,0,2,80,79,,,,,,,,
,17-00,11.3,99,0.87,1685.7513574317536,0,2,80,79,,,,,,,,
,18-00,11.5,91,0.87,1576.954318005122,0,2,80,79,,,,,,,,
,19-00,11.7,56,0.87,987.3105295336416,0,2,78,80,,,,,,,,
,20-00,11.7,58,0.87,1022.5716198741287,0,2,78,80,,,,,,,,
,21-00,11.6,52,0.87,908.9525509992255,0,2,78,80,,,,,,,,
,22-00,11.6,49,0.87,856.5129807492702,0,2,78,88,,,,,,,,
,23-00,11.7,46,0.87,811.0050778312055,0,2,78,88,,,,,,,,
,24-00,11.7,43,0.87,758.1134423204747,0,2,78,88,,,,,,,,
2021-04-23,01-00,11.7,70,0.86,1219.9526658030627,0,2,87,70,,,,,,,,
,02-00,11.7,69,0.86,1202.5247705773047,0,2,87,70,,,,,,,,
,03-00,11.7,69,0.86,1202.5247705773047,0,2,87,70,,,,,,,,
,04-00,11.6,69,0.86,1192.246781085191,0,2,96,49,,,,,,,,
,05-00,11.5,75,0.86,1284.7486865142146,0,2,96,49,,,,,,,,
,06-00,11.4,82,0.86,1392.4441416272323,0,2,96,49,,,,,,,,
,07-00,11.3,94,0.86,1582.2145563077088,0,2,102,36,,,,,,,,
,08-00,11.3,106,0.86,1784.1993932831608,0,2,102,36,,,,,,,,
,09-00,11.3,107,0.86,1801.0314630311152,0,2,102,36,,,,,,,,
,10-00,11.3,102,0.86,1716.8711142913437,0,2,95,38,,,,,,,,
,11-00,11.3,108,0.86,1817.8635327790696,0,2,95,38,,,,,,,,
,12-00,11.3,108,0.86,1817.8635327790696,0,2,95,38,,,,,,,,
,13-00,11.4,102,0.86,1732.064663975338,0,2,87,61,,,,,,,,
,14-00,11.5,102,0.86,1747.2582136593317,0,2,87,61,,,,,,,,
,15-00,11.5,93,0.86,1593.088371277626,0,2,87,61,,,,,,,,
,16-00,11.4,85,0.86,1443.3872199794482,0,2,86,61,,,,,,,,
,17-00,11.3,102,0.86,1716.8711142913437,0,2,86,61,,,,,,,,
,18-00,11.6,92,0.86,1589.6623747802548,0,2,86,61,,,,,,,,
,19-00,11.7,56,0.86,975.9621326424502,0,2,82,80,,,,,,,,
,20-00,11.7,55,0.86,958.5342374166922,0,2,82,80,,,,,,,,
,21-00,11.7,52,0.86,906.2505517394181,0,2,82,80,,,,,,,,
,22-00,11.7,49,0.86,853.9668660621439,0,2,78,80,,,,,,,,
,23-00,11.7,46,0.86,801.6831803848698,0,2,78,80,,,,,,,,
,24-00,11.7,42,0.86,731.9715994818378,0,2,78,80,,,,,,,,
2021-04-24,01-00,11.6,71,0.85,1212.5394883466681,0,2,89,69,,,,,,,,
,02-00,11.6,71,0.85,1212.5394883466681,0,2,89,69,,,,,,,,
,03-00,11.6,71,0.85,1212.5394883466681,0,2,89,69,,,,,,,,
,04-00,11.6,71,0.85,1212.5394883466681,0,2,98,45,,,,,,,,
,05-00,11.5,79,0.85,1337.532934874876,0,2,98,45,,,,,,,,
,06-00,11.5,87,0.85,1472.9793080267623,0,2,98,45,,,,,,,,
,07-00,11.4,107,0.85,1795.842238811639,0,2,105,27,,,,,,,,
,08-00,11.3,112,0.85,1863.2709767502954,0,2,105,27,,,,,,,,
,09-00,11.3,112,0.85,1863.2709767502954,0,2,105,27,,,,,,,,
,10-00,11.4,98,0.85,1644.7900878835571,0,2,99,46,,,,,,,,
,11-00,11.4,98,0.85,1644.7900878835571,0,2,99,46,,,,,,,,
,12-00,11.4,101,0.85,1695.1408048595843,0,2,99,46,,,,,,,,
,13-00,11.5,101,0.85,1710.010461042563,0,2,86,61,,,,,,,,
,14-00,11.5,94,0.85,1591.4948845346628,0,2,86,61,,,,,,,,
,15-00,11.5,94,0.85,1591.4948845346628,0,2,86,61,,,,,,,,
,16-00,11.4,95,0.85,1594.4393709075298,0,2,81,68,,,,,,,,
,17-00,11.3,104,0.85,1730.1801926967028,0,2,81,68,,,,,,,,
,18-00,11.6,38,0.85,648.9647965799069,0,2,81,68,,,,1.0,,,,
,19-00,11.6,55,0.85,939.2911529446021,0,2,83,70,,,,,,,,
,20-00,11.6,55,0.85,939.2911529446021,0,2,83,70,,,,,,,,
,21-00,11.7,54,0.85,930.1632451887141,0,2,83,70,,,,,,,,
,22-00,11.7,49,0.85,844.0370187823515,0,2,78,80,,,,,,,,
,23-00,11.7,46,0.85,792.3612829385341,0,2,78,80,,,,,,,,
,24-00,11.8,43,0.85,747.016192796381,0,2,78,80,,,,,,,,
2021-04-25,01-00,11.6,78,0.86,1347.7572307919552,1,2,89,67,,,,,,,,
,02-00,11.6,78,0.86,1347.7572307919552,1,2,89,67,,,,,,,,
,03-00,11.6,78,0.86,1347.7572307919552,1,2,89,67,,,,,,,,
,04-00,11.6,80,0.86,1382.3151085045695,1,2,99,48,,,,,,,,
,05-00,11.5,84,0.86,1438.9185288959204,1,2,99,48,,,,,,,,
,06-00,11.5,89,0.86,1524.5684413302013,1,2,99,48,,,,,,,,
,07-00,11.4,98,0.86,1664.1405595057165,1,2,103,39,,,,,,,,
,08-00,11.4,116,0.86,1969.7990296190114,1,2,103,39,,,,,,,,
,09-00,11.4,115,0.86,1952.8180035016062,1,2,103,39,,,,,,,,
,10-00,11.4,118,0.86,2003.7610818538224,1,2,102,39,,,,,,,,
,11-00,11.4,107,0.86,1816.969794562364,1,2,102,39,,,,,,,,
,12-00,11.4,110,0.86,1867.9128729145798,1,2,102,39,,,,,,,,
,13-00,11.4,105,0.86,1783.0077423275536,1,2,92,53,,,,,,,,
,14-00,11.4,105,0.86,1783.0077423275536,1,2,92,53,,,,,,,,
,15-00,11.4,100,0.86,1698.1026117405272,1,2,92,53,,,,,,,,
,16-00,11.4,111,0.86,1884.893899031985,1,2,84,64,,,,,,,,
,17-00,11.5,113,0.86,1935.6880210147501,1,2,84,64,,,,,,,,
,18-00,11.5,96,0.86,1644.4783187381947,1,2,84,64,,,,,,,,
,19-00,11.7,54,0.86,941.1063421909342,1,2,80,75,,,,,,,,
,20-00,11.7,56,0.86,975.9621326424502,1,2,80,75,,,,,,,,
,21-00,11.6,53,0.86,915.7837593842772,1,2,80,75,,,,,,,,
,22-00,11.6,49,0.86,846.6680039590487,1,2,81,69,,,,,,,,
,23-00,11.6,46,0.86,794.8311873901274,1,2,81,69,,,,,,,,
,24-00,11.6,43,0.86,742.9943708212061,1,2,81,69,,,,,,,,
2021-04-26,01-00,11.6,73,0.92,1349.3645739413791,0,2,90,53,,,,,,,,
,02-00,11.6,73,0.92,1349.3645739413791,0,2,90,53,,,,,,,,
,03-00,11.6,73,0.92,1349.3645739413791,0,2,90,53,,,,,,,,
,04-00,11.6,73,0.92,1349.3645739413791,0,2,100,36,,,,,,,,
,05-00,11.6,76,0.92,1404.8179125965044,0,2,100,36,,,,,,,,
,06-00,11.4,89,0.92,1616.7516494106321,0,2,100,36,,,,,,,,
,07-00,11.3,110,0.92,1980.7040215034654,0,2,103,27,,,,,,,,
,08-00,11.3,121,0.92,2178.774423653812,0,2,103,27,,,,,,,,
,09-00,11.3,116,0.92,2088.7424226763815,0,2,103,27,,,,,,,,
,10-00,11.3,111,0.92,1998.7104216989514,0,2,100,31,,,,,,,,
,11-00,11.3,110,0.92,1980.7040215034654,0,2,100,31,,,,,,,,
,12-00,11.3,110,0.92,1980.7040215034654,0,2,100,31,,,,,,,,
,13-00,11.4,104,0.92,1889.2378824573682,0,2,89,50,,,,,,,,
,14-00,11.3,89,0.92,1602.5696173982585,0,2,89,50,,,,,,,,
,15-00,11.5,78,0.92,1429.3576084381402,0,2,89,50,,,,,,,,
,16-00,11.6,78,0.92,1441.7868050332545,0,2,87,43,,,,,,,,
,17-00,11.6,96,0.92,1774.5068369640055,0,2,87,43,,,,,,,,
,18-00,11.7,85,0.92,1584.7225658770685,0,2,87,43,,,,,,,,
,19-00,11.7,54,0.92,1006.7649242042553,0,2,82,67,,,,,,,,
,20-00,11.7,52,0.92,969.4773344189125,0,2,82,67,,,,,,,,
,21-00,11.7,50,0.92,932.1897446335696,0,2,82,67,,,,,,,,
,22-00,11.7,47,0.92,876.2583599555554,0,2,82,44,,,,,,,,
,23-00,11.6,44,0.92,813.3156336085025,0,2,82,44,,,,,,,,
,24-00,11.6,42,0.92,776.3467411717523,0,2,82,44,,,,,,,,
2021-04-27,01-00,11.7,61,0.97,1199.0797215210503,0,2,84,63,,,,,,,,
,02-00,11.7,61,0.97,1199.0797215210503,0,2,84,63,,,,,,,,
,03-00,11.7,61,0.97,1199.0797215210503,0,2,84,63,,,,,,,,
,04-00,11.7,61,0.97,1199.0797215210503,0,2,93,45,,,,,,,,
,05-00,11.6,72,0.97,1403.2105694470804,0,2,93,45,,,,,,,,
,06-00,11.3,82,0.97,1556.770729944522,0,2,93,45,,,,,,,,
,07-00,11.4,88,0.97,1685.4655690485047,0,2,102,28,,,,,,,,
,08-00,11.4,90,0.97,1723.7716047086979,0,2,102,28,,,,,,,,
,09-00,11.4,91,0.97,1742.9246225387947,0,2,102,28,,,,,,,,
,10-00,11.4,90,0.97,1723.7716047086979,0,2,97,42,,,,,,,,
,11-00,11.4,87,0.97,1666.3125512184079,0,2,97,42,,,,,,,,
,12-00,11.4,87,0.97,1666.3125512184079,0,2,97,42,,,,,,,,
,13-00,11.5,85,0.97,1642.2872744666201,0,2,85,56,,,,,,,,
,14-00,11.5,81,0.97,1565.0031674328968,0,2,85,56,,,,,,,,
,15-00,11.5,81,0.97,1565.0031674328968,0,2,85,56,,,,,,,,
,16-00,11.4,84,0.97,1608.853497728118,0,2,80,65,,,,,,,,
,17-00,11.4,84,0.97,1608.853497728118,0,2,80,65,,,,,,,,
,18-00,11.4,84,0.97,1608.853497728118,0,2,80,65,,,,,,,,
,19-00,11.7,58,0.97,1140.1085876757527,0,2,86,43,,,,,,,,
,20-00,11.7,56,0.97,1100.7944984455544,0,2,86,43,,,,,,,,
,21-00,11.7,53,0.97,1041.8233646002568,0,2,86,43,,,,,,,,
,22-00,11.7,50,0.97,982.8522307549592,0,2,78,78,,,,,,,,
,23-00,11.7,46,0.97,904.2240522945625,0,2,78,78,,,,,,,,
,24-00,11.7,42,0.97,825.5958738341658,0,2,78,78,,,,,,,,
2021-04-28,01-00,11.8,61,0.98,1221.7955678623161,0,2,89,56,,,,,,,,
,02-00,11.8,61,0.98,1221.7955678623161,0,2,89,56,,,,,,,,
,03-00,11.8,61,0.98,1221.7955678623161,0,2,89,56,,,,,,,,
,04-00,11.7,64,0.98,1271.0204518134235,0,2,100,31,,,,,,,,
,05-00,11.6,66,0.98,1299.5369363092375,0,2,100,31,,,,,,,,
,06-00,11.6,57,0.98,1122.3273540852506,0,2,100,31,,,,,,,,
,07-00,11.6,63,0.98,1240.4670755679085,0,2,106,23,,,,,,,,
,08-00,11.6,72,0.98,1417.6766577918957,0,2,106,23,,,,,,,,
,09-00,11.6,96,0.98,1890.2355437225274,0,2,106,23,,,,,1.0,,,
,10-00,11.5,84,0.98,1639.6978585093045,0,2,102,40,,,,,,,,
,11-00,11.5,81,0.98,1581.1372207054008,0,2,102,40,,,,,,,,
,12-00,11.5,80,0.98,1561.6170081040996,0,2,102,40,,,,,,,,
,13-00,11.6,79,0.98,1555.5063328549966,0,2,88,53,,,,,,,,
,14-00,11.6,78,0.98,1535.8163792745536,0,2,88,53,,,,,,,,
,15-00,11.5,80,0.98,1561.6170081040996,0,2,88,53,,,,,,,,
,16-00,11.4,86,0.98,1664.1405595057167,0,2,84,58,,,,,,,,
,17-00,11.4,89,0.98,1722.191974372195,0,2,84,58,,,,,,,,
,18-00,11.6,80,0.98,1575.1962864354396,0,2,84,58,,,,,,,,
,19-00,11.7,57,0.98,1132.0025898963304,0,2,83,58,,,,,,,,
,20-00,11.7,56,0.98,1112.1428953367456,0,2,83,58,,,,,,,,
,21-00,11.7,55,0.98,1092.283200777161,0,2,83,58,,,,,,,,
,22-00,11.7,50,0.98,992.9847279792372,0,2,79,69,,,,,,,,
,23-00,11.7,46,0.98,913.5459497408982,0,2,79,69,,,,,,,,
,24-00,11.7,42,0.98,834.1071715025593,0,2,79,69,,,,,,,,
2021-04-29,01-00,11.8,58,0.96,1137.998949792134,0,2,91,52,,,,,,,,
,02-00,11.8,58,0.96,1137.998949792134,0,2,91,52,,,,,,,,
,03-00,11.8,58,0.96,1137.998949792134,0,2,91,52,,,,,,,,
,04-00,11.8,58,0.96,1137.998949792134,0,2,100,36,,,,,,,,
,05-00,11.7,61,0.96,1186.7180749074312,0,2,100,36,,,,,,,,
,06-00,11.6,70,0.96,1350.168245516091,0,2,100,36,,,,,,,,
,07-00,11.5,79,0.96,1510.625432329272,0,2,106,25,,,,,,,,
,08-00,11.5,88,0.96,1682.7220005693155,0,2,106,25,,,,,,,,
,09-00,11.4,91,0.96,1724.956327461075,0,2,106,25,,,,,,,,
,10-00,11.4,95,0.96,1800.7785836132102,0,2,102,34,,,,,,,,
,11-00,11.5,78,0.96,1491.5035914137115,0,2,102,34,,,,,,,,
,12-00,11.5,67,0.96,1281.163341342547,0,2,102,34,,,,,,,,
,13-00,11.5,76,0.96,1453.2599095825906,0,2,89,40,,,,,,,,
,14-00,11.5,79,0.96,1510.625432329272,0,2,89,40,,,,,,,,
,15-00,11.5,83,0.96,1587.1127959915134,0,2,89,40,,,,,,,,
,16-00,11.5,83,0.96,1587.1127959915134,0,2,83,54,,,,,,,,
,17-00,11.6,75,0.96,1446.6088344815262,0,2,83,54,,,,,,,,
,18-00,11.6,70,0.96,1350.168245516091,0,2,83,54,,,,,,,,
,19-00,11.7,55,0.96,1069.9917068837494,0,2,83,61,,,,,,,,
,20-00,11.7,56,0.96,1089.4461015543632,0,2,83,61,,,,,,,,
,21-00,11.7,55,0.96,1069.9917068837494,0,2,83,61,,,,,,,,
,22-00,11.7,50,0.96,972.7197335306813,0,2,78,67,,,,,,,,
,23-00,11.7,46,0.96,894.9021548482268,0,2,78,67,,,,,,,,
,24-00,11.7,42,0.96,817.0845761657723,0,2,78,67,,,,,,,,
2021-04-30,01-00,11.8,58,0.96,1137.998949792134,0,2,89,49,,,,,,,,
,02-00,11.8,58,0.96,1137.998949792134,0,2,89,49,,,,,,,,
,03-00,11.8,58,0.96,1137.998949792134,0,2,89,49,,,,,,,,
,04-00,11.8,58,0.96,1137.998949792134,0,2,100,40,,,,,,,,
,05-00,11.7,58,0.96,1128.3548908955904,0,2,100,40,,,,,,,,
,06-00,11.7,58,0.96,1128.3548908955904,0,2,100,40,,,,,,,,
,07-00,11.6,78,0.96,1504.473187860787,0,2,104,29,,,,,,,,
,08-00,11.6,79,0.96,1523.7613056538742,0,2,104,29,,,,,,,,
,09-00,11.5,84,0.96,1606.2346369070738,0,2,104,29,,,,,,,,
,10-00,11.5,88,0.96,1682.7220005693155,0,2,101,38,,,,,,,,
,11-00,11.5,86,0.96,1644.4783187381947,0,2,101,38,,,,,,,,
,12-00,11.5,80,0.96,1529.747273244832,0,2,101,38,,,,,,,,
,13-00,11.6,77,0.96,1485.1850700677,0,2,93,50,,,,,,,,
,14-00,11.6,77,0.96,1485.1850700677,0,2,93,50,,,,,,,,
,15-00,11.6,77,0.96,1485.1850700677,0,2,93,50,,,,,,,,
,16-00,11.6,81,0.96,1562.337541240048,0,2,89,57,,,,,,,,
,17-00,11.5,85,0.96,1625.3564778226344,0,2,89,57,,,,,,,,
,18-00,11.6,65,0.96,1253.727656550656,0,2,89,57,,,,,,,,
,19-00,11.7,56,0.96,1089.4461015543632,0,2,82,59,,,,,,,,
,20-00,11.7,56,0.96,1089.4461015543632,0,2,82,59,,,,,,,,
,21-00,11.7,55,0.96,1069.9917068837494,0,2,82,59,,,,,,,,
,22-00,11.7,50,0.96,972.7197335306813,0,2,80,80,,,,,,,,
,23-00,11.7,46,0.96,894.9021548482268,0,2,80,80,,,,,,,,
,24-00,11.7,42,0.96,817.0845761657723,0,2,80,80,,,,,,,,
2021-05-01,01-00,11.8,56,0.96,1098.7576066958534,0,2,90,59,,,,,,,,
,02-00,11.8,56,0.96,1098.7576066958534,0,2,90,59,,,,,,,,
,03-00,11.7,64,0.96,1245.081258919272,0,2,90,59,,,,,,,,
,04-00,11.6,64,0.96,1234.439538757569,0,2,98,44,,,,,,,,
,05-00,11.6,64,0.96,1234.439538757569,0,2,98,44,,,,,,,,
,06-00,11.6,67,0.96,1292.30389213683,0,2,98,44,,,,,,,,
,07-00,11.7,67,0.96,1303.444442931113,0,2,100,40,,,,,,,,
,08-00,11.7,76,0.96,1478.5339949666354,0,2,100,40,,,,,,,,
,09-00,11.6,85,0.96,1639.4900124123963,0,2,100,40,,,,,,,,
,10-00,11.6,82,0.96,1581.6256590331352,0,2,97,44,,,,,,,,
,11-00,11.6,77,0.96,1485.1850700677,0,2,97,44,,,,,,,,
,12-00,11.6,75,0.96,1446.6088344815262,0,2,97,44,,,,,,,,
,13-00,11.6,75,0.96,1446.6088344815262,0,2,91,49,,,,,,,,
,14-00,11.7,77,0.96,1497.9883896372492,0,2,91,49,,,,,,,,
,15-00,11.7,72,0.96,1400.716416284181,0,2,91,49,,,,,,,,
,16-00,11.5,83,0.96,1587.1127959915134,0,2,89,55,,,,,,,,
,17-00,11.4,94,0.96,1781.8230195751764,0,2,89,55,,,,,,,,
,18-00,11.6,75,0.96,1446.6088344815262,0,2,89,55,,,,,,,,
,19-00,11.7,56,0.96,1089.4461015543632,0,2,87,62,,,,,,,,
,20-00,11.7,56,0.96,1089.4461015543632,0,2,87,62,,,,,,,,
,21-00,11.7,54,0.96,1050.537312213136,0,2,87,62,,,,,,,,
,22-00,11.7,51,0.96,992.1741282012949,0,2,78,70,,,,,,,,
,23-00,11.7,45,0.96,875.4477601776132,0,2,78,70,,,,,,,,
,24-00,11.7,44,0.96,855.9933655069996,0,2,78,70,,,,,,,,
2021-05-02,01-00,11.8,62,0.98,1241.8250034010427,1,2,88,53,,,,,,,,
,02-00,11.8,64,0.98,1281.8838744784957,1,2,88,53,,,,,,,,
,03-00,11.8,64,0.98,1281.8838744784957,1,2,88,53,,,,,,,,
,04-00,11.8,64,0.98,1281.8838744784957,1,2,96,47,,,,,,,,
,05-00,11.7,64,0.98,1271.0204518134235,1,2,96,47,,,,,,,,
,06-00,11.8,58,0.98,1161.7072612461368,1,2,96,47,,,,,,,,
,07-00,11.6,61,0.98,1201.0871684070228,1,2,96,47,,,,,,,,
,08-00,11.5,73,0.98,1424.975519894991,1,2,96,47,,,,,,,,
,09-00,11.5,83,0.98,1620.1776459080033,1,2,96,47,,,,,,,,
,10-00,11.5,77,0.98,1503.0563703001958,1,2,90,56,,,1.0,,,,,
,11-00,11.6,76,0.98,1496.4364721136676,1,2,90,56,,,1.0,,,,,
,12-00,11.6,82,0.98,1614.5761935963255,1,2,90,56,,,,,,,,
,13-00,11.6,78,0.98,1535.8163792745536,1,2,90,53,,,,,,,,
,14-00,11.6,78,0.98,1535.8163792745536,1,2,90,53,,,,,,,,
,15-00,11.6,78,0.98,1535.8163792745536,1,2,90,53,,,,,,,,
,16-00,11.6,74,0.98,1457.0565649527816,1,2,87,47,,,,,,,,
,17-00,11.5,78,0.98,1522.5765829014972,1,2,87,47,,,,,,,,
,18-00,11.6,72,0.98,1417.6766577918957,1,2,87,47,,,,,,,,
,19-00,11.7,52,0.98,1032.7041170984066,1,2,85,61,,,,,,,,
,20-00,11.7,54,0.98,1072.4235062175762,1,2,85,61,,,,,,,,
,21-00,11.7,54,0.98,1072.4235062175762,1,2,85,61,,,,,,,,
,22-00,11.7,51,0.98,1012.844422538822,1,2,79,74,,,,,,,,
,23-00,11.7,45,0.98,893.6862551813134,1,2,79,74,,,,,,,,
,24-00,11.7,44,0.98,873.8265606217287,1,2,79,74,1.0,,,,,,,
2021-05-03,01-00,11.8,56,0.96,1098.7576066958534,0,2,82,77,1.0,,,,,,,
,02-00,11.7,36,0.96,700.3582081420905,0,2,82,77,,,,,,,,
,03-00,11.7,36,0.96,700.3582081420905,0,2,82,77,,,,,,,,
,04-00,11.7,36,0.96,700.3582081420905,0,2,95,44,,,,,,,,
,05-00,11.7,36,0.96,700.3582081420905,0,2,95,44,,,,,,,,
,06-00,11.7,36,0.96,700.3582081420905,0,2,95,44,,,,,,,,
,07-00,11.6,65,0.96,1253.727656550656,0,2,100,35,,,,,,,,
,08-00,11.8,60,0.96,1177.2402928884146,0,2,100,35,,,,,,,,
,09-00,11.7,62,0.96,1206.1724695780447,0,2,100,35,,,,,,,,
,10-00,11.6,63,0.96,1215.1514209644818,0,2,96,41,,,,,,,,
,11-00,11.6,60,0.96,1157.2870675852207,0,2,96,41,,,,,,,,
,12-00,11.7,60,0.96,1167.2636802368177,0,2,96,41,,,,,,,,
,13-00,11.8,61,0.96,1196.8609644365547,0,2,88,55,,,,,,,,
,14-00,11.8,58,0.96,1137.998949792134,0,2,88,55,,,,,,,,
,15-00,11.8,60,0.96,1177.2402928884146,0,2,88,55,,,,,,,,
,16-00,11.8,63,0.96,1236.1023075328353,0,2,86,58,,,,,,,,
,17-00,11.7,65,0.96,1264.5356535898857,0,2,86,58,,,,,,,,
,18-00,11.8,60,0.96,1177.2402928884146,0,2,86,58,,,,,,,,
,19-00,11.7,53,0.96,1031.0829175425222,0,2,80,75,,,,,,,,
,20-00,11.7,54,0.96,1050.537312213136,0,2,80,75,,,,,,,,
,21-00,11.7,55,0.96,1069.9917068837494,0,2,80,75,,,,,,,,
,22-00,11.7,54,0.96,1050.537312213136,0,2,80,75,,,,,,,,
,23-00,11.7,50,0.96,972.7197335306813,0,2,88,63,,,,,,,,
,24-00,11.7,48,0.96,933.8109441894541,0,2,88,63,,,,,,,,
2021-05-04,01-00,11.8,56,0.94,1075.8668232230232,0,2,88,63,,,,,,,,
,02-00,11.8,56,0.94,1075.8668232230232,0,2,88,63,,,,,,,,
,03-00,11.8,56,0.94,1075.8668232230232,0,2,88,63,,,,,,,,
,04-00,11.7,58,0.94,1104.8474973352654,0,2,97,46,,,,,,,,
,05-00,11.6,62,0.94,1170.9494843553243,0,2,97,46,,,,,,,,
,06-00,11.5,65,0.94,1217.0254999382714,0,2,97,46,,,,,,,,
,07-00,11.6,65,0.94,1227.6083303725172,0,2,101,42,,,,,,,,
,08-00,11.8,75,0.94,1440.893066816549,0,2,101,42,,,,1.0,1.0,,,
,09-00,11.6,72,0.94,1359.8123044126346,0,2,101,42,,,,1.0,1.0,,,
,10-00,11.5,73,0.94,1366.813253776828,0,2,98,46,,,,1.0,1.0,,,
,11-00,11.6,79,0.94,1492.0162784527517,0,2,98,46,,,,1.0,1.0,,,
,12-00,11.8,69,0.94,1325.621621471225,0,2,98,46,,,,,,,,
,13-00,11.8,65,0.94,1248.7739912410088,0,2,91,58,,,,,,,,
,14-00,11.8,65,0.94,1248.7739912410088,0,2,91,58,,,,,,,,
,15-00,11.7,70,0.94,1333.4366347149755,0,2,91,58,,,,,,,,
,16-00,11.7,70,0.94,1333.4366347149755,0,2,89,57,,,,,,,,
,17-00,11.6,80,0.94,1510.9025604584829,0,2,89,57,,,,,,,,
,18-00,11.6,68,0.94,1284.2671763897104,0,2,89,57,,,,,,,,
,19-00,11.7,55,0.94,1047.700212990338,0,2,78,77,,,,,,,,
,20-00,11.7,55,0.94,1047.700212990338,0,2,78,77,,,,,,,,
,21-00,11.7,49,0.94,933.4056443004829,0,2,78,77,,,,,,,,
,22-00,11.7,45,0.94,857.2092651739129,0,2,82,77,,,,,,,,
,23-00,11.7,44,0.94,838.1601703922704,0,2,82,77,,,,,,,,
,24-00,11.7,43,0.94,819.1110756106278,0,2,82,77,,,,,,,,
2021-05-05,01-00,11.8,61,0.94,1171.926361010793,0,2,85,80,,,,,,,,
,02-00,11.8,61,0.94,1171.926361010793,0,2,85,80,,,,,,,,
,03-00,11.8,61,0.94,1171.926361010793,0,2,85,80,,,,,,,,
,04-00,11.8,61,0.94,1171.926361010793,0,2,91,60,,,,,,,,
,05-00,11.7,65,0.94,1238.191160806763,0,2,91,60,,,,,,,,
,06-00,11.7,58,0.94,1104.8474973352654,0,2,91,60,,,,,,,,
,07-00,11.7,58,0.94,1104.8474973352654,0,2,97,51,,,,,,,,
,08-00,11.8,73,0.94,1402.469251701441,0,2,97,51,,,,1.0,1.0,,,
,09-00,11.7,72,0.94,1371.5348242782604,0,2,97,51,,,,1.0,1.0,,,
,10-00,11.7,76,0.94,1447.7312034048305,0,2,99,51,,,,1.0,1.0,,,
,11-00,11.5,89,0.94,1666.3887614539408,0,2,99,51,,,,,,,,
,12-00,11.6,83,0.94,1567.561406475676,0,2,99,51,,,,,,,,
,13-00,11.7,78,0.94,1485.8293929681156,0,2,90,61,,,,,,,,
,14-00,11.7,78,0.94,1485.8293929681156,0,2,90,61,,,,,,,,
,15-00,11.7,78,0.94,1485.8293929681156,0,2,90,61,,,,,,,,
,16-00,11.6,74,0.94,1397.5848684240966,0,2,86,65,,,,,,,,
,17-00,11.6,79,0.94,1492.0162784527517,0,2,86,65,,,,,,,,
,18-00,11.7,78,0.94,1485.8293929681156,0,2,86,65,,,,,,,,
,19-00,11.7,73,0.94,1390.583919059903,0,2,84,67,,,,,,,,
,20-00,11.7,73,0.94,1390.583919059903,0,2,84,67,,,,,,,,
,21-00,11.7,70,0.94,1333.4366347149755,0,2,84,67,,,,,,,,
,22-00,11.7,70,0.94,1333.4366347149755,0,2,84,67,,,,,,,,
,23-00,11.7,64,0.94,1219.1420660251206,0,2,87,70,,,,,,,,
,24-00,11.7,58,0.94,1104.8474973352654,0,2,87,70,,,,,,,,
2021-05-06,01-00,11.6,64,0.94,1208.722048366786,0,2,87,70,,,,,,,,
,02-00,11.6,51,0.94,963.2003822922828,0,2,87,70,,,,,,,,
,03-00,11.6,51,0.94,963.2003822922828,0,2,87,70,,,,,,,,
,04-00,11.6,51,0.94,963.2003822922828,0,2,99,48,,,,,,,,
,05-00,11.7,60,0.94,1142.9456868985505,0,2,99,48,,,,,,,,
,06-00,11.6,63,0.94,1189.835766361055,0,2,99,48,,,,,,,,
,07-00,11.6,69,0.94,1303.1534583954415,0,2,104,39,,,,,,,,
,08-00,11.7,73,0.94,1390.583919059903,0,2,104,39,,,,1.0,1.0,,,
,09-00,11.7,28,0.94,533.3746538859903,0,2,104,39,1.0,,,,,,,
,10-00,11.7,30,0.94,571.4728434492753,0,2,99,46,1.0,,,,,,,
,11-00,11.6,57,0.94,1076.518074326669,0,2,99,46,1.0,,,,,,,
,12-00,11.6,91,0.94,1718.651662521524,0,2,99,46,,,,,,,,
,13-00,11.6,86,0.94,1624.220252492869,0,2,90,64,,,,,,,,
,14-00,11.7,82,0.94,1562.0257720946856,0,2,90,64,,,,,,,,
,15-00,11.6,80,0.94,1510.9025604584829,0,2,90,64,,,,,,,,
,16-00,11.6,78,0.94,1473.1299964470206,0,2,88,65,,,,,,,,
,17-00,11.1,75,0.94,1355.416359463025,0,2,88,65,,,,,,,,
,18-00,11.7,70,0.94,1333.4366347149755,0,2,88,65,,,,,,,,
,19-00,11.7,58,0.94,1104.8474973352654,0,2,83,77,,,,,,,,
,20-00,11.7,56,0.94,1066.7493077719805,0,2,83,77,,,,,,,,
,21-00,11.7,55,0.94,1047.700212990338,0,2,83,77,,,,,,,,
,22-00,11.7,54,0.94,1028.6511182086956,0,2,83,67,,,,,,,,
,23-00,11.7,50,0.94,952.4547390821253,0,2,83,67,,,,,,,,
,24-00,11.7,44,0.94,838.1601703922704,0,2,83,67,,,,,,,,
2021-05-07,01-00,11.7,64,0.95,1232.1116624721963,0,2,86,72,,,,,,,,
,02-00,11.7,62,0.95,1193.60817301994,0,2,86,72,,,,,,,,
,03-00,11.7,62,0.95,1193.60817301994,0,2,86,72,,,,,,,,
,04-00,11.7,61,0.95,1174.356428293812,0,2,94,55,,,,,,,,
,05-00,11.6,61,0.95,1164.3191938639504,0,2,94,55,,,,,,,,
,06-00,11.6,76,0.95,1450.627192355086,0,2,94,55,,,,,,,,
,07-00,11.8,61,0.95,1184.393662723674,0,2,101,41,,,1.0,,,,,
,08-00,11.7,70,0.95,1347.6221308289646,0,2,101,41,,,1.0,1.0,,,,
,09-00,11.7,68,0.95,1309.1186413767084,0,2,101,41,,,1.0,1.0,,,,
,10-00,11.7,72,0.95,1386.1256202812208,0,2,97,51,,,1.0,1.0,,,,
,11-00,11.7,74,0.95,1424.629109733477,0,2,97,51,,,1.0,,1.0,,,
,12-00,11.6,88,0.95,1679.673591147994,0,2,97,51,,,,,,,,
,13-00,11.5,84,0.95,1589.5030261059585,0,2,90,49,,,,,,,,
,14-00,11.5,76,0.95,1438.1217855244386,0,2,90,49,,,,,,,,
,15-00,11.4,76,0.95,1425.6163786937914,0,2,90,49,,,,,,,,
,16-00,11.4,76,0.95,1425.6163786937914,0,2,88,58,,,,,,,,
,17-00,11.4,79,0.95,1481.8907094317042,0,2,88,58,,,,,,,,
,18-00,11.4,75,0.95,1406.8582684478204,0,2,88,58,,,,,,,,
,19-00,11.5,62,0.95,1173.2046145067789,0,2,86,65,,,,,,,,
,20-00,11.6,60,0.95,1145.2319939645415,0,2,86,65,,,,,,,,
,21-00,11.6,56,0.95,1068.8831943669054,0,2,86,65,,,,,,,,
,22-00,11.6,54,0.95,1030.7087945680873,0,2,85,69,,,,,,,,
,23-00,11.6,48,0.95,916.1855951716332,0,2,85,69,,,,,,,,
,24-00,11.5,44,0.95,832.5968231983592,0,2,85,69,,,,,,,,
2021-05-08,01-00,11.4,62,0.93,1138.5185650344047,0,2,85,76,,,,1.0,,,,
,02-00,11.4,62,0.93,1138.5185650344047,0,2,85,76,,,,1.0,,,,
,03-00,11.4,65,0.93,1193.6081730199403,0,2,85,76,,,,1.0,,,,
,04-00,11.4,69,0.93,1267.0609836673214,0,2,94,59,,,,1.0,,,,
,05-00,11.4,73,0.93,1340.5137943147024,0,2,94,59,,,,1.0,,,,
,06-00,11.5,77,0.93,1426.3698207950838,0,2,94,59,,,,1.0,,,,
,07-00,11.5,69,0.93,1278.1755536994908,0,2,101,44,,,,,,,,
,08-00,11.5,68,0.93,1259.6512703125418,0,2,101,44,,1.0,1.0,1.0,,,,
,09-00,11.6,58,0.93,1083.7511184990767,0,2,101,44,,1.0,1.0,,,,,
,10-00,11.6,69,0.93,1289.2901237316603,0,2,100,43,,,1.0,,,,,
,11-00,11.5,82,0.93,1518.9912377298297,0,2,100,43,,,1.0,,,,,
,12-00,11.5,78,0.93,1444.894104182033,0,2,100,43,,,,,,,,
,13-00,11.5,73,0.93,1352.2726872472874,0,2,91,56,,,,,,,,
,14-00,11.5,73,0.93,1352.2726872472874,0,2,91,56,,,,,,,,
,15-00,11.5,73,0.93,1352.2726872472874,0,2,91,56,,,,,,,,
,16-00,11.4,82,0.93,1505.7826182713095,0,2,89,65,,,,,,,,
,17-00,11.4,94,0.93,1726.1410502134524,0,2,89,65,,,,,,,,
,18-00,11.5,80,0.93,1481.9426709559314,0,2,89,65,,,,,,,,
,19-00,11.6,51,0.93,952.9535697147055,0,2,86,70,,,,,,,,
,20-00,11.6,57,0.93,1065.0657543870236,0,2,86,70,,,,,,,,
,21-00,11.6,56,0.93,1046.3803902749705,0,2,86,70,,,,,,,,
,22-00,11.6,54,0.93,1009.0096620508646,0,2,83,77,,,,,,,,
,23-00,11.6,48,0.93,896.8974773785462,0,2,83,77,,,,,,,,
,24-00,11.7,43,0.93,810.397127997749,0,2,83,77,,,,,,,,
2021-05-09,01-00,11.7,67,0.98,1330.5995354921777,1,2,89,68,,,,,,,,
,02-00,11.7,67,0.98,1330.5995354921777,1,2,89,68,,,,,,,,
,03-00,11.7,67,0.98,1330.5995354921777,1,2,89,68,,,,,,,,
,04-00,11.6,68,0.98,1338.9168434701237,1,2,99,46,,,,,,,,
,05-00,11.6,68,0.98,1338.9168434701237,1,2,99,46,,,,,,,,
,06-00,11.5,68,0.98,1327.3744568884847,1,2,99,46,,,,,,,,
,07-00,11.6,33,0.98,649.7684681546187,1,2,102,40,,,1.0,,,,,
,08-00,11.7,36,0.98,714.9490041450507,1,2,102,40,,,1.0,,,,,
,09-00,11.6,42,0.98,826.9780503786058,1,2,102,40,,,1.0,,,,,
,10-00,11.5,43,0.98,839.3691418559536,1,2,100,44,,,1.0,,,,,
,11-00,11.5,43,0.98,839.3691418559536,1,2,100,44,,,1.0,,,,,
,12-00,11.4,74,0.98,1431.9349000398026,1,2,100,44,,,,,,,,
,13-00,11.6,66,0.98,1299.5369363092375,1,2,93,56,,,,,,,,
,14-00,11.6,74,0.98,1457.0565649527816,1,2,93,56,,,,,,,,
,15-00,11.5,82,0.98,1600.657433306702,1,2,93,56,,,,,,,,
,16-00,11.5,82,0.98,1600.657433306702,1,2,89,63,,,,,,,,
,17-00,11.4,87,0.98,1683.491031127876,1,2,89,63,,,,,,,,
,18-00,11.4,87,0.98,1683.491031127876,1,2,89,63,,,,,,,,
,19-00,11.7,55,0.98,1092.283200777161,1,2,86,66,,,,,,,,
,20-00,11.7,56,0.98,1112.1428953367456,1,2,86,66,,,,,,,,
,21-00,11.6,56,0.98,1102.6374005048076,1,2,86,66,,,,,,,,
,22-00,11.6,53,0.98,1043.5675397634786,1,2,85,69,,,,,,,,
,23-00,11.6,46,0.98,905.7378647003777,1,2,85,69,,,,,,,,
,24-00,11.7,44,0.98,873.8265606217287,1,2,85,69,,,,,,,,
2021-05-10,01-00,11.9,57,0.99,1163.1015621462295,0,2,90,66,,,,,,,,
,02-00,11.9,57,0.99,1163.1015621462295,0,2,90,66,,,,,,,,
,03-00,11.9,57,0.99,1163.1015621462295,0,2,90,66,,,,,,,,
,04-00,11.8,66,0.99,1335.4319572452953,0,2,97,53,,,,,,,,
,05-00,11.8,72,0.99,1456.8348624494129,0,2,97,53,,,,,,,,
,06-00,11.6,76,0.99,1511.706232033195,0,2,97,53,,,,,,,,
,07-00,11.6,70,0.99,1392.3610031884689,0,2,104,41,,,,,,,,
,08-00,11.7,66,0.99,1324.1147372686398,0,2,104,41,,,,1.0,,,,
,09-00,11.6,67,0.99,1332.6883887661058,0,2,104,41,,,,1.0,,,,
,10-00,11.5,72,0.99,1419.7966879803598,0,2,78,93,,,,1.0,,,,
,11-00,11.4,84,0.99,1642.0257347946772,0,2,78,93,,,,1.0,,,,
,12-00,11.4,75,0.99,1466.0944060666761,0,2,78,93,,,,,,,,
,13-00,11.4,74,0.99,1446.5464806524537,0,2,81,96,,,,,,,,
,14-00,11.5,68,0.99,1340.9190942036735,0,2,81,96,,,,,,,,
,15-00,11.5,64,0.99,1262.0415004269867,0,2,81,96,,,,,,,,
,16-00,11.5,64,0.99,1262.0415004269867,0,2,81,95,,,,,,,,
,17-00,11.6,64,0.99,1273.015774343743,0,2,81,95,,,,,,,,
,18-00,11.6,64,0.99,1273.015774343743,0,2,81,95,,,,,,,,
,19-00,11.7,55,0.99,1103.4289477238667,0,2,86,65,,,,,,,,
,20-00,11.7,57,0.99,1143.5536367320074,0,2,86,65,,,,,,,,
,21-00,11.7,56,0.99,1123.491292227937,0,2,86,65,,,,,,,,
,22-00,11.7,53,0.99,1063.304258715726,0,2,82,78,,,,,,,,
,23-00,11.7,50,0.99,1003.1172252035151,0,2,82,78,,,,,,,,
,24-00,11.7,44,0.99,882.7431581790933,0,2,82,78,,,,,,,,
2021-05-11,01-00,11.8,56,0.96,1098.7576066958534,0,2,88,87,,,,,,,,
,02-00,11.7,56,0.96,1089.4461015543632,0,2,88,87,,,,,,,,
,03-00,11.7,56,0.96,1089.4461015543632,0,2,88,87,,,,,,,,
,04-00,11.7,56,0.96,1089.4461015543632,0,2,96,97,,,,,,,,
,05-00,11.7,56,0.96,1089.4461015543632,0,2,96,97,,,,,,,,
,06-00,11.7,60,0.96,1167.2636802368177,0,2,96,97,,,,,,,,
,07-00,11.7,70,0.96,1361.8076269429537,0,2,91,102,,,1.0,1.0,,,,
,08-00,11.8,68,0.96,1334.2056652735362,0,2,91,102,,,1.0,1.0,,,,
,09-00,11.8,72,0.96,1412.6883514660974,0,2,91,102,,,1.0,1.0,,,,
,10-00,11.8,76,0.96,1491.1710376586582,0,2,91,101,,,1.0,1.0,,,,
,11-00,11.5,79,0.96,1510.625432329272,0,2,91,101,,,,,,,,
,12-00,11.5,83,0.96,1587.1127959915134,0,2,91,101,,,,,,,,
,13-00,11.6,78,0.96,1504.473187860787,0,2,86,94,,,,,,,,
,14-00,11.6,78,0.96,1504.473187860787,0,2,86,94,,,,,,,,
,15-00,11.7,52,0.96,1011.6285228719086,0,2,86,94,,,,,,,,
,16-00,11.7,64,0.96,1245.081258919272,0,2,83,91,,,,,,,,
,17-00,11.6,71,0.96,1369.456363309178,0,2,83,91,,,,,,,,
,18-00,11.7,68,0.96,1322.8988376017264,0,2,83,91,,,,,,,,
,19-00,11.7,49,0.96,953.2653388600677,0,2,81,81,,,,,,,,
,20-00,11.7,55,0.96,1069.9917068837494,0,2,81,81,,,,,,,,
,21-00,11.8,58,0.96,1137.998949792134,0,2,81,81,,,,,,,,
,22-00,11.7,56,0.96,1089.4461015543632,0,2,78,76,,,,,,,,
,23-00,11.7,54,0.96,1050.537312213136,0,2,78,76,,,,,,,,
,24-00,11.7,50,0.96,972.7197335306813,0,2,78,76,,,,,,,,
2021-05-12,01-00,11.7,58,0.97,1140.1085876757527,0,2,87,69,,,,,,,,
,02-00,11.7,58,0.97,1140.1085876757527,0,2,87,69,,,,,,,,
,03-00,11.7,58,0.97,1140.1085876757527,0,2,87,69,,,,,,,,
,04-00,11.7,58,0.97,1140.1085876757527,0,2,97,56,,,,,,,,
,05-00,11.6,60,0.97,1169.3421412059001,0,2,97,56,,,,,,,,
,06-00,11.5,66,0.97,1275.1877660564344,0,2,97,56,,,,,,,,
,07-00,11.6,63,0.97,1227.8092482661953,0,2,102,45,,,,,,,,
,08-00,11.6,70,0.97,1364.2324980735502,0,2,102,45,,,,,,,,
,09-00,11.6,77,0.97,1500.6557478809052,0,2,102,45,,,,,,,,
,10-00,11.6,76,0.97,1481.1667121941405,0,2,101,46,,,,1.0,,,,
,11-00,11.6,81,0.97,1578.6118906279653,0,2,101,46,,,,1.0,,,,
,12-00,11.5,82,0.97,1584.3241941913275,0,2,101,46,,,,,,,,
,13-00,11.6,74,0.97,1442.1886408206103,0,2,94,61,,,,,,,,
,14-00,11.6,72,0.97,1403.2105694470804,0,2,94,61,,,,,,,,
,15-00,11.5,79,0.97,1526.361113916035,0,2,94,61,,,,,,,,
,16-00,11.4,81,0.97,1551.3944442378283,0,2,91,63,,,,,,,,
,17-00,11.5,77,0.97,1487.7190603991735,0,2,91,63,,,,,,,,
,18-00,11.6,75,0.97,1461.6776765073753,0,2,91,63,,,,,,,,
,19-00,11.7,50,0.97,982.8522307549592,0,2,81,72,,,,,,,,
,20-00,11.7,56,0.97,1100.7944984455544,0,2,81,72,,,,,,,,
,21-00,11.6,58,0.97,1130.3640698323702,0,2,81,72,,,,,,,,
,22-00,11.6,56,0.97,1091.3859984588403,0,2,85,79,,,,,,,,
,23-00,11.7,55,0.97,1081.1374538304551,0,2,85,79,,,,,,,,
,24-00,11.7,48,0.97,943.5381415247608,0,2,85,79,,,,,,,,
2021-05-13,01-00,11.7,56,0.99,1123.491292227937,0,2,91,60,,,,,,,,
,02-00,11.7,56,0.99,1123.491292227937,0,2,91,60,,,,,,,,
,03-00,11.7,56,0.99,1123.491292227937,0,2,91,60,,,,,,,,
,04-00,11.6,66,0.99,1312.7975172919848,0,2,99,33,,,,,,,,
,05-00,11.6,70,0.99,1392.3610031884689,0,2,99,33,,,,,,,,
,06-00,11.5,72,0.99,1419.7966879803598,0,2,99,33,,,,,,,,
,07-00,11.6,63,0.99,1253.124902869622,0,2,104,33,,,,,,,,
,08-00,11.5,68,0.99,1340.9190942036735,0,2,104,33,,,,,,,,
,09-00,11.5,71,0.99,1400.0772895361883,0,2,104,33,,,,,,,,
,10-00,11.4,79,0.99,1544.2861077235655,0,2,100,23,,,,,,,,
,11-00,11.4,79,0.99,1544.2861077235655,0,2,100,23,,,,,,,,
,12-00,11.5,78,0.99,1538.11307864539,0,2,100,23,,,,,,,,
,13-00,11.6,72,0.99,1432.142746136711,0,2,93,44,,,,,,,,
,14-00,11.6,68,0.99,1352.5792602402269,0,2,93,44,,,,,,,,
,15-00,11.5,74,0.99,1459.2354848687032,0,2,93,44,,,,,,,,
,16-00,11.5,78,0.99,1538.11307864539,0,2,90,42,,,,,,,,
,17-00,11.5,78,0.99,1538.11307864539,0,2,90,42,,,,,,,,
,18-00,11.5,78,0.99,1538.11307864539,0,2,90,42,,,,,,,,
,19-00,11.7,53,0.99,1063.304258715726,0,2,87,73,,,,,,,,
,20-00,11.7,56,0.99,1123.491292227937,0,2,87,73,,,,,,,,
,21-00,11.7,55,0.99,1103.4289477238667,0,2,87,73,,,,,,,,
,22-00,11.7,53,0.99,1063.304258715726,0,2,84,69,,,,,,,,
,23-00,11.7,49,0.99,983.0548806994448,0,2,84,69,,,,,,,,
,24-00,11.7,44,0.99,882.7431581790933,0,2,84,69,,,,,,,,
2021-05-14,01-00,11.8,51,0.99,1031.9246942350007,0,2,90,70,,,,,,,,
,02-00,11.8,51,0.99,1031.9246942350007,0,2,90,70,,,,,,,,
,03-00,11.7,51,0.99,1023.1795697075855,0,2,90,70,,,,,,,,
,04-00,11.7,51,0.99,1023.1795697075855,0,2,100,40,,,,,,,,
,05-00,11.7,51,0.99,1023.1795697075855,0,2,100,40,,,,,,,,
,06-00,11.6,61,0.99,1213.34315992138,0,2,100,40,,,,,,,,
,07-00,11.5,67,0.99,1321.1996957595015,0,2,104,32,,,,,,,,
,08-00,11.4,76,0.99,1485.6423314808985,0,2,104,32,,,,,,,,
,09-00,11.4,75,0.99,1466.0944060666761,0,2,104,32,,,,,,,,
,10-00,11.5,75,0.99,1478.954883312875,0,2,94,41,,,,,,,,
,11-00,11.4,80,0.99,1563.8340331377879,0,2,94,41,,,,,,,,
,12-00,11.5,74,0.99,1459.2354848687032,0,2,94,41,,,,,,,,
,13-00,11.6,75,0.99,1491.8153605590737,0,2,90,52,,,,,,,,
,14-00,11.1,74,0.99,1408.4794680037048,0,2,90,52,,,,,,,,
,15-00,11.6,74,0.99,1471.9244890849527,0,2,90,52,,,,,,,,
,16-00,11.7,65,0.99,1304.0523927645695,0,2,85,58,,,,,,,,
,17-00,11.7,65,0.99,1304.0523927645695,0,2,85,58,,,,,,,,
,18-00,11.7,41,0.99,822.5561246668824,0,2,85,58,,,1.0,,,,,
,19-00,11.5,59,0.99,1163.4445082061284,0,2,88,51,,,,,,,,
,20-00,11.5,61,0.99,1202.8833050944718,0,2,88,51,,,,,,,,
,21-00,11.6,56,0.99,1113.8888025507752,0,2,88,51,,,,,,,,
,22-00,11.7,53,0.99,1063.304258715726,0,2,85,70,,,,,,,,
,23-00,11.7,49,0.99,983.0548806994448,0,2,85,70,,,,,,,,
,24-00,11.7,44,0.99,882.7431581790933,0,2,85,70,,,,,,,,
2021-05-15,01-00,11.7,42,0.98,834.1071715025593,0,2,87,70,,,,,,,,
,02-00,11.7,42,0.98,834.1071715025593,0,2,87,70,,,,,,,,
,03-00,11.7,42,0.98,834.1071715025593,0,2,87,70,,,,,,,,
,04-00,11.7,40,0.98,794.3877823833897,0,2,95,45,,,,,,,,
,05-00,11.7,39,0.98,774.528087823805,0,2,95,45,,,,,,,,
,06-00,11.6,42,0.98,826.9780503786058,0,2,95,45,,,,,,,,
,07-00,11.5,42,0.98,819.8489292546523,0,2,104,29,,,,,,,,
,08-00,11.6,55,0.98,1082.9474469243648,0,2,104,29,,,,,,,,
,09-00,11.7,45,0.98,893.6862551813134,0,2,104,29,,,,,,,,
,10-00,11.7,45,0.98,893.6862551813134,0,2,98,31,,,,,,,,
,11-00,11.7,57,0.98,1132.0025898963304,0,2,98,31,,,,,1.0,,,
,12-00,11.7,58,0.98,1151.8622844559152,0,2,98,31,,,,,1.0,,,
,13-00,11.7,68,0.98,1350.4592300517625,0,2,95,46,,,,,,,,
,14-00,11.6,68,0.98,1338.9168434701237,0,2,95,46,,,,,,,,
,15-00,11.6,67,0.98,1319.2268898896805,0,2,95,46,,,,,,,,
,16-00,11.5,67,0.98,1307.8542442871833,0,2,90,50,,,,,,,,
,17-00,11.5,68,0.98,1327.3744568884847,0,2,90,50,,,,,,,,
,18-00,11.5,64,0.98,1249.2936064832797,0,2,90,50,,,,,,,,
,19-00,11.6,58,0.98,1142.0173076656938,0,2,86,62,,,,,,,,
,20-00,11.6,58,0.98,1142.0173076656938,0,2,86,62,,,,,,,,
,21-00,11.6,58,0.98,1142.0173076656938,0,2,86,62,,,,,,,,
,22-00,11.6,56,0.98,1102.6374005048076,0,2,85,72,,,,,,,,
,23-00,11.7,52,0.98,1032.7041170984066,0,2,85,72,,,,,,,,
,24-00,11.7,40,0.98,794.3877823833897,0,2,85,72,,,,,,,,
2021-05-16,01-00,11.7,50,1.0,1013.249722427793,1,2,88,65,,,,,,,,
,02-00,11.7,50,1.0,1013.249722427793,1,2,88,65,,,,,,,,
,03-00,11.7,50,1.0,1013.249722427793,1,2,88,65,,,,,,,,
,04-00,11.7,50,1.0,1013.249722427793,1,2,97,44,,,,,,,,
,05-00,11.7,50,1.0,1013.249722427793,1,2,97,44,,,,,,,,
,06-00,11.6,52,1.0,1044.7730471255466,1,2,97,44,,,,,,,,
,07-00,11.6,56,1.0,1125.1402045967425,1,2,97,46,,,,,,,,
,08-00,11.5,60,1.0,1195.1150572225251,1,2,97,46,,,,,,,,
,09-00,11.6,61,1.0,1225.5991514357374,1,2,97,46,,,,,,,,
,10-00,11.6,65,1.0,1305.9663089069334,1,2,95,51,,,,,,,,
,11-00,11.7,66,1.0,1337.4896336046868,1,2,95,51,,,,,,,,
,12-00,11.7,66,1.0,1337.4896336046868,1,2,95,51,,,,,,,,
,13-00,11.7,66,1.0,1337.4896336046868,1,2,90,60,,,,,,,,
,14-00,11.7,60,1.0,1215.8996669133517,1,2,90,60,,,,,,,,
,15-00,11.7,60,1.0,1215.8996669133517,1,2,90,60,,,,,,,,
,16-00,11.6,64,1.0,1285.8745195391343,1,2,88,60,,,,,,,,
,17-00,11.7,56,1.0,1134.8396891191283,1,2,88,60,,,,,,,,
,18-00,11.7,51,1.0,1033.514716876349,1,2,88,60,,,,,,,,
,19-00,11.7,51,1.0,1033.514716876349,1,2,87,65,,,,,,,,
,20-00,11.8,52,1.0,1062.7863755242631,1,2,87,65,,,,,,,,
,21-00,11.8,52,1.0,1062.7863755242631,1,2,87,65,,,,,,,,
,22-00,11.8,47,1.0,960.5953778776993,1,2,85,69,,,,,,,,
,23-00,11.8,47,1.0,960.5953778776993,1,2,85,69,,,,,,,,
,24-00,11.8,47,1.0,960.5953778776993,1,2,85,69,,,,,,,,
2021-05-17,01-00,11.8,46,0.97,911.952462997935,0,2,86,72,,,,,,,,
,02-00,11.8,43,0.97,852.4773023676348,0,2,86,72,,,,,,,,
,03-00,11.8,42,0.97,832.6522488242015,0,2,86,72,,,,,,,,
,04-00,11.8,43,0.97,852.4773023676348,0,2,94,48,,,,,,,,
,05-00,11.7,45,0.97,884.5670076794634,0,2,94,48,,,,,,,,
,06-00,11.6,52,0.97,1013.4298557117801,0,2,94,48,,,,,,,,
,07-00,11.6,54,0.97,1052.4079270853103,0,2,99,35,,,,,,,,
,08-00,11.6,63,0.97,1227.8092482661953,0,2,99,35,,,,,,,,
,09-00,11.6,63,0.97,1227.8092482661953,0,2,99,35,,,,,,,,
,10-00,11.6,63,0.97,1227.8092482661953,0,2,99,32,,,,,,,,
,11-00,11.6,58,0.97,1130.3640698323702,0,2,99,32,,,,,,,,
,12-00,11.6,66,0.97,1286.2763553264901,0,2,99,32,,,,,,,,
,13-00,11.6,66,0.97,1286.2763553264901,0,2,93,40,,,,,,,,
,14-00,11.7,64,0.97,1258.0508553663478,0,2,93,40,,,,,,,,
,15-00,11.7,67,0.97,1317.0219892116454,0,2,93,40,,1.0,,1.0,,,,
,16-00,11.6,64,0.97,1247.2982839529602,0,2,90,51,,,,,,,,
,17-00,11.6,69,0.97,1344.7434623867853,0,2,90,51,,,,,,,,
,18-00,11.6,63,0.97,1227.8092482661953,0,2,90,51,,,,,,,,
,19-00,11.6,50,0.97,974.4517843382503,0,2,86,64,,,,,,,,
,20-00,11.6,57,0.97,1110.8750341456052,0,2,86,64,,,,,,,,
,21-00,11.7,57,0.97,1120.4515430606536,0,2,86,64,,,,,,,,
,22-00,11.7,56,0.97,1100.7944984455544,0,2,85,70,,,,,,,,
,23-00,11.7,52,0.97,1022.1663199851577,0,2,85,70,,,,,,,,
,24-00,11.7,42,0.97,825.5958738341658,0,2,85,70,,,,,,,,
2021-05-18,01-00,11.8,57,0.99,1153.3275994391183,0,2,90,72,,,,,,,,
,02-00,11.8,57,0.99,1153.3275994391183,0,2,90,72,,,,,,,,
,03-00,11.8,57,0.99,1153.3275994391183,0,2,90,72,,,,,,,,
,04-00,11.8,57,0.99,1153.3275994391183,0,2,99,55,,,,,,,,
,05-00,11.7,60,0.99,1203.740670244218,0,2,99,55,,,,,,,,
,06-00,11.6,63,0.99,1253.124902869622,0,2,99,55,,,,,,,,
,07-00,11.6,63,0.99,1253.124902869622,0,2,100,53,,,,,,,,
,08-00,11.6,70,0.99,1392.3610031884689,0,2,100,53,,,,,,,,
,09-00,11.6,75,0.99,1491.8153605590737,0,2,100,53,,,,,,,,
,10-00,11.5,78,0.99,1538.11307864539,0,2,101,55,,,,,,,,
,11-00,11.5,77,0.99,1518.3936802012183,0,2,101,55,,,,,,,,
,12-00,11.5,75,0.99,1478.954883312875,0,2,101,55,,,,,,,,
,13-00,11.6,73,0.99,1452.0336176108317,0,2,94,64,,,,,,,,
,14-00,11.6,70,0.99,1392.3610031884689,0,2,94,64,,,,,,,,
,15-00,11.7,66,0.99,1324.1147372686398,0,2,94,64,,,,,,,,
,16-00,11.7,70,0.99,1404.3641152849211,0,2,92,65,,,,,,,,
,17-00,11.5,74,0.99,1459.2354848687032,0,2,92,65,,,,,,,,
,18-00,11.5,68,0.99,1340.9190942036735,0,2,92,65,,,,,,,,
,19-00,11.6,54,0.99,1074.1070596025331,0,2,87,65,,,,,,,,
,20-00,11.7,58,0.99,1163.6159812360775,0,2,87,65,,,,,,,,
,21-00,11.7,58,0.99,1163.6159812360775,0,2,87,65,,,,,,,,
,22-00,11.7,48,0.99,962.9925361953744,0,2,85,82,,,,,,,,
,23-00,11.7,46,0.99,922.8678471872339,0,2,85,82,,,,,,,,
,24-00,11.7,42,0.99,842.6184691709527,0,2,85,82,,,,,,,,
2021-05-19,01-00,11.7,50,0.96,972.7197335306813,0,2,91,70,,,,,,,,
,02-00,11.7,50,0.96,972.7197335306813,0,2,91,70,,,,,,,,
,03-00,11.7,50,0.96,972.7197335306813,0,2,91,70,,,,,,,,
,04-00,11.7,52,0.96,1011.6285228719086,0,2,86,78,,,,,,,,
,05-00,11.6,54,0.96,1041.5583608266988,0,2,86,78,,,,,,,,
,06-00,11.5,56,0.96,1070.8230912713825,0,2,86,78,,,,,,,,
,07-00,11.5,62,0.96,1185.554136764745,0,2,81,90,,,,,,,,
,08-00,11.5,69,0.96,1319.4070231736678,0,2,81,90,,,,,,,,
,09-00,11.5,72,0.96,1376.7725459203489,0,2,81,90,,,,,,,,
,10-00,11.5,72,0.96,1376.7725459203489,0,2,86,89,,,,,,,,
,11-00,11.5,75,0.96,1434.1380686670302,0,2,86,89,,,,,,,,
,12-00,11.6,73,0.96,1408.0325988953518,0,2,86,89,,,,,,,,
,13-00,11.7,71,0.96,1381.2620216135674,0,2,85,90,,,,,,,,
,14-00,11.7,70,0.96,1361.8076269429537,0,2,85,90,,,,,,,,
,15-00,11.6,72,0.96,1388.7444811022651,0,2,85,90,,,,,,,,
,16-00,11.5,73,0.96,1395.8943868359095,0,2,86,63,,,,,,,,
,17-00,11.5,74,0.96,1415.0162277514698,0,2,86,63,,,,,,,,
,18-00,11.5,70,0.96,1338.5288640892281,0,2,86,63,,,,,,,,
,19-00,11.6,56,0.96,1080.1345964128727,0,2,87,74,,,,,,,,
,20-00,11.7,60,0.96,1167.2636802368177,0,2,87,74,,,,,,,,
,21-00,11.7,56,0.96,1089.4461015543632,0,2,87,74,,,,,,,,
,22-00,11.6,51,0.96,983.6940074474378,0,2,84,69,,,,,,,,
,23-00,11.7,46,0.96,894.9021548482268,0,2,84,69,,,,,,,,
,24-00,11.7,43,0.96,836.5389708363859,0,2,84,69,,,,,,,,
2021-05-20,01-00,11.8,58,0.99,1173.5614169731382,0,2,88,59,,,,,,,,
,02-00,11.8,58,0.99,1173.5614169731382,0,2,88,59,,,,,,,,
,03-00,11.7,58,0.99,1163.6159812360775,0,2,88,59,,,,,,,,
,04-00,11.7,58,0.99,1163.6159812360775,0,2,93,39,,,,,,,,
,05-00,11.7,62,0.99,1243.8653592523588,0,2,93,39,,,,,,,,
,06-00,11.6,68,0.99,1352.5792602402269,0,2,93,39,,,,,,,,
,07-00,11.6,62,0.99,1233.234031395501,0,2,99,34,,,,,,,,
,08-00,11.5,65,0.99,1281.7608988711581,0,2,99,34,,,,,,,,
,09-00,11.6,66,0.99,1312.7975172919848,0,2,99,34,,,,,,,,
,10-00,11.6,67,0.99,1332.6883887661058,0,2,98,34,,,,,,,,
,11-00,11.6,63,0.99,1253.124902869622,0,2,98,34,,,,,,,,
,12-00,11.6,70,0.99,1392.3610031884689,0,2,98,34,,,1.0,,,,,
,13-00,11.5,70,0.99,1380.3578910920164,0,2,89,46,,,,,,,,
,14-00,11.6,68,0.99,1352.5792602402269,0,2,89,46,,,,,,,,
,15-00,11.6,68,0.99,1352.5792602402269,0,2,89,46,,,,,,,,
,16-00,11.5,75,0.99,1478.954883312875,0,2,86,65,,,,,,,,
,17-00,11.4,84,0.99,1642.0257347946772,0,2,86,65,,,,,,,,
,18-00,11.4,78,0.99,1524.738182309343,0,2,86,65,,,,,,,,
,19-00,11.6,56,0.99,1113.8888025507752,0,2,85,65,,,,,,,,
,20-00,11.6,58,0.99,1153.6705454990172,0,2,85,65,,,,,,,,
,21-00,11.6,57,0.99,1133.7796740248962,0,2,85,65,,,,,,,,
,22-00,11.7,53,0.99,1063.304258715726,0,2,80,79,,,,,,,,
,23-00,11.7,49,0.99,983.0548806994448,0,2,80,79,,,,,,,,
,24-00,11.7,44,0.99,882.7431581790933,0,2,80,79,,,,,,,,
2021-05-21,01-00,11.7,53,0.99,1063.304258715726,0,2,90,59,,,,,,,,
,02-00,11.7,53,0.99,1063.304258715726,0,2,90,59,,,,,,,,
,03-00,11.7,53,0.99,1063.304258715726,0,2,90,59,,,,,,,,
,04-00,11.7,53,0.99,1063.304258715726,0,2,96,24,,,,,,,,
,05-00,11.6,59,0.99,1173.561416973138,0,2,96,24,,,,,,,,
,06-00,11.6,60,0.99,1193.452288447259,0,2,96,24,,,,,,,,
,07-00,11.6,63,0.99,1253.124902869622,0,2,100,14,,,,,,,,
,08-00,11.5,66,0.99,1301.48029731533,0,2,100,14,,,,,,,,
,09-00,11.5,73,0.99,1439.5160864245317,0,2,100,14,,,,,,,,
,10-00,11.4,71,0.99,1387.9027044097868,0,2,98,14,,,,,,,,
,11-00,11.4,72,0.99,1407.4506298240092,0,2,98,14,,,,,,,,
,12-00,11.4,72,0.99,1407.4506298240092,0,2,98,14,,,,,,,,
,13-00,11.5,65,0.99,1281.7608988711581,0,2,91,34,,,,,,,,
,14-00,11.5,65,0.99,1281.7608988711581,0,2,91,34,,,,,,,,
,15-00,11.5,70,0.99,1380.3578910920164,0,2,91,34,,,,,,,,
,16-00,11.4,76,0.99,1485.6423314808985,0,2,88,52,,,,,,,,
,17-00,11.4,83,0.99,1622.477809380455,0,2,88,52,,,,,,,,
,18-00,11.6,67,0.99,1332.6883887661058,0,2,88,52,,,,,,,,
,19-00,11.7,54,0.99,1083.3666032197964,0,2,85,69,,,,,,,,
,20-00,11.7,56,0.99,1123.491292227937,0,2,85,69,,,,,,,,
,21-00,11.7,54,0.99,1083.3666032197964,0,2,85,69,,,,,,,,
,22-00,11.7,49,0.99,983.0548806994448,0,2,84,74,,,,,,,,
,23-00,11.7,46,0.99,922.8678471872339,0,2,84,74,,,,,,,,
,24-00,11.7,43,0.99,862.680813675023,0,2,84,74,,,,,,,,
2021-05-22,01-00,11.8,50,0.99,1011.6908767009812,0,2,87,73,,,,,,,,
,02-00,11.7,50,0.99,1003.1172252035151,0,2,87,73,,,,,,,,
,03-00,11.7,50,0.99,1003.1172252035151,0,2,87,73,,,,,,,,
,04-00,11.7,50,0.99,1003.1172252035151,0,2,96,40,,,,,,,,
,05-00,11.6,56,0.99,1113.8888025507752,0,2,96,40,,,,,,,,
,06-00,11.6,59,0.99,1173.561416973138,0,2,96,40,,,,,,,,
,07-00,11.5,63,0.99,1242.322101982815,0,2,102,32,,,,,,,,
,08-00,11.4,71,0.99,1387.9027044097868,0,2,102,32,,,,,,,,
,09-00,11.4,76,0.99,1485.6423314808985,0,2,102,32,,,,,,,,
,10-00,11.4,78,0.99,1524.738182309343,0,2,98,31,,,,,,,,
,11-00,11.4,74,0.99,1446.5464806524537,0,2,98,31,,,,,,,,
,12-00,11.4,70,0.99,1368.3547789955644,0,2,98,31,,,,,,,,
,13-00,11.5,70,0.99,1380.3578910920164,0,2,92,37,,,,,,,,
,14-00,11.6,66,0.99,1312.7975172919848,0,2,92,37,,,,,,,,
,15-00,11.5,74,0.99,1459.2354848687032,0,2,92,37,,,,,,,,
,16-00,11.4,81,0.99,1583.3819585520102,0,2,87,40,,,,,,,,
,17-00,11.4,66,0.99,1290.1630773386748,0,2,87,40,,,,,,,,
,18-00,11.5,60,0.99,1183.1639066502999,0,2,87,40,,,,,,,,
,19-00,11.7,53,0.99,1063.304258715726,0,2,86,59,,,,,,,,
,20-00,11.6,55,0.99,1093.9979310766541,0,2,86,59,,,,,,,,
,21-00,11.6,56,0.99,1113.8888025507752,0,2,86,59,,,,,,,,
,22-00,11.7,52,0.99,1043.2419142116557,0,2,81,59,,,,,,,,
,23-00,11.7,48,0.99,962.9925361953744,0,2,81,59,,,,,,,,
,24-00,11.7,43,0.99,862.680813675023,0,2,81,59,,,,,,,,
2021-05-23,01-00,11.8,49,0.99,991.4570591669615,1,2,91,55,,,,,,,,
,02-00,11.7,49,0.99,983.0548806994448,1,2,91,55,,,,,,,,
,03-00,11.7,49,0.99,983.0548806994448,1,2,91,55,,,,,,,,
,04-00,11.7,50,0.99,1003.1172252035151,1,2,99,32,,,,,,,,
,05-00,11.6,52,0.99,1034.325316654291,1,2,99,32,,,,,,,,
,06-00,11.5,54,0.99,1064.8475159852699,1,2,99,32,,,,,,,,
,07-00,11.5,63,0.99,1242.322101982815,1,2,104,24,,,,,,,,
,08-00,11.5,65,0.99,1281.7608988711581,1,2,104,24,,,,,,,,
,09-00,11.4,72,0.99,1407.4506298240092,1,2,104,24,,,,,,,,
,10-00,11.4,75,0.99,1466.0944060666761,1,2,102,21,,,,,,,,
,11-00,11.4,73,0.99,1426.9985552382313,1,2,102,21,,,,,,,,
,12-00,11.4,68,0.99,1329.2589281671196,1,2,102,21,,,,,,,,
,13-00,11.8,68,0.99,1375.8995923133343,1,2,92,34,,,,,,,,
,14-00,11.5,70,0.99,1380.3578910920164,1,2,92,34,,,,,,,,
,15-00,11.5,71,0.99,1400.0772895361883,1,2,92,34,,,,,,,,
,16-00,11.4,77,0.99,1505.1902568951207,1,2,89,40,,,,,,,,
,17-00,11.4,83,0.99,1622.477809380455,1,2,89,40,,,,,,,,
,18-00,11.6,72,0.99,1432.142746136711,1,2,89,40,,,1.0,,,,,
,19-00,11.7,56,0.99,1123.491292227937,1,2,86,36,,,,,,,,
,20-00,11.7,57,0.99,1143.5536367320074,1,2,86,36,,,,,,,,
,21-00,11.7,55,0.99,1103.4289477238667,1,2,86,36,,,,,,,,
,22-00,11.7,51,0.99,1023.1795697075855,1,2,84,63,,,,,,,,
,23-00,11.7,45,0.99,902.8055026831636,1,2,84,63,,,,,,,,
,24-00,11.7,43,0.99,862.680813675023,1,2,84,63,,,,,,,,
2021-05-24,01-00,11.7,49,0.99,983.0548806994448,0,2,92,52,,,,,,,,
,02-00,11.7,49,0.99,983.0548806994448,0,2,92,52,,,,,,,,
,03-00,11.7,49,0.99,983.0548806994448,0,2,92,52,,,,,,,,
,04-00,11.7,49,0.99,983.0548806994448,0,2,92,52,,,,,,,,
,05-00,11.6,55,0.99,1093.9979310766541,0,2,103,20,,,,,,,,
,06-00,11.5,61,0.99,1202.8833050944718,0,2,103,20,,,,,,,,
,07-00,11.5,63,0.99,1242.322101982815,0,2,103,20,,,,,,,,
,08-00,11.6,52,0.99,1034.325316654291,0,2,103,20,,,,,,,,
,09-00,11.5,51,0.99,1005.6893206527549,0,2,103,20,,,,,,,,
,10-00,11.4,78,0.99,1524.738182309343,0,2,98,21,,,,,,,,
,11-00,11.5,76,0.99,1498.6742817570466,0,2,98,21,,,,,,,,
,12-00,11.6,70,0.99,1392.3610031884689,0,2,98,21,,,,,,,,
,13-00,11.5,73,0.99,1439.5160864245317,0,2,93,32,,,,,,,,
,14-00,11.4,71,0.99,1387.9027044097868,0,2,93,32,,,,,,,,
,15-00,11.4,74,0.99,1446.5464806524537,0,2,93,32,,,,,,,,
,16-00,11.4,78,0.99,1524.738182309343,0,2,89,41,,,,,,,,
,17-00,11.4,82,0.99,1602.9298839662326,0,2,89,41,,,,,,,,
,18-00,11.4,80,0.99,1563.8340331377879,0,2,89,41,,,,,,,,
,19-00,11.6,60,0.99,1193.452288447259,0,2,87,45,,,,,,,,
,20-00,11.6,56,0.99,1113.8888025507752,0,2,87,45,,,,,,,,
,21-00,11.6,56,0.99,1113.8888025507752,0,2,87,45,,,,,,,,
,22-00,11.5,60,0.99,1183.1639066502999,0,2,80,58,,,,,,,,
,23-00,11.5,58,0.99,1143.7251097619567,0,2,80,58,,,,,,,,
,24-00,11.5,58,0.99,1143.7251097619567,0,2,80,58,,,,,,,,
2021-05-25,01-00,11.6,53,0.98,1043.5675397634786,0,2,89,39,,,,,,,,
,02-00,11.6,53,0.98,1043.5675397634786,0,2,89,39,,,,,,,,
,03-00,11.6,53,0.98,1043.5675397634786,0,2,89,39,,,,,,,,
,04-00,11.6,53,0.98,1043.5675397634786,0,2,96,23,,,,,,,,
,05-00,11.5,59,0.98,1151.6925434767734,0,2,96,23,,,,,,,,
,06-00,11.4,61,0.98,1180.3787689517294,0,2,96,23,,,,,,,,
,07-00,11.4,65,0.98,1257.7806554403671,0,2,99,18,,,,,,,,
,08-00,11.4,72,0.98,1393.2339567954837,0,2,99,18,,,,,,,,
,09-00,11.4,78,0.98,1509.3367865284406,0,2,99,18,,,,,,,,
,10-00,11.4,76,0.98,1470.6358432841216,0,2,99,17,,,,,,,,
,11-00,11.4,80,0.98,1548.0377297727598,0,2,99,17,,,,,,,,
,12-00,11.4,76,0.98,1470.6358432841216,0,2,99,17,,,,,,,,
,13-00,11.5,74,0.98,1444.495732496292,0,2,87,31,,,,,,,,
,14-00,11.4,76,0.98,1470.6358432841216,0,2,87,31,,,,,,,,
,15-00,11.4,78,0.98,1509.3367865284406,0,2,87,31,,,,,,,,
,16-00,11.4,81,0.98,1567.3882013949192,0,2,83,41,,,,,,,,
,17-00,11.4,83,0.98,1606.0891446392382,0,2,83,41,,,,,,,,
,18-00,11.4,82,0.98,1586.7386730170788,0,2,83,41,,,,,,,,
,19-00,11.6,62,0.98,1220.7771219874658,0,2,85,52,,,,,,,,
,20-00,11.6,58,0.98,1142.0173076656938,0,2,85,52,,,,,,,,
,21-00,11.6,55,0.98,1082.9474469243648,0,2,85,52,,,,,,,,
,22-00,11.6,50,0.98,984.4976790221497,0,2,82,40,,,,,,,,
,23-00,11.6,43,0.98,846.6680039590487,0,2,82,40,,,,,,,,
,24-00,11.6,41,0.98,807.2880967981628,0,2,82,40,,,,,,,,
2021-05-26,01-00,11.7,50,0.98,992.9847279792372,0,2,94,38,,,,,,,,
,02-00,11.7,50,0.98,992.9847279792372,0,2,94,38,,,,,,,,
,03-00,11.7,50,0.98,992.9847279792372,0,2,94,38,,,,,,,,
,04-00,11.7,53,0.98,1052.5638116579914,0,2,104,25,,,,,,,,
,05-00,11.6,56,0.98,1102.6374005048076,0,2,104,25,,,,,,,,
,06-00,11.4,67,0.98,1296.481598684686,0,2,104,25,,,,,,,,
,07-00,11.4,67,0.98,1296.481598684686,0,2,108,15,,,,,,,,
,08-00,11.4,72,0.98,1393.2339567954837,0,2,108,15,,,,,,,,
,09-00,11.5,52,0.98,1015.0510552676648,0,2,108,15,,,,,,,,
,10-00,11.4,70,0.98,1354.533013551165,0,2,102,16,,,,,,,,
,11-00,11.4,66,0.98,1277.1311270625267,0,2,102,16,,,,,,,,
,12-00,11.4,74,0.98,1431.9349000398026,0,2,102,16,,,,,,,,
,13-00,11.4,63,0.98,1219.0797121960484,0,2,97,23,,,,,,,,
,14-00,11.6,39,0.98,767.9081896372768,0,2,97,23,,,1.0,,,,,
,15-00,11.6,40,0.98,787.5981432177198,0,2,97,23,,,1.0,,,,,
,16-00,11.4,79,0.98,1528.6872581506,0,2,93,26,,,,,,,,
,17-00,11.4,82,0.98,1586.7386730170788,0,2,93,26,,,,,,,,
,18-00,11.4,77,0.98,1489.9863149062812,0,2,93,26,,,,,,,,
,19-00,11.6,57,0.98,1122.3273540852506,0,2,81,53,,,,,,,,
,20-00,11.6,58,0.98,1142.0173076656938,0,2,81,53,,,,,,,,
,21-00,11.6,56,0.98,1102.6374005048076,0,2,81,53,,,,,,,,
,22-00,11.6,51,0.98,1004.1876326025928,0,2,91,25,,,,,,,,
,23-00,11.6,45,0.98,886.0479111199347,0,2,91,25,,,,,,,,
,24-00,11.6,43,0.98,846.6680039590487,0,2,91,25,,,,,,,,
2021-05-27,01-00,11.7,51,0.98,1012.844422538822,0,2,93,40,,,,,,,,
,02-00,11.7,51,0.98,1012.844422538822,0,2,93,40,,,,,,,,
,03-00,11.7,51,0.98,1012.844422538822,0,2,93,40,,,,,,,,
,04-00,11.7,51,0.98,1012.844422538822,0,2,98,32,,,,,,,,
,05-00,11.6,58,0.98,1142.0173076656938,0,2,98,32,,,,,,,,
,06-00,11.4,65,0.98,1257.7806554403671,0,2,98,32,,,,,,,,
,07-00,11.4,67,0.98,1296.481598684686,0,2,104,25,,,,,,,,
,08-00,11.4,75,0.98,1451.2853716619622,0,2,104,25,,,,,,,,
,09-00,11.5,78,0.98,1522.5765829014972,0,2,104,25,,,,,,,,
,10-00,11.4,78,0.98,1509.3367865284406,0,2,100,32,,,,,,,,
,11-00,11.4,80,0.98,1548.0377297727598,0,2,100,32,,,,,,,,
,12-00,11.4,78,0.98,1509.3367865284406,0,2,100,32,,,,,,,,
,13-00,11.4,80,0.98,1548.0377297727598,0,2,93,40,,,,,,,,
,14-00,11.4,86,0.98,1664.1405595057167,0,2,93,40,,,1.0,,,,,
,15-00,11.4,84,0.98,1625.4396162613978,0,2,93,40,,,,,,,,
,16-00,11.3,96,0.98,1841.3501417297036,0,2,93,37,,,,,,,,
,17-00,11.3,103,0.98,1975.6152562308278,0,2,93,37,,,,,,,,
,18-00,11.4,100,0.98,1935.0471622159496,0,2,93,37,,,,,,,,
,19-00,11.6,50,0.98,984.4976790221497,0,2,91,29,,,,,,,,
,20-00,11.6,58,0.98,1142.0173076656938,0,2,91,29,,,,,,,,
,21-00,11.6,55,0.98,1082.9474469243648,0,2,91,29,,,,,,,,
,22-00,11.6,51,0.98,1004.1876326025928,0,2,89,50,,,,,,,,
,23-00,11.6,47,0.98,925.4278182808208,0,2,89,50,,,,,,,,
,24-00,11.6,44,0.98,866.3579575394917,0,2,89,50,,,,,,,,
2021-05-28,01-00,11.7,54,0.99,1083.3666032197964,0,2,89,55,,,,,,,,
,02-00,11.7,54,0.99,1083.3666032197964,0,2,89,55,,,,,,,,
,03-00,11.7,54,0.99,1083.3666032197964,0,2,89,55,,,,,,,,
,04-00,11.7,54,0.99,1083.3666032197964,0,2,95,43,,,,,,,,
,05-00,11.6,59,0.99,1173.561416973138,0,2,95,43,,,,,,,,
,06-00,11.5,63,0.99,1242.322101982815,0,2,95,43,,,,,,,,
,07-00,11.4,66,0.99,1290.1630773386748,0,2,99,32,,,,,,,,
,08-00,11.4,76,0.99,1485.6423314808985,0,2,99,32,,,,,,,,
,09-00,11.4,76,0.99,1485.6423314808985,0,2,99,32,,,,,,,,
,10-00,11.4,78,0.99,1524.738182309343,0,2,98,35,,,,,,,,
,11-00,11.3,78,0.99,1511.3632859732963,0,2,98,35,,,,,,,,
,12-00,11.3,78,0.99,1511.3632859732963,0,2,98,35,,,,,,,,
,13-00,11.3,78,0.99,1511.3632859732963,0,2,92,44,,,,,,,,
,14-00,11.4,75,0.99,1466.0944060666761,0,2,92,44,,,,,,,,
,15-00,11.4,75,0.99,1466.0944060666761,0,2,92,44,,,,,,,,
,16-00,11.3,83,0.99,1608.2455478946615,0,2,92,42,,,,,,,,
,17-00,11.3,95,0.99,1840.7629765059378,0,2,92,42,,,,,,,,
,18-00,11.3,90,0.99,1743.8807145845726,0,2,92,42,,,,,,,,
,19-00,11.6,50,0.99,994.5435737060492,0,2,91,41,,,,,,,,
,20-00,11.6,57,0.99,1133.7796740248962,0,2,91,41,,,,,,,,
,21-00,11.6,56,0.99,1113.8888025507752,0,2,91,41,,,,,,,,
,22-00,11.6,57,0.99,1133.7796740248962,0,2,87,52,,,,,,,,
,23-00,11.6,46,0.99,914.9800878095652,0,2,87,52,,,,,,,,
,24-00,11.6,44,0.99,875.1983448613232,0,2,87,52,,,,,,,,
2021-05-29,01-00,11.7,54,0.98,1072.4235062175762,0,2,92,48,,,,,,,,
,02-00,11.7,54,0.98,1072.4235062175762,0,2,92,48,,,,,,,,
,03-00,11.7,54,0.98,1072.4235062175762,0,2,92,48,,,,,,,,
,04-00,11.6,54,0.98,1063.2574933439216,0,2,99,36,,,,,,,,
,05-00,11.4,62,0.98,1199.7292405738888,0,2,99,36,,,,,,,,
,06-00,11.3,72,0.98,1381.0126062972777,0,2,99,36,,,,,,,,
,07-00,11.3,69,0.98,1323.4704143682245,0,2,106,20,,,,,,,,
,08-00,11.2,78,0.98,1482.8571937823274,0,2,106,20,,,,,,,,
,09-00,11.2,87,0.98,1653.9561007572115,0,2,106,20,,,,,,,,
,10-00,11.2,95,0.98,1806.0440180682194,0,2,104,24,,,,,,,,
,11-00,11.2,95,0.98,1806.0440180682194,0,2,104,24,,,,,,,,
,12-00,11.3,91,0.979999999999999,1745.446488514613,0,2,104,24,,,,,,,,
,13-00,11.3,91,0.979999999999999,1745.446488514613,0,2,95,34,,,,,,,,
,14-00,11.3,92,0.98,1764.6272191576327,0,2,95,34,,,,,,,,
,15-00,11.3,93,0.98,1783.8079498006505,0,2,95,34,,,,,,,,
,16-00,11.3,84,0.98,1611.1813740134908,0,2,94,33,,,,,,,,
,17-00,11.2,105,0.979999999999999,1996.1539147069775,0,2,94,33,,,,,,,,
,18-00,11.3,92,0.979999999999999,1764.6272191576309,0,2,94,33,,,,,,,,
,19-00,11.6,55,0.979999999999999,1082.9474469243637,0,2,89,48,,,,,,,,
,20-00,11.6,57,0.979999999999999,1122.3273540852495,0,2,89,48,,,,,,,,
,21-00,11.6,52,0.979999999999999,1023.8775861830345,0,2,89,48,,,,,,,,
,22-00,11.6,50,0.979999999999999,984.4976790221488,0,2,79,87,,,,,,,,
,23-00,11.6,45,0.979999999999999,886.0479111199338,0,2,79,87,,,,,,,,
,24-00,11.6,43,0.979999999999998,846.668003959047,0,2,79,87,,,,,,,,
2021-05-30,01-00,11.7,54,0.979999999999998,1072.423506217574,1,2,85,80,,,,,,,,
,02-00,11.7,54,0.979999999999998,1072.423506217574,1,2,85,80,,,,,,,,
,03-00,11.7,54,0.979999999999998,1072.423506217574,1,2,85,80,,,,,,,,
,04-00,11.7,54,0.979999999999998,1072.423506217574,1,2,90,55,,,,,,,,
,05-00,11.6,61,0.979999999999998,1201.0871684070203,1,2,90,55,,,,,,,,
,06-00,11.5,70,0.979999999999998,1366.4148820910843,1,2,90,55,,,,,,,,
,07-00,11.4,80,0.979999999999998,1548.0377297727566,1,2,98,35,,,,,,,,
,08-00,11.4,83,0.979999999999998,1606.089144639235,1,2,98,35,,,,,,,,
,09-00,11.3,88,0.979999999999998,1687.9042965855583,1,2,98,35,,,,,,,,
,10-00,11.3,96,0.979999999999998,1841.3501417297,1,2,93,40,,,,,,,,
,11-00,11.2,95,0.979999999999998,1806.0440180682158,1,2,93,40,,,,,,,,
,12-00,11.3,93,0.979999999999998,1783.8079498006468,1,2,93,40,,,,,,,,
,13-00,11.4,90,0.979999999999998,1741.542445994351,1,2,87,57,,,,,,,,
,14-00,11.5,88,0.979999999999998,1717.778708914506,1,2,87,57,,,,,,,,
,15-00,11.4,92,0.979999999999998,1780.24338923867,1,2,87,57,,,,,,,,
,16-00,11.3,96,0.979999999999998,1841.3501417297,1,2,87,60,,,,,,,,
,17-00,11.2,98,0.979999999999998,1863.0769870598435,1,2,87,60,,,,,,,,
,18-00,11.4,93,0.979999999999998,1799.5938608608294,1,2,87,60,,,,,,,,
,19-00,11.6,56,0.979999999999998,1102.6374005048053,1,2,89,49,,,,,,,,
,20-00,11.6,57,0.979999999999998,1122.3273540852483,1,2,89,49,,,,,,,,
,21-00,11.6,55,0.979999999999998,1082.9474469243626,1,2,89,49,,,,,,,,
,22-00,11.6,53,0.979999999999998,1043.5675397634766,1,2,81,74,,,,,,,,
,23-00,11.6,46,0.979999999999998,905.7378647003759,1,2,81,74,,,,,,,,
,24-00,11.6,43,0.979999999999998,846.668003959047,1,2,81,74,,,,,,,,
2021-05-31,01-00,11.7,58,0.9,1057.832710214616,0,2,93,41,,,,,,,,
,02-00,11.7,58,0.9,1057.832710214616,0,2,93,41,,,,,,,,
,03-00,11.7,58,0.9,1057.832710214616,0,2,93,41,,,,,,,,
,04-00,11.7,58,0.9,1057.832710214616,0,2,99,31,,,,,,,,
,05-00,11.5,66,0.9,1183.1639066503,0,2,99,31,,,,,,,,
,06-00,11.4,74,0.9,1315.0422551385943,0,2,99,31,,,,,,,,
,07-00,11.3,83,0.9,1462.041407176965,0,2,102,27,,,,,,,,
,08-00,11.3,88,0.9,1550.1161907418425,0,2,102,27,,,,,,,,
,09-00,11.2,90,0.9,1571.3164926264853,0,2,102,27,,,,,,,,
,10-00,11.2,94,0.9,1641.1527811876624,0,2,102,28,,,,,,,,
,11-00,11.2,90,0.9,1571.3164926264853,0,2,102,28,,,,,,,,
,12-00,11.3,88,0.9,1550.1161907418425,0,2,102,28,,,,,,,,
,13-00,11.3,81,0.9,1426.811493751014,0,2,90,48,,,,,,,,
,14-00,11.3,79,0.9,1391.5815803250632,0,2,90,48,,,,,,,,
,15-00,11.3,84,0.9,1479.6563638899406,0,2,90,48,,,,,,,,
,16-00,11.2,92,0.9,1606.234636907074,0,2,89,47,,,,,,,,
,17-00,11.2,103,0.899999999999999,1798.284430450309,0,2,89,47,,,,,,,,
,18-00,11.2,96,0.899999999999999,1676.0709254682492,0,2,89,47,,,,,,,,
,19-00,11.7,62,0.899999999999999,1130.7866902294159,0,2,85,64,,,,,1.0,,,
,20-00,11.7,69,0.899999999999999,1258.4561552553175,0,2,85,64,,,,1.0,1.0,,,
,21-00,11.7,62,0.899999999999999,1130.7866902294159,0,2,85,64,,,,1.0,1.0,,,
,22-00,11.7,60,0.899999999999998,1094.309700222014,0,2,85,59,,,,1.0,,,,
,23-00,11.7,43,0.899999999999999,784.2552851591109,0,2,85,59,,,,,,,,
,24-00,11.7,40,0.899999999999999,729.5398001480102,0,2,85,59,,,,,,,,
2021-06-01,01-00,11.7,39,0.97,766.6247399888681,0,2,89,59,,,,,,,,
,02-00,11.7,39,0.97,766.6247399888681,0,2,89,59,,,,,,,,
,03-00,11.7,39,0.97,766.6247399888681,0,2,89,59,,,,,,,,
,04-00,11.7,39,0.97,766.6247399888681,0,2,95,38,,,,,,,,
,05-00,11.7,39,0.97,766.6247399888681,0,2,95,38,,,,,,,,
,06-00,11.7,39,0.97,766.6247399888681,0,2,95,38,,,,,,,,
,07-00,11.5,50,0.97,966.0513379215413,0,2,100,28,,,,,,,,
,08-00,11.6,41,0.97,799.0504631573651,0,2,100,28,,,,,,,,
,09-00,11.5,56,0.97,1081.9774984721262,0,2,100,28,,,,,,,,
,10-00,11.5,68,0.97,1313.8298195732962,0,2,99,30,,,,,,,,
,11-00,11.6,78,0.97,1520.1447835676704,0,2,99,30,,,,1.0,1.0,,,
,12-00,11.6,82,0.97,1598.1009263147303,0,2,99,30,,,,1.0,1.0,,,
,13-00,11.6,76,0.97,1481.1667121941405,0,2,91,44,,,,1.0,1.0,,,
,14-00,11.3,88,0.97,1670.6807833550968,0,2,91,44,,,,,,,,
,15-00,11.4,88,0.97,1685.4655690485047,0,2,91,44,,,,1.0,,,,
,16-00,11.4,90,0.97,1723.7716047086979,0,2,87,54,,,,1.0,,,,
,17-00,11.4,89,0.97,1704.6185868786013,0,2,87,54,,,,1.0,,,,
,18-00,11.4,86,0.97,1647.1595333883113,0,2,87,54,,,,1.0,,,,
,19-00,11.6,65,0.97,1266.7873196397254,0,2,86,52,,,,,,,,
,20-00,11.7,66,0.97,1297.3649445965461,0,2,86,52,,,,,,,,
,21-00,11.7,60,0.97,1179.422676905951,0,2,86,52,,,,,,,,
,22-00,11.7,56,0.97,1100.7944984455544,0,2,82,75,,,,,,,,
,23-00,11.8,51,0.97,1011.0777307151017,0,2,82,75,,,,,,,,
,24-00,11.9,51,0.97,1019.6461860601449,0,2,82,75,,,,,,,,
2021-06-02,01-00,11.8,51,0.95,990.2307671952027,0,2,82,70,,,,,,,,
,02-00,11.8,51,0.95,990.2307671952027,0,2,82,70,,,,,,,,
,03-00,11.7,51,0.95,981.8389810325315,0,2,82,70,,,,,,,,
,04-00,11.7,51,0.95,981.8389810325315,0,2,86,63,,,,,,,,
,05-00,11.6,55,0.95,1049.7959944674965,0,2,86,63,,,,,,,,
,06-00,11.5,60,0.95,1135.359304361399,0,2,86,63,,,,,,,,
,07-00,11.5,64,0.95,1211.0499246521588,0,2,91,41,,,,,,,,
,08-00,11.6,66,0.95,1259.7551933609955,0,2,91,41,,,,,,,,
,09-00,11.5,66,0.95,1248.895234797539,0,2,91,41,,,,,,,,
,10-00,11.5,67,0.95,1267.8178898702288,0,2,95,39,,,,,,,,
,11-00,11.4,78,0.95,1463.1325991857332,0,2,95,39,,,,,,,,
,12-00,11.4,85,0.95,1594.4393709075298,0,2,95,39,,,,,,,,
,13-00,11.5,85,0.95,1608.4256811786486,0,2,87,55,,,,1.0,,,,
,14-00,11.5,88,0.95,1665.1936463967183,0,2,87,55,,,,1.0,,,,
,15-00,11.5,79,0.95,1494.8897507425086,0,2,87,55,,,,,,,,
,16-00,11.3,75,0.95,1394.5174064438925,0,2,85,68,,,,,,,,
,17-00,11.3,71,0.95,1320.1431447668847,0,2,85,68,,,,,,,,
,18-00,11.4,75,0.95,1406.8582684478204,0,2,85,68,,,,,,,,
,19-00,11.6,66,0.95,1259.7551933609955,0,2,86,57,,,,,,,,
,20-00,11.7,59,0.95,1135.852938841556,0,2,86,57,,,,,,,,
,21-00,11.7,57,0.95,1097.3494493893,0,2,86,57,,,,,,,,
,22-00,11.7,53,0.95,1020.3424704847876,0,2,83,74,,,,,,,,
,23-00,11.7,50,0.95,962.5872363064033,0,2,83,74,,,,,,,,
,24-00,11.7,47,0.95,904.8320021280191,0,2,83,74,,,,,,,,
2021-06-03,01-00,11.8,58,0.95,1126.1447940651326,0,2,82,71,,,,,,,,
,02-00,11.8,58,0.95,1126.1447940651326,0,2,82,71,,,,,,,,
,03-00,11.8,58,0.95,1126.1447940651326,0,2,82,71,,,,,,,,
,04-00,11.8,58,0.95,1126.1447940651326,0,2,79,87,,,,,,,,
,05-00,11.9,50,0.95,979.0417189783078,0,2,79,87,,,,,,,,
,06-00,11.9,50,0.95,979.0417189783078,0,2,79,87,,,,,,,,
,07-00,11.7,58,0.95,1116.601194115428,0,2,84,76,,,,,,,,
,08-00,11.8,50,0.95,970.8144776423557,0,2,84,76,,,,,,,,
,09-00,11.8,51,0.95,990.2307671952027,0,2,84,76,,,,,,,,
,10-00,11.8,52,0.95,1009.6470567480499,0,2,86,65,,,,,,,,
,11-00,11.8,56,0.95,1087.3122149594383,0,2,86,65,,,,,,,,
,12-00,11.8,50,0.95,970.8144776423557,0,2,86,65,,,,,,,,
,13-00,11.8,50,0.95,970.8144776423557,0,2,82,71,,,,,,,,
,14-00,11.8,52,0.95,1009.6470567480499,0,2,82,71,,,,,,,,
,15-00,11.7,55,0.95,1058.8459599370437,0,2,82,71,,,,,,,,
,16-00,11.8,57,0.95,1106.7285045122853,0,2,80,76,,,,,,,,
,17-00,11.8,56,0.95,1087.3122149594383,0,2,80,76,,,,,,,,
,18-00,11.8,55,0.95,1067.8959254065912,0,2,80,76,,,,,,,,
,19-00,11.8,54,0.95,1048.479635853744,0,2,84,69,,,,,,,,
,20-00,11.8,56,0.95,1087.3122149594383,0,2,84,69,,,,,,,,
,21-00,11.7,55,0.95,1058.8459599370437,0,2,84,69,,,,,,,,
,22-00,11.7,53,0.95,1020.3424704847876,0,2,78,85,,,,,,,,
,23-00,11.7,50,0.95,962.5872363064033,0,2,78,85,,,,,,,,
,24-00,11.7,49,0.95,943.3354915802753,0,2,78,85,,,,,,,,
2021-06-04,01-00,11.8,58,0.96,1137.998949792134,0,2,84,77,,,,,,,,
,02-00,11.8,58,0.96,1137.998949792134,0,2,84,77,,,,,,,,
,03-00,11.8,38,0.96,745.5855188293291,0,2,84,77,,,,,,,,
,04-00,11.7,38,0.96,739.2669974833177,0,2,92,48,,,,,,,,
,05-00,11.5,62,0.96,1185.554136764745,0,2,92,48,,,,,,,,
,06-00,11.4,66,0.96,1251.0672265102303,0,2,92,48,,,,,,,,
,07-00,11.6,67,0.96,1292.30389213683,0,2,97,38,,,,,,,,
,08-00,11.6,68,0.96,1311.592009929917,0,2,97,38,,,,,,,,
,09-00,11.5,68,0.96,1300.2851822581074,0,2,97,38,,,,,,,,
,10-00,11.5,70,0.96,1338.5288640892281,0,2,91,44,,1.0,,,,,,
,11-00,11.5,55,0.96,1051.7012503558221,0,2,91,44,,1.0,,,,,,
,12-00,11.5,57,0.96,1089.9449321869429,0,2,91,44,,1.0,,,,,,
,13-00,11.5,61,0.96,1166.4322958491846,0,2,80,76,,,,,,,,
,14-00,11.5,61,0.96,1166.4322958491846,0,2,80,76,,,,,,,,
,15-00,11.5,61,0.96,1166.4322958491846,0,2,80,76,,,,,,,,
,16-00,11.7,32,0.96,622.540629459636,0,2,80,85,,,,,,,,
,17-00,11.6,57,0.96,1099.42271420596,0,2,80,85,,,,,,,,
,18-00,11.7,44,0.96,855.9933655069996,0,2,80,85,,,,,,,,
,19-00,11.7,48,0.96,933.8109441894541,0,2,79,82,,,,,,,,
,20-00,11.7,48,0.96,933.8109441894541,0,2,79,82,,,,,,,,
,21-00,11.7,47,0.96,914.3565495188404,0,2,79,82,,,,,,,,
,22-00,11.7,45,0.96,875.4477601776132,0,2,79,89,,,,,,,,
,23-00,11.7,43,0.96,836.5389708363859,0,2,79,89,,,,,,,,
,24-00,11.7,42,0.96,817.0845761657723,0,2,79,89,,,,,,,,
2021-06-05,01-00,11.7,38,0.97,746.967695373769,0,2,85,78,,,,,,,,
,02-00,11.7,38,0.97,746.967695373769,0,2,85,78,,,,,,,,
,03-00,11.7,38,0.97,746.967695373769,0,2,85,78,,,,,,,,
,04-00,11.7,36,0.97,707.6536061435706,0,2,91,57,,,,,,,,
,05-00,11.6,43,0.97,838.0285345308952,0,2,91,57,,,,,,,,
,06-00,11.6,60,0.97,1169.3421412059001,0,2,91,57,,,,,,,,
,07-00,11.6,50,0.97,974.4517843382503,0,2,95,31,,,,,,,,
,08-00,11.6,60,0.97,1169.3421412059001,0,2,95,31,,,,,,,,
,09-00,11.6,59,0.97,1149.8531055191352,0,2,95,31,,,,,,,,
,10-00,11.6,60,0.97,1169.3421412059001,0,2,93,45,,,,,,,,
,11-00,11.6,59,0.97,1149.8531055191352,0,2,93,45,,,,,,,,
,12-00,11.6,58,0.97,1130.3640698323702,0,2,93,45,,,,,,,,
,13-00,11.7,62,0.97,1218.7367661361495,0,2,87,55,,,,,,,,
,14-00,11.7,62,0.97,1218.7367661361495,0,2,87,55,,,,,,,,
,15-00,11.7,61,0.97,1199.0797215210503,0,2,87,55,,,,,,,,
,16-00,11.7,60,0.97,1179.422676905951,0,2,85,68,,,,,,,,
,17-00,11.7,59,0.97,1159.765632290852,0,2,85,68,,,,,,,,
,18-00,11.8,56,0.97,1110.2029984322685,0,2,85,68,,,,,,,,
,19-00,11.8,56,0.97,1110.2029984322685,0,2,79,87,,,,,,,,
,20-00,11.7,55,0.97,1081.1374538304551,0,2,79,87,,,,,,,,
,21-00,11.7,51,0.97,1002.5092753700585,0,2,79,87,,,,,,,,
,22-00,11.7,48,0.97,943.5381415247608,0,2,81,68,,,,,,,,
,23-00,11.7,46,0.97,904.2240522945625,0,2,81,68,,,,,,,,
,24-00,11.7,43,0.97,845.2529184492649,0,2,81,68,,,,,,,,
2021-06-06,01-00,11.7,56,0.96,1089.4461015543632,1,2,87,63,,,,,,,,
,02-00,11.7,56,0.96,1089.4461015543632,1,2,87,63,,,,,,,,
,03-00,11.7,56,0.96,1089.4461015543632,1,2,87,63,,,,,,,,
,04-00,11.7,56,0.96,1089.4461015543632,1,2,93,40,,,,,,,,
,05-00,11.6,58,0.96,1118.7108319990468,1,2,93,40,,,,,,,,
,06-00,11.5,60,0.96,1147.310454933624,1,2,93,40,,,,,,,,
,07-00,11.6,55,0.96,1060.8464786197858,1,2,99,24,,,,,,,,
,08-00,11.6,63,0.96,1215.1514209644818,1,2,99,24,,,,,,,,
,09-00,11.6,66,0.96,1273.0157743437428,1,2,99,24,,,,,,,,
,10-00,11.5,69,0.96,1319.4070231736678,1,2,98,26,,,,,,,,
,11-00,11.6,66,0.96,1273.0157743437428,1,2,98,26,,,,,,,,
,12-00,11.6,43,0.96,829.3890651027416,1,2,98,26,,,,,,,,
,13-00,11.7,62,0.96,1206.1724695780447,1,2,90,42,,,,,,,,
,14-00,11.7,61,0.96,1186.7180749074312,1,2,90,42,,,,,,,,
,15-00,11.7,57,0.96,1108.9004962249767,1,2,90,42,,,,,,,,
,16-00,11.8,66,0.96,1294.964322177256,1,2,86,66,,,,,1.0,,,
,17-00,11.5,77,0.96,1472.381750498151,1,2,86,66,,,,,1.0,,,
,18-00,11.6,70,0.96,1350.168245516091,1,2,86,66,,,,,1.0,,,
,19-00,11.6,65,0.96,1253.727656550656,1,2,83,70,,,,,,,,
,20-00,11.6,57,0.96,1099.42271420596,1,2,83,70,,,,,,,,
,21-00,11.7,53,0.96,1031.0829175425222,1,2,83,70,,,,,,,,
,22-00,11.7,48,0.96,933.8109441894541,1,2,84,72,,,,,,,,
,23-00,11.7,46,0.96,894.9021548482268,1,2,84,72,,,,,,,,
,24-00,11.7,44,0.96,855.9933655069996,1,2,84,72,,,,,,,,
2021-06-07,01-00,11.7,56,0.99,1123.491292227937,0,2,91,59,,,,,,,,
,02-00,11.7,56,0.99,1123.491292227937,0,2,91,59,,,,,,,,
,03-00,11.7,56,0.99,1123.491292227937,0,2,91,59,,,,,,,,
,04-00,11.7,56,0.99,1123.491292227937,0,2,97,40,,,,,,,,
,05-00,11.6,56,0.99,1113.8888025507752,0,2,97,40,,,,,,,,
,06-00,11.5,61,0.99,1202.8833050944718,0,2,97,40,,,,,,,,
,07-00,11.3,65,0.99,1259.469404977747,0,2,100,29,,,,,,,,
,08-00,11.3,73,0.99,1414.4810240519312,0,2,100,29,,,,,,,,
,09-00,11.3,75,0.99,1453.2339288204773,0,2,100,29,,,,,,,,
,10-00,11.2,78,0.99,1497.9883896372492,0,2,97,31,,,,1.0,,,,
,11-00,11.2,75,0.99,1440.373451574278,0,2,97,31,,,,,,,,
,12-00,11.3,69,0.99,1336.975214514839,0,2,97,31,,,,,,,,
,13-00,11.3,67,0.99,1298.222309746293,0,2,84,73,,,,,,,,
,14-00,11.4,43,0.99,840.560792811561,0,2,84,73,,,,,,,,
,15-00,11.3,67,0.99,1298.222309746293,0,2,84,73,,,,,,,,
,16-00,11.3,67,0.99,1298.222309746293,0,2,85,69,,,,,,,,
,17-00,11.5,67,0.99,1321.1996957595015,0,2,85,69,,,,,,,,
,18-00,11.6,67,0.99,1332.6883887661058,0,2,85,69,,,,,,,,
,19-00,11.6,56,0.99,1113.8888025507752,0,2,86,68,,,,,,,,
,20-00,11.6,54,0.99,1074.1070596025331,0,2,86,68,,,,,,,,
,21-00,11.6,53,0.99,1054.216188128412,0,2,86,68,,,,,,,,
,22-00,11.7,50,0.99,1003.1172252035151,0,2,84,69,,,,,,,,
,23-00,11.7,48,0.99,962.9925361953744,0,2,84,69,,,,,,,,
,24-00,11.7,45,0.99,902.8055026831636,0,2,84,69,,,,,,,,
2021-06-08,01-00,11.7,51,0.97,1002.5092753700585,0,2,88,57,,,,,,,,
,02-00,11.7,51,0.97,1002.5092753700585,0,2,88,57,,,,,,,,
,03-00,11.6,51,0.97,993.9408200250152,0,2,88,57,,,,,,,,
,04-00,11.5,51,0.97,985.372364679972,0,2,93,45,,,,,,,,
,05-00,11.5,56,0.97,1081.9774984721262,0,2,93,45,,,,,,,,
,06-00,11.5,61,0.97,1178.5826322642804,0,2,93,45,,,,,,,,
,07-00,11.4,60,0.97,1149.1810698057986,0,2,98,37,,,,,,,,
,08-00,11.3,64,0.97,1215.0405697127976,0,2,98,37,,,,,,,,
,09-00,11.3,67,0.97,1271.995596418085,0,2,98,37,,,,,,,,
,10-00,11.3,66,0.97,1253.0105875163226,0,2,80,87,,,,,,,,
,11-00,11.2,68,0.97,1279.555998193123,0,2,80,87,,,,,,,,
,12-00,11.2,64,0.97,1204.28799829941,0,2,80,87,,,,,,,,
,13-00,11.2,64,0.97,1204.28799829941,0,2,80,79,,,,,,,,
,14-00,11.4,63,0.97,1206.6401232960886,0,2,80,79,,,,,,,,
,15-00,11.4,63,0.97,1206.6401232960886,0,2,80,79,,,,,,,,
,16-00,11.3,68,0.97,1290.9806053198474,0,2,81,79,,,,,,,,
,17-00,11.3,72,0.97,1366.9206409268972,0,2,81,79,,,,,,,,
,18-00,11.4,67,0.97,1283.252194616475,0,2,81,79,,,,,,,,
,19-00,11.5,50,0.97,966.0513379215413,0,2,84,73,,,,,,,,
,20-00,11.6,56,0.97,1091.3859984588403,0,2,84,73,,,,,,,,
,21-00,11.6,56,0.97,1091.3859984588403,0,2,84,73,,,,,,,,
,22-00,11.6,52,0.97,1013.4298557117801,0,2,79,84,,,,,,,,
,23-00,11.6,50,0.97,974.4517843382503,0,2,79,84,,,,,,,,
,24-00,11.6,46,0.97,896.4956415911902,0,2,79,84,,,,,,,,
2021-06-09,01-00,11.6,61,0.97,1188.8311768926653,0,2,80,88,,,,,,,,
,02-00,11.6,61,0.97,1188.8311768926653,0,2,80,88,,,,,,,,
,03-00,11.6,60,0.97,1169.3421412059001,0,2,80,88,,,,,,,,
,04-00,11.6,60,0.97,1169.3421412059001,0,2,86,59,,,,,,,,
,05-00,11.6,60,0.97,1169.3421412059001,0,2,86,59,,,,,,,,
,06-00,11.6,54,0.97,1052.4079270853103,0,2,86,59,,,,,,,,
,07-00,11.6,89,0.97,1734.5241761220855,0,2,86,59,,,1.0,1.0,,,,
,08-00,11.6,91,0.97,1773.5022474956154,0,2,86,59,,,1.0,1.0,,,,
,09-00,11.5,53,0.97,1024.0144181968337,0,2,86,59,,,,1.0,,,,
,10-00,11.5,55,0.97,1062.6564717136953,0,2,85,60,,,,1.0,,,,
,11-00,11.5,48,0.97,927.4092844046795,0,2,85,60,,,,,,,,
,12-00,11.5,48,0.97,927.4092844046795,0,2,85,60,,,,,,,,
,13-00,11.5,53,0.97,1024.0144181968337,0,2,83,70,,,,,,,,
,14-00,11.5,57,0.97,1101.2985252305568,0,2,83,70,,,,,,,,
,15-00,11.5,60,0.97,1159.2616055058493,0,2,83,70,,,,,,,,
,16-00,11.5,52,0.97,1004.6933914384028,0,2,82,84,,,,,,,,
,17-00,11.6,48,0.97,935.4737129647202,0,2,82,84,,,,,,,,
,18-00,11.6,51,0.97,993.9408200250152,0,2,82,84,,,,,,,,
,19-00,11.5,47,0.97,908.0882576462487,0,2,80,82,,,,,,,,
,20-00,11.6,50,0.97,974.4517843382503,0,2,80,82,,,,,,,,
,21-00,11.6,49,0.97,954.9627486514852,0,2,80,82,,,,,,,,
,22-00,11.6,47,0.97,915.9846772779553,0,2,78,80,,,,,,,,
,23-00,11.6,45,0.97,877.0066059044252,0,2,78,80,,,,,,,,
,24-00,11.6,43,0.97,838.0285345308952,0,2,78,80,,,,,,,,
2021-06-10,01-00,11.6,51,0.98,1004.1876326025928,0,2,82,62,,,,,,,,
,02-00,11.6,51,0.98,1004.1876326025928,0,2,82,62,,,,,,,,
,03-00,11.6,51,0.98,1004.1876326025928,0,2,82,62,,,,,,,,
,04-00,11.5,51,0.98,995.5308426663635,0,2,87,55,,,,,,,,
,05-00,11.5,54,0.98,1054.0914804702672,0,2,87,55,,,,,,,,
,06-00,11.4,59,0.98,1141.6778257074104,0,2,87,55,,,,,,,,
,07-00,11.5,50,0.98,976.0106300650623,0,2,91,40,,,,,,,,
,08-00,11.6,50,0.98,984.4976790221497,0,2,91,40,,,,,,,,
,09-00,11.6,52,0.98,1023.8775861830356,0,2,91,40,,,,,,,,
,10-00,11.6,51,0.98,1004.1876326025928,0,2,79,90,,,,,,,,
,11-00,11.6,53,0.98,1043.5675397634786,0,2,79,90,,,,,,,,
,12-00,11.5,52,0.98,1015.0510552676648,0,2,79,90,,,,,,,,
,13-00,11.6,63,0.98,1240.4670755679085,0,2,80,80,,,,1.0,,,,
,14-00,11.6,50,0.98,984.4976790221497,0,2,80,80,,,,,,,,
,15-00,11.6,50,0.98,984.4976790221497,0,2,80,80,,,,,,,,
,16-00,11.5,50,0.98,976.0106300650623,0,2,79,73,,,,,,,,
,17-00,11.4,64,0.98,1238.4301838182078,0,2,79,73,,,,,,,,
,18-00,11.7,43,0.98,853.9668660621439,0,2,79,73,,,,,,,,
,19-00,11.7,45,0.98,893.6862551813134,0,2,77,86,,,,,,,,
,20-00,11.7,47,0.98,933.4056443004829,0,2,77,86,,,,,,,,
,21-00,11.7,45,0.98,893.6862551813134,0,2,77,86,,,,,,,,
,22-00,11.7,43,0.98,853.9668660621439,0,2,76,90,,,,,,,,
,23-00,11.7,42,0.98,834.1071715025593,0,2,76,90,,,,,,,,
,24-00,11.7,40,0.98,794.3877823833897,0,2,76,90,,,,,,,,
2021-06-11,01-00,11.7,38,0.96,739.2669974833177,0,2,81,70,,,,,,,,
,02-00,11.7,36,0.96,700.3582081420905,0,2,81,70,,,,,,,,
,03-00,11.7,36,0.96,700.3582081420905,0,2,81,70,,,,,,,,
,04-00,11.7,36,0.96,700.3582081420905,0,2,86,51,,,,,,,,
,05-00,11.7,34,0.96,661.4494188008632,0,2,86,51,,,,,,,,
,06-00,11.7,33,0.96,641.9950241302496,0,2,86,51,,,,,,,,
,07-00,11.6,62,0.96,1195.863303171395,0,2,85,49,,,,,,,,
,08-00,11.7,55,0.96,1069.9917068837494,0,2,85,49,,,,,,,,
,09-00,11.6,57,0.96,1099.42271420596,0,2,85,49,,,,,,,,
,10-00,11.7,50,0.96,972.7197335306813,0,2,86,45,,,,,,,,
,11-00,11.7,54,0.96,1050.537312213136,0,2,86,45,,,,,,,,
,12-00,11.6,52,0.96,1002.9821252405246,0,2,86,45,,,,,,,,
,13-00,11.7,50,0.96,972.7197335306813,0,2,83,54,,,,,,,,
,14-00,11.7,52,0.96,1011.6285228719086,0,2,83,54,,,,,,,,
,15-00,11.5,53,0.96,1013.4575685247014,0,2,83,54,,,,,1.0,,,
,16-00,11.5,53,0.96,1013.4575685247014,0,2,84,53,,,,,1.0,,,
,17-00,11.5,51,0.96,975.2138866935805,0,2,84,53,,,,,1.0,,,
,18-00,11.7,48,0.96,933.8109441894541,0,2,84,53,,,,,,,,
,19-00,11.6,47,0.96,906.5415362750897,0,2,77,90,,,,,,,,
,20-00,11.6,51,0.96,983.6940074474378,0,2,77,90,,,,,,,,
,21-00,11.6,51,0.96,983.6940074474378,0,2,77,90,,,,,,,,
,22-00,11.7,46,0.96,894.9021548482268,0,2,76,85,,,,,,,,
,23-00,11.7,45,0.96,875.4477601776132,0,2,76,85,,,,,,,,
,24-00,11.7,40,0.96,778.175786824545,0,2,76,85,,,,,,,,
2021-06-12,01-00,11.7,38,0.97,746.967695373769,0,2,81,81,,,,,,,,
,02-00,11.7,36,0.97,707.6536061435706,0,2,81,81,,,,,,,,
,03-00,11.7,36,0.97,707.6536061435706,0,2,81,81,,,,,,,,
,04-00,11.7,36,0.97,707.6536061435706,0,2,87,64,,,1.0,,,,,
,05-00,11.7,36,0.97,707.6536061435706,0,2,87,64,,,1.0,,,,,
,06-00,11.7,53,0.97,1041.8233646002568,0,2,87,64,,,1.0,,,,,
,07-00,11.7,65,0.97,1277.7078999814469,0,2,88,55,,,1.0,,,,,
,08-00,11.5,48,0.97,927.4092844046795,0,2,88,55,,,,,,,,
,09-00,11.6,48,0.97,935.4737129647202,0,2,88,55,,,,,,,,
,10-00,11.7,55,0.97,1081.1374538304551,0,2,87,64,,,,,,,,
,11-00,11.7,52,0.97,1022.1663199851577,0,2,87,64,1.0,,,,,,,
,12-00,11.6,52,0.97,1013.4298557117801,0,2,87,64,1.0,,,,,,,
,13-00,11.5,66,0.97,1275.1877660564344,0,2,84,73,,,,,,,,
,14-00,11.5,63,0.97,1217.224685781142,0,2,84,73,,,,,,,,
,15-00,11.4,60,0.97,1149.1810698057986,0,2,84,73,,,,,,,,
,16-00,11.5,57,0.97,1101.2985252305568,0,2,84,69,,,,,,,,
,17-00,11.5,56,0.97,1081.9774984721262,0,2,84,69,,,,,,,,
,18-00,11.5,55,0.97,1062.6564717136953,0,2,84,69,,,,,,,,
,19-00,11.6,56,0.97,1091.3859984588403,0,2,83,59,,,,,,,,
,20-00,11.7,54,0.97,1061.480409215356,0,2,83,59,,,,,,,,
,21-00,11.7,53,0.97,1041.8233646002568,0,2,83,59,,,,,,,,
,22-00,11.7,46,0.97,904.2240522945625,0,2,80,73,,,,,,,,
,23-00,11.7,45,0.97,884.5670076794634,0,2,80,73,,,,,,,,
,24-00,11.7,41,0.97,805.9388292190666,0,2,80,73,,,,,,,,
2021-06-13,01-00,11.6,51,0.99,1014.4344451801703,1,2,82,68,,,,,,,,
,02-00,11.6,51,0.99,1014.4344451801703,1,2,82,68,,,,,,,,
,03-00,11.6,51,0.99,1014.4344451801703,1,2,82,68,,,,,,,,
,04-00,11.6,51,0.99,1014.4344451801703,1,2,88,58,,,,,,,,
,05-00,11.6,51,0.99,1014.4344451801703,1,2,88,58,,,,,,,,
,06-00,11.6,52,0.99,1034.325316654291,1,2,88,58,,,,,,,,
,07-00,11.4,61,0.99,1192.4234502675633,1,2,93,47,,,,,,,,
,08-00,11.4,64,0.99,1251.0672265102303,1,2,93,47,,,,,,,,
,09-00,11.4,59,0.99,1153.3275994391186,1,2,93,47,,,,,,,,
,10-00,11.5,62,0.99,1222.6027035386433,1,2,85,60,,,,,,,,
,11-00,11.4,60,0.99,1172.875524853341,1,2,85,60,,,,,,,,
,12-00,11.4,64,0.99,1251.0672265102303,1,2,85,60,,,,,,,,
,13-00,11.4,77,0.99,1505.1902568951207,1,2,80,85,,,,1.0,,,,
,14-00,11.5,66,0.99,1301.48029731533,1,2,80,85,,,,,,,,
,15-00,11.5,66,0.99,1301.48029731533,1,2,80,85,,,,,,,,
,16-00,11.5,66,0.99,1301.48029731533,1,2,75,87,,,,,,,,
,17-00,11.5,74,0.99,1459.2354848687032,1,2,75,87,,,,,,,,
,18-00,11.6,34,0.99,676.2896301201134,1,2,75,87,,,,,,,,
,19-00,11.6,52,0.99,1034.325316654291,1,2,83,74,,,,,,,,
,20-00,11.6,50,0.99,994.5435737060492,1,2,83,74,,,,,,,,
,21-00,11.6,48,0.99,954.7618307578073,1,2,83,87,,,,,,,,
,22-00,11.7,46,0.99,922.8678471872339,1,2,74,87,,,,,,,,
,23-00,11.7,42,0.99,842.6184691709527,1,2,74,87,,,,,,,,
,24-00,11.7,40,0.99,802.4937801628121,1,2,74,85,,,,,,,,
2021-06-14,01-00,11.7,38,0.98,754.6683932642202,0,2,79,85,,,,,,,,
,02-00,11.7,38,0.98,754.6683932642202,0,2,79,85,,,,,,,,
,03-00,11.7,36,0.98,714.9490041450507,0,2,79,77,,,,,,,,
,04-00,11.7,34,0.98,675.2296150258812,0,2,82,77,,,,,,,,
,05-00,11.7,32,0.98,635.5102259067118,0,2,82,77,,,,,,,,
,06-00,11.7,30,0.98,595.7908367875423,0,2,82,64,,,,,,,,
,07-00,11.7,50,0.98,992.9847279792372,0,2,88,64,,,,,,,,
,08-00,11.6,52,0.98,1023.8775861830356,0,2,88,64,,,,,,,,
,09-00,11.6,55,0.98,1082.9474469243648,0,2,88,58,,,,,,,,
,10-00,11.6,42,0.98,826.9780503786058,0,2,90,58,,,,,,,,
,11-00,11.6,50,0.98,984.4976790221497,0,2,90,58,,,,,,,,
,12-00,11.5,51,0.98,995.5308426663635,0,2,90,58,,,,,,,,
,13-00,11.5,52,0.98,1015.0510552676648,0,2,86,67,,,,,,,,
,14-00,11.6,54,0.98,1063.2574933439216,0,2,86,67,,,,,,,,
,15-00,11.6,52,0.98,1023.8775861830356,0,2,86,67,,,,,,,,
,16-00,11.6,50,0.98,984.4976790221497,0,2,85,62,,,,,,,,
,17-00,11.6,55,0.98,1082.9474469243648,0,2,85,62,,,,,,,,
,18-00,11.5,58,0.98,1132.1723308754722,0,2,85,62,,,,,,,,
,19-00,11.6,55,0.98,1082.9474469243648,0,2,74,87,,,,,,,,
,20-00,11.6,50,0.98,984.4976790221497,0,2,74,87,,,,,,,,
,21-00,11.6,46,0.98,905.7378647003777,0,2,74,87,,,,,,,,
,22-00,11.7,45,0.98,893.6862551813134,0,2,76,90,,,,,,,,
,23-00,11.7,40,0.98,794.3877823833897,0,2,76,90,,,,,,,,
,24-00,11.8,39,0.98,781.1479860103333,0,2,76,90,,,,,,,,
2021-06-15,01-00,11.8,39,0.99,789.1188838267653,0,2,77,91,,,,,,,,
,02-00,11.8,39,0.99,789.1188838267653,0,2,77,91,,,,,,,,
,03-00,11.8,38,0.99,768.8850662927457,0,2,77,91,,,,,,,,
,04-00,11.7,38,0.99,762.3690911546714,0,2,79,89,,,,,,,,
,05-00,11.6,45,0.99,895.0892163354443,0,2,79,89,,,,,,,,
,06-00,11.4,56,0.99,1094.6838231964514,0,2,79,89,,,,,,,,
,07-00,11.5,57,0.99,1124.005711317785,0,2,87,60,,,,,,,,
,08-00,11.4,61,0.99,1192.4234502675633,0,2,87,60,,,,,,,,
,09-00,11.3,60,0.99,1162.5871430563818,0,2,87,60,,,,,,,,
,10-00,11.3,60,0.99,1162.5871430563818,0,2,79,85,,,,,,,,
,11-00,11.4,58,0.99,1133.7796740248962,0,2,79,85,,,,,,,,
,12-00,11.5,55,0.99,1084.5669144294416,0,2,79,85,,,,,,,,
,13-00,11.5,54,0.99,1064.8475159852699,0,2,79,86,,,,,,,,
,14-00,11.4,54,0.99,1055.5879723680068,0,2,79,86,,,,,,,,
,15-00,11.4,53,0.99,1036.0400469537844,0,2,79,86,,,,,,,,
,16-00,11.5,61,0.99,1202.8833050944718,0,2,80,80,,,,,,,,
,17-00,11.5,65,0.99,1281.7608988711581,0,2,80,80,,,,,,,,
,18-00,11.6,51,0.99,1014.4344451801703,0,2,80,80,,,,,,,,
,19-00,11.6,52,0.99,1034.325316654291,0,2,80,83,,,,,,,,
,20-00,11.6,50,0.99,994.5435737060492,0,2,80,83,,,,,,,,
,21-00,11.6,45,0.99,895.0892163354443,0,2,80,83,,,,,,,,
,22-00,11.6,44,0.99,875.1983448613232,0,2,77,82,,,,,,,,
,23-00,11.6,40,0.99,795.6348589648394,0,2,77,82,,,,,,,,
,24-00,11.7,40,0.99,802.4937801628121,0,2,77,82,,,,,,,,
2021-06-16,01-00,11.7,39,0.98,774.528087823805,0,2,89,73,,,,,,,,
,02-00,11.7,39,0.98,774.528087823805,0,2,89,73,,,,,,,,
,03-00,11.7,39,0.98,774.528087823805,0,2,89,73,,,,,,,,
,04-00,11.6,36,0.98,708.8383288959478,0,2,87,52,,,,,,,,
,05-00,11.6,35,0.98,689.1483753155047,0,2,87,52,,,,,,,,
,06-00,11.5,65,0.98,1268.813819084581,0,2,87,52,,,,,,,,
,07-00,11.3,64,0.98,1227.5667611531358,0,2,86,66,,,,,,,,
,08-00,11.2,72,0.98,1368.7912557990717,0,2,86,66,,,,,,,,
,09-00,11.2,69,0.98,1311.7582868074435,0,2,86,66,,,,,,,,
,10-00,11.3,68,0.98,1304.2896837252067,0,2,91,45,,,,,,,,
,11-00,11.3,64,0.98,1227.5667611531358,0,2,91,45,,,,,,,,
,12-00,11.3,66,0.98,1265.9282224391713,0,2,91,45,,,,,,,,
,13-00,11.4,64,0.98,1238.4301838182078,0,2,81,86,,,,,,,,
,14-00,11.4,64,0.98,1238.4301838182078,0,2,81,86,,,,,,,,
,15-00,11.4,64,0.98,1238.4301838182078,0,2,81,86,,,,,,,,
,16-00,11.3,71,0.98,1361.8318756542599,0,2,81,87,,,,,,,,
,17-00,11.4,75,0.98,1451.2853716619622,0,2,81,87,,,,,,,,
,18-00,11.5,57,0.98,1112.652118274171,0,2,81,87,,,,,,,,
,19-00,11.4,52,0.98,1006.2245243522938,0,2,79,84,,,,,,,,
,20-00,11.5,53,0.98,1034.571267868966,0,2,79,84,,,,,,,,
,21-00,11.6,50,0.98,984.4976790221497,0,2,79,84,,,,,,,,
,22-00,11.6,48,0.98,945.1177718612637,0,2,78,83,,,,,,,,
,23-00,11.6,46,0.98,905.7378647003777,0,2,78,83,,,,,,,,
,24-00,11.6,42,0.98,826.9780503786058,0,2,78,83,,,,,,,,
2021-06-17,01-00,11.6,57,0.98,1122.3273540852506,0,2,83,67,,,,,,,,
,02-00,11.6,57,0.98,1122.3273540852506,0,2,83,67,,,,,,,,
,03-00,11.6,57,0.98,1122.3273540852506,0,2,83,67,,,,,,,,
,04-00,11.5,60,0.98,1171.2127560780746,0,2,84,65,,,,,,,,
,05-00,11.4,65,0.98,1257.7806554403671,0,2,84,65,,,,,,,,
,06-00,11.3,72,0.98,1381.0126062972777,0,2,84,65,,,,,,,,
,07-00,11.3,68,0.98,1304.2896837252067,0,2,86,59,,,,,,,,
,08-00,11.3,65,0.98,1246.7474917961536,0,2,86,59,,,,,,,,
,09-00,11.3,50,0.98,959.0365321508873,0,2,86,59,,,,,,,,
,10-00,11.3,82,0.98,1572.8199127274552,0,2,89,55,,,,1.0,,,,
,11-00,11.4,60,0.98,1161.0282973295698,0,2,89,55,,,,,,,,
,12-00,11.4,64,0.98,1238.4301838182078,0,2,89,55,,,,,,,,
,13-00,11.4,66,0.98,1277.1311270625267,0,2,82,75,,,,,,,,
,14-00,11.5,57,0.98,1112.652118274171,0,2,82,75,,,,,,,,
,15-00,11.5,57,0.98,1112.652118274171,0,2,82,75,,,,,,,,
,16-00,11.4,70,0.98,1354.533013551165,0,2,82,75,,,,,,,,
,17-00,11.4,74,0.98,1431.9349000398026,0,2,82,75,,,,,,,,
,18-00,11.4,58,0.98,1122.3273540852506,0,2,82,75,,,,,,,,
,19-00,11.6,55,0.98,1082.9474469243648,0,2,80,75,,,,,,,,
,20-00,11.6,57,0.98,1122.3273540852506,0,2,80,75,,,,,,,,
,21-00,11.6,54,0.98,1063.2574933439216,0,2,80,75,,,,,,,,
,22-00,11.6,48,0.98,945.1177718612637,0,2,79,83,,,,,,,,
,23-00,11.6,42,0.98,826.9780503786058,0,2,79,83,,,,,,,,
,24-00,11.6,39,0.98,767.9081896372768,0,2,79,83,,,,,,,,
2021-06-18,01-00,11.7,48,0.99,962.9925361953744,0,2,84,64,,,,,,,,
,02-00,11.7,48,0.99,962.9925361953744,0,2,84,64,,,,,,,,
,03-00,11.7,48,0.99,962.9925361953744,0,2,84,64,,,,,,,,
,04-00,11.6,48,0.99,954.7618307578073,0,2,89,46,,,,,,,,
,05-00,11.6,54,0.99,1074.1070596025331,0,2,89,46,,,,,,,,
,06-00,11.5,58,0.99,1143.7251097619567,0,2,89,46,,,,,,,,
,07-00,11.4,67,0.99,1309.7110027528972,0,2,92,38,,,,,,,,
,08-00,11.3,68,0.99,1317.598762130566,0,2,92,38,,,,,,,,
,09-00,11.2,87,0.99,1670.8332038261626,0,2,92,38,,,,,,,,
,10-00,11.2,85,0.99,1632.4232451175153,0,2,86,59,,,,,,,,
,11-00,11.2,81,0.99,1555.6033277002205,0,2,86,59,,,,,,,,
,12-00,11.3,72,0.99,1395.104571667658,0,2,86,59,,,,,,,,
,13-00,11.3,66,0.99,1278.84585736202,0,2,86,58,,,,,,,,
,14-00,11.3,66,0.99,1278.84585736202,0,2,86,58,,,,,,,,
,15-00,11.3,65,0.99,1259.469404977747,0,2,86,58,,,,,,,,
,16-00,11.3,74,0.99,1433.8574764362043,0,2,85,60,,,,,,,,
,17-00,11.3,82,0.99,1588.8690955103884,0,2,85,60,,,,,,,,
,18-00,11.4,78,0.99,1524.738182309343,0,2,85,60,,,,,,,,
,19-00,11.6,53,0.99,1054.216188128412,0,2,81,84,,,,,,,,
,20-00,11.6,55,0.99,1093.9979310766541,0,2,81,84,,,,,,,,
,21-00,11.6,52,0.99,1034.325316654291,0,2,81,84,,,,,,,,
,22-00,11.6,42,0.99,835.4166019130813,0,2,79,64,,,,,,,,
,23-00,11.6,41,0.99,815.5257304389603,0,2,79,64,,,,,,,,
,24-00,11.6,40,0.99,795.6348589648394,0,2,79,64,,,,,,,,
2021-06-19,01-00,11.6,39,0.94,736.5649982235103,0,2,84,60,,,,,,,,
,02-00,11.6,29,0.94,547.7021781662,0,2,84,60,,,,,,,,
,03-00,11.6,38,0.94,717.6787162177793,0,2,84,60,,,,,,,,
,04-00,11.6,37,0.94,698.7924342120483,0,2,86,58,,,,,,,,
,05-00,11.5,61,0.94,1142.1316230189932,0,2,86,58,,,,,,,,
,06-00,11.3,68,0.94,1251.0533701037698,0,2,86,58,,,,,,,,
,07-00,11.2,72,0.94,1312.92222495013,0,2,91,47,,,,,,,,
,08-00,11.2,80,0.94,1458.802472166811,0,2,91,47,,,,,,,,
,09-00,11.2,80,0.94,1458.802472166811,0,2,91,47,,,,,,,,
,10-00,11.3,82,0.94,1508.6231815957224,0,2,89,54,,,,,,,,
,11-00,11.4,70,0.94,1299.2459517735663,0,2,89,54,,,,,,,,
,12-00,11.3,68,0.94,1251.0533701037698,0,2,89,54,,,,,,,,
,13-00,11.5,75,0.94,1404.260192236467,0,2,86,59,,,,,,,,
,14-00,11.4,70,0.94,1299.2459517735663,0,2,86,59,,,,,,,,
,15-00,11.3,72,0.94,1324.6447448157562,0,2,86,59,,,,,,,,
,16-00,11.3,76,0.94,1398.2361195277426,0,2,81,84,,,,,,,,
,17-00,11.3,81,0.94,1490.2253379177257,0,2,81,84,,,,,,,,
,18-00,11.5,68,0.94,1273.1959076277303,0,2,81,84,,,,,,,,
,19-00,11.5,48,0.94,898.726523031339,0,2,83,58,,,,,,,,
,20-00,11.5,54,0.94,1011.0673384102563,0,2,83,58,,,,,,,,
,21-00,11.5,52,0.94,973.6203999506172,0,2,83,58,,,,,,,,
,22-00,11.6,42,0.94,793.2238442407034,0,2,79,72,,,,,,,,
,23-00,11.6,41,0.94,774.3375622349724,0,2,79,72,,,,,,,,
,24-00,11.6,40,0.94,755.4512802292414,0,2,79,72,,,,,,,,
2021-06-20,01-00,11.6,40,0.98,787.5981432177198,1,2,84,63,,,,,,,,
,02-00,11.6,40,0.98,787.5981432177198,1,2,84,63,,,,,,,,
,03-00,11.6,54,0.98,1063.2574933439216,1,2,84,63,,,,,,,,
,04-00,11.5,64,0.98,1249.2936064832797,1,2,89,49,,,,,,,,
,05-00,11.4,70,0.98,1354.533013551165,1,2,89,49,,,,,,,,
,06-00,11.2,84,0.98,1596.9231317655835,1,2,89,49,,,,,,,,
,07-00,11.2,83,0.98,1577.9121421017076,1,2,92,38,,,,,,,,
,08-00,11.2,92,0.98,1749.0110490765915,1,2,92,38,,,,,,,,
,09-00,11.2,92,0.98,1749.0110490765915,1,2,92,38,,,,,,,,
,10-00,11.2,89,0.98,1691.9780800849635,1,2,94,33,,,,,,,,
,11-00,11.2,88,0.98,1672.9670904210875,1,2,94,33,,,,,,,,
,12-00,11.2,84,0.98,1596.9231317655835,1,2,94,33,,,,,,,,
,13-00,11.2,82,0.98,1558.9011524378316,1,2,89,49,,,,,,,,
,14-00,11.3,78,0.98,1496.0969901553842,1,2,89,49,,,,,,,,
,15-00,11.3,80,0.98,1534.4584514414196,1,2,89,49,,,,,,,,
,16-00,11.2,88,0.98,1672.9670904210875,1,2,84,74,,,,,,,,
,17-00,11.2,96,0.98,1825.0550077320956,1,2,84,74,,,,,,,,
,18-00,11.3,90,0.98,1726.265757871597,1,2,84,74,,,,,,,,
,19-00,11.5,52,0.98,1015.0510552676648,1,2,80,78,,,,,,,,
,20-00,11.5,57,0.98,1112.652118274171,1,2,80,78,,,,,,,,
,21-00,11.5,54,0.98,1054.0914804702672,1,2,80,78,,,,,,,,
,22-00,11.5,48,0.98,936.9702048624598,1,2,83,54,,,,,,,,
,23-00,11.5,45,0.98,878.409567058556,1,2,83,54,,,,,,,,
,24-00,11.6,40,0.98,787.5981432177198,1,2,83,54,,,,,,,,
2021-06-21,01-00,11.5,61,0.96,1166.4322958491846,0,2,85,58,,,,,,,,
,02-00,11.5,61,0.96,1166.4322958491846,0,2,85,58,,,,,,,,
,03-00,11.5,61,0.96,1166.4322958491846,0,2,85,58,,,,,,,,
,04-00,11.4,68,0.96,1288.9783545862977,0,2,91,45,,,,,,,,
,05-00,11.4,84,0.96,1592.2673791948384,0,2,91,45,,,,,,,,
,06-00,11.3,96,0.96,1803.7715674086894,0,2,91,45,,,,,,,,
,07-00,11.5,104,0.96,1988.6714552182818,0,2,95,36,,,,,,,,
,08-00,11.5,107,0.96,2046.0369779649632,0,2,95,36,,,,,,,,
,09-00,11.4,112,0.96,2123.0231722597846,0,2,95,36,,,,,,,,
,10-00,11.6,103,0.96,1986.6761326879625,0,2,94,33,,,,,,,,
,11-00,11.5,92,0.96,1759.209364231557,0,2,94,33,,,,,,,,
,12-00,11.5,92,0.96,1759.209364231557,0,2,94,33,,,,,,,,
,13-00,11.5,92,0.96,1759.209364231557,0,2,88,59,,,,,,,,
,14-00,11.7,89,0.96,1731.4411256846126,0,2,88,59,,,,,,,,
,15-00,11.6,90,0.96,1735.9306013778314,0,2,88,59,,,,,,,,
,16-00,11.5,98,0.96,1873.9404097249196,0,2,86,63,,,,,,,,
,17-00,11.4,107,0.96,2028.2453520696156,0,2,86,63,,,,,,,,
,18-00,11.5,101,0.96,1931.3059324716007,0,2,86,63,,,,,,,,
,19-00,11.3,46,0.96,864.3072093833304,0,2,84,56,,,,,,,,
,20-00,11.4,59,0.96,1118.3782782439937,0,2,84,56,,,,,,,,
,21-00,11.4,56,0.96,1061.5115861298923,0,2,84,56,,,,,,,,
,22-00,11.4,50,0.96,947.7782019016895,0,2,84,56,,,,,,,,
,23-00,11.5,48,0.96,917.8483639468993,0,2,84,56,,,,,,,,
,24-00,11.5,45,0.96,860.4828412002182,0,2,86,59,,,,,,,,
2021-06-22,01-00,11.5,61,0.97,1178.5826322642804,0,2,86,59,,,,,,,,
,02-00,11.5,61,0.97,1178.5826322642804,0,2,86,59,,,,,,,,
,03-00,11.5,61,0.97,1178.5826322642804,0,2,86,59,,,,,,,,
,04-00,11.4,68,0.97,1302.4052124465718,0,2,89,56,,,,,,,,
,05-00,11.3,80,0.97,1518.800712140997,0,2,89,56,,,,,,,,
,06-00,11.2,87,0.97,1637.0789976882602,0,2,89,56,,,,,,,,
,07-00,11.3,100,0.97,1898.5008901762462,0,2,93,37,,,,,,,,
,08-00,11.5,105,0.97,2028.7078096352363,0,2,93,37,,,,,,,,
,09-00,11.5,102,0.97,1970.744729359944,0,2,93,37,,,,,,,,
,10-00,11.5,91,0.97,1758.213435017205,0,2,93,39,,,,,,,,
,11-00,11.6,93,0.97,1812.4803188691453,0,2,93,39,,,,,,,,
,12-00,11.6,99,0.97,1929.4145329897353,0,2,93,39,,,,,,,,
,13-00,11.7,99,0.97,1946.0474168948192,0,2,88,56,,,,,,,,
,14-00,11.7,93,0.97,1828.105149204224,0,2,88,56,,,,,,,,
,15-00,11.6,97,0.97,1890.4364616162054,0,2,88,56,,,,,,,,
,16-00,11.6,102,0.97,1987.8816400500305,0,2,86,62,,,,,,,,
,17-00,11.6,92,0.97,1792.9912831823804,0,2,86,62,,,,,,,,
,18-00,11.8,91,0.97,1804.0798724524366,0,2,86,62,,,,,,,,
,19-00,11.5,54,0.97,1043.3354449552644,0,2,85,68,,,,,,,,
,20-00,11.5,56,0.97,1081.9774984721262,0,2,85,68,,,,,,,,
,21-00,11.5,55,0.97,1062.6564717136953,0,2,85,68,,,,,,,,
,22-00,11.5,51,0.97,985.372364679972,0,2,78,85,,,,,,,,
,23-00,11.5,48,0.97,927.4092844046795,0,2,78,85,,,,,,,,
,24-00,11.5,45,0.97,869.4462041293871,0,2,78,85,,,,,,,,
2021-06-23,01-00,11.5,65,0.96,1242.919659511426,0,2,82,84,,,,,,,,
,02-00,11.5,65,0.96,1242.919659511426,0,2,82,84,,,,,,,,
,03-00,11.5,65,0.96,1242.919659511426,0,2,82,84,,,,,,,,
,04-00,11.5,68,0.96,1300.2851822581074,0,2,86,66,,,,,,,,
,05-00,11.4,82,0.96,1554.356251118771,0,2,86,66,,,,,,,,
,06-00,11.3,84,0.96,1578.3001214826031,0,2,86,66,,,,,,,,
,07-00,11.5,93,0.96,1778.3312051471175,0,2,85,69,,,,,,,,
,08-00,11.5,108,0.96,2065.1588188805235,0,2,85,69,,,,,,,,
,09-00,11.4,106,0.96,2009.289788031582,0,2,85,69,,,,,,,,
,10-00,11.6,99,0.96,1909.5236615156143,0,2,85,75,,,,,,,,
,11-00,11.7,85,0.96,1653.6235470021581,0,2,85,75,,,,,,,,
,12-00,11.7,83,0.96,1614.714757660931,0,2,85,75,,,,,,,,
,13-00,11.8,87,0.96,1706.9984246882009,0,2,83,80,,,,,,,,
,14-00,11.8,81,0.96,1589.2743953993595,0,2,83,80,,,,,,,,
,15-00,11.5,76,0.96,1453.2599095825906,0,2,83,80,,,,,,,,
,16-00,11.5,80,0.96,1529.747273244832,0,2,82,81,,,,,,,,
,17-00,11.5,82,0.96,1567.990955075953,0,2,82,81,,,,,,,,
,18-00,11.7,80,0.96,1556.35157364909,0,2,82,81,,,,,,,,
,19-00,11.6,50,0.96,964.4058896543507,0,2,80,85,,,,,,,,
,20-00,11.6,59,0.96,1137.9989497921338,0,2,80,85,,,,,,,,
,21-00,11.6,55,0.96,1060.8464786197858,0,2,80,85,,,,,,,,
,22-00,11.6,50,0.96,964.4058896543507,0,2,80,79,,,,,,,,
,23-00,11.6,46,0.96,887.2534184820026,0,2,80,79,,,,,,,,
,24-00,11.6,45,0.96,867.9653006889157,0,2,80,79,,,,,,,,
2021-06-24,01-00,11.6,73,0.9,1320.0305614643926,0,2,83,70,,,,,,,,
,02-00,11.6,73,0.9,1320.0305614643926,0,2,83,70,,,,,,,,
,03-00,11.6,73,0.9,1320.0305614643926,0,2,83,70,,,,,,,,
,04-00,11.5,70,0.9,1254.8708100836513,0,2,86,64,,,,,,,,
,05-00,11.4,68,0.9,1208.4172074246542,0,2,86,64,,,,,,,,
,06-00,11.4,68,0.9,1208.4172074246542,0,2,86,64,,,,,,,,
,07-00,11.3,81,0.9,1426.811493751014,0,2,87,55,,,,,,,,
,08-00,11.2,84,0.9,1466.5620597847196,0,2,87,55,,,,,,,,
,09-00,11.2,88,0.9,1536.3983483458967,0,2,87,55,,,,,,,,
,10-00,11.4,90,0.9,1599.375715709101,0,2,89,52,,,,,,,,
,11-00,11.5,85,0.9,1523.7716979587199,0,2,89,52,,,,,,,,
,12-00,11.5,82,0.9,1469.991520383706,0,2,89,52,,,,,,,,
,13-00,11.5,83,0.9,1487.918246242044,0,2,83,67,,,,,,,,
,14-00,11.5,78,0.9,1398.2846169503546,0,2,83,67,,,,,,,,
,15-00,11.5,80,0.9,1434.1380686670302,0,2,83,67,,,,,,,,
,16-00,11.5,82,0.9,1469.991520383706,0,2,82,78,,,,,,,,
,17-00,11.5,87,0.9,1559.6251496753953,0,2,82,78,,,,,,,,
,18-00,11.6,76,0.9,1374.2783927574499,0,2,82,78,,,,,,,,
,19-00,11.6,45,0.9,813.7174693958585,0,2,81,84,,,,,,,,
,20-00,11.6,51,0.9,922.213131981973,0,2,81,84,,,,,,,,
,21-00,11.7,50,0.9,911.9247501850137,0,2,81,84,,,,,,,,
,22-00,11.7,48,0.9,875.4477601776132,0,2,80,85,,,,,,,,
,23-00,11.7,46,0.9,838.9707701702126,0,2,80,85,,,,,,,,
,24-00,11.7,42,0.9,766.0167901554116,0,2,80,85,,,,,,,,
2021-06-25,01-00,11.7,38,0.96,739.2669974833177,0,2,83,67,,,,,,,,
,02-00,11.7,38,0.96,739.2669974833177,0,2,83,67,,,,,,,,
,03-00,11.7,36,0.96,700.3582081420905,0,2,83,67,,,,,,,,
,04-00,11.7,36,0.96,700.3582081420905,0,2,88,59,,,,,,,,
,05-00,11.7,36,0.96,700.3582081420905,0,2,88,59,,,,,,,,
,06-00,11.2,82,0.96,1527.0868432044063,0,2,88,59,,,,,,,,
,07-00,11.2,112,0.96,2085.7771516938233,0,2,90,49,,,,,,,,
,08-00,11.2,116,0.96,2160.2691928257454,0,2,90,49,,,,,,,,
,09-00,11.5,116,0.96,2218.133546205007,0,2,90,49,,,,,,,,
,10-00,11.7,100,0.96,1945.4394670613626,0,2,90,53,,,,,,,,
,11-00,11.5,102,0.96,1950.427773387161,0,2,90,53,,,,,,,,
,12-00,11.5,105,0.96,2007.7932961338422,0,2,90,53,,,,,,,,
,13-00,11.6,105,0.96,2025.2523682741366,0,2,85,78,,,,,,,,
,14-00,11.7,95,0.96,1848.1674937082944,0,2,85,78,,,,,,,,
,15-00,11.6,90,0.96,1735.9306013778314,0,2,85,78,,,,,,,,
,16-00,11.6,95,0.96,1832.3711903432663,0,2,83,76,,,,,,,,
,17-00,11.6,90,0.96,1735.9306013778314,0,2,83,76,,,,,,,,
,18-00,11.7,80,0.96,1556.35157364909,0,2,83,76,,,,,,,,
,19-00,11.6,50,0.96,964.4058896543507,0,2,80,86,,,,,,,,
,20-00,11.6,55,0.96,1060.8464786197858,0,2,80,86,,,,,,,,
,21-00,11.6,54,0.96,1041.5583608266988,0,2,80,86,,,,,,,,
,22-00,11.7,46,0.96,894.9021548482268,0,2,82,78,,,,,,,,
,23-00,11.7,44,0.96,855.9933655069996,0,2,82,78,,,,,,,,
,24-00,11.7,40,0.96,778.175786824545,0,2,82,78,,,,,,,,
2021-06-26,01-00,11.6,40,0.98,787.5981432177198,0,2,86,73,,,,,,,,
,02-00,11.6,40,0.98,787.5981432177198,0,2,86,73,,,,,,,,
,03-00,11.6,38,0.98,748.2182360568338,0,2,86,73,,,,,,,,
,04-00,11.6,38,0.98,748.2182360568338,0,2,90,60,,,,,,,,
,05-00,11.4,82,0.98,1586.7386730170788,0,2,90,60,,,,,,,,
,06-00,11.4,85,0.98,1644.7900878835571,0,2,90,60,,,,,,,,
,07-00,11.4,92,0.98,1780.2433892386737,0,2,80,91,,,,,,,,
,08-00,11.3,106,0.98,2033.157448159881,0,2,80,91,,,,,,,,
,09-00,11.2,108,0.98,2053.1868836986073,0,2,80,91,,,,,,,,
,10-00,11.3,104,0.98,1994.7959868738455,0,2,78,93,,,,,,,,
,11-00,11.3,104,0.98,1994.7959868738455,0,2,78,93,,,,,,,,
,12-00,11.3,95,0.98,1822.1694110866858,0,2,78,93,,,,,,,,
,13-00,11.3,90,0.98,1726.265757871597,0,2,78,93,,,,,,,,
,14-00,11.4,84,0.98,1625.4396162613978,0,2,78,93,,,,,,,,
,15-00,11.5,85,0.98,1659.218071110606,0,2,78,93,,,,,,,,
,16-00,11.5,83,0.98,1620.1776459080033,0,2,77,93,,,,,,,,
,17-00,11.6,82,0.98,1614.5761935963255,0,2,77,93,,,,,,,,
,18-00,11.6,79,0.98,1555.5063328549966,0,2,77,93,,,,,,,,
,19-00,11.6,56,0.98,1102.6374005048076,0,2,82,78,,,,,,,,
,20-00,11.6,54,0.98,1063.2574933439216,0,2,82,78,,,,,,,,
,21-00,11.6,52,0.98,1023.8775861830356,0,2,82,78,,,,,,,,
,22-00,11.7,46,0.98,913.5459497408982,0,2,76,95,,,,,,,,
,23-00,11.7,44,0.98,873.8265606217287,0,2,76,95,,,,,,,,
,24-00,11.7,41,0.98,814.2474769429745,0,2,76,95,,,,,,,,
2021-06-27,01-00,11.7,40,0.97,786.2817846039674,1,2,82,93,,,,,,,,
,02-00,11.7,40,0.97,786.2817846039674,1,2,82,93,,,,,,,,
,03-00,11.7,39,0.97,766.6247399888681,1,2,82,93,,,,,,,,
,04-00,11.7,39,0.97,766.6247399888681,1,2,86,78,,,,,,,,
,05-00,11.7,38,0.97,746.967695373769,1,2,86,78,,,,,,,,
,06-00,11.5,77,0.97,1487.7190603991735,1,2,86,78,,,,,,,,
,07-00,11.3,96,0.97,1822.5608545691964,1,2,90,71,,,,,,,,
,08-00,11.3,98,0.97,1860.5308723727214,1,2,90,71,,,,,,,,
,09-00,11.3,100,0.97,1898.5008901762462,1,2,90,71,,,,,,,,
,10-00,11.3,102,0.97,1936.4709079797713,1,2,87,74,,,,,,,,
,11-00,11.3,106,0.97,2012.4109435868208,1,2,87,74,,,,,,,,
,12-00,11.3,108,0.97,2050.380961390346,1,2,87,74,,,,,,,,
,13-00,11.3,98,0.97,1860.5308723727214,1,2,81,83,,,,,,,,
,14-00,11.3,103,0.97,1955.4559168815335,1,2,81,83,,,,,,,,
,15-00,11.3,105,0.97,1993.4259346850588,1,2,81,83,,,,,,,,
,16-00,11.4,95,0.97,1819.5366938591812,1,2,79,80,,,,,,,,
,17-00,11.5,75,0.97,1449.0770068823117,1,2,79,80,,,,,,,,
,18-00,11.6,73,0.97,1422.6996051338451,1,2,79,80,,,,,,,,
,19-00,11.6,58,0.97,1130.3640698323702,1,2,77,93,,,,,,,,
,20-00,11.7,45,0.97,884.5670076794634,1,2,77,93,,,,,,,,
,21-00,11.8,44,0.97,872.3023559110683,1,2,77,93,,,,,,,,
,22-00,11.8,42,0.97,832.6522488242015,1,2,78,90,,,,,,,,
,23-00,11.8,38,0.97,753.352034650468,1,2,78,90,,,,,,,,
,24-00,11.8,35,0.97,693.8768740201679,1,2,78,90,,,,,,,,
2021-06-28,01-00,11.8,35,0.97,693.8768740201679,0,2,80,87,,,,,,,,
,02-00,11.8,35,0.97,693.8768740201679,0,2,80,87,,,,,,,,
,03-00,11.8,35,0.97,693.8768740201679,0,2,80,87,,,,,,,,
,04-00,11.7,35,0.97,687.9965615284714,0,2,81,84,,,,,,,,
,05-00,11.6,83,0.97,1617.5899620014955,0,2,81,84,,,,,,,,
,06-00,11.4,85,0.97,1628.0065155582147,0,2,81,84,,,,,,,,
,07-00,11.3,103,0.97,1955.4559168815335,0,2,81,84,,,,,,,,
,08-00,11.5,103,0.97,1990.0657561183748,0,2,81,84,,,,,,,,
,09-00,11.5,101,0.97,1951.4237026015132,0,2,89,57,,,,,,,,
,10-00,11.5,101,0.97,1951.4237026015132,0,2,89,57,,,,,,,,
,11-00,11.5,99,0.97,1912.7816490846515,0,2,89,57,,,,,,,,
,12-00,11.6,94,0.97,1831.9693545559105,0,2,89,57,,,,,,,,
,13-00,11.6,94,0.97,1831.9693545559105,0,2,83,77,,,,,,,,
,14-00,11.6,94,0.97,1831.9693545559105,0,2,83,77,,,,,,,,
,15-00,11.6,96,0.97,1870.9474259294404,0,2,83,77,,,,,,,,
,16-00,11.6,96,0.97,1870.9474259294404,0,2,82,86,,,,,,,,
,17-00,11.5,115,0.97,2221.9180772195446,0,2,82,86,,,,1.0,,,,
,18-00,11.5,102,0.97,1970.744729359944,0,2,82,86,,,,,,,,
,19-00,11.6,46,0.97,896.4956415911902,0,2,78,90,,,,,,,,
,20-00,11.6,50,0.97,974.4517843382503,0,2,78,90,,,,,,,,
,21-00,11.6,48,0.97,935.4737129647202,0,2,78,90,,,,,,,,
,22-00,11.6,46,0.97,896.4956415911902,0,2,78,90,,,,,,,,
,23-00,11.6,45,0.97,877.0066059044252,0,2,78,90,,,,,,,,
,24-00,11.6,44,0.97,857.5175702176601,0,2,78,90,,,,,,,,
2021-06-29,01-00,11.7,72,0.95,1386.1256202812208,0,2,78,90,,,,,,,,
,02-00,11.6,72,0.95,1374.2783927574499,0,2,78,90,,,,,,,,
,03-00,11.6,72,0.95,1374.2783927574499,0,2,78,90,,,,,,,,
,04-00,11.5,80,0.95,1513.8124058151984,0,2,78,90,,,,,,,,
,05-00,11.4,90,0.95,1688.2299221373844,0,2,78,90,,,,,,,,
,06-00,11.2,109,0.95,2008.7632445860806,0,2,91,51,,,,,,,,
,07-00,11.2,123,0.95,2266.7695328815407,0,2,91,51,,,,,,,,
,08-00,11.7,129,0.95,2483.475069670521,0,2,91,51,,,,,,,,
,09-00,11.7,123,0.95,2367.964601313752,0,2,91,51,,,,,,,,
,10-00,11.8,125,0.95,2427.036194105889,0,2,92,51,,,,,,,,
,11-00,11.8,130,0.95,2524.1176418701243,0,2,92,51,,,,,,,,
,12-00,11.6,126,0.95,2404.987187325537,0,2,92,51,,,,,,,,
,13-00,11.5,125,0.95,2365.3318840862476,0,2,86,79,,,,,,,,
,14-00,11.5,124,0.95,2346.4092290135577,0,2,86,79,,,,,,,,
,15-00,11.5,122,0.95,2308.563918868178,0,2,86,79,,,,,,,,
,16-00,11.5,120,0.95,2270.718608722798,0,2,86,79,,,,,,,,
,17-00,11.5,118,0.95,2232.8732985774177,0,2,86,79,,,,,,,,
,18-00,11.5,124,0.95,2346.4092290135577,0,2,86,79,,,,,,,,
,19-00,11.6,48,0.95,916.1855951716332,0,2,81,87,,,,,,,,
,20-00,11.6,54,0.95,1030.7087945680873,0,2,81,87,,,,,,,,
,21-00,11.6,52,0.95,992.5343947692692,0,2,81,87,,,,,,,,
,22-00,11.6,48,0.95,916.1855951716332,0,2,81,84,,,,,,,,
,23-00,11.6,45,0.95,858.9239954734061,0,2,81,84,,,,,,,,
,24-00,11.6,45,0.95,858.9239954734061,0,2,81,84,,,,,,,,
2021-06-30,01-00,11.6,74,0.93,1382.7169442919253,0,2,88,73,,,,,,,,
,02-00,11.6,74,0.93,1382.7169442919253,0,2,88,73,,,,,,,,
,03-00,11.6,76,0.93,1420.0876725160317,0,2,88,73,,,,,,,,
,04-00,11.4,82,0.93,1505.7826182713095,0,2,92,58,,,,,,,,
,05-00,11.3,85,0.93,1547.1803646230132,0,2,92,58,,,,,,,,
,06-00,11.2,137,0.93,2471.6226459943273,0,2,92,58,,,,,,,,
,07-00,11.5,148,0.93,2741.593941268473,0,2,96,46,,,,,,,,
,08-00,11.5,157,0.93,2908.3124917510154,0,2,96,46,,,,,,,,
,09-00,11.5,154,0.93,2852.7396415901676,0,2,96,46,,,,,,,,
,10-00,11.5,148,0.93,2741.593941268473,0,2,91,65,,,,,,,,
,11-00,11.6,147,0.93,2746.7485244717977,0,2,91,65,,,,,,,,
,12-00,11.6,138,0.93,2578.5802474633206,0,2,91,65,,,,,,,,
,13-00,11.6,132,0.93,2466.468062791002,0,2,84,73,,,,,,,,
,14-00,11.4,113,0.93,2075.0419007885116,0,2,84,73,,,,,,,,
,15-00,11.4,117,0.93,2148.4947114358924,0,2,84,73,,,,,,,,
,16-00,11.4,122,0.93,2240.310724745119,0,2,77,93,,,,,,,,
,17-00,11.4,102,0.93,1873.0466715082143,0,2,77,93,,,,,,,,
,18-00,11.8,52,0.93,988.3913292375647,0,2,77,93,,,,,,,,
,19-00,11.8,53,0.93,1007.3988547998256,0,2,86,75,,,,,,,,
,20-00,11.8,53,0.93,1007.3988547998256,0,2,86,75,,,,,,,,
,21-00,11.8,51,0.93,969.3838036753037,0,2,86,75,,,,,,,,
,22-00,11.8,50,0.93,950.376278113043,0,2,79,91,,,,,,,,
,23-00,11.8,47,0.93,893.3537014262604,0,2,79,91,,,,,,,,
,24-00,11.8,45,0.93,855.3386503017387,0,2,79,91,,,,,,,,
2021-07-01,01-00,11.8,44,0.94,845.3239325323754,0,0,80,91,,,,,,,,
,02-00,11.8,44,0.94,845.3239325323754,0,0,80,91,,,,,,,,
,03-00,11.8,44,0.94,845.3239325323754,0,0,80,91,,,,,,,,
,04-00,11.8,44,0.94,845.3239325323754,0,0,84,87,,,,,,,,
,05-00,11.8,44,0.94,845.3239325323754,0,0,84,87,,,,,,,,
,06-00,11.3,100,0.94,1839.7843677996614,0,0,84,87,,,,,,,,
,07-00,11.6,105,0.94,1983.0596106017588,0,0,92,67,,,,,,,,
,08-00,11.6,114,0.94,2153.036148653338,0,0,92,67,,,,,,,,
,09-00,11.6,121,0.94,2285.240122693455,0,0,92,67,,,,,,,,
,10-00,11.7,114,0.94,2171.596805107246,0,0,91,66,,,,,,,,
,11-00,11.7,104,0.94,1981.105857290821,0,0,91,66,,,,,,,,
,12-00,11.7,108,0.94,2057.302236417391,0,0,91,66,,,,,,,,
,13-00,11.7,113,0.94,2152.5477103256035,0,0,79,93,,,,,,,,
,14-00,11.7,111,0.94,2114.449520762318,0,0,79,93,,,,,,,,
,15-00,11.5,110,0.94,2059.5816152801517,0,0,79,93,,,,,,,,
,16-00,11.5,124,0.94,2321.7101844976255,0,0,79,93,,,,,,,,
,17-00,11.5,118,0.94,2209.369369118708,0,0,79,93,,,,,,,,
,18-00,11.7,104,0.94,1981.105857290821,0,0,79,93,,,,,,,,
,19-00,11.8,48,0.94,922.1715627625912,0,0,78,93,,,,,,,,
,20-00,11.8,50,0.94,960.5953778776992,0,0,78,93,,,,,,,,
,21-00,11.8,46,0.94,883.7477476474833,0,0,78,93,,,,,,,,
,22-00,11.8,41,0.94,787.6882098597133,0,0,79,93,,,,,,,,
,23-00,11.8,40,0.94,768.4763023021594,0,0,79,93,,,,,,,,
,24-00,11.8,40,0.94,768.4763023021594,0,0,79,93,,,,,,,,
2021-07-02,01-00,11.8,40,0.93,760.3010224904344,0,0,78,96,,,,,,,,
,02-00,11.8,40,0.93,760.3010224904344,0,0,78,96,,,,,,,,
,03-00,11.8,40,0.93,760.3010224904344,0,0,78,96,,,,,,,,
,04-00,11.8,40,0.93,760.3010224904344,0,0,81,93,,,,,,,,
,05-00,11.7,40,0.93,753.857793486278,0,0,81,93,,,,,,,,
,06-00,11.5,40,0.93,740.9713354779657,0,0,81,93,,,,,,,,
,07-00,11.3,60,0.93,1092.12731620448,0,0,82,84,,,,,,,,
,08-00,11.4,80,0.93,1469.056212947619,0,0,82,84,,,,,,,,
,09-00,11.5,96,0.93,1778.3312051471175,0,0,82,84,,,,,,,,
,10-00,11.7,100,0.93,1884.644483715695,0,0,83,86,,,,,,,,
,11-00,11.7,98,0.93,1846.9515940413812,0,0,83,86,,,,,,,,
,12-00,11.7,91,0.93,1715.0264801812825,0,0,83,86,,,,,,,,
,13-00,11.7,93,0.93,1752.7193698555966,0,0,81,91,,,,,,,,
,14-00,11.7,93,0.93,1752.7193698555966,0,0,81,91,,,,,,,,
,15-00,11.7,90,0.93,1696.1800353441256,0,0,81,91,,,,,,,,
,16-00,11.7,94,0.93,1771.5658146927535,0,0,80,88,,,,,,,,
,17-00,11.7,100,0.93,1884.644483715695,0,0,80,88,,,,,,,,
,18-00,11.7,100,0.93,1884.644483715695,0,0,80,88,,,,,,,,
,19-00,11.8,47,0.93,893.3537014262604,0,0,79,93,,,,,,,,
,20-00,11.8,47,0.93,893.3537014262604,0,0,79,93,,,,,,,,
,21-00,11.8,46,0.93,874.3461758639995,0,0,79,93,,,,,,,,
,22-00,11.8,45,0.93,855.3386503017387,0,0,78,90,,,,,,,,
,23-00,11.8,42,0.93,798.316073614956,0,0,78,90,,,,,,,,
,24-00,11.8,40,0.93,760.3010224904344,0,0,78,90,,,,,,,,
2021-07-03,01-00,11.6,73,0.93,1364.0315801798722,0,0,83,73,,,,,,,,
,02-00,11.6,73,0.93,1364.0315801798722,0,0,83,73,,,,,,,,
,03-00,11.6,73,0.93,1364.0315801798722,0,0,83,73,,,,,,,,
,04-00,11.6,73,0.93,1364.0315801798722,0,0,86,62,,,,,,,,
,05-00,11.5,93,0.93,1722.7583549862702,0,0,86,62,,,,,,,,
,06-00,11.2,108,0.93,1948.4324508568416,0,0,86,62,,,,,,,,
,07-00,11.4,137,0.93,2515.7587646727975,0,0,90,55,,,,,,,,
,08-00,11.4,134,0.93,2460.669156687262,0,0,90,55,,,,,,,,
,09-00,11.5,133,0.93,2463.729690464236,0,0,90,55,,,,,,,,
,10-00,11.5,133,0.93,2463.729690464236,0,0,90,52,,,,,,,,
,11-00,11.5,131,0.93,2426.6811236903377,0,0,90,52,,,,,,,,
,12-00,11.5,136,0.93,2519.3025406250836,0,0,90,52,,,,,,,,
,13-00,11.5,140,0.93,2593.3996741728797,0,0,85,78,,,,,,,,
,14-00,11.5,143,0.93,2648.972524333727,0,0,85,78,,,,,,,,
,15-00,11.5,137,0.93,2537.8268240120324,0,0,85,78,,,,,,,,
,16-00,11.5,151,0.93,2797.1667914293207,0,0,82,80,,,,,,,,
,17-00,11.6,141,0.93,2634.6363397994796,0,0,82,80,,,,,,,,
,18-00,11.7,135,0.93,2544.2700530161887,0,0,82,80,,,,,,,,
,19-00,11.6,48,0.93,896.8974773785462,0,0,78,90,,,,,,,,
,20-00,11.6,57,0.93,1065.0657543870236,0,0,78,90,,,,,,,,
,21-00,11.6,54,0.93,1009.0096620508646,0,0,78,90,,,,,,,,
,22-00,11.7,50,0.93,942.3222418578475,0,0,81,90,,,,,,,,
,23-00,11.7,45,0.93,848.0900176720628,0,0,81,90,,,,,,,,
,24-00,11.7,42,0.93,791.550683160592,0,0,81,90,,,,,,,,
2021-07-04,01-00,11.5,95,0.95,1797.6522319055484,1,0,85,78,,,,,,,,
,02-00,11.5,95,0.95,1797.6522319055484,1,0,85,78,,,,,,,,
,03-00,11.5,95,0.95,1797.6522319055484,1,0,85,78,,,,,,,,
,04-00,11.5,95,0.95,1797.6522319055484,1,0,90,53,,,,,,,,
,05-00,11.4,98,0.95,1838.294804105152,1,0,90,53,,,,,,,,
,06-00,11.4,137,0.95,2569.8611036980187,1,0,90,53,,,,,,,,
,07-00,11.2,168,0.95,3096.075459545519,1,0,95,43,,,,,,,,
,08-00,11.2,175,0.95,3225.078603693249,1,0,95,43,,,,,,,,
,09-00,11.2,167,0.95,3077.646438952986,1,0,95,43,,,,,,,,
,10-00,11.4,160,0.95,3001.2976393553504,1,0,77,95,,,,,,,,
,11-00,11.4,153,0.95,2869.9908676335535,1,0,77,95,,,,,,,,
,12-00,11.3,159,0.95,2956.3769016610518,1,0,77,95,,,,,,,,
,13-00,11.3,154,0.95,2863.4090745647923,1,0,78,93,,,,,,,,
,14-00,11.3,154,0.95,2863.4090745647923,1,0,78,93,,,,,,,,
,15-00,11.4,154,0.95,2888.748977879525,1,0,78,93,,,,,,,,
,16-00,11.3,160,0.95,2974.9704670803035,1,0,79,95,,,,,,,,
,17-00,11.3,160,0.95,2974.9704670803035,1,0,79,95,,,,,,,,
,18-00,11.5,150,0.95,2838.398260903497,1,0,79,95,,,,,,,,
,19-00,11.6,52,0.95,992.5343947692692,1,0,81,87,,,,,,,,
,20-00,11.7,58,0.95,1116.601194115428,1,0,81,87,,,,,,,,
,21-00,11.7,54,0.95,1039.5942152109158,1,0,81,87,,,,,,,,
,22-00,11.7,47,0.95,904.8320021280191,1,0,79,95,,,,,,,,
,23-00,11.6,45,0.95,858.9239954734061,1,0,79,95,,,,,,,,
,24-00,11.6,43,0.95,820.749595674588,1,0,79,95,,,,,,,,
2021-07-05,01-00,11.5,91,0.94,1703.8356999135801,0,0,84,98,,,,,,,,
,02-00,11.5,91,0.94,1703.8356999135801,0,0,84,98,,,,,,,,
,03-00,11.5,91,0.94,1703.8356999135801,0,0,84,98,,,,,,,,
,04-00,11.5,91,0.94,1703.8356999135801,0,0,85,85,,,,,,,,
,05-00,11.4,98,0.94,1818.9443324829924,0,0,85,85,,,,,,,,
,06-00,11.5,153,0.94,2864.690792162393,0,0,85,85,,,,,,,,
,07-00,11.6,200,0.94,3777.256401146207,0,0,89,73,,,,,,,,
,08-00,11.7,194,0.94,3695.5243876386467,0,0,89,73,,,,,,,,
,09-00,11.7,190,0.94,3619.3280085120764,0,0,89,73,,,,,,,,
,10-00,11.8,180,0.94,3458.143360359717,0,0,85,80,,,,,,,,
,11-00,11.5,186,0.94,3482.5652767464385,0,0,85,80,,,,,,,,
,12-00,11.5,180,0.94,3370.224461367521,0,0,85,80,,,,,,,,
,13-00,11.4,174,0.94,3229.554222980007,0,0,82,89,,,,,,,,
,14-00,11.4,174,0.94,3229.554222980007,0,0,82,89,,,,,,,,
,15-00,11.3,174,0.94,3201.224799971411,0,0,82,89,,,,,,,,
,16-00,11.7,172,0.94,3276.4443024425113,0,0,82,91,,,,,,,,
,17-00,11.8,170,0.94,3266.024284784178,0,0,82,91,,,,,,,,
,18-00,11.6,166,0.94,3135.122812951352,0,0,82,91,,,,,,,,
,19-00,11.6,58,0.94,1095.4043563324,0,0,79,95,,,,,,,,
,20-00,11.7,56,0.94,1066.7493077719805,0,0,79,95,,,,,,,,
,21-00,11.6,54,0.94,1019.8592283094758,0,0,79,95,,,,,,,,
,22-00,11.7,52,0.94,990.5529286454105,0,0,79,93,,,,,,,,
,23-00,11.6,48,0.94,906.5415362750897,0,0,79,93,,,,,,,,
,24-00,11.6,45,0.94,849.8826902578966,0,0,79,93,,,,,,,,
2021-07-06,01-00,11.5,97,0.93,1796.8554885340666,0,0,85,84,,,,,,,,
,02-00,11.5,97,0.93,1796.8554885340666,0,0,85,84,,,,,,,,
,03-00,11.5,97,0.93,1796.8554885340666,0,0,85,84,,,,,,,,
,04-00,11.5,108,0.93,2000.6226057905074,0,0,91,56,,,,,,,,
,05-00,11.4,143,0.93,2625.937980643869,0,0,91,56,,,,,,,,
,06-00,11.3,174,0.93,3167.169216992992,0,0,91,56,,,,,,,,
,07-00,11.4,200,0.93,3672.6405323690474,0,0,96,42,,,,,,,,
,08-00,11.4,200,0.93,3672.6405323690474,0,0,96,42,,,,,,,,
,09-00,11.4,200,0.93,3672.6405323690474,0,0,96,42,,,,,,,,
,10-00,11.6,198,0.93,3699.702094186503,0,0,90,53,,,,,,,,
,11-00,11.7,190,0.93,3580.824519059821,0,0,90,53,,,,,,,,
,12-00,11.7,180,0.93,3392.360070688251,0,0,90,53,,,,,,,,
,13-00,11.7,178,0.93,3354.6671810139374,0,0,84,90,,,,,,,,
,14-00,11.5,175,0.93,3241.7495927161,0,0,84,90,,,,,,,,
,15-00,11.4,175,0.93,3213.5604658229163,0,0,84,90,,,,,,,,
,16-00,11.4,175,0.93,3213.5604658229163,0,0,83,89,,,,,,,,
,17-00,11.2,178,0.93,3211.3053356714613,0,0,83,89,,,,,,,,
,18-00,11.8,157,0.93,2984.1815132749553,0,0,83,89,,,,,,,,
,19-00,11.8,52,0.93,988.3913292375647,0,0,81,91,,,,,,,,
,20-00,11.8,59,0.93,1121.4440081733906,0,0,81,91,,,,,,,,
,21-00,11.7,56,0.93,1055.4009108807893,0,0,81,91,,,,,,,,
,22-00,11.7,50,0.93,942.3222418578475,0,0,82,93,,,,,,,,
,23-00,11.6,48,0.93,896.8974773785462,0,0,82,93,,,,,,,,
,24-00,11.6,48,0.93,896.8974773785462,0,0,82,93,,,,,,,,
2021-07-07,01-00,11.4,101,0.93,1854.683468846369,0,0,86,77,,,,,,,,
,02-00,11.4,101,0.93,1854.683468846369,0,0,86,77,,,,,,,,
,03-00,11.4,101,0.93,1854.683468846369,0,0,86,77,,,,,,,,
,04-00,11.2,113,0.93,2038.6376569150289,0,0,93,56,,,,,,,,
,05-00,11.2,145,0.93,2615.9509756874263,0,0,93,56,,,,,,,,
,06-00,11.1,173,0.93,3093.233164170299,0,0,93,56,,,,,,,,
,07-00,11.3,206,0.93,3749.6371189687143,0,0,95,47,,,,,,,,
,08-00,11.3,222,0.93,4040.871069956576,0,0,95,47,,,,,,,,
,09-00,11.5,211,0.93,3908.6237946462684,0,0,95,47,,,,,,,,
,10-00,11.4,205,0.93,3764.456545678274,0,0,90,71,,,,,,,,
,11-00,11.6,195,0.93,3643.646001850344,0,0,90,71,,,,,,,,
,12-00,11.6,189,0.93,3531.533817178026,0,0,90,71,,,,,,,,
,13-00,11.7,179,0.93,3373.5136258510943,0,0,85,75,1.0,,,,,,,
,14-00,11.3,173,0.93,3148.9670950562504,0,0,85,75,,,,,,,,
,15-00,11.3,179,0.93,3258.179826676698,0,0,85,75,,,,,,,,
,16-00,11.7,185,0.93,3486.592294874036,0,0,85,82,,,,,,,,
,17-00,11.7,164,0.93,3090.8169532937404,0,0,85,82,,,,,,,,
,18-00,11.8,144,0.93,2737.083680965564,0,0,85,82,,,,,,,,
,19-00,11.5,62,0.93,1148.5055699908467,0,0,82,92,,,,,,,,
,20-00,11.5,60,0.93,1111.4570032169484,0,0,82,92,,,,,,,,
,21-00,11.5,56,0.93,1037.359869669152,0,0,82,92,,,,,,,,
,22-00,11.6,50,0.93,934.2682056026523,0,0,78,96,,,,,,,,
,23-00,11.6,48,0.93,896.8974773785462,0,0,78,96,,,,,,,,
,24-00,11.6,44,0.93,822.1560209303341,0,0,78,96,,,,,,,,
2021-07-08,01-00,11.5,98,0.93,1815.3797719210158,0,0,77,95,,,,,,,,
,02-00,11.5,98,0.93,1815.3797719210158,0,0,77,95,,,,,,,,
,03-00,11.5,98,0.93,1815.3797719210158,0,0,77,95,,,,,,,,
,04-00,11.3,98,0.93,1783.8079498006507,0,0,84,83,,,,,,,,
,05-00,11.3,110,0.93,2002.2334130415466,0,0,84,83,,,,,,,,
,06-00,11.1,147,0.93,2628.3541915204273,0,0,84,83,,,,,,,,
,07-00,11.5,262,0.93,4853.362247380675,0,0,85,85,,,,,,,,
,08-00,11.5,200,0.93,3704.8566773898287,0,0,85,85,,,,,,,,
,09-00,11.5,199,0.93,3686.332394002879,0,0,85,85,,,,,,,,
,10-00,11.7,187,0.93,3524.2851845483497,0,0,84,86,,,,,,,,
,11-00,11.8,187,0.93,3554.4072801427806,0,0,84,86,,,,,,,,
,12-00,11.6,285,0.93,5325.328771935118,0,0,84,86,,,,,,,,
,13-00,11.6,180,0.93,3363.3655401695487,0,0,82,87,,,,,,,,
,14-00,11.5,175,0.93,3241.7495927161,0,0,82,87,,,,,,,,
,15-00,11.5,172,0.93,3186.1767425552525,0,0,82,87,,,,,,,,
,16-00,11.5,160,0.93,2963.8853419118627,0,0,81,89,,,,,,,,
,17-00,11.6,165,0.93,3083.0850784887525,0,0,81,89,,,,,,,,
,18-00,11.8,170,0.93,3231.279345584346,0,0,81,89,,,,,,,,
,19-00,11.5,60,0.93,1111.4570032169484,0,0,78,95,,,,,,,,
,20-00,11.6,54,0.93,1009.0096620508646,0,0,78,95,,,,,,,,
,21-00,11.6,52,0.93,971.6389338267584,0,0,78,95,,,,,,,,
,22-00,11.6,48,0.93,896.8974773785462,0,0,81,91,,,,,,,,
,23-00,11.6,44,0.93,822.1560209303341,0,0,81,91,,,,,,,,
,24-00,11.6,40,0.93,747.4145644821219,0,0,81,91,,,,,,,,
2021-07-09,01-00,11.4,98,0.92,1780.2433892386737,0,0,81,89,,,,,,,,
,02-00,11.4,98,0.92,1780.2433892386737,0,0,81,89,,,,,,,,
,03-00,11.4,98,0.92,1780.2433892386737,0,0,81,89,,,,,,,,
,04-00,11.4,98,0.92,1780.2433892386737,0,0,84,76,,,,,,,,
,05-00,11.3,152,0.92,2736.9728297138795,0,0,84,76,,,,,,,,
,06-00,11.2,185,0.92,3301.7045314200964,0,0,84,76,,,,,,,,
,07-00,11.4,222,0.92,4032.7962490916893,0,0,89,62,,,,,,,,
,08-00,11.4,212,0.92,3851.1387603938656,0,0,89,62,,,,,,,,
,09-00,11.6,212,0.92,3918.702598295512,0,0,89,62,,,,,,,,
,10-00,11.8,210,0.92,3948.6601490632233,0,0,88,59,,,,,,,,
,11-00,11.8,204,0.92,3835.841287661417,0,0,88,59,,,,,,,,
,12-00,11.4,196,0.92,3560.4867784773473,0,0,88,59,,,,,,,,
,13-00,11.4,184,0.92,3342.497792039959,0,0,82,80,,,,,,,,
,14-00,11.5,176,0.92,3225.217167757855,0,0,82,80,,,,,,,,
,15-00,11.6,175,0.92,3234.778088215635,0,0,82,80,,,,,,,,
,16-00,11.7,168,0.92,3132.1575419687942,0,0,81,90,,,,,,,,
,17-00,11.8,170,0.92,3196.5344063845146,0,0,81,90,,,,,,,,
,18-00,11.8,172,0.92,3234.14069351845,0,0,81,90,,,,,,,,
,19-00,11.5,58,0.92,1062.8556575565658,0,0,81,90,,,,,,,,
,20-00,11.5,57,0.92,1044.530560012487,0,0,81,90,,,,,,,,
,21-00,11.6,55,0.92,1016.6445420106282,0,0,81,90,,,,,,,,
,22-00,11.6,53,0.92,979.675649573878,0,0,80,91,,,,,,,,
,23-00,11.6,48,0.92,887.2534184820028,0,0,80,91,,,,,,,,
,24-00,11.6,44,0.92,813.3156336085025,0,0,80,91,,,,,,,,
2021-07-10,01-00,11.4,98,0.96,1857.6452757273116,0,0,84,82,,,,,,,,
,02-00,11.4,98,0.96,1857.6452757273116,0,0,84,82,,,,,,,,
,03-00,11.4,98,0.96,1857.6452757273116,0,0,84,82,,,,,,,,
,04-00,11.3,98,0.96,1841.3501417297039,0,0,88,68,,,,,,,,
,05-00,11.2,123,0.96,2290.6302648066094,0,0,88,68,,,,,,,,
,06-00,11.4,193,0.96,3658.4238593405216,0,0,88,68,,,,,,,,
,07-00,11.4,200,0.96,3791.112807606758,0,0,90,61,,,,,,,,
,08-00,11.5,210,0.96,4015.5865922676844,0,0,90,61,,,,,,,,
,09-00,11.5,214,0.96,4092.0739559299263,0,0,90,61,,,,,,,,
,10-00,11.6,166,0.96,3201.8275536524443,0,0,89,67,1.0,,,,,,,
,11-00,11.6,167,0.96,3221.1156714455315,0,0,89,67,1.0,,,,,,,
,12-00,11.7,192,0.96,3735.2437767578162,0,0,89,67,,,,,,,,
,13-00,11.8,191,0.96,3747.548265694786,0,0,86,78,,,,,,,,
,14-00,11.8,148,0.96,2903.8593891247556,0,0,86,78,,,,,,,,
,15-00,11.6,143,0.96,2758.2008444114426,0,0,86,78,,,,,,,,
,16-00,11.9,132,0.96,2611.8771921880243,0,0,81,91,,,,,,,,
,17-00,11.5,109,0.96,2084.280659796084,0,0,81,91,,,,,,,,
,18-00,11.7,100,0.96,1945.4394670613626,0,0,81,91,,,,,,,,
,19-00,11.6,48,0.96,925.8296540681766,0,0,81,90,,,,,,,,
,20-00,11.6,54,0.96,1041.5583608266988,0,0,81,90,,,,,,,,
,21-00,11.6,53,0.96,1022.2702430336117,0,0,81,90,,,,,,,,
,22-00,11.6,51,0.96,983.6940074474378,0,0,78,95,,,,,,,,
,23-00,11.6,48,0.96,925.8296540681766,0,0,78,95,,,,,,,,
,24-00,11.6,42,0.96,810.1009473096545,0,0,78,95,,,,,,,,
2021-07-11,01-00,11.6,76,0.94,1435.3574324355586,1,0,81,95,,,,,,,,
,02-00,11.6,76,0.94,1435.3574324355586,1,0,81,95,,,,,,,,
,03-00,11.6,76,0.94,1435.3574324355586,1,0,81,95,,,,,,,,
,04-00,11.5,80,0.94,1497.8775383855648,1,0,85,77,,,,,,,,
,05-00,11.5,85,0.94,1591.4948845346628,1,0,85,77,,,,,,,,
,06-00,11.6,120,0.94,2266.353840687724,1,0,85,77,,,,,,,,
,07-00,11.6,108,0.94,2039.7184566189517,1,0,91,62,,,,,,,,
,08-00,11.6,106,0.94,2001.9458926074897,1,0,91,62,,,,,,,,
,09-00,11.4,203,0.94,3767.8132601433417,1,0,91,62,1.0,,,,,,,
,10-00,11.4,199,0.94,3693.5706343277093,1,0,85,78,1.0,,,,,,,
,11-00,11.5,35,0.94,655.3214230436846,1,0,85,78,,,,,,,,
,12-00,11.5,35,0.94,655.3214230436846,1,0,85,78,,,,,,,,
,13-00,11.5,35,0.94,655.3214230436846,1,0,83,92,,,,,,,,
,14-00,11.5,35,0.94,655.3214230436846,1,0,83,92,,,,,,,,
,15-00,11.5,35,0.94,655.3214230436846,1,0,83,92,,,,,,,,
,16-00,11.5,35,0.94,655.3214230436846,1,0,82,91,,,,,,,,
,17-00,11.4,54,0.94,1002.2754485110366,1,0,82,91,,,,,,,,
,18-00,11.6,69,0.94,1303.1534583954415,1,0,82,91,,,,,,,,
,19-00,11.8,48,0.94,922.1715627625912,1,0,78,95,,,,,,,,
,20-00,11.8,52,0.94,999.0191929928072,1,0,78,95,,,,,,,,
,21-00,11.8,49,0.94,941.3834703201452,1,0,78,95,,,,,,,,
,22-00,11.7,44,0.94,838.1601703922704,1,0,79,91,,,,,,,,
,23-00,11.6,42,0.94,793.2238442407034,1,0,79,91,,,,,,,,
,24-00,11.6,42,0.94,793.2238442407034,1,0,79,91,,,,,,,,
2021-07-12,01-00,11.4,57,0.97,1091.7220163155087,0,0,83,84,,,,,,,,
,02-00,11.4,57,0.97,1091.7220163155087,0,0,83,84,,,,,,,,
,03-00,11.4,57,0.97,1091.7220163155087,0,0,83,84,,,,,,,,
,04-00,11.4,57,0.97,1091.7220163155087,0,0,86,71,,,,,,,,
,05-00,11.2,68,0.97,1279.555998193123,0,0,86,71,,,,,,,,
,06-00,11.2,84,0.97,1580.6279977679756,0,0,86,71,,,,,,,,
,07-00,11.2,96,0.97,1806.431997449115,0,0,84,86,,,,,,,,
,08-00,11.5,104,0.97,2009.3867828768057,0,0,84,86,,,,,,,,
,09-00,11.5,76,0.97,1468.3980336407426,0,0,84,86,,,,,,,,
,10-00,11.4,121,0.97,2317.515157441694,0,0,87,81,,,,,,,,
,11-00,11.3,129,0.97,2449.066148327358,0,0,87,81,,,,,,,,
,12-00,11.5,127,0.97,2453.770398320715,0,0,87,81,,,,,,,,
,13-00,11.5,132,0.97,2550.3755321128688,0,0,82,90,,,,,,,,
,14-00,11.5,115,0.97,2221.9180772195446,0,0,82,90,,,,,,,,
,15-00,11.8,101,0.97,2002.3304078867702,0,0,82,90,,,,,,,,
,16-00,11.7,87,0.97,1710.1628815136291,0,0,80,91,,,,,,,,
,17-00,11.7,87,0.97,1710.1628815136291,0,0,80,91,,,,,,,,
,18-00,11.8,84,0.97,1665.304497648403,0,0,80,91,,,,,,,,
,19-00,11.6,48,0.97,935.4737129647202,0,0,79,91,,,,,,,,
,20-00,11.6,47,0.97,915.9846772779553,0,0,79,91,,,,,,,,
,21-00,11.6,45,0.97,877.0066059044252,0,0,79,91,,,,,,,,
,22-00,11.6,40,0.97,779.5614274706002,0,0,79,91,,,,,,,,
,23-00,11.6,36,0.97,701.6052847235402,0,0,79,91,,,,,,,,
,24-00,11.7,35,0.97,687.9965615284714,0,0,79,91,,,,,,,,
2021-07-13,01-00,11.7,56,0.97,1100.7944984455544,0,0,80,91,,,,,,,,
,02-00,11.7,56,0.97,1100.7944984455544,0,0,80,91,,,,,,,,
,03-00,11.6,56,0.97,1091.3859984588403,0,0,80,91,,,,,,,,
,04-00,11.6,57,0.97,1110.8750341456052,0,0,84,77,,,,,,,,
,05-00,11.4,65,0.97,1244.9461589562818,0,0,84,77,,,,,,,,
,06-00,11.2,80,0.97,1505.3599978742623,0,0,84,77,,,,,,,,
,07-00,11.2,127,0.97,2389.7589966253913,0,0,84,75,,,,,,,,
,08-00,11.6,127,0.97,2475.1075322191555,0,0,84,75,,,,,,,,
,09-00,11.4,134,0.97,2566.50438923295,0,0,84,75,,,,,,,,
,10-00,11.2,156,0.97,2935.4519958548117,0,0,82,89,,,,,,,,
,11-00,11.3,157,0.97,2980.646397576707,0,0,82,89,,,,,,,,
,12-00,11.3,159,0.97,3018.616415380232,0,0,82,89,,,,,,,,
,13-00,11.4,146,0.97,2796.34060319411,0,0,81,91,,,,,,,,
,14-00,11.4,148,0.97,2834.646638854303,0,0,81,91,,,,,,,,
,15-00,11.3,151,0.97,2866.736344166132,0,0,81,91,,,,,,,,
,16-00,11.4,136,0.97,2604.8104248931436,0,0,80,91,,,,,,,,
,17-00,11.5,112,0.97,2163.9549969442523,0,0,80,91,,,,,,,,
,18-00,11.6,109,0.97,2124.304889857385,0,0,80,91,,,,,,,,
,19-00,11.6,48,0.97,935.4737129647202,0,0,79,90,,,,,,,,
,20-00,11.6,50,0.97,974.4517843382503,0,0,79,90,,,,,,,,
,21-00,11.6,47,0.97,915.9846772779553,0,0,79,90,,,,,,,,
,22-00,11.6,42,0.97,818.5394988441301,0,0,76,93,,,,,,,,
,23-00,11.6,36,0.97,701.6052847235402,0,0,76,93,,,,,,,,
,24-00,11.6,36,0.97,701.6052847235402,0,0,76,93,,,,,,,,
2021-07-14,01-00,11.4,67,0.97,1283.252194616475,0,0,76,93,,,,,,,,
,02-00,11.4,67,0.97,1283.252194616475,0,0,76,93,,,,,,,,
,03-00,11.4,67,0.97,1283.252194616475,0,0,76,93,,,,,,,,
,04-00,11.5,70,0.97,1352.4718730901575,0,0,79,90,,,,,,,,
,05-00,11.2,78,0.97,1467.7259979274058,0,0,79,90,,,,,,,,
,06-00,11.2,106,0.97,1994.6019971833978,0,0,79,90,,,,,,,,
,07-00,11.1,148,0.97,2760.0506746739266,0,0,81,87,,,,,,,,
,08-00,11.3,156,0.97,2961.661388674944,0,0,81,87,,,,,,,,
,09-00,11.3,167,0.97,3170.4964865943316,0,0,81,87,,,,,,,,
,10-00,11.4,160,0.97,3064.482852815463,0,0,82,81,,,,,,,,
,11-00,11.5,126,0.97,2434.449371562284,0,0,82,81,,,1.0,,,,,
,12-00,11.7,138,0.97,2712.6721568836874,0,0,82,81,,,,,,,,
,13-00,11.8,169,0.97,3350.434048840239,0,0,81,91,,,1.0,,,,,
,14-00,11.8,130,0.97,2577.2569606463376,0,0,81,91,,,,,,,,
,15-00,11.8,131,0.97,2597.082014189771,0,0,81,91,,,,,,,,
,16-00,11.8,132,0.97,2616.9070677332047,0,0,80,91,,,,,,,,
,17-00,11.8,134,0.97,2656.5571748200714,0,0,80,91,,,,,,,,
,18-00,11.9,124,0.97,2479.139746499176,0,0,80,91,,,,,,,,
,19-00,11.6,49,0.97,954.9627486514852,0,0,79,94,,,,,,,,
,20-00,11.7,50,0.97,982.8522307549592,0,0,79,94,,,,,,,,
,21-00,11.7,46,0.97,904.2240522945625,0,0,79,94,,,,,,,,
,22-00,11.7,43,0.97,845.2529184492649,0,0,78,93,,,,,,,,
,23-00,11.6,36,0.97,701.6052847235402,0,0,78,93,,,,,,,,
,24-00,11.6,36,0.97,701.6052847235402,0,0,78,93,,,,,,,,
2021-07-15,01-00,11.5,69,0.97,1333.1508463317268,0,0,78,91,,,,,,,,
,02-00,11.5,69,0.97,1333.1508463317268,0,0,78,91,,,,,,,,
,03-00,11.5,69,0.97,1333.1508463317268,0,0,78,91,,,,,,,,
,04-00,11.5,72,0.97,1391.1139266070193,0,0,81,86,,,,,,,,
,05-00,11.5,45,0.97,869.4462041293871,0,0,81,86,,,,,,,,
,06-00,11.6,30,0.97,584.6710706029501,0,0,81,86,,,,,,,,
,07-00,11.5,32,0.97,618.2728562697864,0,0,85,75,,,,,,,,
,08-00,11.5,69,0.97,1333.1508463317268,0,0,85,75,,,,,,,,
,09-00,11.5,65,0.97,1255.8667392980035,0,0,85,75,,,,,,,,
,10-00,11.5,66,0.97,1275.1877660564344,0,0,86,70,,,,,,,,
,11-00,11.4,69,0.97,1321.5582302766684,0,0,86,70,,,,,,,,
,12-00,11.4,71,0.97,1359.8642659368618,0,0,86,70,,,,,,,,
,13-00,11.4,81,0.97,1551.3944442378283,0,0,83,81,,,,,,,,
,14-00,11.4,80,0.97,1532.2414264077315,0,0,83,81,,,,,,,,
,15-00,11.4,78,0.97,1493.9353907475381,0,0,83,81,,,,,,,,
,16-00,11.4,76,0.97,1455.629355087345,0,0,82,87,,,,,,,,
,17-00,11.8,71,0.97,1407.5788015837693,0,0,82,87,,,,,,,,
,18-00,11.8,71,0.97,1407.5788015837693,0,0,82,87,,,,,,,,
,19-00,11.7,48,0.97,943.5381415247608,0,0,80,91,,,,,,,,
,20-00,11.7,50,0.97,982.8522307549592,0,0,80,91,,,,,,,,
,21-00,11.7,50,0.97,982.8522307549592,0,0,80,91,,,,,,,,
,22-00,11.7,45,0.97,884.5670076794634,0,0,80,90,,,,,,,,
,23-00,11.7,40,0.97,786.2817846039674,0,0,80,90,,,,,,,,
,24-00,11.7,36,0.97,707.6536061435706,0,0,80,90,,,,,,,,
2021-07-16,01-00,11.5,60,0.98,1171.2127560780746,0,0,84,80,,,,,,,,
,02-00,11.5,60,0.98,1171.2127560780746,0,0,84,80,,,,,,,,
,03-00,11.5,60,0.98,1171.2127560780746,0,0,84,80,,,,,,,,
,04-00,11.3,71,0.98,1361.8318756542599,0,0,85,77,,,,,,,,
,05-00,11.2,78,0.98,1482.8571937823274,0,0,85,77,,,,,,,,
,06-00,11.4,83,0.98,1606.0891446392382,0,0,85,77,,,,,,,,
,07-00,11.1,138,0.98,2600.092318493326,0,0,85,83,,,,,,,,
,08-00,11.4,144,0.98,2786.4679135909673,0,0,85,83,,,,,,,,
,09-00,11.2,154,0.98,2927.6924082369032,0,0,85,83,,,,,,,,
,10-00,11.2,167,0.98,3174.835273867291,0,0,85,80,,,,,,,,
,11-00,11.2,162,0.98,3079.780325547911,0,0,85,80,,,,,,,,
,12-00,11.4,145,0.98,2805.818385213127,0,0,85,80,,,,,,,,
,13-00,11.5,135,0.98,2635.228701175668,0,0,83,88,,,,,,,,
,14-00,11.5,126,0.98,2459.546787763957,0,0,83,88,,,,,,,,
,15-00,11.5,134,0.98,2615.7084885743666,0,0,83,88,,,,,,,,
,16-00,11.4,149,0.98,2883.220271701765,0,0,82,90,,,,,,,,
,17-00,11.4,150,0.98,2902.5707433239245,0,0,82,90,,,,,,,,
,18-00,11.6,138,0.98,2717.2135941011334,0,0,82,90,,,,,,,,
,19-00,11.6,51,0.98,1004.1876326025928,0,0,81,90,,,,,,,,
,20-00,11.6,57,0.98,1122.3273540852506,0,0,81,90,,,,,,,,
,21-00,11.7,50,0.98,992.9847279792372,0,0,81,90,,,,,,,,
,22-00,11.7,45,0.98,893.6862551813134,0,0,81,91,,,,,,,,
,23-00,11.7,42,0.98,834.1071715025593,0,0,81,91,,,,,,,,
,24-00,11.7,39,0.98,774.528087823805,0,0,81,91,,,,,,,,
2021-07-17,01-00,11.8,66,0.96,1294.964322177256,0,0,83,90,,,,,,,,
,02-00,11.8,66,0.96,1294.964322177256,0,0,83,90,,,,,,,,
,03-00,11.8,66,0.96,1294.964322177256,0,0,83,90,,,,,,,,
,04-00,11.5,70,0.96,1338.5288640892281,0,0,85,76,,,,,,,,
,05-00,11.3,95,0.96,1784.9822802481822,0,0,85,76,,,,,,,,
,06-00,11.4,143,0.96,2710.645657438832,0,0,85,76,,,,,,,,
,07-00,11.1,196,0.96,3617.5197474689753,0,0,90,60,,,,,,,,
,08-00,11.4,208,0.96,3942.757319911029,0,0,90,60,,,,,,,,
,09-00,11.3,224,0.96,4208.800323953608,0,0,90,60,,,,,,,,
,10-00,11.3,224,0.96,4208.800323953608,0,0,91,56,,,,,,,,
,11-00,11.3,224,0.96,4208.800323953608,0,0,91,56,,,,,,,,
,12-00,11.4,210,0.96,3980.6684479870964,0,0,91,56,,,,,,,,
,13-00,11.4,218,0.96,4132.312960291367,0,0,86,82,,,,,,,,
,14-00,11.4,214,0.96,4056.490704139231,0,0,86,82,,,,,,,,
,15-00,11.4,210,0.96,3980.6684479870964,0,0,86,82,,,,,,,,
,16-00,11.4,208,0.96,3942.757319911029,0,0,84,87,,,,,,,,
,17-00,11.5,214,0.96,4092.0739559299263,0,0,84,87,,,,,,,,
,18-00,11.8,199,0.96,3904.5136380799077,0,0,84,87,,,,,,,,
,19-00,11.8,52,0.96,1020.2749205032926,0,0,81,92,,,,,,,,
,20-00,11.7,56,0.96,1089.4461015543632,0,0,81,92,,,,,,,,
,21-00,11.6,58,0.96,1118.7108319990468,0,0,81,92,,,,,,,,
,22-00,11.7,50,0.96,972.7197335306813,0,0,82,90,,,,,,,,
,23-00,11.7,48,0.96,933.8109441894541,0,0,82,90,,,,,,,,
,24-00,11.7,40,0.96,778.175786824545,0,0,82,90,,,,,,,,
2021-07-18,01-00,11.7,70,0.95,1347.6221308289646,1,0,84,85,,,,,,,,
,02-00,11.7,70,0.95,1347.6221308289646,1,0,84,85,,,,,,,,
,03-00,11.7,70,0.95,1347.6221308289646,1,0,84,85,,,,,,,,
,04-00,11.6,76,0.95,1450.627192355086,1,0,88,68,,,,,,,,
,05-00,11.3,126,0.95,2342.7892428257387,1,0,88,68,,,,,,,,
,06-00,11.2,190,0.95,3501.5139125812416,1,0,88,68,,,,,,,,
,07-00,11.4,215,0.95,4032.993702883752,1,0,93,50,,,,,,,,
,08-00,11.6,230,0.95,4390.055976864075,1,0,93,50,,,,,,,,
,09-00,11.5,238,0.95,4503.591907300215,1,0,93,50,,,,,,,,
,10-00,11.4,238,0.95,4464.430238541084,1,0,88,64,,,,,,,,
,11-00,11.4,236,0.95,4426.914018049142,1,0,88,64,,,,,,,,
,12-00,11.4,230,0.95,4314.365356573316,1,0,88,64,,,,,,,,
,13-00,11.6,215,0.95,4103.74797837294,1,0,81,91,,,,,,,,
,14-00,11.7,190,0.95,3657.831497964333,1,0,81,91,,,,,,,,
,15-00,11.8,160,0.95,3106.606328455538,1,0,81,91,,,,,,,,
,16-00,11.9,120,0.95,2349.7001255479386,1,0,81,91,,,,,,,,
,17-00,11.5,90,0.95,1703.0389565420985,1,0,81,91,,,,,,,,
,18-00,11.5,70,0.95,1324.5858550882986,1,0,81,91,,,,,,,,
,19-00,11.5,53,0.95,1002.9007188525692,1,0,83,90,,,,,,,,
,20-00,11.6,55,0.95,1049.7959944674965,1,0,83,90,,,,,,,,
,21-00,11.6,57,0.95,1087.9703942663143,1,0,83,90,,,,,,,,
,22-00,11.6,45,0.95,858.9239954734061,1,0,80,92,,,,,,,,
,23-00,11.6,47,0.95,897.0983952722241,1,0,80,92,,,,,,,,
,24-00,11.7,39,0.95,750.8180443189946,1,0,80,92,,,,,,,,
2021-07-19,01-00,11.7,39,0.97,766.6247399888681,0,0,85,87,,,,,,,,
,02-00,11.7,39,0.97,766.6247399888681,0,0,85,87,,,,,,,,
,03-00,11.7,39,0.97,766.6247399888681,0,0,85,87,,,,,,,,
,04-00,11.7,39,0.97,766.6247399888681,0,0,85,73,,,,,,,,
,05-00,11.5,60,0.97,1159.2616055058493,0,0,85,73,,,,,,,,
,06-00,11.5,96,0.97,1854.818568809359,0,0,85,73,,,,,,,,
,07-00,11.2,150,0.97,2822.549996014242,0,0,88,58,,,,,,,,
,08-00,11.4,167,0.97,3198.5539776261394,0,0,88,58,,,,,,,,
,09-00,11.6,168,0.97,3274.1579953765204,0,0,88,58,,,,,,,,
,10-00,11.4,177,0.97,3390.0841559271057,0,0,91,54,,,,,,,,
,11-00,11.5,176,0.97,3400.500709483825,0,0,91,54,,,,,,,,
,12-00,11.6,178,0.97,3469.048352244171,0,0,91,54,,,,,,,,
,13-00,11.6,179,0.97,3488.5373879309354,0,0,86,72,,,,,,,,
,14-00,11.7,178,0.97,3498.953941487655,0,0,86,72,,,,,,,,
,15-00,11.8,180,0.97,3568.509637818006,0,0,86,72,,,,,,,,
,16-00,11.9,183,0.97,3658.7304323334615,0,0,84,77,,,,,,,,
,17-00,11.9,160,0.97,3198.889995482808,0,0,84,77,,,,,,,,
,18-00,11.1,85,0.97,1585.1642388329985,0,0,84,77,,,,,,,,
,19-00,11.5,55,0.97,1062.6564717136953,0,0,80,93,,,,,,,,
,20-00,11.5,50,0.97,966.0513379215413,0,0,80,93,,,,,,,,
,21-00,11.8,46,0.97,911.952462997935,0,0,80,93,,,,,,,,
,22-00,11.8,45,0.97,892.1274094545015,0,0,81,78,,,,,,,,
,23-00,11.8,45,0.97,892.1274094545015,0,0,81,78,,,,,,,,
,24-00,11.7,40,0.97,786.2817846039674,0,0,81,78,,,,,,,,
2021-07-20,01-00,11.7,75,0.95,1443.880854459605,0,0,84,73,,,,,,,,
,02-00,11.1,78,0.95,1424.629109733477,0,0,84,73,,,,,,,,
,03-00,11.6,82,0.95,1565.15039175154,0,0,84,73,,,,,,,,
,04-00,11.6,88,0.95,1679.673591147994,0,0,87,65,,,,,,,,
,05-00,11.2,130,0.95,2395.7726770292707,0,0,87,65,,,,,,,,
,06-00,11.3,183,0.95,3402.622471723097,0,0,87,65,,,,,,,,
,07-00,11.0,210,0.95,3800.985497209901,0,0,87,64,,,,,,,,
,08-00,11.2,211,0.95,3888.5233450244314,0,0,87,64,,,,,,,,
,09-00,11.0,190,0.95,3438.9868784280056,0,0,87,64,,,,,,,,
,10-00,11.6,233,0.95,4447.317576562303,0,0,83,78,,,,,,,,
,11-00,11.8,235,0.95,4562.8280449190715,0,0,83,78,,,,,,,,
,12-00,11.7,233,0.95,4485.65652118784,0,0,83,78,,,,,,,,
,13-00,11.7,229,0.95,4408.649542283327,0,0,82,80,,,,,,,,
,14-00,11.8,207,0.95,4019.171937439352,0,0,82,80,,,,,,,,
,15-00,11.6,180,0.95,3435.6959818936243,0,0,82,80,,,,,,,,
,16-00,11.4,116,0.95,2175.9407885326286,0,0,78,91,,,,,,,,
,17-00,11.4,117,0.95,2194.6988987786,0,0,78,91,,,,,,,,
,18-00,11.8,110,0.95,2135.7918508131825,0,0,78,91,,,,,,,,
,19-00,11.8,56,0.95,1087.3122149594383,0,0,83,81,,,,,,,,
,20-00,11.7,55,0.95,1058.8459599370437,0,0,83,81,,,,,,,,
,21-00,11.7,50,0.95,962.5872363064033,0,0,83,81,,,,,,,,
,22-00,11.6,45,0.95,858.9239954734061,0,0,77,93,,,,,,,,
,23-00,11.7,40,0.95,770.0697890451227,0,0,77,93,,,,,,,,
,24-00,11.7,39,0.95,750.8180443189946,0,0,77,93,,,,,,,,
2021-07-21,01-00,11.8,38,0.93,722.2859713659126,0,0,78,91,,,,,,,,
,02-00,11.8,38,0.93,722.2859713659126,0,0,78,91,,,,,,,,
,03-00,11.8,65,0.93,1235.4891615469558,0,0,78,91,,,,,,,,
,04-00,11.6,65,0.93,1214.5486672834481,0,0,80,91,,,,,,,,
,05-00,11.5,66,0.93,1222.6027035386435,0,0,80,91,,,,,,,,
,06-00,11.3,69,0.93,1255.9464136351519,0,0,80,91,,,,,,,,
,07-00,11.5,73,0.93,1352.2726872472874,0,0,79,91,,,,,,,,
,08-00,11.4,75,0.93,1377.2401996383928,0,0,79,91,,,,,,,,
,09-00,11.6,78,0.93,1457.4584007401377,0,0,79,91,,,,,,,,
,10-00,11.6,76,0.93,1420.0876725160317,0,0,80,82,,,,,,,,
,11-00,11.7,70,0.93,1319.2511386009865,0,0,80,82,,,,,,,,
,12-00,11.7,68,0.93,1281.5582489266726,0,0,80,82,,,,,,,,
,13-00,11.7,65,0.93,1225.0189144152018,0,0,78,90,,,,,,,,
,14-00,11.8,63,0.93,1197.4741104224343,0,0,78,90,,,,,,,,
,15-00,11.8,63,0.93,1197.4741104224343,0,0,78,90,,,,,,,,
,16-00,11.8,62,0.93,1178.4665848601733,0,0,77,90,,,,,,,,
,17-00,11.8,60,0.93,1140.4515337356518,0,0,77,90,,,,,,,,
,18-00,11.9,60,0.93,1150.1163772418859,0,0,77,90,,,,,,,,
,19-00,11.8,55,0.93,1045.4139059243473,0,0,77,91,,,,,,,,
,20-00,11.7,52,0.93,980.0151315321616,0,0,77,91,,,,,,,,
,21-00,11.7,50,0.93,942.3222418578475,0,0,77,91,,,,,,,,
,22-00,11.7,43,0.93,810.397127997749,0,0,77,90,,,,,,,,
,23-00,11.7,40,0.93,753.857793486278,0,0,77,90,,,,,,,,
,24-00,11.7,38,0.93,716.1649038119641,0,0,77,90,,,,,,,,
2021-07-22,01-00,11.8,36,0.93,684.270920241391,0,0,76,93,,,,,,,,
,02-00,11.8,34,0.93,646.2558691168691,0,0,76,93,,,,,,,,
,03-00,11.8,34,0.93,646.2558691168691,0,0,76,93,,,,,,,,
,04-00,11.8,34,0.93,646.2558691168691,0,0,76,93,,,,,,,,
,05-00,11.6,34,0.93,635.3023798098036,0,0,76,93,,,,,,,,
,06-00,11.4,60,0.93,1101.7921597107143,0,0,76,93,,,,,,,,
,07-00,11.8,60,0.93,1140.4515337356518,0,0,76,93,,,,,,,,
,08-00,11.8,62,0.93,1178.4665848601733,0,0,76,93,,,,,,,,
,09-00,11.6,60,0.93,1121.1218467231827,0,0,76,93,,,,,,,,
,10-00,11.5,58,0.93,1074.4084364430503,0,0,77,91,,,,,,,,
,11-00,11.5,64,0.93,1185.5541367647452,0,0,77,91,,,,,,,,
,12-00,11.7,39,0.93,735.011348649121,0,0,77,91,,,,,,,,
,13-00,11.7,39,0.93,735.011348649121,0,0,77,91,,,,,,,,
,14-00,11.7,56,0.93,1055.4009108807893,0,0,77,91,,,,,,,,
,15-00,11.7,43,0.93,810.397127997749,0,0,77,91,,,,1.0,,,,
,16-00,11.8,42,0.93,798.316073614956,0,0,77,91,,,,1.0,,,,
,17-00,11.9,42,0.93,805.0814640693201,0,0,77,91,,,,1.0,,,,
,18-00,11.9,36,0.93,690.0698263451314,0,0,77,91,,,,,,,,
,19-00,11.9,39,0.93,747.5756452072258,0,0,77,91,,,,,,,,
,20-00,11.9,38,0.93,728.4070389198611,0,0,77,91,,,,,,,,
,21-00,11.8,28,0.93,532.210715743304,0,0,77,91,,,,,,,,
,22-00,11.1,28,0.93,500.63889362293855,0,0,77,91,,,,,,,,
,23-00,12.0,26,0.93,502.5718623241855,0,0,77,91,,,,,,,,
,24-00,12.0,26,0.93,502.5718623241855,0,0,77,91,,,,,,,,
2021-07-23,01-00,11.9,26,0.97,519.8196242659562,0,0,80,87,,,,,,,,
,02-00,12.0,26,0.97,524.187856402645,0,0,80,87,,,,,,,,
,03-00,11.9,27,0.97,539.8126867377238,0,0,80,87,,,,,,,,
,04-00,11.9,26,0.97,519.8196242659562,0,0,80,82,,,,,,,,
,05-00,11.9,27,0.97,539.8126867377238,0,0,80,82,,,,,,,,
,06-00,12.0,28,0.97,564.5099992028485,0,0,80,82,,,,,,,,
,07-00,11.9,65,0.97,1299.5490606648907,0,0,75,93,,,,1.0,,,,
,08-00,11.6,77,0.97,1500.6557478809052,0,0,75,93,,,,1.0,,,,
,09-00,11.6,75,0.97,1461.6776765073753,0,0,75,93,,,,1.0,,,,
,10-00,11.5,76,0.97,1468.3980336407426,0,0,77,90,,,,,,,,
,11-00,11.5,65,0.97,1255.8667392980035,0,0,77,90,,,,,,,,
,12-00,11.5,76,0.97,1468.3980336407426,0,0,77,90,,,,1.0,,,,
,13-00,11.4,70,0.97,1340.7112481067652,0,0,76,90,,,,,,,,
,14-00,11.3,70,0.97,1328.9506231233725,0,0,76,90,,,,,,,,
,15-00,11.3,74,0.97,1404.8906587304223,0,0,76,90,,,,,,,,
,16-00,11.2,66,0.97,1241.9219982462664,0,0,77,78,,,,,,,,
,17-00,11.4,66,0.97,1264.0991767863784,0,0,77,78,,,,,,,,
,18-00,11.4,66,0.97,1264.0991767863784,0,0,77,78,,,,,,,,
,19-00,11.5,48,0.97,927.4092844046795,0,0,76,90,,,,,,,,
,20-00,11.6,48,0.97,935.4737129647202,0,0,76,90,,,,,,,,
,21-00,11.6,42,0.97,818.5394988441301,0,0,76,90,,,,,,,,
,22-00,11.6,40,0.97,779.5614274706002,0,0,76,90,,,,,,,,
,23-00,11.6,38,0.97,740.5833560970702,0,0,76,90,,,,,,,,
,24-00,11.7,30,0.97,589.7113384529755,0,0,76,90,,,,,,,,
2021-07-24,01-00,11.7,27,0.89,486.96781659879736,0,0,77,86,,,,,,,,
,02-00,11.7,27,0.89,486.96781659879736,0,0,77,86,,,,,,,,
,03-00,11.7,27,0.89,486.96781659879736,0,0,77,86,,,,,,,,
,04-00,11.7,27,0.89,486.96781659879736,0,0,84,68,,,,,,,,
,05-00,11.7,27,0.89,486.96781659879736,0,0,84,68,,,,,,,,
,06-00,11.5,60,0.89,1063.6524009280474,0,0,84,68,,,,,,,,
,07-00,11.3,91,0.89,1585.150382426538,0,0,86,63,,,,,,,,
,08-00,11.3,108,0.89,1881.2773769457815,0,0,86,63,,,,,,,,
,09-00,11.3,108,0.89,1881.2773769457815,0,0,86,63,,,,,,,,
,10-00,11.2,130,0.89,2244.4607184800534,0,0,86,62,,,,,,,,
,11-00,11.4,138,0.89,2425.127474115948,0,0,86,62,,,,,,,,
,12-00,11.4,138,0.89,2425.127474115948,0,0,86,62,,,,,,,,
,13-00,11.3,151,0.89,2630.3044807297497,0,0,80,85,,,,,,,,
,14-00,11.3,160,0.89,2787.0775954752316,0,0,80,85,,,,,,,,
,15-00,11.2,161,0.89,2779.6782744252973,0,0,80,85,,,,,,,,
,16-00,11.2,170,0.89,2935.0640164739166,0,0,79,88,,,,,,,,
,17-00,11.2,172,0.89,2969.5941813736094,0,0,79,88,,,,,,,,
,18-00,11.2,142,0.89,2451.6417078782124,0,0,79,88,,,,,,,,
,19-00,11.8,54,0.89,982.2598693787708,0,0,76,88,,,,,,,,
,20-00,11.7,50,0.89,901.7922529607358,0,0,76,88,,,,,,,,
,21-00,11.8,45,0.89,818.5498911489757,0,0,76,88,,,,,,,,
,22-00,11.8,42,0.89,763.9798984057106,0,0,77,90,,,,,,,,
,23-00,11.7,39,0.89,703.3979573093739,0,0,77,90,,,,,,,,
,24-00,11.7,39,0.89,703.3979573093739,0,0,77,90,,,,,,,,
2021-07-25,01-00,11.6,34,0.97,662.6272133500102,1,0,83,74,,,,,,,,
,02-00,11.6,34,0.97,662.6272133500102,1,0,83,74,,,,,,,,
,03-00,11.4,34,0.97,651.2026062232859,1,0,83,74,,,,,,,,
,04-00,11.4,42,0.97,804.426748864059,1,0,86,56,,,,,,,,
,05-00,11.3,54,0.97,1025.190480695173,1,0,86,56,,,,,,,,
,06-00,11.2,80,0.97,1505.3599978742623,1,0,86,56,,,,,,,,
,07-00,11.2,140,0.97,2634.3799962799594,1,0,88,50,,,,,,,,
,08-00,11.4,168,0.97,3217.706995456236,1,0,88,50,,,,,,,,
,09-00,11.4,172,0.97,3294.3190667766225,1,0,88,50,,,,,,,,
,10-00,11.4,174,0.97,3332.6251024368157,1,0,87,59,,,,,,,,
,11-00,11.6,160,0.97,3118.2457098824007,1,0,87,59,,,,,,,,
,12-00,11.6,170,0.97,3313.1360667500508,1,0,87,59,,,,,,,,
,13-00,11.5,163,0.97,3149.327361624224,1,0,79,90,,,,,,,,
,14-00,11.6,166,0.97,3235.179924002991,1,0,79,90,,,,,,,,
,15-00,11.6,164,0.97,3196.2018526294605,1,0,79,90,,,,,,,,
,16-00,11.6,166,0.97,3235.179924002991,1,0,80,90,,,,,,,,
,17-00,11.6,164,0.97,3196.2018526294605,1,0,80,90,,,,,,,,
,18-00,11.2,153,0.97,2879.0009959345266,1,0,80,90,,,,,,,,
,19-00,12.0,58,0.97,1169.3421412059004,1,0,78,88,,,,,,,,
,20-00,11.9,48,0.97,959.6669986448422,1,0,78,88,,,,,,,,
,21-00,11.8,48,0.97,951.6025700848016,1,0,78,88,,,,,,,,
,22-00,11.9,46,0.97,919.6808737013072,1,0,78,88,,,,,,,,
,23-00,11.9,44,0.97,879.6947487577721,1,0,78,88,,,,,,,,
,24-00,12.0,41,0.97,826.603927404171,1,0,78,88,,,,,,,,
2021-07-26,01-00,11.8,60,0.85,1042.3481759949505,0,0,84,76,,,,,,,,
,02-00,11.8,64,0.85,1111.8380543946137,0,0,84,76,,,,,,,,
,03-00,11.7,64,0.85,1102.4156980014388,0,0,84,76,,,,,,,,
,04-00,11.6,64,0.85,1092.9933416082642,0,0,90,54,,,,,,,,
,05-00,11.6,86,0.85,1468.709802786105,0,0,90,54,,,,,,,,
,06-00,11.0,88,0.85,1425.1314044676722,0,0,90,54,,,,,,,,
,07-00,11.2,172,0.85,2836.129274345582,0,0,92,48,,,,,,,,
,08-00,11.1,182,0.85,2974.225685233049,0,0,92,48,,,,,,,,
,09-00,11.0,225,0.85,3643.8018864230253,0,0,92,48,,,,,,,,
,10-00,11.2,241,0.85,3973.878808821426,0,0,92,46,,,,,,,,
,11-00,11.2,229,0.85,3776.0093245647577,0,0,92,46,,,,,,,,
,12-00,11.7,193,0.85,3324.472339285589,0,0,92,46,,,,,,,,
,13-00,11.8,202,0.85,3509.2388591829995,0,0,89,57,,,,,,,,
,14-00,11.9,209,0.85,3661.616028978871,0,0,89,57,,,,,,,,
,15-00,11.6,214,0.85,3654.696486002633,0,0,89,57,,,,,,,,
,16-00,11.4,220,0.85,3692.385911575332,0,0,87,57,,,,,,,,
,17-00,11.6,210,0.85,3586.3844021521168,0,0,87,57,,,,,,,,
,18-00,11.8,202,0.85,3509.2388591829995,0,0,87,57,,,,,,,,
,19-00,11.6,58,0.85,990.5252158324895,0,0,78,90,,,,,,,,
,20-00,11.6,55,0.85,939.2911529446021,0,0,78,90,,,,,,,,
,21-00,11.6,52,0.85,888.0570900567145,0,0,78,90,,,,,,,,
,22-00,11.6,50,0.85,853.9010481314564,0,0,82,62,,,,,,,,
,23-00,11.7,46,0.85,792.3612829385341,0,0,82,62,,,,,,,,
,24-00,11.8,42,0.85,729.6437231964652,0,0,82,62,,,,,,,,
2021-07-27,01-00,11.4,95,0.84,1575.681260661559,0,0,83,62,,,,,,,,
,02-00,11.4,95,0.84,1575.681260661559,0,0,83,62,,,,,,,,
,03-00,11.4,95,0.84,1575.681260661559,0,0,83,62,,,,,,,,
,04-00,11.4,123,0.84,2040.092579593387,0,0,88,51,,,,,,,,
,05-00,11.3,136,0.84,2235.9251721003543,0,0,88,51,,,,,,,,
,06-00,11.2,181,0.84,2949.4192535670472,0,0,88,51,,,,,,,,
,07-00,11.0,231,0.84,3696.958525707314,0,0,90,47,,,,,,,,
,08-00,11.2,229,0.84,3731.5856854522312,0,0,90,47,,,,,,,,
,09-00,11.3,210,0.84,3452.5315157431946,0,0,90,47,,,,,1.0,,,
,10-00,11.3,230,0.84,3781.3440410520698,0,0,90,46,,,,,,,,
,11-00,11.3,230,0.84,3781.3440410520698,0,0,90,46,,,,,,,,
,12-00,11.4,228,0.84,3781.635025587741,0,0,90,46,,,,,,,,
,13-00,11.4,228,0.84,3781.635025587741,0,0,87,55,,,,,,,,
,14-00,11.6,226,0.84,3814.2252935829574,0,0,87,55,,,,,,,,
,15-00,11.6,226,0.84,3814.2252935829574,0,0,87,55,,,,,,,,
,16-00,11.7,216,0.84,3676.8805927459753,0,0,84,73,,,,,,,,
,17-00,11.6,210,0.84,3544.191644479739,0,0,84,73,,,,,,,,
,18-00,11.2,182,0.84,2965.7143875646548,0,0,84,73,,,,,,,,
,19-00,11.7,54,0.84,919.2201481864938,0,0,85,61,,,,,,,,
,20-00,11.6,54,0.84,911.3635657233615,0,0,85,61,,,,,,,,
,21-00,11.6,57,0.84,961.9948749302148,0,0,85,61,,,,,,,,
,22-00,11.6,50,0.84,843.8551534475569,0,0,82,70,,,,,,,,
,23-00,11.6,46,0.84,776.3467411717523,0,0,82,70,,,,,,,,
,24-00,11.6,42,0.84,708.8383288959477,0,0,82,70,,,,,,,,
2021-07-28,01-00,11.4,95,0.93,1744.5042528752977,0,0,83,67,,,,,,,,
,02-00,11.4,95,0.93,1744.5042528752977,0,0,83,67,,,,,,,,
,03-00,11.4,95,0.93,1744.5042528752977,0,0,83,67,,,,,,,,
,04-00,11.4,123,0.93,2258.673927406964,0,0,87,50,,,,,,,,
,05-00,11.3,136,0.93,2475.488583396821,0,0,87,50,,,,,,,,
,06-00,11.2,180,0.93,3247.3874180947364,0,0,87,50,,,,,,,,
,07-00,11.0,243,0.93,4305.687782027397,0,0,90,45,,,,,,,,
,08-00,11.0,259,0.93,4589.18985821027,0,0,90,45,,,,,,,,
,09-00,11.3,202,0.93,3676.828631221749,0,0,90,45,,,,,1.0,,,
,10-00,11.4,273,0.93,5013.15432668375,0,0,90,49,,,,,,,,
,11-00,11.8,275,0.93,5227.069529621736,0,0,90,49,,,,,,,,
,12-00,11.8,272,0.93,5170.046952934953,0,0,90,49,,,,,,,,
,13-00,11.8,258,0.93,4903.941595063302,0,0,85,60,,,,,,,,
,14-00,11.8,258,0.93,4903.941595063302,0,0,85,60,,,,,,,,
,15-00,11.8,251,0.93,4770.888916127476,0,0,85,60,,,,,,,,
,16-00,11.8,238,0.93,4523.791083818084,0,0,85,57,,,,,,,,
,17-00,11.4,240,0.93,4407.168638842857,0,0,85,57,,,,,,,,
,18-00,11.6,227,0.93,4241.577653436042,0,0,85,57,,,,,,,,
,19-00,11.6,48,0.93,896.8974773785462,0,0,83,79,,,,,,,,
,20-00,11.6,48,0.93,896.8974773785462,0,0,83,79,,,,,,,,
,21-00,11.3,48,0.93,873.701852963584,0,0,83,79,,,,,,,,
,22-00,11.2,48,0.93,865.9699781585964,0,0,83,64,,,,,,,,
,23-00,11.8,46,0.93,874.3461758639995,0,0,83,64,,,,,,,,
,24-00,11.8,42,0.93,798.316073614956,0,0,83,64,,,,,,,,
2021-07-29,01-00,11.0,64,0.83,1012.0719278786463,0,0,81,67,,,,,,,,
,02-00,11.7,68,0.83,1143.7562866764927,0,0,81,67,,,,,,,,
,03-00,11.7,72,0.83,1211.036068245698,0,0,81,67,,,,,,,,
,04-00,11.6,72,0.83,1200.6853326196667,0,0,84,63,,,,,,,,
,05-00,11.6,160,0.83,2668.1896280437036,0,0,84,63,,,,,,,,
,06-00,11.3,206,0.83,3346.450331982831,0,0,84,63,,,,,,,,
,07-00,11.0,244,0.83,3858.5242250373394,0,0,83,65,,,,,,,,
,08-00,11.2,252,0.83,4057.488365404391,0,0,83,65,,,,,,,,
,09-00,11.8,240,0.83,4071.2893462391003,0,0,83,65,,,,,,,,
,10-00,11.8,240,0.83,4071.2893462391003,0,0,85,63,,,,,,,,
,11-00,11.8,215,0.83,3647.19670600586,0,0,85,63,,,,,,,,
,12-00,11.8,210,0.83,3562.378177959212,0,0,85,63,,,,,,,,
,13-00,11.7,213,0.83,3582.6483685601906,0,0,83,65,,,,,,,,
,14-00,11.7,197,0.83,3313.5292422833686,0,0,83,65,,,,,,,,
,15-00,11.7,190,0.83,3195.789624537259,0,0,83,65,,,,,,,,
,16-00,11.6,166,0.83,2768.2467390953425,0,0,82,67,,,,,,,,
,17-00,11.6,166,0.83,2768.2467390953425,0,0,82,67,,,,,,,,
,18-00,11.6,166,0.83,2768.2467390953425,0,0,82,67,,,,,,,,
,19-00,11.8,51,0.83,865.1489860758087,0,0,84,64,,,,,,,,
,20-00,11.8,51,0.83,865.1489860758087,0,0,84,64,,,,,,,,
,21-00,11.8,51,0.83,865.1489860758087,0,0,84,64,,,,,,,,
,22-00,11.8,48,0.83,814.2578692478199,0,0,81,70,,,,,,,,
,23-00,11.8,46,0.83,780.3304580291608,0,0,81,70,,,,,,,,
,24-00,11.8,42,0.83,712.4756355918424,0,0,81,70,,,,,,,,
2021-07-30,01-00,11.6,105,0.83,1750.9994434036805,0,0,84,69,,,,,,,,
,02-00,11.6,105,0.83,1750.9994434036805,0,0,84,69,,,,,,,,
,03-00,11.6,105,0.83,1750.9994434036805,0,0,84,69,,,,,,,,
,04-00,11.4,110,0.83,1802.7531215338386,0,0,87,65,,,,,,,,
,05-00,11.2,135,0.83,2173.6544814666377,0,0,87,65,,,,,,,,
,06-00,11.2,163,0.83,2624.4865220671254,0,0,87,65,,,,,,,,
,07-00,11.0,235,0.83,3716.2016101794043,0,0,86,70,,,,,,,,
,08-00,11.2,244,0.83,3928.679210947109,0,0,86,70,1.0,,,,,,,
,09-00,11.5,241,0.83,3984.3144149370282,0,0,86,70,1.0,,,,,,,
,10-00,11.8,41,0.83,695.5119299825128,0,0,84,69,,,,,,,,
,11-00,11.0,266,0.83,4206.423950245624,0,0,84,69,,,,,,,,
,12-00,11.0,279,0.83,4412.001060595973,0,0,84,69,,,,,,,,
,13-00,11.3,266,0.83,4321.144603434141,0,0,83,72,,,,,,,,
,14-00,11.4,251,0.83,4113.554850045396,0,0,83,72,,,,,,,,
,15-00,11.5,244,0.83,4033.9116898117636,0,0,83,72,,,,,,,,
,16-00,11.7,237,0.83,3986.327057975423,0,0,85,64,,,,,,,,
,17-00,11.7,207,0.83,3481.7286962063818,0,0,85,64,,,,,,,,
,18-00,11.6,167,0.83,2784.9229242706156,0,0,85,64,,,,,,,,
,19-00,11.7,48,0.83,807.3573788304654,0,0,82,71,,,,,,,,
,20-00,11.7,48,0.83,807.3573788304654,0,0,82,71,,,,,,,,
,21-00,11.7,47,0.83,790.537433438164,0,0,82,71,,,,,,,,
,22-00,11.8,46,0.83,780.3304580291608,0,0,82,68,,,,,,,,
,23-00,11.9,44,0.83,752.7284963597431,0,0,82,68,,,,,,,,
,24-00,11.8,42,0.83,712.4756355918424,0,0,82,68,,,,,,,,
2021-07-31,01-00,11.6,32,0.85,546.4966708041321,0,0,81,71,,,,,,,,
,02-00,11.6,102,0.85,1741.9581381881712,0,0,81,71,,,,,,,,
,03-00,11.7,108,0.85,1860.3264903774282,0,0,81,71,,,,,,,,
,04-00,11.7,118,0.85,2032.5789431901528,0,0,86,65,,,,,,,,
,05-00,11.4,124,0.85,2081.1629683424603,0,0,86,65,,,,,,,,
,06-00,11.4,168,0.85,2819.6401506575266,0,0,86,65,,,,,,,,
,07-00,11.0,233,0.85,3773.3592868291776,0,0,89,57,,,,,,,,
,08-00,11.3,237,0.85,3942.8144775876785,0,0,89,57,,,,,,,,
,09-00,11.3,242,0.85,4025.9962176211743,0,0,89,57,,,,,,,,
,10-00,11.5,243,0.85,4114.183584488544,0,0,89,53,,,,,,,,
,11-00,11.6,240,0.85,4098.72503103099,0,0,89,53,,,,,,,,
,12-00,11.7,238,0.85,4099.608376942851,0,0,89,53,,,,,,,,
,13-00,12.0,243,0.85,4293.061131640219,0,0,87,61,,,,,,,,
,14-00,11.6,239,0.85,4081.6470100683614,0,0,87,61,,,,,,,,
,15-00,11.6,237,0.85,4047.4909681431036,0,0,87,61,,,,,,,,
,16-00,11.6,233,0.85,3979.1788842925866,0,0,86,63,,,,,,,,
,17-00,11.6,205,0.85,3500.994297338971,0,0,86,63,,,,,,,,
,18-00,11.8,166,0.85,2883.829953586029,0,0,86,63,,,,,,,,
,19-00,11.9,50,0.85,875.9846959279597,0,0,82,68,,,,,,,,
,20-00,11.8,50,0.85,868.6234799957919,0,0,82,68,,,,,,,,
,21-00,11.7,48,0.85,826.8117735010791,0,0,82,68,,,,,,,,
,22-00,11.7,46,0.85,792.3612829385341,0,0,81,68,,,,,,,,
,23-00,11.6,44,0.85,751.4329223556816,0,0,81,68,,,,,,,,
,24-00,11.5,42,0.85,711.0934590474025,0,0,81,68,,,,,,,,
2021-08-01,01-00,11.4,110,0.84,1824.4730386607523,1,0,82,68,,,,,,,,
,02-00,11.4,110,0.84,1824.4730386607523,1,0,82,68,,,,,,,,
,03-00,11.4,110,0.84,1824.4730386607523,1,0,82,68,,,,,,,,
,04-00,11.3,126,0.84,2071.5189094459165,1,0,86,58,,,,,,,,
,05-00,11.3,138,0.84,2268.806424631242,1,0,86,58,,,,,,,,
,06-00,11.2,233,0.84,3796.7662214426628,1,0,86,58,,,,,,,,
,07-00,11.2,283,0.84,4611.522921323062,1,0,87,60,,,,,,,,
,08-00,11.6,280,0.84,4725.588859306318,1,0,87,60,,,,,,,,
,09-00,11.7,279,0.84,4749.304098963551,1,0,87,60,,,,,,,,
,10-00,11.4,271,0.84,4494.838122518762,1,0,87,57,,,,,,,,
,11-00,11.4,265,0.84,4395.321411319085,1,0,87,57,,,,,,,,
,12-00,11.4,265,0.84,4395.321411319085,1,0,87,57,,,,,,,,
,13-00,11.6,242,0.84,4084.258942686175,1,0,86,59,,,,,,,,
,14-00,11.8,197,0.84,3382.113258110674,1,0,86,59,,,,,,,,
,15-00,11.8,197,0.84,3382.113258110674,1,0,86,59,,,,,,,,
,16-00,11.8,202,0.84,3467.9536961337876,1,0,85,59,,,,,,,,
,17-00,11.4,195,0.84,3234.2931139895154,1,0,85,59,,,,,,,,
,18-00,11.7,188,0.84,3200.2479233159415,1,0,85,59,,,,,,,,
,19-00,11.6,50,0.84,843.8551534475569,1,0,85,68,,,,,,,,
,20-00,11.7,55,0.84,936.2427435232808,1,0,85,68,,,,,,,,
,21-00,11.7,50,0.84,851.1297668393461,1,0,85,68,,,,,,,,
,22-00,11.7,48,0.84,817.0845761657723,1,0,80,68,,,,,,,,
,23-00,11.6,44,0.84,742.59253503385,1,0,80,68,,,,,,,,
,24-00,11.5,42,0.84,702.7276536468448,1,0,80,68,,,,,,,,
2021-08-02,01-00,11.4,114,0.83,1868.3077804987054,0,0,82,68,,,,,,,,
,02-00,11.4,114,0.83,1868.3077804987054,0,0,82,68,,,,,,,,
,03-00,11.4,114,0.83,1868.3077804987054,0,0,82,68,,,,,,,,
,04-00,11.3,126,0.83,2046.8579700477508,0,0,87,55,,,,,,,,
,05-00,11.3,138,0.83,2241.796824338013,0,0,87,55,,,,,,,,
,06-00,11.0,199,0.83,3146.9111507476655,0,0,87,55,,,,,,,,
,07-00,11.4,264,0.83,4326.607491681213,0,0,88,50,,,,,,,,
,08-00,11.2,266,0.83,4282.9043857046345,0,0,88,50,,,,,,,,
,09-00,11.4,280,0.83,4588.82612754068,0,0,88,50,,,,,,,,
,10-00,11.6,266,0.83,4435.865256622657,0,0,89,49,,,,,,,,
,11-00,11.8,250,0.83,4240.926402332396,0,0,89,49,,,,,,,,
,12-00,11.8,248,0.83,4206.998991113736,0,0,89,49,,,,,,,,
,13-00,11.8,240,0.83,4071.2893462391003,0,0,86,57,,,,,,,,
,14-00,11.8,242,0.83,4105.216757457759,0,0,86,57,,,,,,,,
,15-00,11.8,243,0.83,4122.180463067089,0,0,86,57,,,,,,,,
,16-00,11.7,221,0.83,3717.2079316986014,0,0,84,61,,,,,,,,
,17-00,11.7,211,0.83,3549.0084777755874,0,0,84,61,,,,,,,,
,18-00,11.6,198,0.83,3301.884664704083,0,0,84,61,,,,,,,,
,19-00,11.4,154,0.83,2523.854370147374,0,0,83,62,,,,,,,,
,20-00,11.4,151,0.83,2474.688375923724,0,0,83,62,,,,,,,,
,21-00,11.7,50,0.83,840.9972696150681,0,0,83,62,,,,,,,,
,22-00,11.7,48,0.83,807.3573788304654,0,0,82,68,,,,,,,,
,23-00,11.6,46,0.83,767.1045180625648,0,0,82,68,,,,,,,,
,24-00,11.5,42,0.83,694.3618482462871,0,0,82,68,,,,,,,,
2021-08-03,01-00,11.5,118,0.84,1974.3300745316117,0,0,82,70,,,,,,,,
,02-00,11.5,118,0.84,1974.3300745316117,0,0,82,70,,,,,,,,
,03-00,11.5,118,0.84,1974.3300745316117,0,0,82,70,,,,,,,,
,04-00,11.4,126,0.84,2089.8509351932257,0,0,86,63,,,,,,,,
,05-00,11.3,138,0.84,2268.806424631242,0,0,86,63,,,,,,,,
,06-00,11.0,241,0.84,3857.000020326678,0,0,86,63,,,,,,,,
,07-00,11.5,256,0.84,4283.29236508553,0,0,88,56,,,,,,,,
,08-00,11.6,274,0.84,4624.326240892611,0,0,88,56,,,,,,,,
,09-00,11.8,273,0.84,4686.887916062,0,0,88,56,,,,,,,,
,10-00,11.6,270,0.84,4556.817828616808,0,0,89,58,,,,,,,,
,11-00,11.7,268,0.84,4562.055550258895,0,0,89,58,1.0,,,,,,,
,12-00,11.6,263,0.84,4438.678107134149,0,0,89,58,,,,,,,,
,13-00,11.9,274,0.84,4743.920885053628,0,0,85,72,,,,,,,,
,14-00,11.2,257,0.84,4187.8494373852545,0,0,85,72,,,,,,,,
,15-00,11.4,242,0.84,4013.8406850536558,0,0,85,72,,,,,,,,
,16-00,11.4,238,0.84,3947.4962109205376,0,0,82,78,,,,,,,,
,17-00,11.4,208,0.84,3449.91265492215,0,0,82,78,,,,,,,,
,18-00,11.6,189,0.84,3189.772480031765,0,0,82,78,,,,,,,,
,19-00,11.6,49,0.84,826.9780503786056,0,0,82,65,,,,,,,,
,20-00,11.6,48,0.84,810.1009473096545,0,0,82,65,,,,,,,,
,21-00,11.7,48,0.84,817.0845761657723,0,0,82,65,,,,,,,,
,22-00,11.7,46,0.84,783.0393854921984,0,0,81,84,,,,,,,,
,23-00,11.6,46,0.84,776.3467411717523,0,0,81,84,,,,,,,,
,24-00,11.6,42,0.84,708.8383288959477,0,0,81,84,,,,,,,,
2021-08-04,01-00,11.6,44,0.85,751.4329223556816,0,0,86,70,,,,,,,,
,02-00,11.7,82,0.85,1412.4701130643434,0,0,86,70,,,,,,,,
,03-00,11.7,82,0.85,1412.4701130643434,0,0,86,70,,,,,,,,
,04-00,11.6,98,0.85,1673.6460543376545,0,0,89,56,,,,,,,,
,05-00,11.6,118,0.85,2015.2064735902368,0,0,89,56,,,,,,,,
,06-00,11.5,235,0.85,3978.737211336657,0,0,89,56,,,,,,,,
,07-00,11.1,274,0.85,4477.680427218986,0,0,90,48,,,,,,,,
,08-00,11.1,296,0.85,4837.202213346057,0,0,90,48,,,,,,,,
,09-00,11.1,290,0.85,4739.150817129584,0,0,90,48,,,,,,,,
,10-00,11.5,285,0.85,4825.277043535945,0,0,90,47,,,,,,,,
,11-00,11.5,286,0.85,4842.207840179931,0,0,90,47,,,,,,,,
,12-00,11.8,254,0.85,4412.607278378622,0,0,90,47,,,,,,,,
,13-00,11.4,258,0.85,4330.161659938344,0,0,86,63,,,,,,,,
,14-00,11.6,252,0.85,4303.66128258254,0,0,86,63,,,,,,,,
,15-00,11.6,252,0.85,4303.66128258254,0,0,86,63,,,,,,,,
,16-00,11.6,236,0.85,4030.4129471804736,0,0,86,59,,,,,,,,
,17-00,11.3,244,0.85,4059.2689136345725,0,0,86,59,,,,,,,,
,18-00,11.8,238,0.85,4134.647764779969,0,0,86,59,,,,,,,,
,19-00,11.6,51,0.85,870.9790690940856,0,0,81,80,,,,,,,,
,20-00,11.7,60,0.85,1033.514716876349,0,0,81,80,,,,,,,,
,21-00,11.6,58,0.85,990.5252158324895,0,0,81,80,,,,,,,,
,22-00,11.5,55,0.85,931.1938154192175,0,0,82,65,,,,,,,,
,23-00,11.5,50,0.85,846.5398321992888,0,0,82,65,,,,,,,,
,24-00,11.4,43,0.85,721.693609989724,0,0,82,65,,,,,,,,
2021-08-05,01-00,11.3,145,0.86,2440.6501134533805,0,0,85,65,,,,,,,,
,02-00,11.3,145,0.86,2440.6501134533805,0,0,85,65,,,,,,,,
,03-00,11.3,145,0.86,2440.6501134533805,0,0,85,65,,,,,,,,
,04-00,11.3,145,0.86,2440.6501134533805,0,0,88,59,,,,,,,,
,05-00,11.3,160,0.86,2693.1311596726955,0,0,88,59,,,,,,,,
,06-00,11.3,220,0.86,3703.0553445499568,0,0,88,59,,,,,,,,
,07-00,11.2,315,0.86,5255.180714228579,0,0,89,57,,,,,,,,
,08-00,11.2,320,0.86,5338.596281121096,0,0,89,57,,,,,,,,
,09-00,11.6,332,0.86,5736.607700293963,0,0,89,57,,,,,,,,
,10-00,11.5,274,0.86,4693.6152013985975,0,0,83,89,1.0,,,,,,,
,11-00,11.6,217,0.86,3749.5297318186444,0,0,83,89,1.0,,,,,,,
,12-00,11.8,300,0.86,5273.05547856269,0,0,83,89,,,,,,,,
,13-00,11.7,325,0.86,5664.065948371363,0,0,82,87,,,,,,,,
,14-00,11.6,341,0.86,5892.118150000727,0,0,82,87,,,,,,,,
,15-00,11.8,342,0.86,6011.283245561466,0,0,82,87,,,,,,,,
,16-00,11.8,316,0.86,5554.285104086033,0,0,82,89,,,,,,,,
,17-00,11.8,302,0.86,5308.209181753108,0,0,82,89,,,,,,,,
,18-00,11.9,200,0.86,3545.161592931978,0,0,82,89,,,,,,,,
,19-00,11.5,56,0.86,959.2790192639469,0,0,85,63,,,,,,,,
,20-00,11.6,80,0.86,1382.3151085045695,0,0,85,63,,,,,,,,
,21-00,11.7,73,0.86,1272.236351480337,0,0,85,63,,,,,,,,
,22-00,11.7,70,0.86,1219.9526658030627,0,0,81,87,,,,,,,,
,23-00,11.6,58,0.86,1002.1784536658129,0,0,81,87,,,,,,,,
,24-00,11.5,54,0.86,925.0190542902345,0,0,81,87,,,,,,,,
2021-08-06,01-00,11.6,150,0.83,2501.4277762909724,0,0,81,83,,,,,,,,
,02-00,11.6,57,0.83,950.5425549905694,0,0,81,83,,,,,,,,
,03-00,11.7,57,0.83,958.7368873611778,0,0,81,83,,,,,,,,
,04-00,11.7,57,0.83,958.7368873611778,0,0,83,73,,,,,,,,
,05-00,11.7,100,0.83,1681.9945392301363,0,0,83,73,,,,,,,,
,06-00,11.6,155,0.83,2584.808702167338,0,0,83,73,,,,,,,,
,07-00,11.4,248,0.83,4064.3888558217454,0,0,87,56,,,,,,,,
,08-00,11.2,274,0.83,4411.713540161917,0,0,87,56,,,,,,,,
,09-00,11.6,284,0.83,4736.036589777574,0,0,87,56,,,,,,,,
,10-00,11.5,264,0.83,4364.560188976662,0,0,87,60,,,,,,,,
,11-00,11.7,153,0.83,2573.4516450221086,0,0,87,60,,1.0,,,,,,
,12-00,11.8,150,0.83,2544.555841399437,0,0,87,60,,1.0,,,,,,
,13-00,11.7,160,0.83,2691.191262768218,0,0,85,76,,1.0,,,,,,
,14-00,11.9,142,0.83,2429.2601473428076,0,0,85,76,,,,,,,,
,15-00,11.9,144,0.83,2463.475078995523,0,0,85,76,,,,,,,,
,16-00,11.9,146,0.83,2497.6900106482385,0,0,85,76,,,,,,,,
,17-00,11.9,134,0.83,2292.400420731945,0,0,82,90,,,,,,,,
,18-00,11.9,130,0.83,2223.970557426514,0,0,82,90,,,,,,,,
,19-00,11.9,45,0.83,769.8359621861009,0,0,82,90,,,,,,,,
,20-00,11.8,44,0.83,746.4030468105017,0,0,82,90,,,,,,,,
,21-00,11.6,39,0.83,650.3712218356527,0,0,82,90,,,,,,,,
,22-00,11.6,36,0.83,600.3426663098334,0,0,82,89,,,,,,,,
,23-00,11.9,31,0.83,530.3314406170917,0,0,82,89,,,,,,,,
,24-00,11.9,31,0.83,530.3314406170917,0,0,82,89,,,,,,,,
2021-08-07,01-00,11.6,110,0.85,1878.5823058892042,0,0,82,90,,,,,,,,
,02-00,11.6,120,0.85,2049.362515515495,0,0,82,90,,,,,,,,
,03-00,11.5,128,0.85,2167.141970430179,0,0,82,90,,,,,,,,
,04-00,11.5,129,0.85,2184.072767074165,0,0,87,61,,,,,,,,
,05-00,11.4,134,0.85,2248.9986915958843,0,0,87,61,,,,,,,,
,06-00,11.3,141,0.85,2345.7250689445686,0,0,87,61,,,,,,,,
,07-00,11.2,160,0.85,2638.259790088913,0,0,90,49,,,,,,,,
,08-00,11.2,164,0.85,2704.2162848411363,0,0,90,49,,,,,,,,
,09-00,11.3,166,0.85,2761.6337691120452,0,0,90,49,,,,,,,,
,10-00,11.4,162,0.85,2718.938716705472,0,0,90,43,,,,,,,,
,11-00,11.3,304,0.85,5057.449794036515,0,0,90,43,,,,,,,,
,12-00,11.5,299,0.85,5062.308196551746,0,0,90,43,,,,,,,,
,13-00,11.5,282,0.85,4774.484653603989,0,0,86,73,,,,,,,,
,14-00,11.5,282,0.85,4774.484653603989,0,0,86,73,,,,,,,,
,15-00,11.5,282,0.85,4774.484653603989,0,0,86,73,,,,,,,,
,16-00,11.5,282,0.85,4774.484653603989,0,0,84,82,,,,,,,,
,17-00,11.8,188,0.85,3266.024284784178,0,0,84,82,,,,1.0,,,,
,18-00,11.1,269,0.85,4395.970930371924,0,0,84,82,,,,,,,,
,19-00,11.4,67,0.85,1124.4993457979422,0,0,82,89,,,,,,,,
,20-00,11.4,67,0.85,1124.4993457979422,0,0,82,89,,,,,,,,
,21-00,11.5,62,0.85,1049.7093919271178,0,0,82,89,,,,,,,,
,22-00,11.5,56,0.85,948.1246120632034,0,0,82,90,,,,,,,,
,23-00,11.5,53,0.85,897.3322221312461,0,0,82,90,,,,,,,,
,24-00,11.5,49,0.85,829.609035555303,0,0,82,90,,,,,,,,
2021-08-08,01-00,11.2,146,0.84,2379.089563650767,1,0,83,78,,,,,,,,
,02-00,11.2,146,0.84,2379.089563650767,1,0,83,78,,,,,,,,
,03-00,11.2,148,0.84,2411.6798316459835,1,0,83,78,,,,,,,,
,04-00,11.2,148,0.84,2411.6798316459835,1,0,90,61,,,,,,,,
,05-00,11.2,167,0.84,2721.287377600535,1,0,90,61,,,,,,,,
,06-00,11.8,219,0.84,3759.811185412373,1,0,90,61,,,,,,,,
,07-00,11.8,293,0.84,5030.249668154454,1,0,92,46,,,,,,,,
,08-00,11.7,297,0.84,5055.710815025716,1,0,92,46,,,,,,,,
,09-00,11.8,273,0.84,4686.887916062,1,0,92,46,,,,,,,,
,10-00,11.7,303,0.84,5157.8463870464375,1,0,91,53,,,,,,,,
,11-00,11.5,329,0.84,5504.699953566951,1,0,91,53,,,,,,,,
,12-00,11.7,329,0.84,5600.433865802897,1,0,91,53,,,,,,,,
,13-00,11.8,309,0.84,5304.939069828418,1,0,87,75,,,,,,,,
,14-00,11.8,274,0.84,4704.056003666623,1,0,87,75,,,,,,,,
,15-00,11.9,229,0.84,3964.8097907929955,1,0,87,75,,,,,,,,
,16-00,11.7,233,0.84,3966.264713471353,1,0,85,86,,,,,,,,
,17-00,11.8,210,0.84,3605.298396970769,1,0,85,86,,,,,,,,
,18-00,11.9,154,0.84,2666.291300358608,1,0,85,86,,,,,,,,
,19-00,11.4,68,0.84,1127.8560602630105,1,0,83,86,,,,,,,,
,20-00,11.5,73,0.84,1221.4075884814208,1,0,83,86,,,,,,,,
,21-00,11.5,58,0.84,970.4334264646906,1,0,83,86,,,,,,,,
,22-00,11.6,55,0.84,928.2406687923126,1,0,83,89,,,,,,,,
,23-00,11.7,51,0.84,868.1523621761331,1,0,83,89,,,,,,,,
,24-00,11.6,46,0.84,776.3467411717523,1,0,83,89,,,,,,,,
2021-08-09,01-00,11.3,150,0.82,2407.3774174399828,0,0,86,83,,,,,,,,
,02-00,11.3,150,0.82,2407.3774174399828,0,0,86,83,,,,,,,,
,03-00,11.3,150,0.82,2407.3774174399828,0,0,86,83,,,,,,,,
,04-00,11.3,154,0.82,2471.5741485717153,0,0,92,55,,,,,,,,
,05-00,11.4,167,0.82,2703.932228508695,0,0,92,55,,,,,,,,
,06-00,11.5,183,0.82,2988.9827581135355,0,0,92,55,,,,,,,,
,07-00,11.4,202,0.82,3270.6246117290802,0,0,83,93,,,,,,,,
,08-00,11.6,184,0.82,3031.449179813509,0,0,83,93,,,,,,,,
,09-00,11.7,209,0.82,3473.014748593503,0,0,83,93,,,,,,,,
,10-00,11.7,224,0.82,3722.2741803107406,0,0,89,91,,,,,,,,
,11-00,11.7,230,0.82,3821.977952997635,0,0,89,91,,,,,,,,
,12-00,11.7,236,0.82,3921.68172568453,0,0,89,91,,,,,,,,
,13-00,11.8,236,0.82,3955.200372912603,0,0,84,92,,,,,,,,
,14-00,11.3,192,0.82,3081.4430943231773,0,0,84,92,,,,,,,,
,15-00,11.3,192,0.82,3081.4430943231773,0,0,84,92,,,,,,,,
,16-00,11.8,234,0.82,3921.6817256845306,0,0,83,92,1.0,,,,,,,
,17-00,11.8,93,0.82,1558.6170961053901,0,0,83,92,,,,,,,,
,18-00,11.7,93,0.82,1545.4084766468698,0,0,83,92,,,,,,,,
,19-00,11.8,62,0.82,1039.07806407026,0,0,79,90,,,,1.0,,,,
,20-00,11.6,57,0.82,939.090235050924,0,0,79,90,,,,,,,,
,21-00,11.6,52,0.82,856.7138986429482,0,0,79,90,,,,,,,,
,22-00,11.6,50,0.82,823.7633640797579,0,0,81,91,,,,,,,,
,23-00,11.5,48,0.82,783.9954775379765,0,0,81,91,,,,,,,,
,24-00,11.5,45,0.82,734.995760191853,0,0,81,91,,,,,,,,
2021-08-10,01-00,11.5,85,0.8,1354.463731518862,0,0,83,87,,,,,,,,
,02-00,11.5,85,0.8,1354.463731518862,0,0,83,87,,,,,,,,
,03-00,11.5,85,0.8,1354.463731518862,0,0,83,87,,,,,,,,
,04-00,11.4,85,0.8,1342.6857860273938,0,0,87,68,,,,,,,,
,05-00,11.3,90,0.8,1409.1965370380385,0,0,87,68,,,,,,,,
,06-00,11.2,110,0.8,1707.1092759398853,0,0,87,68,,,,,,,,
,07-00,11.8,137,0.8,2240.0266684126777,0,0,91,52,,,,,,,,
,08-00,11.5,156,0.8,2485.8393190228526,0,0,91,52,,,,,,,,
,09-00,11.7,156,0.8,2529.0713071797713,0,0,91,52,,,,,,,,
,10-00,11.7,151,0.8,2448.011329385548,0,0,89,62,,,,,,,,
,11-00,11.7,172,0.8,2788.4632361212866,0,0,89,62,,,,,,,,
,12-00,11.7,178,0.8,2885.7352094743546,0,0,89,62,,,,,,,,
,13-00,11.9,180,0.8,2968.0422638500277,0,0,85,73,,,,,,,,
,14-00,11.9,180,0.8,2968.0422638500277,0,0,85,73,,,,,,,,
,15-00,11.9,182,0.8,3001.020511226139,0,0,85,73,,,,,,,,
,16-00,11.9,186,0.8,3066.9770059783623,0,0,83,83,,,,,,,,
,17-00,12.0,170,0.8,2826.706917952408,0,0,83,83,,,,,,,,
,18-00,11.7,156,0.8,2529.0713071797713,0,0,83,83,,,,,,,,
,19-00,11.7,56,0.8,907.8717512953026,0,0,83,91,,,,,,,,
,20-00,11.7,54,0.8,875.4477601776133,0,0,83,91,,,,,,,,
,21-00,11.6,50,0.8,803.671574711959,0,0,83,91,,,,,,,,
,22-00,11.6,48,0.8,771.5247117234807,0,0,81,87,,,,,,,,
,23-00,11.6,48,0.8,771.5247117234807,0,0,81,87,,,,,,,,
,24-00,11.6,48,0.8,771.5247117234807,0,0,81,87,,,,,,,,
2021-08-11,01-00,11.5,103,0.85,1743.8720543305346,0,0,84,76,,,,,,,,
,02-00,11.5,104,0.85,1760.8028509745204,0,0,84,76,,,,,,,,
,03-00,11.5,109,0.85,1845.4568341944494,0,0,84,76,,,,,,,,
,04-00,11.5,111,0.85,1879.318427482421,0,0,89,57,,,,,,,,
,05-00,11.5,115,0.85,1947.0416140583638,0,0,89,57,,,,,,,,
,06-00,11.5,178,0.85,3013.6818026294677,0,0,89,57,,,,,,,,
,07-00,11.2,216,0.85,3561.6507166200327,0,0,92,45,,,,,,,,
,08-00,11.1,249,0.85,4069.132942983677,0,0,92,45,,,,,,,,
,09-00,11.2,273,0.85,4501.530766839209,0,0,92,45,,,,,,,,
,10-00,11.4,248,0.85,4162.325936684921,0,0,91,41,1.0,,,,,,,
,11-00,11.3,279,0.85,4641.541093869039,0,0,91,41,,,,,,,,
,12-00,11.0,294,0.85,4761.234464926087,0,0,91,41,,,,,,,,
,13-00,11.4,299,0.85,5018.288125277383,0,0,87,70,,,,,,,,
,14-00,11.6,290,0.85,4952.626079162447,0,0,87,70,,,,,,,,
,15-00,11.6,286,0.85,4884.31399531193,0,0,87,70,,,,,,,,
,16-00,11.6,284,0.85,4850.1579533866725,0,0,84,84,,,,,,,,
,17-00,11.8,274,0.85,4760.056670376939,0,0,84,84,,,,,,,,
,18-00,12.0,240,0.85,4240.060376928612,0,0,84,84,,,,,,,,
,19-00,11.6,60,0.85,1024.6812577577475,0,0,82,87,,,,,,,,
,20-00,11.7,63,0.85,1085.1904527201664,0,0,82,87,,,,,,,,
,21-00,11.7,56,0.85,964.613735751259,0,0,82,87,,,,,,,,
,22-00,11.6,51,0.85,870.9790690940856,0,0,82,90,,,,,,,,
,23-00,11.6,46,0.85,785.5889642809399,0,0,82,90,,,,,,,,
,24-00,11.6,39,0.85,666.042817542536,0,0,82,90,,,,,,,,
2021-08-12,01-00,11.5,104,0.84,1740.0875233159966,0,0,85,78,,,,,,,,
,02-00,11.5,104,0.84,1740.0875233159966,0,0,85,78,,,,,,,,
,03-00,11.5,109,0.84,1823.7455773215734,0,0,85,78,,,,,,,,
,04-00,11.3,152,0.84,2498.975192347455,0,0,85,78,,,,,,,,
,05-00,11.0,180,0.84,2880.7469031485566,0,0,85,78,,,,,,,,
,06-00,11.5,260,0.84,4350.218808289991,0,0,93,39,,,,,,,,
,07-00,11.4,304,0.84,5042.180034116988,0,0,93,39,,,,,,,,
,08-00,11.5,334,0.84,5588.358007572528,0,0,93,39,,,,,,,,
,09-00,11.2,339,0.84,5524.050425189111,0,0,93,39,,,,,,,,
,10-00,11.2,344,0.84,5605.526095177151,0,0,87,88,,,,,,,,
,11-00,11.5,308,0.84,5153.336126743528,0,0,87,88,,,,,,,,
,12-00,11.2,336,0.84,5475.165023196286,0,0,87,88,,,,,,,,
,13-00,11.5,300,0.84,5019.483240334605,0,0,84,87,,1.0,,,,,,
,14-00,11.5,291,0.84,4868.898743124568,0,0,84,87,,1.0,,,,,,
,15-00,11.5,284,0.84,4751.77746751676,0,0,84,87,,,,,,,,
,16-00,11.6,274,0.84,4624.326240892611,0,0,83,90,,,,,,,,
,17-00,11.7,270,0.84,4596.100740932469,0,0,83,90,,,,,,,,
,18-00,11.8,252,0.84,4326.358076364923,0,0,83,90,,,,,,,,
,19-00,12.0,60,0.84,1047.544328417657,0,0,84,88,,,,,,,,
,20-00,11.9,60,0.84,1038.8147923475096,0,0,84,88,,,,,,,,
,21-00,11.8,54,0.84,927.0767306496263,0,0,84,88,,,,,,,,
,22-00,11.7,47,0.84,800.0619808289854,0,0,81,92,,,,,,,,
,23-00,11.6,41,0.84,691.9612258269966,0,0,81,92,,,,,,,,
,24-00,11.6,40,0.84,675.0841227580455,0,0,81,92,,,,,,,,
2021-08-13,01-00,11.6,112,0.85,1912.7383478144623,0,0,84,82,,,,,,,,
,02-00,11.6,112,0.85,1912.7383478144623,0,0,84,82,,,,,,,,
,03-00,11.4,134,0.85,2248.9986915958843,0,0,84,82,,,,,,,,
,04-00,11.4,153,0.85,2567.8865657773904,0,0,89,63,,,,,,,,
,05-00,11.4,162,0.85,2718.938716705472,0,0,89,63,,,,,,,,
,06-00,11.6,253,0.85,4320.739303545169,0,0,89,63,,,,,,,,
,07-00,11.8,305,0.85,5298.60322797433,0,0,91,51,,,,,,,,
,08-00,11.1,379,0.85,6193.579861007283,0,0,91,51,,,,,,,,
,09-00,11.3,319,0.85,5306.995014137003,0,0,91,51,1.0,,,,,,,
,10-00,11.3,296,0.85,4924.359009982923,0,0,88,75,,,,,,,,
,11-00,11.4,283,0.85,4749.750968071905,0,0,88,75,,,,,,,,
,12-00,11.4,296,0.85,4967.937408301356,0,0,88,75,,,,,,,,
,13-00,11.4,296,0.85,4967.937408301356,0,0,84,77,,,,,,,,
,14-00,11.8,264,0.85,4586.331974377781,0,0,84,77,,,,,,,,
,15-00,11.3,249,0.85,4142.450653668067,0,0,84,77,,,,,,,,
,16-00,11.2,278,0.85,4583.976385279487,0,0,83,83,,,,,,,,
,17-00,11.2,269,0.85,4435.574272086986,0,0,83,83,,,,,,,,
,18-00,11.8,214,0.85,3717.7084943819896,0,0,83,83,,,,,,,,
,19-00,11.7,55,0.85,947.3884904699866,0,0,81,90,,,,,,,,
,20-00,11.7,57,0.85,981.8389810325315,0,0,81,90,,,,,,,,
,21-00,11.7,57,0.85,981.8389810325315,0,0,81,90,,,,,,,,
,22-00,11.5,52,0.85,880.4014254872602,0,0,81,90,,,,,,,,
,23-00,11.5,50,0.85,846.5398321992888,0,0,81,90,,,,,,,,
,24-00,11.5,50,0.85,846.5398321992888,0,0,81,90,,,,,,,,
2021-08-14,01-00,11.5,95,0.85,1608.4256811786486,0,0,85,69,,,,,,,,
,02-00,11.5,95,0.85,1608.4256811786486,0,0,85,69,,,,,,,,
,03-00,11.5,95,0.85,1608.4256811786486,0,0,85,69,,,,,,,,
,04-00,11.4,95,0.85,1594.4393709075298,0,0,87,59,,,,,,,,
,05-00,11.3,110,0.85,1829.9982807368972,0,0,87,59,,,,,,,,
,06-00,11.2,135,0.85,2226.0316978875207,0,0,87,59,,,,,,,,
,07-00,11.7,179,0.85,3083.318905347774,0,0,91,42,,,,,,,,
,08-00,11.6,194,0.85,3313.1360667500508,0,0,91,42,,,,,,,,
,09-00,11.5,227,0.85,3843.2908381847706,0,0,91,42,1.0,,,,,,,
,10-00,11.3,220,0.85,3659.9965614737944,0,0,91,44,1.0,,,,,,,
,11-00,11.5,215,0.85,3640.1212784569416,0,0,91,44,1.0,,,,,,,
,12-00,11.8,363,0.85,6306.206464769449,0,0,91,44,,,,,,,,
,13-00,11.6,369,0.85,6301.789735210148,0,0,87,60,,,,,,,,
,14-00,11.4,359,0.85,6025.302464797928,0,0,87,60,,,,,,,,
,15-00,11.5,349,0.85,5908.848028751035,0,0,87,60,,,,,,,,
,16-00,11.6,329,0.85,5618.668896704983,0,0,85,73,,,,,,,,
,17-00,11.6,314,0.85,5362.498582265545,0,0,85,73,,,,,,,,
,18-00,11.6,294,0.85,5020.938163012964,0,0,85,73,,,,,,,,
,19-00,11.8,279,0.85,4846.919018376519,0,0,82,86,,,,,,,,
,20-00,11.9,62,0.85,1086.22102295067,0,0,82,86,,,,,,,,
,21-00,11.7,59,0.85,1016.2894715950764,0,0,82,86,,,,,,,,
,22-00,11.6,58,0.85,990.5252158324895,0,0,81,80,,,,,,,,
,23-00,11.5,54,0.85,914.2630187752318,0,0,81,80,,,,,,,,
,24-00,11.5,50,0.85,846.5398321992888,0,0,81,80,,,,,,,,
2021-08-15,01-00,11.6,129,0.865,2241.942316605848,1,0,82,74,,,,,,,,
,02-00,11.5,139,0.865,2394.910981752505,1,0,82,74,,,,,,,,
,03-00,11.5,156,0.865,2687.8137636934594,1,0,82,74,,,,,,,,
,04-00,11.3,181,0.865,3064.31744196334,1,0,86,63,,,,,,,,
,05-00,11.0,205,0.865,3378.4950039736627,1,0,86,63,,,,,,,,
,06-00,11.0,280,0.865,4614.529761525003,1,0,86,63,,,,,,,,
,07-00,11.2,309,0.865,5185.05344113173,1,0,91,57,,,,,,,,
,08-00,11.7,203,0.865,3558.431700194166,1,0,91,57,1.0,,,,,,,
,09-00,11.4,299,0.865,5106.846151017573,1,0,91,57,,,,,,,,
,10-00,11.4,334,0.865,5704.6375064878575,1,0,84,79,,,,,,,,
,11-00,11.5,352,0.865,6064.810543718575,1,0,84,79,,,,,,,,
,12-00,11.4,340,0.865,5807.116024568478,1,0,84,79,,,,,,,,
,13-00,11.4,349,0.865,5960.833801689408,1,0,83,80,,,,,,,,
,14-00,11.5,344,0.865,5926.973940452243,1,0,83,80,,,,,,,,
,15-00,11.8,313,0.865,5533.5403315637805,1,0,83,80,,,,,,,,
,16-00,11.9,300,0.865,5348.659496313071,1,0,81,91,,,,,,,,
,17-00,11.8,319,0.865,5639.614587120914,1,0,81,91,,,,,,,,
,18-00,11.2,294,0.865,4933.351817775821,1,0,81,91,,,,,,,,
,19-00,11.8,55,0.865,972.3473426070542,1,0,84,82,,,,,,,,
,20-00,11.7,55,0.865,964.1071108900451,1,0,84,82,,,,,,,,
,21-00,11.7,53,0.865,929.0486704940434,1,0,84,82,,,,,,,,
,22-00,11.6,46,0.865,799.4522989447212,1,0,77,93,,,,,,,,
,23-00,11.6,43,0.865,747.3141055352828,1,0,77,93,,,,,,,,
,24-00,11.6,41,0.865,712.5553099289906,1,0,77,93,,,,,,,,
2021-08-16,01-00,11.6,41,0.77,634.2977903414136,0,0,80,93,,,,,,,,
,02-00,11.6,41,0.77,634.2977903414136,0,0,80,93,,,,,,,,
,03-00,11.4,41,0.77,623.3616215424238,0,0,80,93,,,,,,,,
,04-00,11.4,41,0.77,623.3616215424238,0,0,82,80,,,,,,,,
,05-00,11.4,43,0.77,653.7695055201029,0,0,82,80,,,,,,,,
,06-00,11.3,82,0.77,1235.7870742858577,0,0,82,80,,,,,,,,
,07-00,11.2,94,0.77,1404.0973794605557,0,0,82,87,,,,,,,,
,08-00,11.6,138,0.77,2134.9535382223194,0,0,82,87,,,,,,,,
,09-00,11.7,134,0.77,2090.9421272019936,0,0,82,87,,,,,,,,
,10-00,11.2,144,0.77,2150.9576876842557,0,0,83,78,,,,,,,,
,11-00,11.5,147,0.77,2254.584555450294,0,0,83,78,,,,,,,,
,12-00,11.8,206,0.77,3241.9072093395885,0,0,83,78,,,,1.0,,,,
,13-00,11.7,139,0.77,2168.962355828934,0,0,80,91,,,,,,,,
,14-00,11.7,125,0.77,1950.5057156735015,0,0,80,91,,,,,,,,
,15-00,11.7,125,0.77,1950.5057156735015,0,0,80,91,,,,,,,,
,16-00,11.7,132,0.77,2059.7340357512176,0,0,78,91,,,,,,,,
,17-00,11.6,187,0.77,2893.016751069374,0,0,78,91,,,,1.0,,,,
,18-00,11.6,123,0.77,1902.8933710242409,0,0,78,91,,,,,,,,
,19-00,11.8,61,0.77,959.98223189182,0,0,78,91,,,,,,,,
,20-00,11.7,61,0.77,951.8467892486688,0,0,78,91,,,,,,,,
,21-00,11.6,56,0.77,866.3579575394917,0,0,78,91,,,,,,,,
,22-00,11.6,56,0.77,866.3579575394917,0,0,77,93,,,,,,,,
,23-00,11.6,51,0.77,789.0045684734657,0,0,77,93,,,,,,,,
,24-00,11.6,49,0.77,758.0632128470553,0,0,77,93,,,,,,,,
2021-08-17,01-00,11.7,100,0.82,1661.7295447815804,0,0,78,90,,,,,,,,
,02-00,11.7,100,0.82,1661.7295447815804,0,0,78,90,,,,,,,,
,03-00,11.7,100,0.82,1661.7295447815804,0,0,78,90,,,,,,,,
,04-00,11.7,100,0.82,1661.7295447815804,0,0,80,85,,,,,,,,
,05-00,11.6,100,0.82,1647.5267281595159,0,0,80,85,,,,,,,,
,06-00,11.3,117,0.82,1877.7543856031862,0,0,80,85,,,,,,,,
,07-00,11.3,166,0.82,2664.164341966914,0,0,82,80,,,,,,,,
,08-00,11.3,160,0.82,2567.8692452693144,0,0,82,80,,,,,,,,
,09-00,11.5,159,0.82,2596.9850193445473,0,0,82,80,,,,,,,,
,10-00,11.5,169,0.82,2760.3174104982922,0,0,82,80,,,,,,,,
,11-00,11.5,174,0.82,2841.9836060751645,0,0,82,80,,,,,,,,
,12-00,11.6,164,0.82,2701.943834181606,0,0,82,80,,,,,,,,
,13-00,11.6,154,0.82,2537.1911613656544,0,0,81,87,,,,,,,,
,14-00,11.6,159,0.82,2619.56749777363,0,0,81,87,,,,,,,,
,15-00,11.7,163,0.82,2708.619157993976,0,0,81,87,,,,,1.0,,,
,16-00,11.6,164,0.82,2701.943834181606,0,0,81,87,,,,,,,,
,17-00,11.7,154,0.82,2559.0634989636337,0,0,81,87,,,,,,,,
,18-00,11.9,134,0.82,2264.7811385544514,0,0,81,87,,,,,,,,
,19-00,11.7,60,0.82,997.0377268689483,0,0,78,91,,,,,,,,
,20-00,11.7,60,0.82,997.0377268689483,0,0,78,91,,,,,,,,
,21-00,11.7,57,0.82,947.1858405255009,0,0,78,91,,,,,,,,
,22-00,11.6,54,0.82,889.6644332061386,0,0,80,90,,,,,,,,
,23-00,11.6,52,0.82,856.7138986429482,0,0,80,90,,,,,,,,
,24-00,11.6,49,0.82,807.2880967981627,0,0,80,90,,,,,,,,
2021-08-18,01-00,11.5,100,0.84,1673.1610801115353,0,0,81,78,,,,,,,,
,02-00,11.5,100,0.84,1673.1610801115353,0,0,81,78,,,,,,,,
,03-00,11.5,100,0.84,1673.1610801115353,0,0,81,78,,,,,,,,
,04-00,11.5,100,0.84,1673.1610801115353,0,0,82,78,,,,,,,,
,05-00,11.4,105,0.84,1741.5424459943547,0,0,82,78,,,,,,,,
,06-00,11.4,105,0.84,1741.5424459943547,0,0,82,78,,,,,,,,
,07-00,11.2,124,0.84,2020.5966157033913,0,0,84,76,,,,,,,,
,08-00,11.5,154,0.84,2576.668063371764,0,0,84,76,,,,,,,,
,09-00,11.4,159,0.84,2637.1928467914513,0,0,84,76,,,,,,,,
,10-00,11.4,186,0.84,3085.01804719,0,0,84,76,,,,,,,,
,11-00,11.4,194,0.84,3217.706995456236,0,0,82,90,,,,,,,,
,12-00,11.5,176,0.84,2944.7635009963024,0,0,82,90,,,,,,,,
,13-00,11.6,172,0.84,2902.8617278595957,0,0,82,90,,,,,,,,
,14-00,11.7,172,0.84,2927.8863979273506,0,0,82,90,,,,,,,,
,15-00,11.7,170,0.84,2893.8412072537767,0,0,82,90,,,,,,,,
,16-00,11.7,168,0.84,2859.7960165802033,0,0,81,91,,,,,,,,
,17-00,11.7,162,0.84,2757.6604445594817,0,0,81,91,,,,,,,,
,18-00,11.8,143,0.84,2455.0365274610476,0,0,81,91,,,,,,,,
,19-00,11.7,52,0.84,885.1749575129201,0,0,81,90,,,,,,,,
,20-00,11.7,56,0.84,953.2653388600677,0,0,81,90,,,,,,,,
,21-00,11.7,54,0.84,919.2201481864938,0,0,81,90,,,,,,,,
,22-00,11.6,49,0.84,826.9780503786056,0,0,80,93,,,,,,,,
,23-00,11.6,47,0.84,793.2238442407036,0,0,80,93,,,,,,,,
,24-00,11.0,45,0.84,720.1867257871392,0,0,80,93,,,,,,,,
2021-08-19,01-00,11.6,45,0.83,750.4283328872916,0,0,82,80,,,,,,,,
,02-00,11.6,45,0.83,750.4283328872916,0,0,82,80,,,,,,,,
,03-00,11.6,43,0.83,717.0759625367454,0,0,82,80,,,,,,,,
,04-00,11.5,83,0.83,1372.1912715343294,0,0,85,68,,,,,,,,
,05-00,11.5,83,0.83,1372.1912715343294,0,0,85,68,,,,,,,,
,06-00,11.5,133,0.83,2198.812519446576,0,0,85,68,,,,,,,,
,07-00,11.3,189,0.83,3070.2869550716264,0,0,86,67,,,,,,,,
,08-00,11.3,245,0.83,3980.0016084261824,0,0,86,67,,,,,,,,
,09-00,11.3,260,0.83,4223.67517628901,0,0,86,67,,,,,,,,
,10-00,11.3,268,0.83,4353.634412482517,0,0,84,72,,,,,,,,
,11-00,11.3,234,0.83,3801.3076586601087,0,0,84,72,,,,,,,,
,12-00,11.5,236,0.83,3901.652290145804,0,0,84,72,,,,,,,,
,13-00,11.7,234,0.83,3935.867221798519,0,0,82,80,,,,,,,,
,14-00,11.7,215,0.83,3616.288259344793,0,0,82,80,,,,,1.0,,,
,15-00,11.5,206,0.83,3405.679541398456,0,0,82,80,,,,,,,,
,16-00,11.6,182,0.83,3035.0657018997126,0,0,82,86,,,,,,,,
,17-00,11.7,177,0.83,2977.1303344373414,0,0,82,86,,,,,,,,
,18-00,11.7,161,0.830000000000001,2708.011208160523,0,0,82,86,,,,,1.0,,,
,19-00,11.4,56,0.830000000000001,917.7652255081372,0,0,81,93,,,,,,,,
,20-00,11.4,56,0.830000000000001,917.7652255081372,0,0,81,93,,,,,,,,
,21-00,11.5,50,0.830000000000001,826.6212479122476,0,0,81,93,,,,,,,,
,22-00,11.5,46,0.830000000000001,760.4915480792678,0,0,80,89,,,,,,,,
,23-00,11.5,44,0.830000000000001,727.4266981627779,0,0,80,89,,,,,,,,
,24-00,11.5,40,0.830000000000001,661.296998329798,0,0,80,89,,,,,,,,
2021-08-20,01-00,11.5,107,0.82,1747.6565853450727,0,0,80,87,,,,,,,,
,02-00,11.5,107,0.82,1747.6565853450727,0,0,80,87,,,,,,,,
,03-00,11.5,107,0.82,1747.6565853450727,0,0,80,87,,,,,,,,
,04-00,11.5,107,0.82,1747.6565853450727,0,0,81,77,,,,,,,,
,05-00,11.3,125,0.82,2006.147847866652,0,0,81,77,,,,,,,,
,06-00,11.3,157,0.82,2519.721696920515,0,0,81,77,,,,,,,,
,07-00,11.2,248,0.82,3944.9743449447164,0,0,83,72,,,,,,,,
,08-00,11.6,276,0.82,4547.173769720263,0,0,83,72,,,,,,,,
,09-00,11.6,276,0.82,4547.173769720263,0,0,83,72,,,,,,,,
,10-00,11.8,268,0.82,4491.49872856177,0,0,82,78,,,,,,,,
,11-00,11.9,264,0.82,4461.956869987875,0,0,82,78,,,,,,,,
,12-00,11.6,249,0.82,4102.341553117194,0,0,82,78,,,,,,,,
,13-00,11.6,244,0.82,4019.9652167092186,0,0,81,87,,,,,,,,
,14-00,11.6,229,0.82,3772.836207485291,0,0,81,87,,,,,,,,
,15-00,11.6,219,0.82,3608.0835346693393,0,0,81,87,,,,,,,,
,16-00,11.8,209,0.82,3502.698635333619,0,0,80,91,,,,,,,,
,17-00,11.8,194,0.82,3251.308781123072,0,0,80,91,,,,,,,,
,18-00,12.0,179,0.82,3050.7650104195177,0,0,80,91,,,,,,,,
,19-00,11.5,62,0.82,1012.6608251532197,0,0,82,89,,,,,,,,
,20-00,11.5,62,0.82,1012.6608251532197,0,0,82,89,,,,,,,,
,21-00,11.6,60,0.82,988.5160368957095,0,0,82,89,,,,,,,,
,22-00,11.5,56,0.82,914.6613904609726,0,0,78,91,,,,,,,,
,23-00,11.5,52,0.82,849.3284339994746,0,0,78,91,,,,,,,,
,24-00,11.5,50,0.82,816.6619557687255,0,0,78,91,,,,,,,,
2021-08-21,01-00,11.5,100,0.83,1653.2424958244933,0,0,78,91,,,,,,,,
,02-00,11.5,100,0.83,1653.2424958244933,0,0,78,91,,,,,,,,
,03-00,11.5,100,0.83,1653.2424958244933,0,0,78,91,,,,,,,,
,04-00,11.4,112,0.83,1835.530451016272,0,0,84,76,,,,,,,,
,05-00,11.3,141,0.83,2290.5315379105787,0,0,84,76,,,,,,,,
,06-00,11.2,155,0.83,2495.6773676098437,0,0,84,76,,,,,,,,
,07-00,11.4,225,0.83,3687.4495667737606,0,0,83,74,,,,,,,,
,08-00,11.8,240,0.83,4071.2893462391003,0,0,83,74,,,,,,,,
,09-00,11.8,239,0.83,4054.32564062977,0,0,83,74,,,,,,,,
,10-00,11.6,254,0.83,4235.75103451938,0,0,77,91,,,,,,,,
,11-00,11.5,257,0.83,4248.833214268947,0,0,77,91,,,,,,,,
,12-00,11.5,236,0.83,3901.652290145804,0,0,77,91,,,,,,,,
,13-00,11.7,127,0.83,2136.133064822273,0,0,77,91,,,,,,,,
,14-00,11.7,127,0.83,2136.133064822273,0,0,77,91,,,,,,,,
,15-00,11.8,112,0.83,1899.9350282449132,0,0,77,91,,,,,,,,
,16-00,11.8,125,0.83,2120.463201166198,0,0,78,91,,,,1.0,,,,
,17-00,11.6,114,0.83,1901.0851099811389,0,0,78,91,,,,1.0,,,,
,18-00,11.6,52,0.83,867.1616291142036,0,0,78,91,,,,,,,,
,19-00,11.7,53,0.83,891.4571057919724,0,0,79,91,,,,,,,,
,20-00,11.7,62,0.83,1042.8366143226845,0,0,79,91,,,,,,,,
,21-00,11.6,58,0.83,967.2187401658426,0,0,79,91,,,,,,,,
,22-00,11.7,58,0.83,975.5568327534792,0,0,77,91,,,,,,,,
,23-00,11.6,54,0.83,900.51399946475,0,0,77,91,,,,,,,,
,24-00,11.6,54,0.83,900.51399946475,0,0,77,91,,,,,,,,
2021-08-22,01-00,11.6,53,0.82,873.1891659245433,1,0,81,87,,,,,,,,
,02-00,11.8,53,0.82,888.244151543932,1,0,81,87,,,,,,,,
,03-00,11.8,53,0.82,888.244151543932,1,0,81,87,,,,,,,,
,04-00,11.5,62,0.82,1012.6608251532197,1,0,85,63,,,,,,,,
,05-00,11.5,66,0.82,1077.9937816147178,1,0,85,63,,,,,,,,
,06-00,11.2,74,0.82,1177.12944163673,1,0,85,63,,,,,,,,
,07-00,11.7,92,0.82,1528.791181199054,1,0,89,50,,,,,,,,
,08-00,11.7,109,0.82,1811.2852038119227,1,0,89,50,,,,,,,,
,09-00,11.7,110,0.82,1827.9024992597385,1,0,89,50,,,,,,,,
,10-00,11.5,102,0.82,1665.9903897682,1,0,89,53,,,,,,,,
,11-00,11.5,99,0.82,1616.9906724220764,1,0,89,53,,,,,,,,
,12-00,11.6,94,0.82,1548.6751244699449,1,0,89,53,,,,,,,,
,13-00,11.5,104,0.82,1698.656867998949,1,0,84,79,,,,,,,,
,14-00,11.5,106,0.82,1731.3233462296982,1,0,84,79,,,,,,,,
,15-00,11.5,106,0.82,1731.3233462296982,1,0,84,79,,,,,,,,
,16-00,11.5,79,0.82,1290.3258901145864,1,0,82,86,,,,,,,,
,17-00,11.4,106,0.82,1716.2683606103096,1,0,82,86,,,,,,,,
,18-00,11.5,110,0.82,1796.656302691196,1,0,82,86,,,,,,,,
,19-00,11.6,61,0.82,1004.9913041773046,1,0,77,91,,,,,,,,
,20-00,11.6,61,0.82,1004.9913041773046,1,0,77,91,,,,,,,,
,21-00,11.7,62,0.82,1030.2723177645798,1,0,77,91,,,,1.0,,,,
,22-00,11.7,61,0.82,1013.6550223167641,1,0,78,90,,,,1.0,,,,
,23-00,11.7,43,0.82,714.5437042560796,1,0,78,90,,,,,,,,
,24-00,11.7,43,0.82,714.5437042560796,1,0,78,90,,,,,,,,
2021-08-23,01-00,11.7,43,0.81,705.8297566432007,0,0,81,84,,,,,,,,
,02-00,11.7,43,0.81,705.8297566432007,0,0,81,84,,,,,,,,
,03-00,11.7,42,0.81,689.4151111398704,0,0,81,84,,,,,,,,
,04-00,11.7,42,0.81,689.4151111398704,0,0,88,61,,,,,,,,
,05-00,11.5,42,0.81,677.6302374451718,0,0,88,61,,,,,,,,
,06-00,11.5,64,0.81,1032.5794094402618,0,0,88,61,,,,,,,,
,07-00,11.2,89,0.81,1398.4716784375719,0,0,91,50,,,,,,,,
,08-00,11.4,94,0.81,1503.4131727665554,0,0,91,50,,,,,,,,
,09-00,11.3,103,0.81,1632.9064872928273,0,0,91,50,,,,,,,,
,10-00,11.3,103,0.81,1632.9064872928273,0,0,90,62,,,,,,,,
,11-00,11.3,107,0.81,1696.320331459539,0,0,90,62,,,,,,,,
,12-00,11.3,109,0.81,1728.0272535428949,0,0,90,62,,,,,,,,
,13-00,11.4,124,0.81,1983.2258874792858,0,0,82,90,,,,,,,,
,14-00,11.4,124,0.81,1983.2258874792858,0,0,82,90,,,,,,,,
,15-00,11.4,144,0.81,2303.101030621106,0,0,82,90,,,,,,,,
,16-00,11.4,149,0.81,2383.069816406561,0,0,80,90,,,,,,,,
,17-00,11.4,149,0.81,2383.069816406561,0,0,80,90,,,,,,,,
,18-00,11.8,144,0.81,2383.9115930990397,0,0,80,90,,,,,,,,
,19-00,11.8,64,0.81,1059.516263599573,0,0,78,88,,,,,,,,
,20-00,11.7,61,0.81,1001.2933757031451,0,0,78,88,,,,,,,,
,21-00,11.7,60,0.81,984.8787301998149,0,0,78,88,,,,,,,,
,22-00,11.7,58,0.81,952.0494391931544,0,0,78,91,,,,,,,,
,23-00,11.7,48,0.81,787.9029841598519,0,0,78,91,,,,,,,,
,24-00,11.7,45,0.81,738.6590476498612,0,0,78,91,,,,,,,,
2021-08-24,01-00,11.6,70,0.85,1195.4614673840388,0,0,84,79,,,,,,,,
,02-00,11.6,70,0.85,1195.4614673840388,0,0,84,79,,,,,,,,
,03-00,11.6,70,0.85,1195.4614673840388,0,0,84,79,,,,,,,,
,04-00,11.6,70,0.85,1195.4614673840388,0,0,89,62,,,,,,,,
,05-00,11.4,85,0.85,1426.6036476541058,0,0,89,62,,,,,,,,
,06-00,11.3,116,0.85,1929.8163687770916,0,0,89,62,,,,,,,,
,07-00,11.3,145,0.85,2412.2704609713646,0,0,91,47,,,,,,,,
,08-00,11.2,179,0.85,2951.553140161972,0,0,91,47,,,,,,,,
,09-00,11.5,194,0.85,3284.57454893324,0,0,91,47,,,,,,,,
,10-00,11.4,226,0.85,3793.087345527387,0,0,91,49,,,,,,,,
,11-00,11.2,239,0.85,3940.9005614453145,0,0,91,49,,,,,,,,
,12-00,11.5,183,0.85,3098.3357858493964,0,0,91,49,,,,1.0,,,,
,13-00,11.5,184,0.85,3115.266582493382,0,0,82,75,,,,1.0,,,,
,14-00,11.4,187,0.85,3138.5280248390327,0,0,82,75,,,,,,,,
,15-00,11.4,231,0.85,3877.0052071540986,0,0,82,75,,,,,,,,
,16-00,11.4,219,0.85,3675.6023392499897,0,0,82,86,,,,,,,,
,17-00,11.6,189,0.85,3227.745961936905,0,0,82,86,,,,,,,,
,18-00,11.6,177,0.85,3022.8097103853556,0,0,82,86,,,,,,,,
,19-00,11.8,62,0.85,1077.0931151947818,0,0,79,90,,,,1.0,,,,
,20-00,11.8,62,0.85,1077.0931151947818,0,0,79,90,,,,,,,,
,21-00,11.7,60,0.85,1033.514716876349,0,0,79,90,,,,,,,,
,22-00,11.7,54,0.85,930.1632451887141,0,0,80,91,,,,,,,,
,23-00,11.7,47,0.85,809.5865282198066,0,0,80,91,,,,,,,,
,24-00,11.7,45,0.85,775.1360376572617,0,0,80,91,,,,,,,,
2021-08-25,01-00,11.6,77,0.85,1315.0076141224426,0,0,84,82,,,,,,,,
,02-00,11.6,77,0.85,1315.0076141224426,0,0,84,82,,,,,,,,
,03-00,11.6,77,0.85,1315.0076141224426,0,0,84,82,,,,,,,,
,04-00,11.5,80,0.85,1354.4637315188618,0,0,88,58,,,,,,,,
,05-00,11.5,88,0.85,1489.910104670748,0,0,88,58,,,,,,,,
,06-00,11.5,138,0.85,2336.4499368700367,0,0,88,58,,,,,,,,
,07-00,11.6,157,0.85,2681.2492911327727,0,0,90,49,,,,,,,,
,08-00,11.3,179,0.85,2977.9062931991325,0,0,90,49,,,,,,,,
,09-00,11.4,186,0.85,3121.7444525136902,0,0,90,49,,,,,,,,
,10-00,11.5,227,0.85,3843.2908381847706,0,0,86,64,,,,1.0,,,,
,11-00,11.3,206,0.85,3427.0876893800073,0,0,86,64,,,,,,,,
,12-00,11.3,206,0.85,3427.0876893800073,0,0,86,64,,,,,,,,
,13-00,11.4,194,0.85,3256.0130311164294,0,0,82,68,,,,,,,,
,14-00,11.4,194,0.85,3256.0130311164294,0,0,82,68,,,,,,,,
,15-00,11.5,189,0.85,3199.920565713311,0,0,82,68,,,,,,,,
,16-00,11.6,211,0.85,3603.462423114746,0,0,79,79,,,,,,,,
,17-00,11.8,219,0.85,3804.570842381568,0,0,79,79,,,,,,,,
,18-00,11.6,50,0.85,853.9010481314564,0,0,79,79,,,,,,,,
,19-00,11.7,62,0.85,1067.965207438894,0,0,81,89,,,,,,,,
,20-00,11.7,62,0.85,1067.965207438894,0,0,81,89,,,,,,,,
,21-00,11.7,59,0.85,1016.2894715950764,0,0,81,89,,,,,,,,
,22-00,11.7,54,0.85,930.1632451887141,0,0,78,91,,,,,,,,
,23-00,11.7,50,0.85,861.262264063624,0,0,78,91,,,,,,,,
,24-00,11.7,49,0.85,844.0370187823515,0,0,78,91,,,,,,,,
2021-08-26,01-00,11.6,44,0.83,733.7521477120184,0,0,81,84,,,,,,,,
,02-00,11.6,44,0.83,733.7521477120184,0,0,81,84,,,,,,,,
,03-00,11.6,44,0.83,733.7521477120184,0,0,81,84,,,,,,,,
,04-00,11.6,44,0.83,733.7521477120184,0,0,86,67,,,,,,,,
,05-00,11.6,79,0.83,1317.4186288465787,0,0,86,67,,,,,,,,
,06-00,11.5,90,0.83,1487.918246242044,0,0,86,67,,,,,,,,
,07-00,11.6,132,0.83,2201.256443136055,0,0,88,58,,,,,,,,
,08-00,11.5,128,0.83,2116.150394655351,0,0,88,58,,,,,,,,
,09-00,11.5,136,0.83,2248.409794321311,0,0,88,58,,,,,,,,
,10-00,11.4,141,0.83,2310.801728511557,0,0,78,95,,,,,,,,
,11-00,11.6,126,0.83,2101.1993320844163,0,0,78,95,,,,,,,,
,12-00,11.7,114,0.83,1917.4737747223555,0,0,78,95,,,,,,,,
,13-00,11.8,98,0.83,1662.4431497142991,0,0,79,95,,,,,,,,
,14-00,11.8,27,0.83,458.02005145189867,0,0,79,95,,,,,,,,
,15-00,11.6,74,0.83,1234.0377029702129,0,0,79,95,,,,,,,,
,16-00,11.8,66,0.83,1119.6045702157526,0,0,78,93,,,,,,,,
,17-00,11.8,66,0.83,1119.6045702157526,0,0,78,93,,,,,,,,
,18-00,11.8,75,0.83,1272.2779206997186,0,0,78,93,,,,,,,,
,19-00,11.7,62,0.83,1042.8366143226845,0,0,78,90,,,,,,,,
,20-00,11.7,59,0.83,992.3767781457805,0,0,78,90,,,,,,,,
,21-00,11.7,57,0.83,958.7368873611778,0,0,78,90,,,,,,,,
,22-00,11.7,54,0.83,908.2770511842737,0,0,77,93,,,,,,,,
,23-00,11.7,49,0.83,824.1773242227669,0,0,77,93,,,,,,,,
,24-00,11.7,49,0.83,824.1773242227669,0,0,77,93,,,,,,,,
2021-08-27,01-00,11.7,48,0.81,787.9029841598519,0,0,83,87,,,,,,,,
,02-00,11.7,48,0.81,787.9029841598519,0,0,83,87,,,,,,,,
,03-00,11.7,48,0.81,787.9029841598519,0,0,83,87,,,,,,,,
,04-00,11.7,48,0.81,787.9029841598519,0,0,86,70,,,,,,,,
,05-00,11.7,48,0.81,787.9029841598519,0,0,86,70,,,,,,,,
,06-00,11.4,87,0.81,1391.4568726669181,0,0,86,70,,,,,,,,
,07-00,11.5,92,0.81,1484.3329010703765,0,0,88,48,,,,,,,,
,08-00,11.5,101,0.81,1629.5393805229132,0,0,88,48,,,,,,,,
,09-00,11.5,109,0.81,1758.6118067029458,0,0,88,48,,,,,,,,
,10-00,11.4,116,0.81,1855.2758302225575,0,0,86,58,,,,,,,,
,11-00,11.4,118,0.81,1887.2633445367399,0,0,86,58,,,,,,,,
,12-00,11.4,126,0.81,2015.2134017934677,0,0,86,58,,,,,,,,
,13-00,11.4,129,0.81,2063.1946732647407,0,0,78,91,,,,,,,,
,14-00,11.4,131,0.81,2095.182187578923,0,0,78,91,,,,,,,,
,15-00,11.5,126,0.81,2032.8907123355157,0,0,78,91,,,,,,,,
,16-00,11.6,118,0.81,1920.3732277742258,0,0,78,91,,,,,,,,
,17-00,11.6,91,0.81,1480.9657943004624,0,0,78,91,,,,,,,,
,18-00,11.8,80,0.81,1324.3953294994665,0,0,78,91,,,,,,,,
,19-00,11.8,61,0.81,1009.8514387433431,0,0,78,93,,,,,,,,
,20-00,11.8,59,0.81,976.7415555058564,0,0,78,93,,,,,,,,
,21-00,11.7,56,0.81,919.2201481864939,0,0,78,93,,,,,,,,
,22-00,11.7,54,0.81,886.3908571798335,0,0,78,93,,,,,,,,
,23-00,11.7,52,0.81,853.561566173173,0,0,78,93,,,,,,,,
,24-00,11.7,48,0.81,787.9029841598519,0,0,78,93,,,,,,,,
2021-08-28,01-00,11.6,48,0.84,810.1009473096545,0,0,80,91,,,,,,,,
,02-00,11.6,48,0.84,810.1009473096545,0,0,80,91,,,,,,,,
,03-00,11.6,48,0.84,810.1009473096545,0,0,80,91,,,,,,,,
,04-00,11.6,49,0.84,826.9780503786056,0,0,83,80,,,,,,,,
,05-00,11.6,49,0.84,826.9780503786056,0,0,83,80,,,,,,,,
,06-00,11.4,60,0.84,995.1671119967741,0,0,83,80,,,,,,,,
,07-00,11.4,65,0.84,1078.097704663172,0,0,85,70,,,,,,,,
,08-00,11.4,75,0.84,1243.9588899959676,0,0,85,70,,,,,,,,
,09-00,11.5,79,0.84,1321.7972532881129,0,0,85,70,,,,,,,,
,10-00,11.3,108,0.84,1775.5876366679286,0,0,83,71,,,,,,,,
,11-00,11.2,123,0.84,2004.3014817057833,0,0,83,71,,,,,,,,
,12-00,11.2,123,0.84,2004.3014817057833,0,0,83,71,,,,,,,,
,13-00,11.2,123,0.84,2004.3014817057833,0,0,80,88,,,,,,,,
,14-00,11.4,110,0.84,1824.4730386607523,0,0,80,88,,,,,,,,
,15-00,11.4,110,0.84,1824.4730386607523,0,0,80,88,,,,,,,,
,16-00,11.3,115,0.84,1890.6720205260349,0,0,77,93,,,,,,,,
,17-00,11.3,112,0.84,1841.3501417297039,0,0,77,93,,,,,,,,
,18-00,11.5,103,0.84,1723.3559125148813,0,0,77,93,,,,,,,,
,19-00,11.5,53,0.84,886.7753724591138,0,0,78,93,,,,,,,,
,20-00,11.5,52,0.84,870.0437616579983,0,0,78,93,,,,,,,,
,21-00,11.5,48,0.84,803.1173184535369,0,0,78,93,,,,,,,,
,22-00,11.5,45,0.84,752.9224860501909,0,0,75,93,,,,,,,,
,23-00,11.5,42,0.84,702.7276536468448,0,0,75,93,,,,,,,,
,24-00,11.5,39,0.84,652.5328212434988,0,0,75,93,,,,,,,,
2021-08-29,01-00,11.5,45,0.83,743.959123121022,1,0,77,91,,,,,,,,
,02-00,11.5,45,0.83,743.959123121022,1,0,77,91,,,,,,,,
,03-00,11.5,45,0.83,743.959123121022,1,0,77,91,,,,,,,,
,04-00,11.5,45,0.83,743.959123121022,1,0,81,74,,,,,,,,
,05-00,11.7,90,0.83,1513.7950853071227,1,0,81,74,,,,,,,,
,06-00,11.7,94,0.83,1581.074866876328,1,0,81,74,,,,,,,,
,07-00,11.3,109,0.83,1770.6945931365465,1,0,83,72,,,,,,,,
,08-00,11.3,109,0.83,1770.6945931365465,1,0,83,72,,,,,,,,
,09-00,11.3,109,0.83,1770.6945931365465,1,0,83,72,,,,,,,,
,10-00,11.4,114,0.83,1868.3077804987054,1,0,84,73,,,,,,,,
,11-00,11.4,112,0.83,1835.530451016272,1,0,84,73,,,,,,,,
,12-00,11.4,124,0.83,2032.1944279108727,1,0,84,73,,,,,,,,
,13-00,11.4,133,0.83,2179.692410581823,1,0,81,76,,,,,,,,
,14-00,11.4,144,0.83,2359.967722735207,1,0,81,76,,,,,,,,
,15-00,11.4,142,0.83,2327.190393252774,1,0,81,76,,,,,,,,
,16-00,11.4,150,0.83,2458.2997111825075,1,0,80,90,,,,,,,,
,17-00,11.4,144,0.83,2359.967722735207,1,0,80,90,,,,,,,,
,18-00,11.5,119,0.83,1967.3585700311469,1,0,80,90,,,,,,,,
,19-00,11.6,62,0.83,1033.9234808669353,1,0,77,93,,,,,,,,
,20-00,11.6,59,0.83,983.8949253411156,1,0,77,93,,,,,,,,
,21-00,11.6,57,0.83,950.5425549905694,1,0,77,93,,,,,,,,
,22-00,11.6,54,0.83,900.51399946475,1,0,78,91,,,,,,,,
,23-00,11.6,52,0.83,867.1616291142036,1,0,78,91,,,,,,,,
,24-00,11.6,49,0.83,817.1330735883841,1,0,78,91,,,,,,,,
2021-08-30,01-00,11.6,70,0.82,1153.268709711661,0,0,81,90,,,,,,,,
,02-00,11.6,70,0.82,1153.268709711661,0,0,81,90,,,,,,,,
,03-00,11.7,49,0.82,814.2474769429745,0,0,81,90,1.0,,,,,,,
,04-00,11.7,40,0.82,664.6918179126321,0,0,81,91,,,,,,,,
,05-00,11.7,40,0.82,664.6918179126321,0,0,81,91,,,,,,,,
,06-00,11.7,40,0.82,664.6918179126321,0,0,81,91,,,,,,,,
,07-00,11.5,79,0.82,1290.3258901145864,0,0,83,84,,,,,,,,
,08-00,11.4,81,0.82,1311.488086881463,0,0,83,84,,,,,,,,
,09-00,11.4,81,0.82,1311.488086881463,0,0,83,84,,,,,,,,
,10-00,11.4,85,0.82,1376.2529306780784,0,0,82,78,,,,,,,,
,11-00,11.4,85,0.82,1376.2529306780784,0,0,82,78,,,,,,,,
,12-00,11.4,85,0.82,1376.2529306780784,0,0,82,78,,,,,,,,
,13-00,11.4,80,0.82,1295.2968759323091,0,0,80,88,,,,,,,,
,14-00,11.4,78,0.82,1262.9144540340012,0,0,80,88,,,,,,,,
,15-00,11.5,80,0.82,1306.6591292299606,0,0,80,88,,,,,,,,
,16-00,11.5,80,0.82,1306.6591292299606,0,0,78,93,,,,,,,,
,17-00,11.5,82,0.82,1339.3256074607098,0,0,78,93,,,,,,,,
,18-00,11.5,88,0.82,1437.325042152957,0,0,78,93,,,,,,,,
,19-00,11.6,66,0.82,1087.3676405852802,0,0,78,88,,,,,,,,
,20-00,11.6,66,0.82,1087.3676405852802,0,0,78,88,,,,,,,,
,21-00,11.6,66,0.82,1087.3676405852802,0,0,78,88,,,,,,,,
,22-00,11.6,60,0.82,988.5160368957095,0,0,77,95,,,,,,,,
,23-00,11.6,56,0.82,922.6149677693288,0,0,77,95,,,,,,,,
,24-00,11.6,49,0.82,807.2880967981627,0,0,77,95,,,,,,,,
2021-08-31,01-00,11.7,49,0.81,804.3176296631822,0,0,80,90,,,,,,,,
,02-00,11.7,49,0.81,804.3176296631822,0,0,80,90,,,,,,,,
,03-00,11.7,49,0.81,804.3176296631822,0,0,80,90,,,,,,,,
,04-00,11.6,82,0.81,1334.4966498092078,0,0,80,90,,,,,,,,
,05-00,11.6,82,0.81,1334.4966498092078,0,0,80,90,,,,,,,,
,06-00,11.5,85,0.81,1371.3945281628478,0,0,80,90,,,,,,,,
,07-00,11.4,92,0.81,1471.4256584523732,0,0,80,91,,,,,,,,
,08-00,11.4,92,0.81,1471.4256584523732,0,0,80,91,,,,,,,,
,09-00,11.4,95,0.81,1519.4069299236462,0,0,80,91,,,,,,,,
,10-00,11.3,96,0.81,1521.9322600010817,0,0,81,90,,,,,,,,
,11-00,11.4,96,0.81,1535.4006870807373,0,0,81,90,,,,,,,,
,12-00,11.4,100,0.81,1599.3757157091013,0,0,81,90,,,,,,,,
,13-00,11.4,96,0.81,1535.4006870807373,0,0,80,90,,,,,,,,
,14-00,11.4,90,0.81,1439.438144138191,0,0,80,90,,,,,,,,
,15-00,11.4,96,0.81,1535.4006870807373,0,0,80,90,,,,,,,,
,16-00,11.4,100,0.81,1599.3757157091013,0,0,79,90,,,,,,,,
,17-00,11.4,96,0.81,1535.4006870807373,0,0,79,90,,,,,,,,
,18-00,11.4,90,0.81,1439.438144138191,0,0,79,90,,,,,,,,
,19-00,11.7,62,0.81,1017.7080212064755,0,0,78,93,,,,,,,,
,20-00,11.7,60,0.81,984.8787301998149,0,0,78,93,,,,,,,,
,21-00,11.7,60,0.81,984.8787301998149,0,0,78,93,,,,,,,,
,22-00,11.8,57,0.81,943.6316722683697,0,0,78,90,,,,,,,,
,23-00,11.8,54,0.81,893.9668474121397,0,0,78,90,,,,,,,,
,24-00,11.9,50,0.81,834.7618867078205,0,0,78,90,,,,,,,,
2021-09-01,01-00,11.7,82,0.82,1362.618226720896,0,0,81,90,,,,,,,,
,02-00,11.7,82,0.82,1362.618226720896,0,0,81,90,,,,,,,,
,03-00,11.6,82,0.82,1350.971917090803,0,0,81,90,,,,,,,,
,04-00,11.6,82,0.82,1350.971917090803,0,0,85,72,,,,,,,,
,05-00,11.6,91,0.82,1499.2493226251593,0,0,85,72,,,,1.0,,,,
,06-00,11.6,91,0.82,1499.2493226251593,0,0,85,72,,,,1.0,,,,
,07-00,11.4,95,0.82,1538.165040169617,0,0,87,61,,,,,,,,
,08-00,11.4,99,0.82,1602.9298839662324,0,0,87,61,,,,,,,,
,09-00,11.3,102,0.82,1637.0166438591882,0,0,87,61,,,,,,,,
,10-00,11.3,108,0.82,1733.3117405567873,0,0,83,77,,,,,,,,
,11-00,11.3,104,0.82,1669.1150094250545,0,0,83,77,,,,,,,,
,12-00,11.3,96,0.82,1540.7215471615887,0,0,83,77,,,,,,,,
,13-00,11.3,96,0.82,1540.7215471615887,0,0,81,83,,,,,,,,
,14-00,11.3,104,0.82,1669.1150094250545,0,0,81,83,,,,,,,,
,15-00,11.3,104,0.82,1669.1150094250545,0,0,81,83,,,,,,,,
,16-00,11.3,106,0.82,1701.2133749909208,0,0,80,88,,,,,,,,
,17-00,11.3,94,0.82,1508.6231815957221,0,0,80,88,,,,,,,,
,18-00,11.4,94,0.82,1521.9738292204631,0,0,80,88,,,,,,,,
,19-00,11.6,61,0.82,1004.9913041773046,0,0,78,90,,,,,,,,
,20-00,11.6,60,0.82,988.5160368957095,0,0,78,90,,,,,,,,
,21-00,11.7,59,0.82,980.4204314211325,0,0,78,90,,,,,,,,
,22-00,11.7,57,0.82,947.1858405255009,0,0,77,91,,,,,,,,
,23-00,11.7,54,0.82,897.3339541820535,0,0,77,91,,,,,,,,
,24-00,11.7,49,0.82,814.2474769429745,0,0,77,91,,,,,,,,
2021-09-02,01-00,11.6,80,0.85,1366.2416770103302,0,0,80,87,,,,,,,,
,02-00,11.6,80,0.85,1366.2416770103302,0,0,80,87,,,,,,,,
,03-00,11.6,80,0.85,1366.2416770103302,0,0,80,87,,,,,,,,
,04-00,11.4,85,0.85,1426.6036476541058,0,0,83,73,,,,,,,,
,05-00,11.4,85,0.85,1426.6036476541058,0,0,83,73,,,,,,,,
,06-00,11.4,87,0.85,1460.1707923047904,0,0,83,73,,,,,,,,
,07-00,11.2,128,0.85,2110.607832071131,0,0,88,59,,,,,,,,
,08-00,11.3,257,0.85,4275.54143772166,0,0,88,59,,,,,,,,
,09-00,11.3,179,0.85,2977.9062931991325,0,0,88,59,,,,,,,,
,10-00,11.3,164,0.85,2728.361073098647,0,0,83,70,,,,,,,,
,11-00,11.2,166,0.85,2737.194532217248,0,0,83,70,,,,,,,,
,12-00,11.2,154,0.85,2539.3250479605795,0,0,83,70,,,,,,,,
,13-00,11.3,159,0.85,2645.1793330651517,0,0,81,87,,,,,,,,
,14-00,11.4,149,0.85,2500.7522764760206,0,0,81,87,,,,,,,,
,15-00,11.8,158,0.85,2744.8501967867023,0,0,81,87,,,,,,,,
,16-00,11.7,156,0.85,2687.1382638785067,0,0,79,91,,,,,,,,
,17-00,11.7,139,0.85,2394.309094096875,0,0,79,91,,,,,,,,
,18-00,11.7,124,0.85,2135.930414877788,0,0,79,91,,,,,,,,
,19-00,11.7,63,0.85,1085.1904527201664,0,0,79,90,,,,,,,,
,20-00,11.7,62,0.85,1067.965207438894,0,0,79,90,,,,,,,,
,21-00,11.7,60,0.85,1033.514716876349,0,0,79,90,,,,,,,,
,22-00,11.7,58,0.85,999.0642263138039,0,0,77,93,,,,,,,,
,23-00,11.7,54,0.85,930.1632451887141,0,0,77,93,,,,,,,,
,24-00,11.7,49,0.85,844.0370187823515,0,0,77,93,,,,,,,,
2021-09-03,01-00,11.6,68,0.84,1147.6430086886774,0,0,79,91,,,,,,,,
,02-00,11.6,68,0.84,1147.6430086886774,0,0,79,91,,,,,,,,
,03-00,11.6,68,0.84,1147.6430086886774,0,0,79,91,,,,,,,,
,04-00,11.5,76,0.84,1271.6024208847668,0,0,82,86,,,,,,,,
,05-00,11.4,90,0.84,1492.750667995161,0,0,82,86,,,,,,,,
,06-00,11.2,111,0.84,1808.7598737344877,0,0,82,86,,,,,,,,
,07-00,11.4,150,0.84,2487.9177799919353,0,0,85,65,,,,,,,,
,08-00,11.4,150,0.84,2487.9177799919353,0,0,85,65,,,,,,,,
,09-00,11.5,135,0.84,2258.7674581505726,0,0,85,65,,,,,,,,
,10-00,11.5,133,0.84,2225.304236548342,0,0,87,68,,,,,,,,
,11-00,11.5,138,0.84,2308.9622905539186,0,0,87,68,,,,,,,,
,12-00,11.7,144,0.84,2451.253728497317,0,0,87,68,,,,,,,,
,13-00,11.7,148,0.84,2519.3441098444646,0,0,83,87,,,,,,,,
,14-00,11.7,158,0.84,2689.5700632123335,0,0,83,87,,,,,,,,
,15-00,11.6,163,0.84,2750.9678002390356,0,0,83,87,,,,,,,,
,16-00,11.6,160,0.84,2700.336491032182,0,0,75,93,,,,,,,,
,17-00,11.7,158,0.84,2689.5700632123335,0,0,75,93,,,,,,,,
,18-00,11.8,154,0.84,2643.8854911118974,0,0,75,93,,,,,,,,
,19-00,11.8,66,0.84,1133.093781905099,0,0,78,91,,,,,,,,
,20-00,11.8,66,0.84,1133.093781905099,0,0,78,91,,,,,,,,
,21-00,11.7,63,0.84,1072.423506217576,0,0,78,91,,,,,,,,
,22-00,11.7,60,0.84,1021.3557202072153,0,0,75,93,,,,,,,,
,23-00,11.7,58,0.84,987.3105295336416,0,0,75,93,,,,,,,,
,24-00,11.7,56,0.84,953.2653388600677,0,0,75,93,,,,,,,,
2021-09-04,01-00,11.6,85,0.85,1451.6317818234759,0,0,77,95,,,,,,,,
,02-00,11.6,87,0.85,1485.7878237487341,0,0,77,95,,,,,,,,
,03-00,11.6,101,0.85,1724.8801172255419,0,0,77,95,,,,,,,,
,04-00,11.6,102,0.85,1741.9581381881712,0,0,82,80,,,,,,,,
,05-00,11.5,107,0.85,1811.5952409064778,0,0,82,80,,,,,,,,
,06-00,11.5,117,0.85,1980.9032073463356,0,0,82,80,,,,,,,,
,07-00,11.5,157,0.85,2658.1350731057664,0,0,85,69,,,,,,,,
,08-00,11.4,165,0.85,2769.2894336814993,0,0,85,69,,,,,,,,
,09-00,11.4,185,0.85,3104.960880188348,0,0,85,69,,,,,,,,
,10-00,11.2,199,0.85,3281.3356139230864,0,0,86,73,,,,,,,,
,11-00,11.2,214,0.85,3528.672469243922,0,0,86,73,,,,,,,,
,12-00,11.2,189,0.85,3116.444377042529,0,0,86,73,,,,,,,,
,13-00,11.2,189,0.85,3116.444377042529,0,0,81,87,,,,,,,,
,14-00,11.2,189,0.85,3116.444377042529,0,0,81,87,,,,,,,,
,15-00,11.2,214,0.85,3528.672469243922,0,0,81,87,,,,,,,,
,16-00,11.2,219,0.85,3611.1180876842004,0,0,78,90,,,,,,,,
,17-00,11.2,219,0.85,3611.1180876842004,0,0,78,90,,,,,,,,
,18-00,11.3,74,0.85,1231.0897524957309,0,0,78,90,,,,,,,,
,19-00,11.7,69,0.85,1188.5419244078012,0,0,75,93,,,,,,,,
,20-00,11.7,69,0.85,1188.5419244078012,0,0,75,93,,,,,,,,
,21-00,11.7,60,0.85,1033.514716876349,0,0,75,93,,,,,,,,
,22-00,11.7,57,0.85,981.8389810325315,0,0,77,91,,,,,,,,
,23-00,11.7,54,0.85,930.1632451887141,0,0,77,91,,,,,,,,
,24-00,11.7,50,0.85,861.262264063624,0,0,77,91,,,,,,,,
2021-09-05,01-00,11.4,110,0.85,1846.192955787666,1,0,81,90,,,,,,,,
,02-00,11.4,110,0.85,1846.192955787666,1,0,81,90,,,,,,,,
,03-00,11.4,110,0.85,1846.192955787666,1,0,81,90,,,,,,,,
,04-00,11.4,110,0.85,1846.192955787666,1,0,83,74,,,,,,,,
,05-00,11.4,110,0.85,1846.192955787666,1,0,83,74,,,,,,,,
,06-00,11.5,105,0.85,1777.733647618506,1,0,83,74,,,,,,,,
,07-00,11.3,120,0.85,1996.361760803888,1,0,85,70,,,,,,,,
,08-00,11.3,155,0.85,2578.6339410383553,1,0,85,70,,,,,,,,
,09-00,11.3,164,0.85,2728.361073098647,1,0,85,70,,,,,,,,
,10-00,11.2,169,0.85,2786.661903281415,1,0,85,73,,,,,,,,
,11-00,11.2,169,0.85,2786.661903281415,1,0,85,73,,,,,,,,
,12-00,11.2,184,0.85,3033.9987586022507,1,0,85,73,,,,,,,,
,13-00,11.2,184,0.85,3033.9987586022507,1,0,82,87,,,,,,,,
,14-00,11.2,189,0.85,3116.444377042529,1,0,82,87,,,,,,,,
,15-00,11.2,184,0.85,3033.9987586022507,1,0,82,87,,,,,,,,
,16-00,11.2,169,0.85,2786.661903281415,1,0,81,90,,,,,,,,
,17-00,11.2,154,0.85,2539.3250479605795,1,0,81,90,,,,,,,,
,18-00,11.4,134,0.85,2248.9986915958843,1,0,81,90,,,,,,,,
,19-00,11.4,63,0.85,1057.3650564965724,1,0,77,91,,,,,,,,
,20-00,11.7,62,0.85,1067.965207438894,1,0,77,91,,,,,,,,
,21-00,11.7,59,0.85,1016.2894715950764,1,0,77,91,,,,,,,,
,22-00,11.7,56,0.85,964.613735751259,1,0,79,91,,,,,,,,
,23-00,11.7,54,0.85,930.1632451887141,1,0,79,91,,,,,,,,
,24-00,11.7,50,0.85,861.262264063624,1,0,79,91,,,,,,,,
2021-09-06,01-00,11.5,115,0.79,1809.6033824777735,0,0,80,90,,,,,,,,
,02-00,11.5,115,0.79,1809.6033824777735,0,0,80,90,,,,,,,,
,03-00,11.5,115,0.79,1809.6033824777735,0,0,80,90,,,,,,,,
,04-00,11.5,116,0.79,1825.339064064537,0,0,83,80,,,,,,,,
,05-00,11.4,119,0.79,1856.2630991828719,0,0,83,80,,,,,,,,
,06-00,11.3,122,0.79,1886.366142218419,0,0,83,80,,,,,,,,
,07-00,11.4,131,0.79,2043.4492940584555,0,0,80,82,,,,,,,,
,08-00,11.3,141,0.79,2180.144475842599,0,0,80,82,,,,,,,,
,09-00,11.3,140,0.79,2164.6824582834315,0,0,80,82,,,,,,,,
,10-00,11.3,133,0.79,2056.44833536926,0,0,78,90,,,,,,,,
,11-00,11.3,135,0.79,2087.3723704875947,0,0,78,90,,,,,,,,
,12-00,11.7,164,0.79,2625.5326807548977,0,0,78,90,,,,,,,,
,13-00,11.3,143,0.79,2211.0685109609335,0,0,78,91,,,,,,,,
,14-00,11.2,134,0.79,2053.574863079503,0,0,78,91,,,,,,,,
,15-00,11.2,119,0.79,1823.6970798989614,0,0,78,91,,,,,,,,
,16-00,11.3,127,0.79,1963.6762300142557,0,0,77,93,,,,,,,,
,17-00,11.3,117,0.79,1809.056054422582,0,0,77,93,,,,,,,,
,18-00,11.4,121,0.79,1887.4607983288024,0,0,77,93,,,,,,,,
,19-00,11.8,60,0.79,968.7706576894245,0,0,80,90,,,,,,,,
,20-00,11.7,63,0.79,1008.5887737046253,0,0,80,90,,,,,,,,
,21-00,11.7,60,0.79,960.5607368615479,0,0,80,90,,,,,,,,
,22-00,11.7,58,0.79,928.5420456328296,0,0,76,95,,,,,,,,
,23-00,11.7,52,0.79,832.4859719466749,0,0,76,95,,,,,,,,
,24-00,11.7,51,0.79,816.4766263323157,0,0,76,95,,,,,,,,
2021-09-07,01-00,11.8,39,0.95,757.2352925610373,0,0,76,91,,,,,,,,
,02-00,11.8,39,0.95,757.2352925610373,0,0,76,91,,,,,,,,
,03-00,11.8,39,0.95,757.2352925610373,0,0,76,91,,,,,,,,
,04-00,11.8,39,0.95,757.2352925610373,0,0,75,93,,,,,,,,
,05-00,11.8,53,0.95,1029.063346300897,0,0,75,93,,,,1.0,,,,
,06-00,11.8,54,0.95,1048.479635853744,0,0,75,93,,,,1.0,,,,
,07-00,11.6,60,0.95,1145.2319939645415,0,0,81,78,,,,1.0,,,,
,08-00,11.7,60,0.95,1155.104683567684,0,0,81,78,,,,1.0,,,,
,09-00,11.5,41,0.95,775.8288579802892,0,0,81,78,,,,,,,,
,10-00,11.5,39,0.95,737.9835478349094,0,0,82,74,,,,,,,,
,11-00,11.5,39,0.95,737.9835478349094,0,0,82,74,,,,,,,,
,12-00,11.5,39,0.95,737.9835478349094,0,0,82,74,,,,,,,,
,13-00,11.5,39,0.95,737.9835478349094,0,0,79,82,,,,,,,,
,14-00,11.6,39,0.95,744.4007960769519,0,0,79,82,,,,,,,,
,15-00,11.6,39,0.95,744.4007960769519,0,0,79,82,,,,,,,,
,16-00,11.7,39,0.95,750.8180443189946,0,0,78,90,,,,,,,,
,17-00,11.7,43,0.95,827.825023223507,0,0,78,90,,,,,,,,
,18-00,11.7,45,0.95,866.328512675763,0,0,78,90,,,,,,,,
,19-00,11.7,61,0.95,1174.356428293812,0,0,77,95,,,,,,,,
,20-00,11.7,61,0.95,1174.356428293812,0,0,77,95,,,,,,,,
,21-00,11.7,58,0.95,1116.601194115428,0,0,77,95,,,,,,,,
,22-00,11.7,56,0.95,1078.0977046631717,0,0,77,95,,,,,,,,
,23-00,11.7,53,0.95,1020.3424704847876,0,0,77,95,,,,,,,,
,24-00,11.8,49,0.95,951.3981880895085,0,0,82,75,,,,,,,,
2021-09-08,01-00,11.8,39,0.84,669.5554165802857,0,0,82,75,,,,,,,,
,02-00,11.8,39,0.84,669.5554165802857,0,0,82,75,,,,,,,,
,03-00,11.8,39,0.84,669.5554165802857,0,0,82,75,,,,,,,,
,04-00,11.6,39,0.84,658.2070196890944,0,0,82,65,,,,,,,,
,05-00,11.6,55,0.84,928.2406687923126,0,0,82,65,,,,,,,,
,06-00,11.6,55,0.84,928.2406687923126,0,0,82,65,,,,,,,,
,07-00,11.8,57,0.84,978.5809934634943,0,0,82,65,,,,,,,,
,08-00,11.6,59,0.84,995.749081068117,0,0,82,65,,,,,,,,
,09-00,11.5,57,0.84,953.7018156635751,0,0,82,65,,,,,,,,
,10-00,11.5,80,0.84,1338.5288640892281,0,0,83,66,,,,,,,,
,11-00,11.5,82,0.84,1371.992085691459,0,0,83,66,,,,,,,,
,12-00,11.5,82,0.84,1371.992085691459,0,0,83,66,,,,,,,,
,13-00,11.5,82,0.84,1371.992085691459,0,0,80,79,,,,,,,,
,14-00,11.5,82,0.84,1371.992085691459,0,0,80,79,,,,,,,,
,15-00,11.5,82,0.84,1371.992085691459,0,0,80,79,,,,,,,,
,16-00,11.5,84,0.84,1405.4553072936897,0,0,80,85,,,,,,,,
,17-00,11.5,84,0.84,1405.4553072936897,0,0,80,85,,,,,,,,
,18-00,11.6,53,0.84,894.4864626544103,0,0,80,85,,,,,,,,
,19-00,11.6,61,0.84,1029.5032872060194,0,0,78,86,,,,,,,,
,20-00,11.6,61,0.84,1029.5032872060194,0,0,78,86,,,,,,,,
,21-00,11.7,58,0.84,987.3105295336416,0,0,78,86,,,,,,,,
,22-00,11.7,58,0.84,987.3105295336416,0,0,78,73,,,,,,,,
,23-00,11.7,53,0.84,902.197552849707,0,0,78,73,,,,,,,,
,24-00,11.7,49,0.84,834.1071715025591,0,0,78,73,,,,,,,,
2021-09-09,01-00,11.7,45,0.81,738.6590476498612,0,0,81,76,,,,,,,,
,02-00,11.7,43,0.81,705.8297566432007,0,0,81,76,,,,,,,,
,03-00,11.7,41,0.81,673.0004656365402,0,0,81,76,,,,,,,,
,04-00,11.7,41,0.81,673.0004656365402,0,0,84,61,,,,,,,,
,05-00,11.7,41,0.81,673.0004656365402,0,0,84,61,,,,,,,,
,06-00,11.6,59,0.81,960.1866138871129,0,0,84,61,,,,,,,,
,07-00,11.4,59,0.81,943.6316722683699,0,0,86,53,,,,,,,,
,08-00,11.3,59,0.81,935.3542014589981,0,0,86,53,,,,,,,,
,09-00,11.3,84,0.81,1331.6907275009467,0,0,86,53,,,,,,,,
,10-00,11.6,94,0.81,1529.788842464214,0,0,86,59,,,,1.0,,,,
,11-00,11.6,80,0.81,1301.9479510333738,0,0,86,59,,,,,,,,
,12-00,11.6,80,0.81,1301.9479510333738,0,0,86,59,,,,,,,,
,13-00,11.6,84,0.81,1367.0453485850421,0,0,83,78,,,,,,,,
,14-00,11.6,82,0.81,1334.4966498092078,0,0,83,78,,,,,,,,
,15-00,11.6,82,0.81,1334.4966498092078,0,0,83,78,,,,,,,,
,16-00,11.6,82,0.81,1334.4966498092078,0,0,82,86,,,,,,,,
,17-00,11.6,84,0.81,1367.0453485850421,0,0,82,86,,,,,,,,
,18-00,11.7,82,0.81,1346.0009312730804,0,0,82,86,,,,,,,,
,19-00,11.7,49,0.81,804.3176296631822,0,0,79,80,,,,,,,,
,20-00,11.8,51,0.81,844.3020225559097,0,0,79,80,,,,,,,,
,21-00,11.8,58,0.81,960.1866138871131,0,0,79,80,,,,,,,,
,22-00,11.8,58,0.81,960.1866138871131,0,0,80,86,,,,,,,,
,23-00,11.8,58,0.81,960.1866138871131,0,0,80,86,,,,,,,,
,24-00,11.8,49,0.81,811.1921393184231,0,0,80,86,,,,,,,,
2021-09-10,01-00,11.7,38,0.86,662.2600185788054,0,0,81,77,,,,,,,,
,02-00,11.7,36,0.86,627.4042281272895,0,0,81,77,,,,,,,,
,03-00,11.8,30,0.86,527.305547856269,0,0,81,77,,,,,,,,
,04-00,11.8,33,0.86,580.0361026418959,0,0,85,64,,,,,,,,
,05-00,11.8,33,0.86,580.0361026418959,0,0,85,64,,,,,,,,
,06-00,11.8,38,0.86,667.9203606179407,0,0,85,64,,,,,,,,
,07-00,11.8,52,0.86,913.9962829508663,0,0,86,55,,,,,,,,
,08-00,11.8,34,0.86,597.6129542371048,0,0,86,55,,,,,,,,
,09-00,11.8,146,0.86,2566.2203329005088,0,0,86,55,,,,,,,,
,10-00,11.3,124,0.86,2087.176648746339,0,0,86,58,,,,,,,,
,11-00,11.3,124,0.86,2087.176648746339,0,0,86,58,,,,,,,,
,12-00,11.3,121,0.86,2036.6804395024765,0,0,86,58,,,,,,,,
,13-00,11.2,130,0.86,2168.804739205445,0,0,83,77,,,,,,,,
,14-00,11.2,130,0.86,2168.804739205445,0,0,83,77,,,,,,,,
,15-00,11.2,130,0.86,2168.804739205445,0,0,83,77,,,,,,,,
,16-00,11.2,127,0.86,2118.755399069935,0,0,81,90,,,,,,,,
,17-00,11.2,127,0.86,2118.755399069935,0,0,81,90,,,,,,,,
,18-00,11.4,101,0.86,1715.0836378579324,0,0,81,90,,,,,,,,
,19-00,11.6,57,0.86,984.8995148095057,0,0,81,87,,,,,,,,
,20-00,11.6,56,0.86,967.6205759531986,0,0,81,87,,,,,,,,
,21-00,11.6,54,0.86,933.0626982405844,0,0,81,87,,,,,,,,
,22-00,11.6,48,0.86,829.3890651027416,0,0,76,93,,,,,,,,
,23-00,11.6,44,0.86,760.2733096775131,0,0,76,93,,,,,,,,
,24-00,11.6,42,0.86,725.7154319648989,0,0,76,93,,,,,,,,
2021-09-11,01-00,11.4,76,0.85,1275.551496726024,0,0,79,91,,,,,,,,
,02-00,11.4,76,0.85,1275.551496726024,0,0,79,91,,,,,,,,
,03-00,11.4,76,0.85,1275.551496726024,0,0,79,91,,,,,,,,
,04-00,11.4,76,0.85,1275.551496726024,0,0,82,71,,,,,,,,
,05-00,11.3,80,0.85,1330.9078405359253,0,0,82,71,,,,,,,,
,06-00,11.3,84,0.85,1397.4532325627217,0,0,82,71,,,,,,,,
,07-00,11.2,125,0.85,2061.1404610069635,0,0,88,63,,,,,,,,
,08-00,11.2,144,0.85,2374.433811080022,0,0,88,63,,,,,,,,
,09-00,11.2,147,0.85,2423.9011821441895,0,0,88,63,,,,,,,,
,10-00,11.3,112,0.85,1863.2709767502954,0,0,85,79,1.0,,,,,,,
,11-00,11.4,98,0.85,1644.7900878835571,0,0,85,79,1.0,,,,,,,
,12-00,11.4,101,0.85,1695.1408048595843,0,0,85,79,1.0,,,,,,,
,13-00,11.4,174,0.85,2920.341584609581,0,0,82,84,,1.0,,1.0,,,,
,14-00,11.4,177,0.85,2970.692301585608,0,0,82,84,,1.0,,1.0,,,,
,15-00,11.2,148,0.85,2440.3903058322453,0,0,82,84,,,,,,,,
,16-00,11.3,140,0.85,2329.0887209378693,0,0,81,87,,,,,,,,
,17-00,11.4,136,0.85,2282.565836246569,0,0,81,87,,,,,,,,
,18-00,11.6,110,0.85,1878.5823058892042,0,0,81,87,,,,,,,,
,19-00,11.7,58,0.85,999.0642263138039,0,0,80,91,,,,,,,,
,20-00,11.6,57,0.85,973.4471948698603,0,0,80,91,,,,,,,,
,21-00,11.6,54,0.85,922.2131319819729,0,0,80,91,,,,,,,,
,22-00,11.6,48,0.85,819.7450062061981,0,0,79,80,,,,,,,,
,23-00,11.6,45,0.85,768.5109433183108,0,0,79,80,,,,,,,,
,24-00,11.6,41,0.85,700.1988594677943,0,0,79,80,,,,,,,,
2021-09-12,01-00,11.5,72,0.85,1219.0173583669757,1,0,83,70,,,,,,,,
,02-00,11.5,72,0.85,1219.0173583669757,1,0,83,70,,,,,,,,
,03-00,11.4,72,0.85,1208.4172074246542,1,0,83,70,,,,,,,,
,04-00,11.4,76,0.85,1275.551496726024,1,0,86,61,,,,,,,,
,05-00,11.3,86,0.85,1430.7259285761197,1,0,86,61,,,,,,,,
,06-00,11.3,100,0.85,1663.6348006699066,1,0,86,61,,,,,,,,
,07-00,11.2,165,0.85,2720.705408529192,1,0,87,57,,,,,,,,
,08-00,11.2,184,0.85,3033.9987586022507,1,0,87,57,,,,,,,,
,09-00,11.2,200,0.85,3297.8247376111417,1,0,87,57,,,,,,,,
,10-00,11.8,210,0.85,3648.2186159823254,1,0,86,68,,,,1.0,,,,
,11-00,11.5,168,0.85,2844.37383618961,1,0,86,68,,,,,,,,
,12-00,11.5,168,0.85,2844.37383618961,1,0,86,68,,,,,,,,
,13-00,11.4,177,0.85,2970.692301585608,1,0,81,90,,,,,,,,
,14-00,11.6,172,0.85,2937.41960557221,1,0,81,90,,,,,,,,
,15-00,11.6,195,0.85,3330.21408771268,1,0,81,90,,,,,,,,
,16-00,11.6,95,0.85,1622.4119914497671,1,0,81,90,,,,,,,,
,17-00,11.6,68,0.85,1161.3054254587807,1,0,81,90,,,,,,,,
,18-00,11.8,54,0.85,938.1133583954552,1,0,81,90,,,,,,,,
,19-00,11.6,59,0.85,1007.6032367951184,1,0,80,86,,,,,,,,
,20-00,11.6,58,0.85,990.5252158324895,1,0,80,86,,,,,,,,
,21-00,11.6,54,0.85,922.2131319819729,1,0,80,86,,,,,,,,
,22-00,11.6,48,0.85,819.7450062061981,1,0,80,88,,,,,,,,
,23-00,11.6,45,0.85,768.5109433183108,1,0,80,88,,,,,,,,
,24-00,11.5,42,0.85,711.0934590474025,1,0,80,88,,,,,,,,
2021-09-13,01-00,11.2,96,0.85,1582.9558740533482,0,0,80,88,,,,,,,,
,02-00,11.2,96,0.85,1582.9558740533482,0,0,80,88,,,,,,,,
,03-00,11.2,96,0.85,1582.9558740533482,0,0,80,88,,,,,,,,
,04-00,11.2,96,0.85,1582.9558740533482,0,0,85,70,,,,,,,,
,05-00,11.2,100,0.85,1648.9123688055708,0,0,85,70,,,,,,,,
,06-00,11.3,124,0.85,2062.907152830684,0,0,85,70,,,,,,,,
,07-00,11.3,77,0.85,1280.998796515828,0,0,89,56,,,,,,,,
,08-00,11.3,99,0.85,1646.9984526632074,0,0,89,56,,,,,,,,
,09-00,11.3,199,0.85,3310.633253333114,0,0,89,56,,,,,,,,
,10-00,11.3,99,0.85,1646.9984526632074,0,0,81,90,,,,,,,,
,11-00,11.4,72,0.85,1208.4172074246542,0,0,81,90,,,,,,,,
,12-00,11.4,80,0.85,1342.6857860273938,0,0,81,90,,,,,,,,
,13-00,11.2,157,0.85,2588.7924190247463,0,0,80,91,1.0,,,,,,,
,14-00,11.2,183,0.85,3017.509634914195,0,0,80,91,,,,,,,,
,15-00,11.2,183,0.85,3017.509634914195,0,0,80,91,,,,,,,,
,16-00,11.0,193,0.85,3125.5722847984175,0,0,80,91,,,,,,,,
,17-00,11.0,191,0.85,3093.1829346968793,0,0,80,91,,,,,,,,
,18-00,11.6,122,0.85,2083.5185574407537,0,0,80,91,,,,,,,,
,19-00,11.6,57,0.85,973.4471948698603,0,0,81,80,,,,,,,,
,20-00,11.5,57,0.85,965.055408707189,0,0,81,80,,,,,,,,
,21-00,11.5,54,0.85,914.2630187752318,0,0,81,80,,,,,,,,
,22-00,11.5,48,0.85,812.6782389113172,0,0,78,91,,,,,,,,
,23-00,11.5,45,0.85,761.8858489793598,0,0,78,91,,,,,,,,
,24-00,11.4,42,0.85,704.9100376643817,0,0,78,91,,,,,,,,
2021-09-14,01-00,11.2,96,0.86,1601.5788843363287,0,0,80,83,,,,,,,,
,02-00,11.2,96,0.86,1601.5788843363287,0,0,80,83,,,,,,,,
,03-00,11.2,96,0.86,1601.5788843363287,0,0,80,83,,,,,,,,
,04-00,11.2,96,0.86,1601.5788843363287,0,0,83,67,,,,,,,,
,05-00,11.2,103,0.86,1718.3606779858526,0,0,83,67,,,,,,,,
,06-00,11.2,127,0.86,2118.755399069935,0,0,83,67,,,,,,,,
,07-00,11.0,188,0.86,3080.417720245097,0,0,84,64,,,,,,,,
,08-00,11.0,209,0.86,3424.50693367673,0,0,84,64,,,,,,,,
,09-00,11.0,220,0.86,3604.7441407123474,0,0,84,64,,,,,,,,
,10-00,11.0,228,0.86,3735.8257458291596,0,0,85,65,,,,,,,,
,11-00,11.0,218,0.86,3571.973739433144,0,0,85,65,,,,,,,,
,12-00,11.0,204,0.86,3342.5809304787217,0,0,85,65,,,,,,,,
,13-00,11.0,219,0.86,3588.358940072746,0,0,83,80,,,,,,,,
,14-00,11.0,210,0.86,3440.8921343163315,0,0,83,80,,,,,,,,
,15-00,11.0,190,0.86,3113.1881215243,0,0,83,80,,,,,,,,
,16-00,11.4,321,0.86,5450.9093836870925,0,0,83,77,,,,,,,,
,17-00,11.4,210,0.86,3566.0154846551072,0,0,83,77,,,,,,,,
,18-00,11.4,195,0.86,3311.300092894028,0,0,83,77,,,,,,,,
,19-00,11.6,58,0.86,1002.1784536658129,0,0,78,91,,,,,,,,
,20-00,11.6,57,0.86,984.8995148095057,0,0,78,91,,,,,,,,
,21-00,11.6,54,0.86,933.0626982405844,0,0,78,91,,,,,,,,
,22-00,11.6,50,0.86,863.9469428153559,0,0,79,85,,,,,,,,
,23-00,11.6,46,0.86,794.8311873901274,0,0,79,85,,,,,,,,
,24-00,11.6,41,0.86,708.4364931085918,0,0,79,85,,,,,,,,
2021-09-15,01-00,11.5,127,0.85,2150.2111737861933,0,0,84,69,,,,,,,,
,02-00,11.5,127,0.85,2150.2111737861933,0,0,84,69,,,,,,,,
,03-00,11.5,127,0.85,2150.2111737861933,0,0,84,69,,,,,,,,
,04-00,11.3,135,0.85,2245.906980904374,0,0,88,58,,,,,,,,
,05-00,11.3,145,0.85,2412.2704609713646,0,0,88,58,,,,,,,,
,06-00,11.0,155,0.85,2510.174632869195,0,0,88,58,,,,,,,,
,07-00,11.2,205,0.85,3380.2703560514205,0,0,90,50,,,,,,,,
,08-00,11.0,235,0.85,3805.7486369307153,0,0,90,50,,,,,,,,
,09-00,11.4,245,0.85,4111.975219708893,0,0,90,50,,,,,,,,
,10-00,11.4,240,0.85,4028.057358082181,0,0,88,69,,,,,,,,
,11-00,11.2,266,0.85,4386.106901022819,0,0,88,69,,,,,,,,
,12-00,11.2,266,0.85,4386.106901022819,0,0,88,69,,,,,,,,
,13-00,11.2,266,0.85,4386.106901022819,0,0,82,84,,,,,,,,
,14-00,11.1,242,0.85,3954.73964739779,0,0,82,84,1.0,,,,,,,
,15-00,11.4,230,0.85,3860.221634828756,0,0,82,84,,,,,,,,
,16-00,11.3,242,0.85,4025.9962176211743,0,0,82,77,,,,,,,,
,17-00,11.2,242,0.85,3990.3679325094818,0,0,82,77,,,,,,,,
,18-00,11.2,213,0.85,3512.1833455558663,0,0,82,77,,,,,,,,
,19-00,11.5,58,0.85,981.9862053511749,0,0,82,80,,,,,,,,
,20-00,11.5,57,0.85,965.055408707189,0,0,82,80,,,,,,,,
,21-00,11.4,54,0.85,906.3129055684907,0,0,82,80,,,,,,,,
,22-00,11.4,50,0.85,839.1786162671209,0,0,78,91,,,,,,,,
,23-00,11.4,46,0.85,772.0443269657513,0,0,78,91,,,,,,,,
,24-00,11.4,44,0.85,738.4771823150664,0,0,78,91,,,,,,,,
2021-09-16,01-00,11.3,141,0.83,2290.5315379105787,0,0,82,70,,,,,,,,
,02-00,11.3,141,0.83,2290.5315379105787,0,0,82,70,,,,,,,,
,03-00,11.3,141,0.83,2290.5315379105787,0,0,82,70,,,,,,,,
,04-00,11.3,141,0.83,2290.5315379105787,0,0,86,56,,,,,,,,
,05-00,11.3,148,0.83,2404.2458695798978,0,0,86,56,,,,,,,,
,06-00,11.5,154,0.83,2545.993443569719,0,0,86,56,,,,,,,,
,07-00,11.2,238,0.83,3832.0723451041463,0,0,88,47,,,,,,,,
,08-00,11.2,238,0.83,3832.0723451041463,0,0,88,47,,,,,,,,
,09-00,11.2,260,0.83,4186.297519861672,0,0,88,47,,,,,,,,
,10-00,11.1,267,0.83,4260.621552065261,0,0,88,54,,,,,,,,
,11-00,11.1,265,0.83,4228.706783884997,0,0,88,54,,,,,,,,
,12-00,11.1,263,0.83,4196.792015704733,0,0,88,54,,,,,,,,
,13-00,11.1,267,0.83,4260.621552065261,0,0,83,80,,,,,,,,
,14-00,11.1,272,0.83,4340.408472515922,0,0,83,80,,,,,,,,
,15-00,11.2,270,0.83,4347.308962933275,0,0,83,80,,,,,,,,
,16-00,11.2,265,0.83,4266.803241397474,0,0,81,90,,,,,,,,
,17-00,11.2,254,0.83,4089.690654018711,0,0,81,90,,,,,,,,
,18-00,11.2,236,0.83,3799.8700564898263,0,0,81,90,,,,,,,,
,19-00,11.5,57,0.83,942.3482226199611,0,0,80,87,,,,,,,,
,20-00,11.5,57,0.83,942.3482226199611,0,0,80,87,,,,,,,,
,21-00,11.5,57,0.83,942.3482226199611,0,0,80,87,,,,,,,,
,22-00,11.6,55,0.83,917.1901846400232,0,0,79,91,,,,,,,,
,23-00,11.6,50,0.83,833.8092587636573,0,0,79,91,,,,,,,,
,24-00,11.6,50,0.83,833.8092587636573,0,0,79,91,,,,,,,,
2021-09-17,01-00,11.6,97,0.87,1695.5461047485555,0,0,82,74,,,,,,,,
,02-00,11.4,101,0.87,1735.0264708562804,0,0,82,74,,,,,,,,
,03-00,11.4,101,0.87,1735.0264708562804,0,0,82,74,,,,,,,,
,04-00,11.4,105,0.87,1803.740390494153,0,0,86,53,,,,,,,,
,05-00,11.4,105,0.87,1803.740390494153,0,0,86,53,,,,,,,,
,06-00,11.3,110,0.87,1873.0570638130596,0,0,86,53,,,,,,,,
,07-00,11.3,256,0.87,4359.114621237666,0,0,88,46,,,,,,,,
,08-00,11.3,280,0.87,4767.7816169786975,0,0,88,46,,,,,,,,
,09-00,11.2,297,0.87,5012.499611478488,0,0,88,46,,,,,,,,
,10-00,11.3,295,0.87,5023.198489316842,0,0,86,64,,,,,,,,
,11-00,11.3,286,0.87,4869.948365913955,0,0,86,64,,,,,,,,
,12-00,11.3,272,0.87,4631.55928506502,0,0,86,64,,,,,,,,
,13-00,11.2,265,0.87,4472.432313272052,0,0,83,77,,,,,,,,
,14-00,11.2,266,0.87,4489.309416341003,0,0,83,77,,,,,,,,
,15-00,11.2,254,0.87,4286.784179513589,0,0,83,77,,,,,,,,
,16-00,11.2,257,0.87,4337.415488720442,0,0,81,86,,,,,,,,
,17-00,11.2,259,0.87,4371.169694858345,0,0,81,86,,,,,,,,
,18-00,11.4,238,0.87,4088.478218453414,0,0,81,86,,,,,,,,
,19-00,11.5,58,0.87,1005.0917631241438,0,0,80,91,,,,,,,,
,20-00,11.5,57,0.87,987.762594794417,0,0,80,91,,,,,,,,
,21-00,11.5,55,0.87,953.1042581349637,0,0,80,91,,,,,,,,
,22-00,11.5,50,0.87,866.4584164863309,0,0,78,87,,,,,,,,
,23-00,11.5,45,0.87,779.8125748376978,0,0,78,87,,,,,,,,
,24-00,11.5,43,0.87,745.1542381782444,0,0,78,87,,,,,,,,
2021-09-18,01-00,11.4,146,0.85,2450.4015594999933,0,0,81,89,,,,,,,,
,02-00,11.4,146,0.85,2450.4015594999933,0,0,81,89,,,,,,,,
,03-00,11.4,146,0.85,2450.4015594999933,0,0,81,89,,,,,,,,
,04-00,11.4,155,0.85,2601.453710428075,0,0,82,74,,,,,,,,
,05-00,11.4,160,0.85,2685.3715720547875,0,0,82,74,,,,,,,,
,06-00,11.3,188,0.85,3127.6334252594243,0,0,82,74,,,,,,,,
,07-00,11.2,216,0.85,3561.6507166200327,0,0,83,70,,,,,,,,
,08-00,11.4,225,0.85,3776.3037732020443,0,0,83,70,,,,,,,,
,09-00,11.4,224,0.85,3759.520200876702,0,0,83,70,,,,,,,,
,10-00,11.4,263,0.85,4414.079521565056,0,0,83,74,,,,,,,,
,11-00,11.3,286,0.85,4757.995529915933,0,0,83,74,,,,,,,,
,12-00,11.3,283,0.85,4708.086485895836,0,0,83,74,,,,,,,,
,13-00,11.3,280,0.85,4658.177441875739,0,0,81,86,,,,,,,,
,14-00,11.3,291,0.85,4841.177269949429,0,0,81,86,,,,,,,,
,15-00,11.3,285,0.85,4741.3591819092335,0,0,81,86,,,,,,,,
,16-00,11.3,291,0.85,4841.177269949429,0,0,80,89,,,,,,,,
,17-00,11.3,280,0.85,4658.177441875739,0,0,80,89,,,,,,,,
,18-00,11.4,268,0.85,4497.997383191769,0,0,80,89,,,,,,,,
,19-00,11.3,59,0.85,981.5445323952449,0,0,79,88,,,,,,,,
,20-00,11.5,58,0.85,981.9862053511749,0,0,79,88,,,,,,,,
,21-00,11.5,53,0.85,897.3322221312461,0,0,79,88,,,,,,,,
,22-00,11.4,56,0.85,939.8800502191755,0,0,78,91,,,,,,,,
,23-00,11.5,55,0.85,931.1938154192175,0,0,78,91,,,,,,,,
,24-00,11.5,55,0.85,931.1938154192175,0,0,78,91,,,,,,,,
2021-09-19,01-00,11.6,147,0.85,2510.469081506482,1,0,82,84,,,,,,,,
,02-00,11.4,126,0.85,2114.7301129931448,1,0,82,84,,,,,,,,
,03-00,11.4,126,0.85,2114.7301129931448,1,0,82,84,,,,,,,,
,04-00,11.4,130,0.85,2181.8644022945145,1,0,88,58,,,,,,,,
,05-00,11.4,155,0.85,2601.453710428075,1,0,88,58,,,,,,,,
,06-00,11.4,160,0.85,2685.3715720547875,1,0,88,58,,,,,,,,
,07-00,11.3,210,0.85,3493.633081406804,1,0,87,57,,,,,,,,
,08-00,11.3,215,0.85,3576.814821440299,1,0,87,57,,,,,,,,
,09-00,11.4,225,0.85,3776.3037732020443,1,0,87,57,,,,,,,,
,10-00,11.2,251,0.85,4138.770045701984,1,0,85,69,,,,,,,,
,11-00,11.2,251,0.85,4138.770045701984,1,0,85,69,,,,,,,,
,12-00,11.3,230,0.85,3826.360041540785,1,0,85,69,,,,,,,,
,13-00,11.3,230,0.85,3826.360041540785,1,0,81,87,,,,,,,,
,14-00,11.7,187,0.85,3221.1208675979537,1,0,81,87,,,,,,,,
,15-00,11.7,187,0.85,3221.1208675979537,1,0,81,87,,,,,,,,
,16-00,11.7,187,0.85,3221.1208675979537,1,0,81,89,,,,,,,,
,17-00,11.7,170,0.85,2928.291697816322,1,0,81,89,,,,,,,,
,18-00,11.6,41,0.85,700.1988594677943,1,0,81,89,,,,,,,,
,19-00,11.5,58,0.85,981.9862053511749,1,0,79,91,,,,,,,,
,20-00,11.6,47,0.85,802.666985243569,1,0,79,91,,,,,,,,
,21-00,11.6,47,0.85,802.666985243569,1,0,79,91,,,,,,,,
,22-00,11.6,45,0.85,768.5109433183108,1,0,80,91,,,,,,,,
,23-00,11.6,42,0.85,717.2768804304233,1,0,80,91,,,,,,,,
,24-00,11.6,40,0.85,683.1208385051651,1,0,80,91,,,,,,,,
2021-09-20,01-00,11.6,38,0.75,572.6159969822708,0,0,82,87,,,,,,,,
,02-00,11.6,38,0.75,572.6159969822708,0,0,82,87,,,,,,,,
,03-00,11.6,38,0.75,572.6159969822708,0,0,82,87,,,,,,,,
,04-00,11.6,37,0.75,557.5471549564215,0,0,89,72,,,,,,,,
,05-00,11.6,87,0.75,1310.989256248883,0,0,89,72,,,,,,,,
,06-00,11.4,92,0.75,1362.431165233679,0,0,89,72,,,,,,,,
,07-00,11.4,112,0.75,1658.6118533279569,0,0,77,91,,,,,,,,
,08-00,11.4,122,0.75,1806.702197375096,0,0,77,91,,,,,,,,
,09-00,11.4,122,0.75,1806.702197375096,0,0,77,91,,,,,,,,
,10-00,11.8,95,0.75,1456.2217164635335,0,0,77,93,,,,,,,,
,11-00,11.8,90,0.75,1379.5784682286107,0,0,77,93,,,,,,,,
,12-00,11.6,90,0.75,1356.1957823264308,0,0,77,93,,,,,,,,
,13-00,11.6,90,0.75,1356.1957823264308,0,0,77,93,,,,,,,,
,14-00,11.8,85,0.75,1302.935219993688,0,0,77,93,,,,,,,,
,15-00,11.9,61,0.75,942.9717609106859,0,0,77,93,,,,,,,,
,16-00,11.9,61,0.75,942.9717609106859,0,0,77,93,,,,,,,,
,17-00,11.6,59,0.75,889.0616795251045,0,0,77,93,,,,,,,,
,18-00,11.6,68,0.75,1024.6812577577477,0,0,77,93,,,,,,,,
,19-00,11.5,59,0.75,881.3973547016124,0,0,80,88,,,,,,,,
,20-00,11.5,50,0.75,746.9469107640783,0,0,80,88,,,,,,,,
,21-00,11.6,46,0.75,693.1667331890646,0,0,80,88,,,,,,,,
,22-00,11.6,42,0.75,632.8913650856676,0,0,77,93,,,,,,,,
,23-00,11.7,38,0.75,577.5523417838419,0,0,77,93,,,,,,,,
,24-00,11.7,34,0.75,516.7573584381744,0,0,77,93,,,,,,,,
2021-09-21,01-00,11.6,51,0.73,748.0173181631558,0,0,78,90,,,,,,,,
,02-00,11.6,51,0.73,748.0173181631558,0,0,78,90,,,,,,,,
,03-00,11.6,51,0.73,748.0173181631558,0,0,78,90,,,,,,,,
,04-00,11.6,51,0.73,748.0173181631558,0,0,82,75,,,,,,,,
,05-00,11.6,54,0.73,792.0183368786355,0,0,82,75,,,,,,,,
,06-00,11.5,58,0.73,843.352858713362,0,0,82,75,,,,,,,,
,07-00,11.5,54,0.73,785.1905925951991,0,0,84,65,,,,,,,,
,08-00,11.6,69,0.73,1012.0234304560344,0,0,84,65,,,,,,,,
,09-00,11.6,69,0.73,1012.0234304560344,0,0,84,65,,,,,,,,
,10-00,11.6,59,0.73,865.3533680711017,0,0,83,75,,,,,,,,
,11-00,11.6,56,0.73,821.352349355622,0,0,83,75,,,,,,,,
,12-00,11.6,55,0.73,806.6853431171288,0,0,83,75,,,,,,,,
,13-00,11.6,56,0.73,821.352349355622,0,0,83,87,,,,,,,,
,14-00,11.6,72,0.73,1056.024449171514,0,0,80,87,,,,,,,,
,15-00,11.6,60,0.73,880.020374309595,0,0,80,87,,,,,,,,
,16-00,11.6,62,0.73,909.3543867865816,0,0,80,90,,,,,,,,
,17-00,11.6,60,0.73,880.020374309595,0,0,80,90,,,,,,,,
,18-00,11.6,66,0.73,968.0224117405545,0,0,80,90,,,,,,,,
,19-00,11.6,68,0.73,997.3564242175411,0,0,77,93,,,,,,,,
,20-00,11.6,50,0.73,733.3503119246625,0,0,77,93,,,,,,,,
,21-00,11.6,46,0.73,674.6822869706895,0,0,77,93,,,,,,,,
,22-00,11.6,45,0.73,660.0152807321963,0,0,79,91,,,,,,,,
,23-00,11.6,42,0.73,616.0142620167165,0,0,79,91,,,,,,,,
,24-00,11.6,42,0.73,616.0142620167165,0,0,79,91,,,,,,,,
2021-09-22,01-00,11.7,50,0.79,800.4672807179566,0,0,79,90,,,,,,,,
,02-00,11.7,50,0.79,800.4672807179566,0,0,79,90,,,,,,,,
,03-00,11.7,50,0.79,800.4672807179566,0,0,79,90,,,,,,,,
,04-00,11.7,50,0.79,800.4672807179566,0,0,83,72,,,,,,,,
,05-00,11.7,50,0.79,800.4672807179566,0,0,83,72,,,,,,,,
,06-00,11.6,58,0.79,920.605788832549,0,0,83,72,,,,,,,,
,07-00,11.6,61,0.79,968.2233296342326,0,0,80,90,,,,,,,,
,08-00,11.6,66,0.79,1047.5858976370384,0,0,80,90,,,,,,,,
,09-00,11.6,62,0.79,984.0958432347938,0,0,80,90,,,,,,,,
,10-00,11.4,53,0.79,826.7390273671614,0,0,80,83,,,,,,,,
,11-00,11.5,34,0.79,535.0131739499506,0,0,80,83,,,,,,,,
,12-00,11.6,71,0.79,1126.9484656398445,0,0,80,83,,,,,1.0,,,
,13-00,11.6,53,0.79,841.2432208297431,0,0,79,88,,,,,,,,
,14-00,11.6,52,0.79,825.3707072291818,0,0,79,88,,,,,,,,
,15-00,11.6,46,0.79,730.1356256258148,0,0,79,88,,,,,,,,
,16-00,11.6,57,0.79,904.7332752319878,0,0,78,88,,,,,1.0,,,
,17-00,11.6,44,0.79,698.3905984246924,0,0,78,88,,,,,,,,
,18-00,11.8,54,0.79,871.8935919204819,0,0,78,88,,,,,,,,
,19-00,11.8,48,0.79,775.0165261515396,0,0,79,91,,,,,,,,
,20-00,11.6,46,0.79,730.1356256258148,0,0,79,91,,,,,,,,
,21-00,11.6,46,0.79,730.1356256258148,0,0,79,91,,,,,,,,
,22-00,11.6,46,0.79,730.1356256258148,0,0,78,90,,,,,,,,
,23-00,11.6,44,0.79,698.3905984246924,0,0,78,90,,,,,,,,
,24-00,11.6,42,0.79,666.64557122357,0,0,78,90,,,,,,,,
2021-09-23,01-00,11.6,50,0.81,813.7174693958585,0,0,81,81,,,,,,,,
,02-00,11.6,50,0.81,813.7174693958585,0,0,81,81,,,,,,,,
,03-00,11.6,50,0.81,813.7174693958585,0,0,81,81,,,,,,,,
,04-00,11.6,50,0.81,813.7174693958585,0,0,86,68,,,,,,,,
,05-00,11.6,50,0.81,813.7174693958585,0,0,86,68,,,,,,,,
,06-00,11.5,49,0.81,790.5686103527005,0,0,86,68,,,,,,,,
,07-00,11.4,81,0.81,1295.4943297243722,0,0,88,61,,,,,,,,
,08-00,11.4,102,0.81,1631.3632300232834,0,0,88,61,,,,,,,,
,09-00,11.4,99,0.81,1583.3819585520102,0,0,88,61,,,,,,,,
,10-00,11.3,91,0.81,1442.664954792692,0,0,80,87,,,,,,,,
,11-00,11.4,90,0.81,1439.438144138191,0,0,80,87,,,,,,,,
,12-00,11.5,88,0.81,1419.79668798036,0,0,80,87,,,,,,,,
,13-00,11.5,86,0.81,1387.528581435352,0,0,80,87,,,,,,,,
,14-00,11.5,84,0.81,1355.2604748903436,0,0,80,87,,,,,,,,
,15-00,11.5,82,0.81,1322.9923683453355,0,0,80,87,,,,,,,,
,16-00,11.7,80,0.81,1313.1716402664197,0,0,78,90,,,,,,,,
,17-00,11.8,78,0.81,1291.2854462619796,0,0,78,90,,,,,,,,
,18-00,11.2,76,0.81,1194.200534396129,0,0,78,90,,,,,,,,
,19-00,11.5,65,0.81,1048.713462712766,0,0,77,90,,,,,,,,
,20-00,11.6,63,0.81,1025.2840114387816,0,0,77,90,,,,,,,,
,21-00,11.6,57,0.81,927.6379151112787,0,0,77,90,,,,,,,,
,22-00,11.6,54,0.81,878.8148669475272,0,0,77,91,,,,,,,,
,23-00,11.7,50,0.81,820.7322751665124,0,0,77,91,,,,,,,,
,24-00,11.8,49,0.81,811.1921393184231,0,0,77,91,,,,,,,,
2021-09-24,01-00,11.7,80,0.82,1329.3836358252643,0,0,78,90,,,,,,,,
,02-00,11.5,80,0.82,1306.6591292299606,0,0,78,90,,,,,,,,
,03-00,11.5,80,0.82,1306.6591292299606,0,0,78,90,,,,,,,,
,04-00,11.5,80,0.82,1306.6591292299606,0,0,84,68,,,,,,,,
,05-00,11.5,84,0.82,1371.992085691459,0,0,84,68,,,,,,,,
,06-00,11.4,89,0.82,1441.0177744746939,0,0,84,68,,,,,,,,
,07-00,11.3,105,0.82,1685.164192207988,0,0,87,49,,,,,,,,
,08-00,11.6,107,0.82,1762.8535991306817,0,0,87,49,,,,,,,,
,09-00,11.4,105,0.82,1700.0771496611558,0,0,87,49,,,,,,,,
,10-00,11.4,104,0.82,1683.885938712002,0,0,86,61,,,,,,,,
,11-00,11.5,110,0.82,1796.656302691196,0,0,86,61,,,,,,,,
,12-00,11.4,106,0.82,1716.2683606103096,0,0,86,61,,,,,,,,
,13-00,11.5,110,0.82,1796.656302691196,0,0,82,80,,,,,,,,
,14-00,11.5,108,0.82,1763.9898244604472,0,0,82,80,,,,,,,,
,15-00,11.4,108,0.82,1748.650782508617,0,0,82,80,,,,,,,,
,16-00,11.5,108,0.82,1763.9898244604472,0,0,80,88,,,,,,,,
,17-00,11.5,112,0.82,1829.3227809219452,0,0,80,88,,,,,,,,
,18-00,11.6,109,0.82,1795.804133693872,0,0,80,88,,,,,,,,
,19-00,11.6,64,0.82,1054.4171060220901,0,0,78,90,,,,,,,,
,20-00,11.7,64,0.82,1063.5069086602116,0,0,78,90,,,,,,,,
,21-00,11.6,58,0.82,955.5655023325191,0,0,78,90,,,,,,,,
,22-00,11.7,56,0.82,930.5685450776851,0,0,77,93,,,,,,,,
,23-00,11.7,50,0.82,830.8647723907902,0,0,77,93,,,,,,,,
,24-00,11.6,50,0.82,823.7633640797579,0,0,77,93,,,,,,,,
2021-09-25,01-00,11.7,68,0.84,1157.5364829015107,0,0,79,93,,,,,,,,
,02-00,11.7,68,0.84,1157.5364829015107,0,0,79,93,,,,,,,,
,03-00,11.6,72,0.84,1215.151420964482,0,0,79,93,,,,,,,,
,04-00,11.6,72,0.84,1215.151420964482,0,0,82,77,,,,,,,,
,05-00,11.5,76,0.84,1271.6024208847668,0,0,82,77,,,,,,,,
,06-00,11.5,100,0.84,1673.1610801115353,0,0,82,77,,,,,,,,
,07-00,11.4,120,0.84,1990.3342239935482,0,0,87,55,,,,,,,,
,08-00,11.3,130,0.84,2137.281414507692,0,0,87,55,,,,,,,,
,09-00,11.3,135,0.84,2219.4845458349105,0,0,87,55,,,,,,,,
,10-00,11.2,137,0.84,2232.4333576722956,0,0,85,63,,,,,,,,
,11-00,11.2,135,0.84,2199.843089677079,0,0,85,63,,,,,,,,
,12-00,11.2,140,0.84,2281.318759665119,0,0,85,63,,,,,,,,
,13-00,11.2,140,0.84,2281.318759665119,0,0,81,86,,,,,,,,
,14-00,11.2,140,0.84,2281.318759665119,0,0,81,86,,,,,,,,
,15-00,11.3,108,0.84,1775.5876366679286,0,0,81,86,,,,,,,,
,16-00,11.3,124,0.84,2038.6376569150289,0,0,80,87,,,,,,,,
,17-00,11.3,138,0.84,2268.806424631242,0,0,80,87,,,,,,,,
,18-00,11.3,124,0.84,2038.6376569150289,0,0,80,87,,,,,,,,
,19-00,11.7,59,0.84,1004.3331248704285,0,0,79,89,,,,,,,,
,20-00,11.7,54,0.84,919.2201481864938,0,0,79,89,,,,,,,,
,21-00,11.7,50,0.84,851.1297668393461,0,0,79,89,,,,,,,,
,22-00,11.7,48,0.84,817.0845761657723,0,0,78,91,,,,,,,,
,23-00,11.7,46,0.84,783.0393854921984,0,0,78,91,,,,,,,,
,24-00,11.7,40,0.84,680.9038134714768,0,0,78,91,,,,,,,,
2021-09-26,01-00,11.6,95,0.85,1622.4119914497671,1,0,78,91,,,,,,,,
,02-00,11.6,95,0.85,1622.4119914497671,1,0,78,91,,,,,,,,
,03-00,11.6,95,0.85,1622.4119914497671,1,0,78,91,,,,,,,,
,04-00,11.6,95,0.85,1622.4119914497671,1,0,84,65,,,,,,,,
,05-00,11.6,95,0.85,1622.4119914497671,1,0,84,65,,,,,,,,
,06-00,11.3,102,0.85,1696.9074966833048,1,0,84,65,,,,,,,,
,07-00,11.2,139,0.85,2291.9881926397434,1,0,87,60,,,,,,,,
,08-00,11.2,159,0.85,2621.770666400858,1,0,87,60,,,,,,,,
,09-00,11.3,185,0.85,3077.724381239327,1,0,87,60,,,,,,,,
,10-00,11.4,164,0.85,2752.505861356157,1,0,86,61,,,,,,,,
,11-00,11.4,172,0.85,2886.774439958896,1,0,86,61,,,,,,,,
,12-00,11.4,173,0.85,2903.5580122842384,1,0,86,61,,,,,,,,
,13-00,11.5,175,0.85,2962.8894126975106,1,0,82,86,,,,,,,,
,14-00,11.5,176,0.85,2979.820209341496,1,0,82,86,,,,,,,,
,15-00,11.4,174,0.85,2920.341584609581,1,0,82,86,,,,,,,,
,16-00,11.4,184,0.85,3088.1773078630054,1,0,82,89,,,,,,,,
,17-00,11.5,164,0.85,2776.6506496136667,1,0,82,89,,,,,,,,
,18-00,11.8,128,0.85,2223.6761087892273,1,0,82,89,,,,,,,,
,19-00,11.6,63,0.85,1075.915320645635,1,0,79,90,,,,,,,,
,20-00,11.7,62,0.85,1067.965207438894,1,0,79,90,,,,,,,,
,21-00,11.7,58,0.85,999.0642263138039,1,0,79,90,,,,,,,,
,22-00,11.6,57,0.85,973.4471948698603,1,0,78,91,,,,,,,,
,23-00,11.7,50,0.85,861.262264063624,1,0,78,91,,,,,,,,
,24-00,11.7,49,0.85,844.0370187823515,1,0,78,91,,,,,,,,
2021-09-27,01-00,11.7,47,0.81,771.4883386565217,0,0,81,89,,,,,,,,
,02-00,11.7,48,0.81,787.9029841598519,0,0,81,89,,,,,,,,
,03-00,11.7,49,0.81,804.3176296631822,0,0,81,89,,,,,,,,
,04-00,11.7,49,0.81,804.3176296631822,0,0,80,85,,,,,,,,
,05-00,11.7,49,0.81,804.3176296631822,0,0,80,85,,,,,,,,
,06-00,11.7,49,0.81,804.3176296631822,0,0,80,85,,,,,,,,
,07-00,11.5,96,0.81,1548.8691141603929,0,0,79,88,,,,,,,,
,08-00,11.6,89,0.81,1448.4170955246282,0,0,79,88,,,,,,,,
,09-00,11.6,84,0.81,1367.0453485850421,0,0,79,88,,,,,,,,
,10-00,11.5,82,0.81,1322.9923683453355,0,0,77,91,,,,,,,,
,11-00,11.3,85,0.81,1347.5441885426244,0,0,77,91,,,,,,,,
,12-00,11.3,85,0.81,1347.5441885426244,0,0,77,91,,,,,,,,
,13-00,11.3,85,0.81,1347.5441885426244,0,0,77,91,,,,,,,,
,14-00,11.5,85,0.81,1371.3945281628478,0,0,77,91,,,,,,,,
,15-00,11.5,85,0.81,1371.3945281628478,0,0,77,91,,,,,,,,
,16-00,11.5,85,0.81,1371.3945281628478,0,0,77,91,,,,,,,,
,17-00,11.6,45,0.81,732.3457224562727,0,0,77,91,,,,,,,,
,18-00,11.6,51,0.81,829.9918187837758,0,0,77,91,,,,,,,,
,19-00,11.6,55,0.81,895.0892163354445,0,0,81,90,,,,,,,,
,20-00,11.6,54,0.81,878.8148669475272,0,0,81,90,,,,,,,,
,21-00,11.6,54,0.81,878.8148669475272,0,0,81,90,,,,,,,,
,22-00,11.6,48,0.81,781.1687706200241,0,0,77,91,,,,,,,,
,23-00,11.7,48,0.81,787.9029841598519,0,0,77,91,,,,,,,,
,24-00,11.7,47,0.81,771.4883386565217,0,0,77,91,,,,,,,,
2021-09-28,01-00,11.7,44,0.8,713.3278045891664,0,0,79,90,,,,,,,,
,02-00,11.7,44,0.8,713.3278045891664,0,0,79,90,,,,,,,,
,03-00,11.7,44,0.8,713.3278045891664,0,0,79,90,,,,,,,,
,04-00,11.7,44,0.8,713.3278045891664,0,0,87,71,,,,,,,,
,05-00,11.7,44,0.8,713.3278045891664,0,0,87,71,,,,,,,,
,06-00,11.7,49,0.8,794.3877823833898,0,0,87,71,,,,,,,,
,07-00,11.4,86,0.8,1358.4820893924218,0,0,89,62,,,,,,,,
,08-00,11.4,86,0.8,1358.4820893924218,0,0,89,62,,,,,,,,
,09-00,11.4,86,0.8,1358.4820893924218,0,0,89,62,,,,,,,,
,10-00,11.4,84,0.8,1326.8894826623655,0,0,84,73,,,,,,,,
,11-00,11.4,83,0.8,1311.0931792973374,0,0,84,73,,,,,,,,
,12-00,11.4,81,0.8,1279.500572567281,0,0,84,73,,,,,,,,
,13-00,11.4,79,0.8,1247.9079658372248,0,0,81,87,,,,,,,,
,14-00,11.4,77,0.8,1216.3153591071684,0,0,81,87,,,,,,,,
,15-00,11.5,77,0.8,1226.9847920817926,0,0,81,87,,,,,,,,
,16-00,11.5,74,0.8,1179.1801897928915,0,0,80,88,,,,,,,,
,17-00,11.5,75,0.8,1195.1150572225251,0,0,80,88,,,,,,,,
,18-00,11.6,74,0.8,1189.4339305736992,0,0,80,88,,,,,,,,
,19-00,11.6,63,0.8,1012.6261841370683,0,0,77,91,,,,,,,,
,20-00,11.6,58,0.8,932.2590266658725,0,0,77,91,,,,,,,,
,21-00,11.7,55,0.8,891.659755736458,0,0,77,91,,,,,,,,
,22-00,11.7,50,0.8,810.5997779422345,0,0,79,92,,,,,,,,
,23-00,11.7,48,0.8,778.1757868245451,0,0,79,92,,,,,,,,
,24-00,11.7,48,0.8,778.1757868245451,0,0,79,92,,,,,,,,
2021-09-29,01-00,11.5,74,0.79,1164.4404374204805,0,0,83,77,,,,,,,,
,02-00,11.5,74,0.79,1164.4404374204805,0,0,83,77,,,,,,,,
,03-00,11.4,74,0.79,1154.314868399433,0,0,83,77,,,,,,,,
,04-00,11.4,76,0.79,1185.5125675453635,0,0,87,58,,,,,,,,
,05-00,11.4,76,0.79,1185.5125675453635,0,0,87,58,,,,,,,,
,06-00,11.4,80,0.79,1247.9079658372248,0,0,87,58,,,,,,,,
,07-00,11.3,94,0.79,1453.4296505617326,0,0,87,54,,,,,,,,
,08-00,11.5,98,0.79,1542.0967955027984,0,0,87,54,,,,,,,,
,09-00,11.4,104,0.79,1622.2803555883922,0,0,87,54,,,,,,,,
,10-00,11.4,102,0.79,1591.0826564424615,0,0,88,53,,,,,,,,
,11-00,11.4,104,0.79,1622.2803555883922,0,0,88,53,,,,,,,,
,12-00,11.4,106,0.79,1653.4780547343228,0,0,88,53,,,,,,,,
,13-00,11.5,204,0.79,3210.0790436997027,0,0,81,87,,,,,,,,
,14-00,11.5,100,0.79,1573.568158676325,0,0,81,87,,,,,,,,
,15-00,11.6,100,0.79,1587.251360056119,0,0,81,87,,,,,,,,
,16-00,11.6,96,0.79,1523.7613056538742,0,0,81,90,,,,,,,,
,17-00,11.7,100,0.79,1600.934561435913,0,0,81,90,,,,,,,,
,18-00,11.8,100,0.79,1614.6177628157075,0,0,81,90,,,,,,,,
,19-00,11.6,63,0.79,999.9683568353549,0,0,79,91,,,,,,,,
,20-00,11.6,60,0.79,952.3508160336714,0,0,79,91,,,,,,,,
,21-00,11.6,57,0.79,904.7332752319878,0,0,79,91,,,,,,,,
,22-00,11.6,54,0.79,857.1157344303043,0,0,79,93,,,,,,,,
,23-00,11.7,48,0.79,768.4485894892383,0,0,79,93,,,,,,,,
,24-00,11.7,48,0.79,768.4485894892383,0,0,79,93,,,,,,,,
2021-09-30,01-00,11.5,77,0.83,1272.9967217848596,0,0,82,80,,,,,,,,
,02-00,11.5,77,0.83,1272.9967217848596,0,0,82,80,,,,,,,,
,03-00,11.5,77,0.83,1272.9967217848596,0,0,82,80,,,,,,,,
,04-00,11.5,79,0.83,1306.0615717013495,0,0,87,59,,,,,,,,
,05-00,11.4,79,0.83,1294.7045145561203,0,0,87,59,,,,,,,,
,06-00,11.4,81,0.83,1327.481844038554,0,0,87,59,,,,,,,,
,07-00,11.4,87,0.83,1425.8138324858542,0,0,90,49,,,,,,,,
,08-00,11.4,87,0.83,1425.8138324858542,0,0,90,49,,,,,,,,
,09-00,11.4,89,0.83,1458.5911619682877,0,0,90,49,,,,,,,,
,10-00,11.3,96,0.83,1559.510834322096,0,0,89,64,,,,,,,,
,11-00,11.3,96,0.83,1559.510834322096,0,0,89,64,,,,,,,,
,12-00,11.3,104,0.83,1689.470070515604,0,0,89,64,,,,,,,,
,13-00,11.5,108,0.83,1785.5018954904526,0,0,83,86,,,1.0,,,,,
,14-00,11.3,104,0.83,1689.470070515604,0,0,83,86,,,,,,,,
,15-00,11.3,103,0.83,1673.2251659914155,0,0,83,86,,,,,,,,
,16-00,11.3,104,0.83,1689.470070515604,0,0,83,89,,,,,,,,
,17-00,11.3,106,0.83,1721.9598795639808,0,0,83,89,,,,,,,,
,18-00,11.6,113,0.83,1884.4089248058658,0,0,83,89,,,,1.0,,,,
,19-00,11.6,63,0.83,1050.5996660422081,0,0,80,91,,,,,,,,
,20-00,11.6,60,0.83,1000.5711105163888,0,0,80,91,,,,,,,,
,21-00,11.7,57,0.83,958.7368873611778,0,0,80,91,,,,,,,,
,22-00,11.7,54,0.83,908.2770511842737,0,0,81,92,,,,,,,,
,23-00,11.7,49,0.83,824.1773242227669,0,0,81,92,,,,,,,,
,24-00,11.7,49,0.83,824.1773242227669,0,0,81,92,,,,,,,,
2021-10-01,01-00,11.7,78,0.85,1343.5691319392533,0,0,83,90,,,,,,,,
,02-00,11.7,78,0.85,1343.5691319392533,0,0,83,90,,,,,,,,
,03-00,11.7,78,0.85,1343.5691319392533,0,0,83,90,,,,,,,,
,04-00,11.7,78,0.85,1343.5691319392533,0,0,87,64,,,,,,,,
,05-00,11.6,78,0.85,1332.085635085072,0,0,87,64,,,,,,,,
,06-00,11.4,82,0.85,1376.2529306780784,0,0,87,64,,,,,,,,
,07-00,11.2,113,0.85,1863.2709767502952,0,0,88,68,,,,,,,,
,08-00,11.2,123,0.85,2028.1622136308522,0,0,88,68,,,,,,,,
,09-00,11.2,124,0.85,2044.651337318908,0,0,88,68,,,,,,,,
,10-00,11.2,129,0.85,2127.0969557591866,0,0,84,80,,,,,,,,
,11-00,11.2,112,0.85,1846.7818530622392,0,0,84,80,,,,,,,,
,12-00,11.2,126,0.85,2077.6295846950197,0,0,84,80,,,,,,,,
,13-00,11.2,127,0.85,2094.118708383075,0,0,81,90,,,,,,,,
,14-00,11.2,139,0.85,2291.9881926397434,0,0,81,90,,,,,,,,
,15-00,11.2,134,0.85,2209.542574199465,0,0,81,90,,,,,,,,
,16-00,11.3,128,0.85,2129.4525448574805,0,0,81,90,,,,,,,,
,17-00,11.4,114,0.85,1913.3272450890356,0,0,81,90,,,,,,,,
,18-00,11.6,92,0.85,1571.1779285618798,0,0,81,90,,,,,,,,
,19-00,11.7,63,0.85,1085.1904527201664,0,0,82,90,,,,,,,,
,20-00,11.6,61,0.85,1041.7592787203769,0,0,82,90,,,,,,,,
,21-00,11.6,59,0.85,1007.6032367951184,0,0,82,90,,,,,,,,
,22-00,11.7,55,0.85,947.3884904699866,0,0,78,91,,,,,,,,
,23-00,11.7,49,0.85,844.0370187823515,0,0,78,91,,,,,,,,
,24-00,11.7,48,0.85,826.8117735010791,0,0,78,91,,,,,,,,
2021-10-02,01-00,11.7,45,0.84,766.0167901554115,0,0,81,91,,,,,,,,
,02-00,11.7,70,0.84,1191.5816735750846,0,0,81,91,,,,,,,,
,03-00,11.6,70,0.84,1181.3972148265796,0,0,81,91,,,,,,,,
,04-00,11.5,70,0.84,1171.2127560780746,0,0,86,72,,,,,,,,
,05-00,11.5,70,0.84,1171.2127560780746,0,0,86,72,,,,,,,,
,06-00,11.3,72,0.84,1183.7250911119522,0,0,86,72,,,,,,,,
,07-00,11.2,107,0.84,1743.5793377440555,0,0,89,59,,,,,,,,
,08-00,11.1,113,0.84,1824.9095154642596,0,0,89,59,,,,,,,,
,09-00,11.4,122,0.84,2023.5064610601073,0,0,89,59,,,,,,,,
,10-00,11.4,122,0.84,2023.5064610601073,0,0,88,62,,,,,,,,
,11-00,11.4,130,0.84,2156.195409326344,0,0,88,62,,,,,,,,
,12-00,11.4,142,0.84,2355.228831725699,0,0,88,62,,,,,,,,
,13-00,11.4,141,0.84,2338.6427131924193,0,0,82,87,,,,,,,,
,14-00,11.4,139,0.84,2305.47047612586,0,0,82,87,,,,,,,,
,15-00,11.4,136,0.84,2255.712120526021,0,0,82,87,,,,,,,,
,16-00,11.4,136,0.84,2255.712120526021,0,0,80,90,,,,,,,,
,17-00,11.4,141,0.84,2338.6427131924193,0,0,80,90,,,,,,,,
,18-00,11.8,139,0.84,2386.3641770425565,0,0,80,90,,,,,,,,
,19-00,11.7,43,0.84,731.9715994818376,0,0,80,92,,,,,,,,
,20-00,11.7,60,0.84,1021.3557202072153,0,0,80,92,,,,,,,,
,21-00,11.7,60,0.84,1021.3557202072153,0,0,80,92,,,,,,,,
,22-00,11.7,57,0.84,970.2879341968546,0,0,78,91,,,,,,,,
,23-00,11.7,53,0.84,902.197552849707,0,0,78,91,,,,,,,,
,24-00,11.7,49,0.84,834.1071715025591,0,0,78,91,,,,,,,,
2021-10-03,01-00,11.6,82,0.83,1367.4471843723982,1,0,82,91,,,,,,,,
,02-00,11.6,82,0.83,1367.4471843723982,1,0,82,91,,,,,,,,
,03-00,11.5,82,0.83,1355.6588465760842,1,0,82,91,,,,,,,,
,04-00,11.4,82,0.83,1343.8705087797707,1,0,83,86,,,,,,,,
,05-00,11.3,83,0.83,1348.3270755076455,1,0,83,86,,,,,,,,
,06-00,11.2,103,0.83,1658.4178636375088,1,0,83,86,,,,,,,,
,07-00,11.4,129,0.83,2114.1377516169564,1,0,83,83,,,,,,,,
,08-00,11.3,139,0.83,2258.0417288622016,1,0,83,83,,,,,,,,
,09-00,11.4,165,0.83,2704.1296823007583,1,0,83,83,,,,,,,,
,10-00,11.4,168,0.83,2753.2956765244085,1,0,87,70,,,,,,,,
,11-00,11.4,194,0.83,3179.4009597960426,1,0,87,70,,,,,,,,
,12-00,11.5,190,0.83,3141.1607420665373,1,0,87,70,,,,,,,,
,13-00,11.5,190,0.83,3141.1607420665373,1,0,82,90,,,,,,,,
,14-00,11.5,190,0.83,3141.1607420665373,1,0,82,90,,,,,,,,
,15-00,11.5,190,0.83,3141.1607420665373,1,0,82,90,,,,,,,,
,16-00,11.5,190,0.83,3141.1607420665373,1,0,80,90,,,,,,,,
,17-00,11.5,190,0.83,3141.1607420665373,1,0,80,90,,,,,,,,
,18-00,11.8,155,0.83,2629.374369446085,1,0,80,90,,,,,,,,
,19-00,11.6,61,0.83,1017.247295691662,1,0,80,91,,,,,,,,
,20-00,11.6,61,0.83,1017.247295691662,1,0,80,91,,,,,,,,
,21-00,11.6,58,0.83,967.2187401658426,1,0,80,91,,,,,,,,
,22-00,11.6,56,0.83,933.8663698152963,1,0,78,91,,,,,,,,
,23-00,11.6,52,0.83,867.1616291142036,1,0,78,91,,,,,,,,
,24-00,11.6,50,0.83,833.8092587636573,1,0,78,91,,,,,,,,
2021-10-04,01-00,11.3,95,0.84,1561.8594952171593,0,0,81,87,,,,,,,,
,02-00,11.3,95,0.84,1561.8594952171593,0,0,81,87,,,,,,,,
,03-00,11.3,105,0.84,1726.2657578715973,0,0,81,87,,,,,,,,
,04-00,11.3,107,0.84,1759.1470104024847,0,0,89,65,,,,,,,,
,05-00,11.3,107,0.84,1759.1470104024847,0,0,89,65,,,,,,,,
,06-00,11.2,120,0.84,1955.4160797129593,0,0,89,65,,,,,,,,
,07-00,11.6,115,0.84,1940.8668529293807,0,0,91,48,,,,,,,,
,08-00,11.4,145,0.84,2404.9871873255374,0,0,91,48,,,,,,,,
,09-00,11.2,160,0.84,2607.221439617279,0,0,91,48,,,,,,,,
,10-00,11.5,178,0.84,2978.226722598533,0,0,88,63,,,,,,,,
,11-00,11.5,189,0.84,3162.2744414108015,0,0,88,63,,,,,,,,
,12-00,11.2,189,0.84,3079.7803255479107,0,0,88,63,,,,,,,,
,13-00,11.4,189,0.84,3134.7764027898384,0,0,82,80,,,,,,,,
,14-00,11.4,184,0.84,3051.8458101234405,0,0,82,80,,,,,,,,
,15-00,11.4,184,0.84,3051.8458101234405,0,0,82,80,,,,,,,,
,16-00,11.4,184,0.84,3051.8458101234405,0,0,80,90,,,,,,,,
,17-00,11.6,184,0.84,3105.3869646870094,0,0,80,90,,,,,,,,
,18-00,11.6,165,0.84,2784.7220063769378,0,0,80,90,,,,,,,,
,19-00,11.6,62,0.84,1046.3803902749705,0,0,79,91,,,,,,,,
,20-00,11.6,59,0.84,995.749081068117,0,0,79,91,,,,,,,,
,21-00,11.7,57,0.84,970.2879341968546,0,0,79,91,,,,,,,,
,22-00,11.6,54,0.84,911.3635657233615,0,0,79,90,,,,,,,,
,23-00,11.6,52,0.84,877.6093595854591,0,0,79,90,,,,,,,,
,24-00,11.6,49,0.84,826.9780503786056,0,0,79,90,,,,,,,,
2021-10-05,01-00,11.4,110,0.845,1835.3329972242093,0,0,82,81,,,,,,,,
,02-00,11.4,110,0.845,1835.3329972242093,0,0,82,81,,,,,,,,
,03-00,11.4,110,0.845,1835.3329972242093,0,0,82,81,,,,,,,,
,04-00,11.4,110,0.845,1835.3329972242093,0,0,87,70,,,,,,,,
,05-00,11.2,110,0.845,1803.1341727115037,0,0,87,70,,,,,,,,
,06-00,11.0,150,0.845,2414.911838452907,0,0,87,70,,,,,,,,
,07-00,11.4,190,0.845,3170.120631569089,0,0,90,56,,,,,,,,
,08-00,11.6,135,0.845,2291.970872131668,0,0,90,56,,,,,,,,
,09-00,11.7,119,0.845,2037.7465167745343,0,0,90,56,,,,,,,,
,10-00,11.7,124,0.845,2123.366118319683,0,0,88,59,,,,,,,,
,11-00,11.7,189,0.845,3236.4209384066135,0,0,88,59,,,,,,,,
,12-00,11.5,190,0.845,3197.9287072846073,0,0,88,59,,,,,,,,
,13-00,11.6,178,0.845,3022.0060388106435,0,0,83,80,,,,,,,,
,14-00,11.6,168,0.845,2852.230418652742,0,0,83,80,,,,,,,,
,15-00,11.4,174,0.845,2903.163104700113,0,0,83,80,,,,,,,,
,16-00,11.6,181,0.845,3072.9387248580138,0,0,80,79,,,,,,,,
,17-00,11.5,153,0.845,2575.174169550236,0,0,80,79,,,,,,,,
,18-00,11.5,126,0.845,2120.731669041371,0,0,80,79,,,,,,,,
,19-00,11.6,64,0.845,1086.5639690105684,0,0,79,90,,,,,,,,
,20-00,11.6,64,0.845,1086.5639690105684,0,0,79,90,,,,,,,,
,21-00,11.6,68,0.845,1154.474217073729,0,0,79,90,,,,,,,,
,22-00,11.7,56,0.845,958.9395373056633,0,0,77,91,,,,,,,,
,23-00,11.7,51,0.845,873.3199357605149,0,0,77,91,,,,,,,,
,24-00,11.7,50,0.845,856.1960154514851,0,0,77,91,,,,,,,,
2021-10-06,01-00,11.7,50,0.84,851.1297668393461,0,0,83,80,,,,,,,,
,02-00,11.7,81,0.84,1378.8302222797408,0,0,83,80,,,,,,,,
,03-00,11.6,89,0.84,1502.0621731366512,0,0,83,80,,,,,,,,
,04-00,11.5,93,0.84,1556.0398045037277,0,0,91,53,,,,,,,,
,05-00,11.4,98,0.84,1625.4396162613975,0,0,91,53,,,,,,,,
,06-00,11.4,141,0.84,2338.6427131924193,0,0,91,53,,,,,,,,
,07-00,11.6,158,0.84,2666.58228489428,0,0,91,49,,,,,,,,
,08-00,11.4,205,0.84,3400.1542993223115,0,0,91,49,,,,,,,,
,09-00,11.3,192,0.84,3156.6002429652062,0,0,91,49,,,,,,,,
,10-00,11.5,180,0.84,3011.6899442007634,0,0,90,62,,,,,,,,
,11-00,11.7,191,0.84,3251.315709326302,0,0,90,62,,,1.0,,,,,
,12-00,11.6,191,0.84,3223.5266861696673,0,0,90,62,,,,,,,,
,13-00,11.6,185,0.84,3122.2640677559602,0,0,82,86,,,,,,,,
,14-00,11.6,185,0.84,3122.2640677559602,0,0,82,86,,,,,,,,
,15-00,11.6,185,0.84,3122.2640677559602,0,0,82,86,,,,,,,,
,16-00,11.6,205,0.84,3459.806129134983,0,0,81,90,,,,,,,,
,17-00,11.6,205,0.84,3459.806129134983,0,0,81,90,,,,,,,,
,18-00,11.8,171,0.84,2935.7429803904834,0,0,81,90,,,,,,,,
,19-00,11.6,60,0.84,1012.6261841370682,0,0,79,88,,,,,,,,
,20-00,11.6,60,0.84,1012.6261841370682,0,0,79,88,,,,,,,,
,21-00,11.6,57,0.84,961.9948749302148,0,0,79,88,,,,,,,,
,22-00,11.6,55,0.84,928.2406687923126,0,0,79,90,,,,,,,,
,23-00,11.6,52,0.84,877.6093595854591,0,0,79,90,,,,,,,,
,24-00,11.6,50,0.84,843.8551534475569,0,0,79,90,,,,,,,,
2021-10-07,01-00,11.5,135,0.856,2301.7916002105835,0,0,83,83,,,,,,,,
,02-00,11.5,135,0.856,2301.7916002105835,0,0,83,83,,,,,,,,
,03-00,11.5,135,0.856,2301.7916002105835,0,0,83,83,,,,,,,,
,04-00,11.5,135,0.856,2301.7916002105835,0,0,88,61,,,,,,,,
,05-00,11.5,140,0.856,2387.0431409591233,0,0,88,61,,,,,,,,
,06-00,11.3,153,0.856,2563.328500872192,0,0,88,61,,,,,,,,
,07-00,11.6,187,0.856,3216.132907682317,0,0,90,51,,,,,,,,
,08-00,11.3,210,0.856,3518.29402080497,0,0,90,51,,,,,,,,
,09-00,11.3,220,0.856,3685.831831319492,0,0,90,51,,,,,,,,
,10-00,11.2,217,0.856,3603.397298004381,0,0,88,59,,,,,,,,
,11-00,11.4,204,0.856,3448.0170985183468,0,0,88,59,,,,,,,,
,12-00,11.3,173,0.856,2898.404121901237,0,0,88,59,,,,,,,,
,13-00,11.3,184,0.856,3082.6957134672116,0,0,83,84,,,,,,,,
,14-00,11.3,175,0.856,2931.9116840041415,0,0,83,84,,,,,,,,
,15-00,11.4,184,0.856,3109.9762065067443,0,0,83,84,,,,,,,,
,16-00,11.3,185,0.856,3099.449494518664,0,0,82,87,,,,,,,,
,17-00,11.7,179,0.856,3105.083509385523,0,0,82,87,,,,,,,,
,18-00,11.6,153,0.856,2631.381469921896,0,0,82,87,,,,,,,,
,19-00,11.6,62,0.856,1066.3114453278272,0,0,80,90,,,,,,,,
,20-00,11.6,62,0.856,1066.3114453278272,0,0,80,90,,,,,,,,
,21-00,11.6,57,0.856,980.3185868336475,0,0,80,90,,,,,,,,
,22-00,11.6,55,0.856,945.9214434359758,0,0,79,92,,,,,,,,
,23-00,11.8,50,0.856,874.7549398545857,0,0,79,92,,,,,,,,
,24-00,11.7,50,0.856,867.3417623981908,0,0,79,92,,,,,,,,
2021-10-08,01-00,11.5,85,0.88,1489.9101046707483,0,0,83,87,,,,,,,,
,02-00,11.5,95,0.88,1665.1936463967186,0,0,83,87,,,,,,,,
,03-00,11.4,105,0.88,1824.4730386607525,0,0,83,87,,,,,,,,
,04-00,11.4,105,0.88,1824.4730386607525,0,0,87,64,,,,,,,,
,05-00,11.4,120,0.88,2085.1120441837174,0,0,87,64,,,,,,,,
,06-00,11.4,140,0.88,2432.630718214337,0,0,87,64,,,,,,,,
,07-00,11.4,171,0.88,2971.284662961797,0,0,92,39,,,,,,,,
,08-00,11.5,190,0.88,3330.387292793437,0,0,92,39,,,,,,,,
,09-00,11.3,209,0.88,3599.7142651671675,0,0,92,39,,,,,,,,
,10-00,11.2,224,0.88,3823.9247781053427,0,0,89,61,,,,,,,,
,11-00,11.5,229,0.88,4013.993105524721,0,0,89,61,,,,,,,,
,12-00,11.4,224,0.88,3892.2091491429387,0,0,89,61,,,,,,,,
,13-00,11.4,184,0.88,3197.1718010817,0,0,84,79,,,,,,,,
,14-00,11.4,184,0.88,3197.1718010817,0,0,84,79,,,,,,,,
,15-00,11.6,199,0.88,3518.4741540889563,0,0,84,79,,,,,,,,
,16-00,11.6,199,0.88,3518.4741540889563,0,0,82,89,,,,,,,,
,17-00,11.8,164,0.88,2949.640956070416,0,0,82,89,,,,,,,,
,18-00,11.7,164,0.88,2924.643998815582,0,0,82,89,,,,,,,,
,19-00,11.6,62,0.88,1096.2080279071122,0,0,81,90,,,,,,,,
,20-00,11.6,62,0.88,1096.2080279071122,0,0,81,90,,,,,,,,
,21-00,11.6,59,0.88,1043.1657039761226,0,0,81,90,,,,,,,,
,22-00,11.6,56,0.88,990.1233800451333,0,0,80,92,,,,,,,,
,23-00,11.6,52,0.88,919.400281470481,0,0,80,92,,,,,,,,
,24-00,11.6,50,0.88,884.0387321831548,0,0,80,92,,,,,,,,
2021-10-09,01-00,11.3,110,0.96,2066.8215876557897,0,0,83,78,,,,,,,,
,02-00,11.3,110,0.96,2066.8215876557897,0,0,83,78,,,,,,,,
,03-00,11.3,110,0.96,2066.8215876557897,0,0,83,78,,,,,,,,
,04-00,11.3,110,0.96,2066.8215876557897,0,0,88,64,,,,,,,,
,05-00,11.4,120,0.96,2274.667684564055,0,0,88,64,,,,,,,,
,06-00,11.3,135,0.96,2536.553766668469,0,0,88,64,,,,,,,,
,07-00,11.7,164,0.96,3190.520725980635,0,0,83,75,,,,,,,,
,08-00,11.6,185,0.96,3568.3017917210973,0,0,83,75,,,,,,,,
,09-00,11.7,195,0.96,3793.6069607696572,0,0,83,75,,,,,,,,
,10-00,11.4,204,0.96,3866.9350637588936,0,0,83,76,,,,,,,,
,11-00,11.6,207,0.96,3992.640383169012,0,0,83,76,,,,,,,,
,12-00,11.8,184,0.96,3610.2035648578044,0,0,83,76,,,,,,,,
,13-00,11.8,184,0.96,3610.2035648578044,0,0,81,87,,,,,,,,
,14-00,11.8,174,0.96,3413.9968493764018,0,0,81,87,,,,,,,,
,15-00,11.8,169,0.96,3315.8934916357007,0,0,81,87,,,,,,,,
,16-00,11.8,164,0.96,3217.790133894999,0,0,80,89,,,,,,,,
,17-00,12.0,154,0.96,3072.796696691794,0,0,80,89,,,,,,,,
,18-00,11.5,155,0.96,2963.8853419118623,0,0,80,89,,,,,,,,
,19-00,11.6,63,0.96,1215.1514209644818,0,0,81,92,,,,,,,,
,20-00,11.6,61,0.96,1176.5751853783079,0,0,81,92,,,,,,,,
,21-00,11.6,58,0.96,1118.7108319990468,0,0,81,92,,,,,,,,
,22-00,11.6,55,0.96,1060.8464786197858,0,0,77,91,,,,,,,,
,23-00,11.5,53,0.96,1013.4575685247014,0,0,77,91,,,,,,,,
,24-00,11.5,50,0.96,956.0920457780202,0,0,77,91,,,,,,,,
2021-10-10,01-00,11.5,83,0.965,1595.3790084706359,1,0,82,80,,,,,,,,
,02-00,11.5,85,0.965,1633.8218761446271,1,0,82,80,,,,,,,,
,03-00,11.5,85,0.965,1633.8218761446271,1,0,82,80,,,,,,,,
,04-00,11.5,85,0.965,1633.8218761446271,1,0,89,56,,,,,,,,
,05-00,11.4,96,0.965,1829.2119296702608,1,0,89,56,,,,,,,,
,06-00,11.3,104,0.965,1964.2633952380215,1,0,89,56,,,,,,,,
,07-00,11.2,138,0.965,2583.3607076922103,1,0,93,40,,,,,,,,
,08-00,11.6,162,0.965,3140.9494318680136,1,0,93,40,,,,,,,,
,09-00,11.6,166,0.965,3218.503738827718,1,0,93,40,,,,,,,,
,10-00,11.6,113,0.965,2190.909171611639,1,0,87,52,1.0,,,,,,,
,11-00,11.5,131,0.965,2518.0078326464254,1,0,87,52,1.0,,,,,,,
,12-00,11.5,186,0.965,3575.1866936811844,1,0,87,52,,,,,,,,
,13-00,11.6,184,0.965,3567.4981201463856,1,0,79,73,,,,,,,,
,14-00,11.6,178,0.965,3451.1666597068297,1,0,79,73,,,,,,,,
,15-00,11.6,190,0.965,3683.8295805859416,1,0,79,73,,,,,,,,
,16-00,11.4,167,0.965,3182.0665859888913,1,0,77,88,,,,,,,,
,17-00,11.5,144,0.965,2767.8864725273684,1,0,77,88,,,,,,,,
,18-00,11.6,143,0.965,2772.566473809419,1,0,77,88,,,,,,,,
,19-00,11.6,60,0.965,1163.3146043955605,1,0,80,92,,,,,,,,
,20-00,11.6,58,0.965,1124.5374509157086,1,0,80,92,,,,,,,,
,21-00,11.6,54,0.965,1046.9831439560046,1,0,80,92,,,,,,,,
,22-00,11.6,52,0.965,1008.2059904761524,1,0,75,90,,,,,,,,
,23-00,11.6,48,0.965,930.6516835164484,1,0,75,90,,,,,,,,
,24-00,11.6,48,0.965,930.6516835164484,1,0,75,90,,,,,,,,
2021-10-11,01-00,11.5,50,0.96,956.0920457780202,0,0,78,85,,,,,,,,
,02-00,11.5,85,0.96,1625.3564778226344,0,0,78,85,,,,,,,,
,03-00,11.5,110,0.96,2103.4025007116443,0,0,78,85,,,,,,,,
,04-00,11.4,111,0.96,2104.0676082217506,0,0,87,47,,,,,,,,
,05-00,11.4,110,0.96,2085.112044183717,0,0,87,47,,,,,,,,
,06-00,11.3,151,0.96,2837.182361236584,0,0,87,47,,,,,,,,
,07-00,11.4,164,0.96,3108.712502237542,0,0,91,30,,,,,,,,
,08-00,11.2,184,0.96,3426.6338920684243,0,0,91,30,,,,,,,,
,09-00,11.5,179,0.96,3422.809523885312,0,0,91,30,,,,,,,,
,10-00,11.5,200,0.96,3824.3681831120807,0,0,87,47,,,,,,,,
,11-00,11.5,212,0.96,4053.8302740988056,0,0,87,47,,,,,,,,
,12-00,11.5,217,0.96,4149.439478676607,0,0,87,47,,,,,,,,
,13-00,11.7,209,0.96,4065.9684861582477,0,0,79,72,,,,,,,,
,14-00,11.7,189,0.96,3676.880592745975,0,0,79,72,,,,,1.0,,,
,15-00,11.6,199,0.96,3838.335440824316,0,0,79,72,,,,,,,,
,16-00,11.5,214,0.96,4092.0739559299263,0,0,77,83,,,,,,,,
,17-00,11.6,219,0.96,4224.0977966860555,0,0,77,83,,,,,,,,
,18-00,11.6,214,0.96,4127.657207720621,0,0,77,83,,,,,,,,
,19-00,11.8,62,0.96,1216.4816359846948,0,0,77,90,,,,,,,,
,20-00,11.8,62,0.96,1216.4816359846948,0,0,77,90,,,,,,,,
,21-00,11.8,57,0.96,1118.3782782439937,0,0,77,90,,,,,,,,
,22-00,11.8,54,0.96,1059.516263599573,0,0,75,90,,,,,,,,
,23-00,11.8,52,0.96,1020.2749205032926,0,0,75,90,,,,,,,,
,24-00,11.8,50,0.96,981.033577407012,0,0,75,90,,,,,,,,
2021-10-12,01-00,11.5,120,0.96,2294.620909867248,0,0,81,78,,,,,,,,
,02-00,11.5,120,0.96,2294.620909867248,0,0,81,78,,,,,,,,
,03-00,11.5,120,0.96,2294.620909867248,0,0,81,78,,,,,,,,
,04-00,11.5,120,0.96,2294.620909867248,0,0,89,48,,,,,,,,
,05-00,11.4,130,0.96,2464.223324944393,0,0,89,48,,,,,,,,
,06-00,11.3,135,0.96,2536.553766668469,0,0,89,48,,,,,,,,
,07-00,11.6,172,0.96,3317.5562604109664,0,0,91,39,,,,,,,,
,08-00,11.5,195,0.96,3728.758978534279,0,0,91,39,,,,,,,,
,09-00,11.5,215,0.96,4111.195796845487,0,0,91,39,,,,,,,,
,10-00,11.5,215,0.96,4111.195796845487,0,0,87,52,,,,,,,,
,11-00,11.5,214,0.96,4092.0739559299263,0,0,87,52,,,,,,,,
,12-00,11.5,209,0.96,3996.464751352124,0,0,87,52,,,,,,,,
,13-00,11.5,199,0.96,3805.24634219652,0,0,80,78,,,,,,,,
,14-00,11.6,197,0.96,3799.759205238142,0,0,80,78,,,,,,,,
,15-00,11.7,194,0.96,3774.1525660990433,0,0,80,78,,,,,,,,
,16-00,11.6,154,0.96,2970.3701401354,0,0,78,83,,,,,,,,
,17-00,11.6,169,0.96,3259.6919070317053,0,0,78,83,,,,,,,,
,18-00,11.0,159,0.96,2908.182587940448,0,0,78,83,,,,,,,,
,19-00,11.8,63,0.96,1236.1023075328353,0,0,76,88,,,,,,,,
,20-00,11.7,61,0.96,1186.7180749074312,0,0,76,88,,,,,,,,
,21-00,11.7,59,0.96,1147.809285566204,0,0,76,88,,,,,,,,
,22-00,11.6,81,0.96,1562.337541240048,0,0,76,90,,,,,,,,
,23-00,11.6,78,0.96,1504.473187860787,0,0,76,90,,,,,,,,
,24-00,11.6,75,0.96,1446.6088344815262,0,0,76,90,,,,,,,,
2021-10-13,01-00,11.5,125,0.962,2395.2097605168105,0,0,81,86,,,,,,,,
,02-00,11.5,125,0.962,2395.2097605168105,0,0,81,86,,,,,,,,
,03-00,11.4,125,0.962,2374.3818495557953,0,0,81,86,,,,,,,,
,04-00,11.4,130,0.962,2469.357123538027,0,0,90,48,,,,,,,,
,05-00,11.4,140,0.962,2659.307671502491,0,0,90,48,,,,,,,,
,06-00,11.2,145,0.962,2705.9621920551654,0,0,90,48,,,,,,,,
,07-00,11.8,175,0.962,3440.7708907598017,0,0,92,42,,,,,,,,
,08-00,11.8,190,0.962,3735.6941099677842,0,0,92,42,,,,,,,,
,09-00,11.7,195,0.962,3801.510308604594,0,0,92,42,,,,,,,,
,10-00,11.7,200,0.962,3898.9849319021473,0,0,84,60,,,,,,,,
,11-00,11.8,192,0.962,3775.017205862182,0,0,84,60,,,,,,,,
,12-00,11.8,190,0.962,3735.6941099677842,0,0,84,60,,,,,,,,
,13-00,11.6,138,0.962,2667.3055893115206,0,0,79,82,,,,,,,,
,14-00,11.6,174,0.962,3363.124438697135,0,0,79,82,,,,,,,,
,15-00,11.6,174,0.962,3363.124438697135,0,0,79,82,,,,,,,,
,16-00,11.6,189,0.962,3653.048959274474,0,0,77,88,,,,,,,,
,17-00,11.6,186,0.962,3595.064055159006,0,0,77,88,,,,,,,,
,18-00,11.5,63,0.962,1207.1857193004728,0,0,77,88,,,,,,,,
,19-00,11.6,62,0.962,1198.354685053002,0,0,77,88,,,,,,,,
,20-00,11.6,60,0.962,1159.6980823093568,0,0,77,88,,,,,,,,
,21-00,11.7,57,0.962,1111.2107055921122,0,0,77,88,,,,,,,,
,22-00,11.7,53,0.962,1033.2310069540692,0,0,75,91,,,,,,,,
,23-00,11.7,51,0.962,994.2411576350477,0,0,75,91,,,,,,,,
,24-00,11.6,50,0.962,966.4150685911306,0,0,75,91,,,,,,,,
2021-10-14,01-00,11.5,50,0.96,956.0920457780202,0,0,81,81,,,,,,,,
,02-00,11.4,80,0.96,1516.4451230427035,0,0,81,81,,,,,,,,
,03-00,11.4,83,0.96,1573.3118151568046,0,0,81,81,,,,,,,,
,04-00,11.3,83,0.96,1559.510834322096,0,0,90,52,,,,,,,,
,05-00,11.3,85,0.96,1597.0894086431103,0,0,90,52,,,,,,,,
,06-00,11.6,111,0.96,2140.9810750326587,0,0,90,52,,,,,,,,
,07-00,11.5,138,0.96,2638.8140463473355,0,0,91,39,,,,,,,,
,08-00,11.2,163,0.96,3035.550676125832,0,0,91,39,,,,,,,,
,09-00,11.5,188,0.96,3594.906092125356,0,0,91,39,,,,,,,,
,10-00,11.4,200,0.96,3791.112807606758,0,0,88,47,,,,,,,,
,11-00,11.3,207,0.96,3889.3824422249863,0,0,88,47,,,,,,,,
,12-00,11.3,207,0.96,3889.3824422249863,0,0,88,47,,,,,,,,
,13-00,11.5,207,0.96,3958.2210695210033,0,0,80,76,,,,,,,,
,14-00,11.6,197,0.96,3799.759205238142,0,0,80,76,,,,,,,,
,15-00,11.5,190,0.96,3633.1497739564766,0,0,80,76,,,,,,,,
,16-00,11.5,187,0.96,3575.7842512097955,0,0,77,82,,1.0,,,,,,
,17-00,11.5,180,0.96,3441.931364800873,0,0,77,82,,1.0,,,,,,
,18-00,11.8,156,0.96,3060.8247615098776,0,0,77,82,,,,,,,,
,19-00,11.5,62,0.96,1185.554136764745,0,0,76,90,,,,,,,,
,20-00,11.5,62,0.96,1185.554136764745,0,0,76,90,,,,,,,,
,21-00,11.5,59,0.96,1128.1886140180638,0,0,76,90,,,,,,,,
,22-00,11.5,56,0.96,1070.8230912713825,0,0,75,91,,,,,,,,
,23-00,11.5,54,0.96,1032.5794094402618,0,0,75,91,,,,,,,,
,24-00,11.5,50,0.96,956.0920457780202,0,0,75,91,,,,,,,,
2021-10-15,01-00,11.4,120,0.96,2274.667684564055,0,0,81,81,,,,,,,,
,02-00,11.4,120,0.96,2274.667684564055,0,0,81,81,,,,,,,,
,03-00,11.4,120,0.96,2274.667684564055,0,0,81,81,,,,,,,,
,04-00,11.3,120,0.96,2254.7144592608615,0,0,90,52,,,,,,,,
,05-00,11.3,120,0.96,2254.7144592608615,0,0,90,52,,,,,,,,
,06-00,11.3,133,0.96,2498.9751923474546,0,0,90,52,,,,,,,,
,07-00,11.8,155,0.96,3041.2040899617373,0,0,91,39,,,,,,,,
,08-00,11.6,155,0.96,2989.6582579284873,0,0,91,39,,,,,,,,
,09-00,11.5,166,0.96,3174.225591983027,0,0,91,39,,,,,,,,
,10-00,11.6,166,0.96,3201.8275536524443,0,0,88,47,,,,,,,,
,11-00,11.7,165,0.96,3209.9751206512483,0,0,88,47,,,,,,,,
,12-00,11.7,150,0.96,2918.159200592044,0,0,88,47,,,,,,,,
,13-00,11.7,148,0.96,2879.2504112508163,0,0,80,76,,,,,,,,
,14-00,11.8,149,0.96,2923.480060672896,0,0,80,76,,,,,,,,
,15-00,11.8,164,0.96,3217.790133894999,0,0,80,76,,,,,,,,
,16-00,11.8,161,0.96,3158.9281192505787,0,0,77,82,,,,,,,,
,17-00,11.6,134,0.96,2584.60778427366,0,0,77,82,,,,,,,,
,18-00,11.9,121,0.96,2394.220759505689,0,0,77,82,,,,,,,,
,19-00,11.5,62,0.96,1185.554136764745,0,0,76,90,,,,,,,,
,20-00,11.5,60,0.96,1147.310454933624,0,0,76,90,,,,,,,,
,21-00,11.6,58,0.96,1118.7108319990468,0,0,76,90,,,,,,,,
,22-00,11.6,56,0.96,1080.1345964128727,0,0,79,92,,,,,,,,
,23-00,11.6,53,0.96,1022.2702430336117,0,0,79,92,,,,,,,,
,24-00,11.6,49,0.96,945.1177718612637,0,0,79,92,,,,,,,,
2021-10-16,01-00,11.7,115,0.92,2144.03641265721,0,0,81,94,,,,,,,,
,02-00,11.7,115,0.92,2144.03641265721,0,0,81,94,,,,,,,,
,03-00,11.6,95,0.92,1756.0223907456302,0,0,81,94,,,,,,,,
,04-00,11.5,73,0.92,1337.7321207177467,0,0,82,80,,,,,,,,
,05-00,11.5,74,0.92,1356.0572182618253,0,0,82,80,,,,,,,,
,06-00,11.5,75,0.92,1374.382315805904,0,0,82,80,,,,,,,,
,07-00,11.6,100,0.92,1848.4446218375058,0,0,85,72,,,,,,,,
,08-00,11.5,101,0.92,1850.834851951951,0,0,85,72,,,,,,,,
,09-00,11.4,104,0.92,1889.2378824573682,0,0,85,72,,,,,,,,
,10-00,11.6,100,0.92,1848.4446218375058,0,0,82,84,,,,,,,,
,11-00,11.6,100,0.92,1848.4446218375058,0,0,82,84,,,,,,,,
,12-00,11.8,97,0.92,1823.90492599587,0,0,82,84,,,,,,,,
,13-00,11.9,97,0.92,1839.3617474026146,0,0,79,88,,,,,,,,
,14-00,11.9,97,0.92,1839.3617474026146,0,0,79,88,,,,,,,,
,15-00,11.9,97,0.92,1839.3617474026146,0,0,79,88,,,,,,,,
,16-00,11.9,100,0.92,1896.249224126407,0,0,78,90,,,,,,,,
,17-00,11.8,100,0.92,1880.314356696773,0,0,78,90,,,,,,,,
,18-00,11.6,62,0.92,1146.0356655392536,0,0,78,90,,,,,,,,
,19-00,11.5,62,0.92,1136.1560477328806,0,0,80,92,,,1.0,,,,,
,20-00,11.5,60,0.92,1099.505852644723,0,0,80,92,,,1.0,,,,,
,21-00,11.5,57,0.92,1044.530560012487,0,0,80,92,,,,,,,,
,22-00,11.5,53,0.92,971.2301698361723,0,0,78,90,,,,,,,,
,23-00,11.5,51,0.92,934.5799747480147,0,0,78,90,,,,,,,,
,24-00,11.5,50,0.92,916.2548772039361,0,0,78,90,,,,,,,,
2021-10-17,01-00,11.6,54,0.869,942.8273078733347,1,0,81,90,,,,,,,,
,02-00,11.6,54,0.869,942.8273078733347,1,0,81,90,,,,,,,,
,03-00,11.6,54,0.869,942.8273078733347,1,0,81,90,,,,,,,,
,04-00,11.6,54,0.869,942.8273078733347,1,0,85,73,,,,,,,,
,05-00,11.6,54,0.869,942.8273078733347,1,0,85,73,,,,,,,,
,06-00,11.6,54,0.869,942.8273078733347,1,0,85,73,,,,,,,,
,07-00,11.8,57,0.869,1012.3653372854484,1,0,88,65,,,,,,,,
,08-00,11.6,95,0.869,1658.6776712586443,1,0,88,65,,,1.0,,,,,
,09-00,11.8,100,0.869,1776.079539097278,1,0,88,65,,,1.0,,,,,
,10-00,11.8,102,0.869,1811.6011298792234,1,0,83,84,,,1.0,,,,,
,11-00,11.6,110,0.869,1920.574145667904,1,0,83,84,,,1.0,,,,,
,12-00,11.8,60,0.869,1065.647723458367,1,0,83,84,,,,,,,,
,13-00,11.8,55,0.869,976.843746503503,1,0,80,92,,,,,,,,
,14-00,11.8,53,0.869,941.3221557215574,1,0,80,92,,,,,,,,
,15-00,11.6,56,0.869,977.7468377945692,1,0,80,92,,,,,,,,
,16-00,11.6,55,0.869,960.287072833952,1,0,80,92,,,,,,,,
,17-00,11.5,56,0.869,969.3179857446162,1,0,77,90,,,,,,,,
,18-00,11.7,70,0.869,1232.7196123056528,1,0,77,90,,,,,,,,
,19-00,11.6,51,0.869,890.4480129914828,1,0,77,90,,,,,,,,
,20-00,11.6,51,0.869,890.4480129914828,1,0,77,90,,,,,,,,
,21-00,11.6,48,0.869,838.0687181096308,1,0,77,90,,,,,,,,
,22-00,11.7,48,0.869,845.293448438162,1,0,77,93,,,,,,,,
,23-00,11.6,44,0.869,768.2296582671615,1,0,77,93,,,,,,,,
,24-00,11.6,43,0.869,750.7698933065443,1,0,77,93,,,,,,,,
2021-10-18,01-00,11.8,55,0.92,1034.1728961832252,0,0,82,84,,,,,,,,
,02-00,11.5,55,0.92,1007.8803649243296,0,0,82,84,,,,,,,,
,03-00,11.5,55,0.92,1007.8803649243296,0,0,82,84,,,,,,,,
,04-00,11.5,59,0.92,1081.1807551006445,0,0,88,59,,,,,,,,
,05-00,11.6,59,0.92,1090.5823268841282,0,0,88,59,,,,,,,,
,06-00,11.6,63,0.92,1164.5201117576285,0,0,88,59,,,,,,,,
,07-00,11.4,64,0.92,1162.6079276660726,0,0,91,54,,,,,,,,
,08-00,11.8,69,0.92,1297.4169061207735,0,0,91,54,,,,,,,,
,09-00,11.6,73,0.92,1349.3645739413791,0,0,91,54,,,,,,,,
,10-00,11.2,72,0.92,1284.9877095256593,0,0,88,58,,,,,,,,
,11-00,11.5,94,0.92,1722.5591691433997,0,0,88,58,,,,,,,,
,12-00,11.6,92,0.92,1700.5690520905052,0,0,88,58,,,,,,,,
,13-00,11.6,92,0.92,1700.5690520905052,0,0,82,83,,,,,,,,
,14-00,11.7,84,0.92,1566.0787709843971,0,0,82,83,,,,1.0,,,,
,15-00,11.5,92,0.92,1685.9089740552422,0,0,82,83,,,,,,,,
,16-00,11.5,84,0.92,1539.3081937026125,0,0,81,90,,,,,,,,
,17-00,11.5,84,0.92,1539.3081937026125,0,0,81,90,,,,,,,,
,18-00,11.6,97,0.92,1792.9912831823806,0,0,81,90,,,,,,,,
,19-00,11.6,63,0.92,1164.5201117576285,0,0,78,93,,,,,,,,
,20-00,11.6,63,0.92,1164.5201117576285,0,0,78,93,,,,,,,,
,21-00,11.6,59,0.92,1090.5823268841282,0,0,78,93,,,,,,,,
,22-00,11.6,55,0.92,1016.6445420106282,0,0,78,91,,,,,,,,
,23-00,11.7,53,0.92,988.1211293115839,0,0,78,91,,,,,,,,
,24-00,11.7,50,0.92,932.1897446335696,0,0,78,91,,,,,,,,
2021-10-19,01-00,11.6,85,0.938,1601.918366294612,0,0,82,90,,,,,,,,
,02-00,11.6,85,0.938,1601.918366294612,0,0,82,90,,,,,,,,
,03-00,11.6,85,0.938,1601.918366294612,0,0,82,90,,,,,,,,
,04-00,11.6,85,0.938,1601.918366294612,0,0,87,60,,,,,,,,
,05-00,11.4,85,0.938,1574.299084117119,0,0,87,60,,,,,,,,
,06-00,11.4,85,0.938,1574.299084117119,0,0,87,60,,,,,,,,
,07-00,11.3,85,0.938,1560.4894430283723,0,0,90,52,,,,,,,,
,08-00,11.4,91,0.938,1685.4260782900922,0,0,90,52,,,,,,,,
,09-00,11.4,90,0.938,1666.9049125945965,0,0,90,52,,,,,,,,
,10-00,11.4,92,0.938,1703.9472439855876,0,0,85,64,,,,,,,,
,11-00,11.5,82,0.938,1532.057829022129,0,0,85,64,,,,,,,,
,12-00,11.4,88,0.938,1629.8625812036055,0,0,85,64,,,,,,,,
,13-00,11.4,82,0.938,1518.7355870306324,0,0,80,79,,,,,,,,
,14-00,11.4,88,0.938,1629.8625812036055,0,0,80,79,,,,,,,,
,15-00,11.5,86,0.938,1606.792357267111,0,0,80,79,,,,,,,,
,16-00,11.4,90,0.938,1666.9049125945965,0,0,78,88,,,,,,,,
,17-00,11.4,91,0.938,1685.4260782900922,0,0,78,88,,,,,,,,
,18-00,11.5,103,0.938,1924.414102308284,0,0,78,88,,,,,,,,
,19-00,11.6,66,0.938,1243.8424961816986,0,0,78,90,,,,,,,,
,20-00,11.6,65,0.938,1224.9963977547034,0,0,78,90,,,,,,,,
,21-00,11.6,60,0.938,1130.7659056197263,0,0,78,90,,,,,,,,
,22-00,11.6,57,0.938,1074.2276103387399,0,0,75,95,,,,,,,,
,23-00,11.7,50,0.938,950.4282396372698,0,0,75,95,,,,,,,,
,24-00,11.7,50,0.938,950.4282396372698,0,0,75,95,,,,,,,,
2021-10-20,01-00,11.6,69,0.92,1275.426789067879,0,0,79,80,,,,,,,,
,02-00,11.6,69,0.92,1275.426789067879,0,0,79,80,,,,,,,,
,03-00,11.6,69,0.92,1275.426789067879,0,0,79,80,,,,,,,,
,04-00,11.5,69,0.92,1264.4317305414318,0,0,87,48,,,,,,,,
,05-00,11.5,69,0.92,1264.4317305414318,0,0,87,48,,,,,,,,
,06-00,11.5,69,0.92,1264.4317305414318,0,0,87,48,,,,,,,,
,07-00,11.5,86,0.92,1575.95838879077,0,0,91,42,,,,,,,,
,08-00,11.4,99,0.92,1798.409138108456,0,0,91,42,,,,,,,,
,09-00,11.4,93,0.92,1689.4146448897618,0,0,91,42,,,,,,,,
,10-00,11.4,98,0.92,1780.2433892386737,0,0,87,59,,,,,,,,
,11-00,11.4,98,0.92,1780.2433892386737,0,0,87,59,,,,,,,,
,12-00,11.4,104,0.92,1889.2378824573682,0,0,87,59,,,,,,,,
,13-00,11.4,108,0.92,1961.9008779364976,0,0,81,78,,1.0,,,,,,
,14-00,11.4,108,0.92,1961.9008779364976,0,0,81,78,,1.0,,,,,,
,15-00,11.4,108,0.92,1961.9008779364976,0,0,81,78,,1.0,,,,,,
,16-00,11.5,100,0.92,1832.5097544078722,0,0,78,90,,1.0,,,,,,
,17-00,11.6,107,0.92,1977.8357453661308,0,0,78,90,,,,,,,,
,18-00,11.6,114,0.92,2107.2268688947565,0,0,78,90,,,,,,,,
,19-00,11.6,65,0.92,1201.4890041943788,0,0,77,91,,,,,,,,
,20-00,11.7,63,0.92,1174.5590782382978,0,0,77,91,,,,,,,,
,21-00,11.7,60,0.92,1118.6276935602837,0,0,77,91,,,,,,,,
,22-00,11.7,58,0.92,1081.3401037749409,0,0,74,91,,,,,,,,
,23-00,11.7,54,0.92,1006.7649242042553,0,0,74,91,,,,,,,,
,24-00,11.7,49,0.92,913.5459497408982,0,0,74,91,,,,,,,,
2021-10-21,01-00,11.4,73,0.96,1383.7561747764669,0,0,76,88,,,,,,,,
,02-00,11.4,73,0.96,1383.7561747764669,0,0,76,88,,,,,,,,
,03-00,11.4,73,0.96,1383.7561747764669,0,0,76,88,,,,,,,,
,04-00,11.4,73,0.96,1383.7561747764669,0,0,86,44,,,,,,,,
,05-00,11.3,73,0.96,1371.617962717024,0,0,86,44,,,,,,,,
,06-00,11.3,73,0.96,1371.617962717024,0,0,86,44,,,,,,,,
,07-00,11.5,87,0.96,1663.6001596537549,0,0,90,30,,,,,,,,
,08-00,11.3,103,0.96,1935.2965775322396,0,0,90,30,,,,,,,,
,09-00,11.2,112,0.96,2085.7771516938233,0,0,90,30,,,,,,,,
,10-00,11.4,110,0.96,2085.112044183717,0,0,87,49,,,,,,,,
,11-00,11.5,114,0.96,2179.8898643738858,0,0,87,49,,,,,,,,
,12-00,11.5,114,0.96,2179.8898643738858,0,0,87,49,,,,,,,,
,13-00,11.5,114,0.96,2179.8898643738858,0,0,79,78,,,,,,,,
,14-00,11.5,114,0.96,2179.8898643738858,0,0,79,78,,,,,,,,
,15-00,11.4,121,0.96,2293.623248602089,0,0,79,78,,,,,,,,
,16-00,11.4,124,0.96,2350.48994071619,0,0,75,87,,,,,,,,
,17-00,11.5,114,0.96,2179.8898643738858,0,0,75,87,,,,,,,,
,18-00,11.4,115,0.96,2179.8898643738858,0,0,75,87,,,,,,,,
,19-00,11.6,61,0.96,1176.5751853783079,0,0,76,93,,,,,,,,
,20-00,11.6,61,0.96,1176.5751853783079,0,0,76,93,,,,,,,,
,21-00,11.6,58,0.96,1118.7108319990468,0,0,76,93,,,,,,,,
,22-00,11.6,56,0.96,1080.1345964128727,0,0,73,91,,,,,,,,
,23-00,11.6,53,0.96,1022.2702430336117,0,0,73,91,,,,,,,,
,24-00,11.6,50,0.96,964.4058896543507,0,0,73,91,,,,,,,,
2021-10-22,01-00,11.4,57,0.965,1086.0945832417174,0,0,76,74,,,,,,,,
,02-00,11.4,57,0.965,1086.0945832417174,0,0,76,74,,,,,,,,
,03-00,11.4,57,0.965,1086.0945832417174,0,0,76,74,,,,,,,,
,04-00,11.4,57,0.965,1086.0945832417174,0,0,87,39,,,,,,,,
,05-00,11.3,57,0.965,1076.567437774685,0,0,87,39,,,,,,,,
,06-00,11.3,62,0.965,1171.0031779303588,0,0,87,39,,,,,,,,
,07-00,11.3,74,0.965,1397.6489543039768,0,0,90,29,,,,,,,,
,08-00,11.3,74,0.965,1397.6489543039768,0,0,90,29,,,,,,,,
,09-00,11.3,90,0.965,1699.8433228021338,0,0,90,29,,,,,,,,
,10-00,11.4,84,0.965,1600.5604384614783,0,0,82,37,,,,,,,,
,11-00,11.4,88,0.965,1676.777602197739,0,0,82,37,,,,,,,,
,12-00,11.4,87,0.965,1657.7233112636738,0,0,82,37,,,,,,,,
,13-00,11.4,90,0.965,1714.8861840658694,0,0,73,72,,,,,,,,
,14-00,11.4,86,0.965,1638.6690203296087,0,0,73,72,,,,,,,,
,15-00,11.4,85,0.965,1619.6147293955435,0,0,73,72,,,,,,,,
,16-00,11.3,91,0.965,1718.7304708332688,0,0,72,87,,,,,,,,
,17-00,11.4,85,0.965,1619.6147293955435,0,0,72,87,,,,,,,,
,18-00,11.4,79,0.965,1505.288983791152,0,0,72,87,,,,,,,,
,19-00,11.6,53,0.965,1027.5945672160785,0,0,74,90,,,,,,,,
,20-00,11.6,52,0.965,1008.2059904761524,0,0,74,90,,,,,,,,
,21-00,11.6,50,0.965,969.4288369963004,0,0,74,90,,,,,,,,
,22-00,11.6,48,0.965,930.6516835164484,0,0,69,94,,,,,,,,
,23-00,11.7,44,0.965,860.4516642856819,0,0,69,94,,,,,,,,
,24-00,11.7,43,0.965,840.8959446428255,0,0,69,94,,,,,,,,
2021-10-23,01-00,11.5,71,0.95,1343.5085101609886,0,0,73,84,,,,,,,,
,02-00,11.5,71,0.95,1343.5085101609886,0,0,73,84,,,,,,,,
,03-00,11.5,80,0.95,1513.8124058151984,0,0,73,84,,,,,,,,
,04-00,11.4,80,0.95,1500.6488196776752,0,0,83,35,,,,,,,,
,05-00,11.4,90,0.95,1688.2299221373844,0,0,83,35,,,,,,,,
,06-00,11.6,102,0.95,1946.8943897397205,0,0,83,35,,,,,,,,
,07-00,11.3,108,0.95,2008.1050652792048,0,0,86,30,,,,,,,,
,08-00,11.3,112,0.95,2082.4793269562124,0,0,86,30,,,,,,,,
,09-00,11.3,123,0.95,2287.0085465679836,0,0,86,30,,,,,,,,
,10-00,11.4,127,0.95,2382.2800012383095,0,0,85,36,,,,,,,,
,11-00,11.4,132,0.95,2476.070552468164,0,0,85,36,,,,,,,,
,12-00,11.4,134,0.95,2513.586772960106,0,0,85,36,,,,,,,,
,13-00,11.4,136,0.95,2551.1029934520475,0,0,74,79,,,,,,,,
,14-00,11.5,126,0.95,2384.254539158938,0,0,74,79,,,1.0,,,,,
,15-00,11.5,112,0.95,2119.337368141278,0,0,74,79,,,,,,,,
,16-00,11.5,134,0.95,2535.6357797404576,0,0,72,82,,,,,,,,
,17-00,11.5,127,0.95,2403.1771942316277,0,0,72,82,,,,,,,,
,18-00,11.8,122,0.95,2368.787325447348,0,0,72,82,,,,,,,,
,19-00,11.8,62,0.95,1203.809952276521,0,0,70,91,,,,,,,,
,20-00,11.8,59,0.95,1145.5610836179796,0,0,70,91,,,,,,,,
,21-00,11.7,56,0.95,1078.0977046631717,0,0,70,91,,,,,,,,
,22-00,11.7,54,0.95,1039.5942152109158,0,0,70,93,,,,,,,,
,23-00,11.7,51,0.95,981.8389810325315,0,0,70,93,,,,,,,,
,24-00,11.8,48,0.95,931.9818985366613,0,0,70,93,,,,,,,,
2021-10-24,01-00,11.5,90,0.969,1737.0997356729404,1,0,76,81,,,,,,,,
,02-00,11.5,90,0.969,1737.0997356729404,1,0,76,81,,,,,,,,
,03-00,11.5,90,0.969,1737.0997356729404,1,0,76,81,,,,,,,,
,04-00,11.5,90,0.969,1737.0997356729404,1,0,87,34,,,,,,,,
,05-00,11.4,102,0.969,1951.5937899908167,1,0,87,34,,,,,,,,
,06-00,11.4,102,0.969,1951.5937899908167,1,0,87,34,,,,,,,,
,07-00,11.3,110,0.969,2086.198040040063,1,0,90,30,,,,,,,,
,08-00,11.4,116,0.969,2219.4596043032816,1,0,90,30,,,,,,,,
,09-00,11.4,124,0.969,2372.5257839104047,1,0,90,30,,,,,,,,
,10-00,11.4,132,0.969,2525.5919635175273,1,0,84,48,,,,,,,,
,11-00,11.3,134,0.969,2541.3685215033493,1,0,84,48,,,,,,,,
,12-00,11.3,146,0.969,2768.9537622349926,1,0,84,48,,,,,,,,
,13-00,11.4,146,0.969,2793.457777829992,1,0,76,75,,,,,,,,
,14-00,11.4,136,0.969,2602.1250533210887,1,0,76,75,,,,,,,,
,15-00,11.4,136,0.969,2602.1250533210887,1,0,76,75,,,,,,,,
,16-00,11.3,141,0.969,2674.126578596808,1,0,71,87,,,,,,,,
,17-00,11.4,123,0.969,2353.392511459514,1,0,71,87,,,,,,,,
,18-00,11.5,114,0.969,2200.326331852391,1,0,71,87,,,,,,,,
,19-00,11.6,62,0.969,1207.0745216386267,1,0,70,83,,,,,,,,
,20-00,11.6,62,0.969,1207.0745216386267,1,0,70,83,,,,,,,,
,21-00,11.6,58,0.969,1129.198746049038,1,0,70,83,,,,,,,,
,22-00,11.6,55,0.969,1070.7919143568463,1,0,70,94,,,,,,,,
,23-00,11.7,50,0.969,981.8389810325314,1,0,70,94,,,,,,,,
,24-00,11.7,50,0.969,981.8389810325314,1,0,70,94,,,,,,,,
2021-10-25,01-00,11.6,70,0.94,1322.0397404011724,0,0,73,89,,,,,,,,
,02-00,11.6,70,0.94,1322.0397404011724,0,0,73,89,,,,,,,,
,03-00,11.5,70,0.94,1310.6428460873692,0,0,73,89,,,,,,,,
,04-00,11.5,72,0.94,1348.0897845470083,0,0,81,41,,,,,,,,
,05-00,11.5,79,0.94,1479.1540691557452,0,0,81,41,,,,,,,,
,06-00,11.5,103,0.94,1928.5173306714148,0,0,81,41,,,,,,,,
,07-00,11.5,108,0.94,2022.1346768205126,0,0,85,32,,,,,,,,
,08-00,11.4,113,0.94,2097.354179291614,0,0,85,32,,,,,,,,
,09-00,11.5,120,0.94,2246.8163075783473,0,0,85,32,,,,1.0,,,,
,10-00,11.3,127,0.94,2336.52614710557,0,0,81,40,,,,,,,,
,11-00,11.4,129,0.94,2394.3246825541432,0,0,81,40,,,,,,,,
,12-00,11.3,139,0.94,2557.3002712415296,0,0,81,40,,,,,,,,
,13-00,11.6,138,0.94,2606.306916790883,0,0,73,77,,,1.0,,,,,
,14-00,11.4,134,0.94,2487.1279648236837,0,0,73,77,,,,,,,,
,15-00,11.4,134,0.94,2487.1279648236837,0,0,73,77,,,,,,,,
,16-00,11.4,128,0.94,2375.7640261002352,0,0,70,85,,,,,,,,
,17-00,11.4,128,0.94,2375.7640261002352,0,0,70,85,,,,,,,,
,18-00,11.8,115,0.94,2209.369369118708,0,0,70,85,,,,,,,,
,19-00,11.6,61,0.94,1152.0632023495932,0,0,71,89,,,,,,,,
,20-00,11.6,61,0.94,1152.0632023495932,0,0,71,89,,,,,,,,
,21-00,11.6,58,0.94,1095.4043563324,0,0,71,89,,,,,,,,
,22-00,11.6,56,0.94,1057.6317923209378,0,0,68,94,,,,,,,,
,23-00,11.6,51,0.94,963.2003822922828,0,0,68,94,,,,,,,,
,24-00,11.6,47,0.94,887.6552542693587,0,0,68,94,,,,,,,,
2021-10-26,01-00,11.4,89,0.94,1651.8984243978198,0,0,75,87,,,,,,,,
,02-00,11.4,89,0.94,1651.8984243978198,0,0,75,87,,,,,,,,
,03-00,11.4,89,0.94,1651.8984243978198,0,0,75,87,,,,,,,,
,04-00,11.4,89,0.94,1651.8984243978198,0,0,86,40,,,,,,,,
,05-00,11.3,99,0.94,1821.3865241216647,0,0,86,40,,,,,,,,
,06-00,11.3,99,0.94,1821.3865241216647,0,0,86,40,,,,,,,,
,07-00,11.3,110,0.94,2023.7628045796275,0,0,90,32,,,,,,,,
,08-00,11.4,124,0.94,2301.521400284603,0,0,90,32,,,,,,,,
,09-00,11.4,130,0.94,2412.8853390080512,0,0,90,32,,,,,,,,
,10-00,11.5,125,0.94,2340.433653727445,0,0,82,40,,,,,1.0,,,
,11-00,11.5,114,0.94,2134.47549219943,0,0,82,40,,,,,,,,
,12-00,11.4,119,0.94,2208.7181180150624,0,0,82,40,,,,,,,,
,13-00,11.4,127,0.94,2357.2033696463272,0,0,74,71,,,,,,,,
,14-00,11.4,127,0.94,2357.2033696463272,0,0,74,71,,,,,,,,
,15-00,11.4,125,0.94,2320.082056738511,0,0,74,71,,,,,,,,
,16-00,11.6,122,0.94,2304.1264046991864,0,0,73,86,,,,,,,,
,17-00,11.8,119,0.94,2286.216999348924,0,0,73,86,,,,,,,,
,18-00,11.9,114,0.94,2208.718118015062,0,0,73,86,,,,,,,,
,19-00,11.6,62,0.94,1170.9494843553243,0,0,70,89,,,,,,,,
,20-00,11.6,61,0.94,1152.0632023495932,0,0,70,89,,,,,,,,
,21-00,11.6,58,0.94,1095.4043563324,0,0,70,89,,,,,,,,
,22-00,11.6,56,0.94,1057.6317923209378,0,0,70,93,,,,,,,,
,23-00,11.6,50,0.94,944.3141002865517,0,0,70,93,,,,,,,,
,24-00,11.6,45,0.94,849.8826902578966,0,0,70,93,,,,,,,,
2021-10-27,01-00,11.4,84,0.93,1542.509023595,0,0,73,84,,,,,,,,
,02-00,11.4,84,0.93,1542.509023595,0,0,73,84,,,,,,,,
,03-00,11.4,84,0.93,1542.509023595,0,0,73,84,,,,,,,,
,04-00,11.4,84,0.93,1542.509023595,0,0,84,40,,,,,,,,
,05-00,11.4,85,0.93,1560.8722262568451,0,0,84,40,,,,,,,,
,06-00,11.4,89,0.93,1634.325036904226,0,0,84,40,,,,,,,,
,07-00,11.4,95,0.93,1744.5042528752977,0,0,86,29,,,,,,,,
,08-00,11.5,114,0.93,2111.768306112202,0,0,86,29,,,,,,,,
,09-00,11.5,114,0.93,2111.768306112202,0,0,86,29,,,,,,,,
,10-00,11.4,123,0.93,2258.673927406964,0,0,82,40,,,,,,,,
,11-00,11.4,123,0.93,2258.673927406964,0,0,82,40,,,,,,,,
,12-00,11.4,122,0.93,2240.310724745119,0,0,82,40,,,,,,,,
,13-00,11.5,124,0.93,2297.0111399816933,0,0,76,72,,,,,,,,
,14-00,11.7,122,0.93,2299.2662701331483,0,0,76,72,,,1.0,,,,,
,15-00,11.5,124,0.93,2297.0111399816933,0,0,76,72,,,,,,,,
,16-00,11.5,124,0.93,2297.0111399816933,0,0,73,84,,,,,,,,
,17-00,11.5,124,0.93,2297.0111399816933,0,0,73,84,,,,,,,,
,18-00,11.8,110,0.93,2090.8278118486946,0,0,73,84,,,,,,,,
,19-00,11.6,62,0.93,1158.492574947289,0,0,72,89,,,,,,,,
,20-00,11.6,62,0.93,1158.492574947289,0,0,72,89,,,,,,,,
,21-00,11.6,58,0.93,1083.7511184990767,0,0,72,89,,,,,,,,
,22-00,11.6,54,0.93,1009.0096620508646,0,0,71,93,,,,,,,,
,23-00,11.6,50,0.93,934.2682056026523,0,0,71,93,,,,,,,,
,24-00,11.6,45,0.93,840.8413850423872,0,0,71,93,,,,,,,,
2021-10-28,01-00,11.5,84,0.947,1584.4835428656238,0,0,77,72,,,,,,,,
,02-00,11.5,84,0.947,1584.4835428656238,0,0,77,72,,,,,,,,
,03-00,11.5,84,0.947,1584.4835428656238,0,0,77,72,,,,,,,,
,04-00,11.5,84,0.947,1584.4835428656238,0,0,86,40,,,,,,,,
,05-00,11.4,85,0.947,1589.404299209927,0,0,86,40,,,,,,,,
,06-00,11.3,96,0.947,1779.34549410003,0,0,86,40,,,,,,,,
,07-00,11.3,113,0.947,2094.4379253469106,0,0,89,35,,,,,,,,
,08-00,11.3,118,0.947,2187.112169831287,0,0,89,35,,,,,,,,
,09-00,11.5,119,0.947,2244.6850190596338,0,0,89,35,,,,,,,,
,10-00,11.6,106,0.947,2016.8540003183964,0,0,82,40,,,,,,,,
,11-00,11.6,102,0.947,1940.7463021931742,0,0,82,40,,,,,,,,
,12-00,11.6,102,0.947,1940.7463021931742,0,0,82,40,,,,,,,,
,13-00,11.6,104,0.947,1978.800151255785,0,0,73,71,,,,,,,,
,14-00,11.6,118,0.947,2245.1770946940637,0,0,73,71,,,,,,,,
,15-00,11.5,102,0.947,1924.015730622543,0,0,73,71,,,,,,,,
,16-00,11.5,102,0.947,1924.015730622543,0,0,72,82,,,,,,,,
,17-00,11.6,108,0.947,2054.907849381008,0,0,72,82,,,,,,,,
,18-00,11.5,98,0.947,1848.564133343228,0,0,72,82,,,,,,,,
,19-00,11.6,62,0.947,1179.669320940949,0,0,72,87,,,,,,,,
,20-00,11.6,62,0.947,1179.669320940949,0,0,72,87,,,,,,,,
,21-00,11.6,57,0.947,1084.5346982844208,0,0,72,87,,,,,,,,
,22-00,11.6,54,0.947,1027.453924690504,0,0,68,88,,,,,,,,
,23-00,11.6,50,0.947,951.3462265652814,0,0,68,88,,,,,,,,
,24-00,11.6,50,0.947,951.3462265652814,0,0,68,88,,,,,,,,
2021-10-29,01-00,11.6,82,0.94,1548.6751244699449,0,0,73,72,,,,,,,,
,02-00,11.6,82,0.94,1548.6751244699449,0,0,73,72,,,,,,,,
,03-00,11.5,82,0.94,1535.324476845204,0,0,73,72,,,,,,,,
,04-00,11.5,83,0.94,1554.0479460750237,0,0,82,50,,,,,,,,
,05-00,11.5,86,0.94,1610.2183537644823,0,0,82,50,,,,,,,,
,06-00,11.5,90,0.94,1685.1122306837606,0,0,82,50,,,,,,,,
,07-00,11.6,104,0.94,1964.1733285960274,0,0,86,40,,,,,,,,
,08-00,11.4,112,0.94,2078.7935228377055,0,0,86,40,,,,,,,,
,09-00,11.4,127,0.94,2357.2033696463272,0,0,86,40,,,,,,,,
,10-00,11.5,124,0.94,2321.7101844976255,0,0,83,48,,,,,,,,
,11-00,11.5,122,0.94,2284.2632460379864,0,0,83,48,,,,,,,,
,12-00,11.5,124,0.94,2321.7101844976255,0,0,83,48,,,,,,,,
,13-00,11.5,124,0.94,2321.7101844976255,0,0,77,74,,,,,,,,
,14-00,11.5,124,0.94,2321.7101844976255,0,0,77,74,,,,,,,,
,15-00,11.5,124,0.94,2321.7101844976255,0,0,77,74,,,,,,,,
,16-00,11.6,119,0.94,2247.467558681993,0,0,74,83,,,,,,,,
,17-00,11.8,116,0.94,2228.5812766762624,0,0,74,83,,,1.0,,,,,
,18-00,11.7,114,0.94,2171.596805107246,0,0,74,83,,,,,,,,
,19-00,11.7,61,0.94,1161.994781680193,0,0,70,85,,,,,,,,
,20-00,11.7,61,0.94,1161.994781680193,0,0,70,85,,,,,,,,
,21-00,11.7,37,0.94,704.8165069207728,0,0,70,85,,,,,,,,
,22-00,11.7,53,0.94,1009.602023427053,0,0,72,92,,,,,,,,
,23-00,11.7,45,0.94,857.2092651739129,0,0,72,92,,,,,,,,
,24-00,11.7,45,0.94,857.2092651739129,0,0,72,92,,,,,,,,
2021-10-30,01-00,11.6,89,0.93,1662.9974059727213,0,0,78,70,,,,,,,,
,02-00,11.6,89,0.93,1662.9974059727213,0,0,78,70,,,,,,,,
,03-00,11.6,89,0.93,1662.9974059727213,0,0,78,70,,,,,,,,
,04-00,11.6,89,0.93,1662.9974059727213,0,0,86,53,,,,,,,,
,05-00,11.6,89,0.93,1662.9974059727213,0,0,86,53,,,,,,,,
,06-00,11.4,94,0.93,1726.1410502134524,0,0,86,53,,,,,,,,
,07-00,11.4,103,0.93,1891.4098741700595,0,0,89,44,,,,,,,,
,08-00,11.4,109,0.93,2001.5890901411308,0,0,89,44,,,,,,,,
,09-00,11.3,112,0.93,2038.6376569150293,0,0,89,44,,,,,,,,
,10-00,11.3,110,0.93,2002.2334130415466,0,0,84,53,,,,,,,,
,11-00,11.3,108,0.93,1965.8291691680638,0,0,84,53,,,,,,,,
,12-00,11.4,109,0.93,2001.5890901411308,0,0,84,53,,,,,,,,
,13-00,11.5,114,0.93,2111.768306112202,0,0,77,83,,,,,,,,
,14-00,11.5,114,0.93,2111.768306112202,0,0,77,83,,,,,,,,
,15-00,11.4,119,0.93,2185.2211167595833,0,0,77,83,,,,,,,,
,16-00,11.4,119,0.93,2185.2211167595833,0,0,75,90,,,,,,,,
,17-00,11.5,113,0.93,2093.244022725253,0,0,75,90,,,,,,,,
,18-00,11.6,106,0.93,1980.648595877623,0,0,75,90,,,,,,,,
,19-00,11.7,61,0.93,1149.6331350665741,0,0,73,88,,,,,,,,
,20-00,11.7,59,0.93,1111.94024539226,0,0,73,88,,,,,,,,
,21-00,11.7,57,0.93,1074.2473557179462,0,0,73,88,,,,,,,,
,22-00,11.7,54,0.93,1017.7080212064755,0,0,71,93,,,,,,,,
,23-00,11.7,45,0.93,848.0900176720628,0,0,71,93,,,,,,,,
,24-00,11.7,45,0.93,848.0900176720628,0,0,71,93,,,,,,,,
2021-10-31,01-00,11.6,83,0.947,1579.2347360983672,1,0,75,73,,,,,,,,
,02-00,11.6,83,0.947,1579.2347360983672,1,0,75,73,,,,,,,,
,03-00,11.6,83,0.947,1579.2347360983672,1,0,75,73,,,,,,,,
,04-00,11.5,83,0.947,1565.620643545795,1,0,84,33,,,,,,,,
,05-00,11.5,83,0.947,1565.620643545795,1,0,84,33,,,,,,,,
,06-00,11.5,94,0.947,1773.1125360639123,1,0,84,33,,,,,,,,
,07-00,11.7,101,0.947,1938.2859240210223,1,0,87,29,,,,,,,,
,08-00,11.4,119,0.947,2225.166018893898,1,0,87,29,,,,,,,,
,09-00,11.4,124,0.947,2318.6603894356585,1,0,87,29,,,,,,,,
,10-00,11.4,134,0.947,2505.649130519179,1,0,84,40,,,,,,,,
,11-00,11.3,120,0.947,2224.1818676250373,1,0,84,40,,,,,,,,
,12-00,11.3,120,0.947,2224.1818676250373,1,0,84,40,,,,,,,,
,13-00,11.4,126,0.947,2356.058137652363,1,0,84,72,,,,,,,,
,14-00,11.4,122,0.947,2281.2626412189543,1,0,84,72,,,,,,,,
,15-00,11.4,122,0.947,2281.2626412189543,1,0,84,72,,,,,,,,
,16-00,11.4,122,0.947,2281.2626412189543,1,0,72,87,,,,,,,,
,17-00,11.4,110,0.947,2056.876151918729,1,0,72,87,,,,,,,,
,18-00,11.7,115,0.947,2206.9592204199757,1,0,72,87,,,,,,,,
,19-00,11.6,62,0.947,1179.669320940949,1,0,74,91,,,,,,,,
,20-00,11.6,62,0.947,1179.669320940949,1,0,74,91,,,,,,,,
,21-00,11.6,55,0.947,1046.4808492218096,1,0,74,91,,,,,,,,
,22-00,11.7,51,0.947,978.7384368819024,1,0,69,92,,,,,,,,
,23-00,11.7,45,0.947,863.5927384252079,1,0,69,92,,,,,,,,
,24-00,11.7,45,0.947,863.5927384252079,1,0,69,92,,,,,,,,
2021-11-01,01-00,11.6,83,0.94,1567.561406475676,0,1,74,63,,,,,,,,
,02-00,11.6,83,0.94,1567.561406475676,0,1,74,63,,,,,,,,
,03-00,11.5,83,0.94,1554.0479460750237,0,1,74,63,,,,,,,,
,04-00,11.5,83,0.94,1554.0479460750237,0,1,86,30,,,,,,,,
,05-00,11.4,83,0.94,1540.5344856743714,0,1,86,30,,,,,,,,
,06-00,11.5,97,0.94,1816.1765152924972,0,1,86,30,,,,,,,,
,07-00,11.4,105,0.94,1948.8689276603493,0,1,90,26,,,,,,,,
,08-00,11.4,116,0.94,2153.036148653338,0,1,90,26,,,,,,,,
,09-00,11.4,116,0.94,2153.036148653338,0,1,90,26,,,,,,,,
,10-00,11.4,117,0.94,2171.596805107246,0,1,81,42,,,,,,,,
,11-00,11.4,124,0.94,2301.521400284603,0,1,81,42,,,,,,,,
,12-00,11.4,122,0.94,2264.400087376787,0,1,81,42,,,,,,,,
,13-00,11.4,124,0.94,2301.521400284603,0,1,73,67,,,,,,,,
,14-00,11.4,122,0.94,2264.400087376787,0,1,73,67,,,,,,,,
,15-00,11.4,114,0.94,2115.914835745522,0,1,73,67,,,,,,,,
,16-00,11.4,114,0.94,2115.914835745522,0,1,70,85,,,,,,,,
,17-00,11.5,114,0.94,2134.47549219943,0,1,70,85,,,,,,,,
,18-00,11.6,114,0.94,2153.036148653338,0,1,70,85,,,,,,,,
,19-00,11.7,62,0.94,1181.0438764618355,0,1,72,91,,,,,,,,
,20-00,11.7,59,0.94,1123.896592116908,0,1,72,91,,,,,,,,
,21-00,11.7,57,0.94,1085.798402553623,0,1,72,91,,,,,,,,
,22-00,11.7,53,0.94,1009.602023427053,0,1,68,87,,,,,,,,
,23-00,11.7,45,0.94,857.2092651739129,0,1,68,87,,,,,,,,
,24-00,11.8,45,0.94,864.5358400899293,0,1,68,87,,,,,,,,
2021-11-02,01-00,11.7,83,0.94,1581.0748668763283,0,1,72,89,,,,,,,,
,02-00,11.7,83,0.94,1581.0748668763283,0,1,72,89,,,,,,,,
,03-00,11.7,83,0.94,1581.0748668763283,0,1,72,89,,,,,,,,
,04-00,11.7,83,0.94,1581.0748668763283,0,1,76,67,,,,,,,,
,05-00,11.7,90,0.94,1714.4185303478257,0,1,76,67,,,,,,,,
,06-00,11.6,101,0.94,1907.5144825788345,0,1,76,67,,,,,,,,
,07-00,11.6,111,0.94,2096.377302636145,0,1,79,62,,,,,,,,
,08-00,11.6,111,0.94,2096.377302636145,0,1,79,62,,,,,,,,
,09-00,11.5,108,0.94,2022.1346768205126,0,1,79,62,,,,,,,,
,10-00,11.6,101,0.94,1907.5144825788345,0,1,80,62,,,,,,,,
,11-00,11.6,105,0.94,1983.0596106017588,0,1,80,62,,,,,,,,
,12-00,11.6,105,0.94,1983.0596106017588,0,1,80,62,,,,,,,,
,13-00,11.6,105,0.94,1983.0596106017588,0,1,75,80,,,,,,,,
,14-00,11.7,97,0.94,1847.7621938193233,0,1,75,80,,,,,,,,
,15-00,11.7,97,0.94,1847.7621938193233,0,1,75,80,,,,,,,,
,16-00,11.8,112,0.94,2151.7336464460464,0,1,73,89,,,,,,,,
,17-00,11.8,102,0.94,1959.6145708705062,0,1,73,89,,,,,,,,
,18-00,11.8,111,0.94,2132.521738888492,0,1,73,89,,,,,,,,
,19-00,11.8,62,0.94,1191.138268568347,0,1,70,85,,,,,,,,
,20-00,11.8,59,0.94,1133.502545895685,0,1,70,85,,,,,,,,
,21-00,11.8,56,0.94,1075.8668232230232,0,1,70,85,,,,,,,,
,22-00,11.8,52,0.94,999.0191929928072,0,1,71,95,,,,,,,,
,23-00,11.8,45,0.94,864.5358400899293,0,1,71,95,,,,,,,,
,24-00,11.8,45,0.94,864.5358400899293,0,1,71,95,,,,,,,,
2021-11-03,01-00,11.7,79,0.9,1440.8411052923216,0,1,75,87,,,,,,,,
,02-00,11.7,79,0.9,1440.8411052923216,0,1,75,87,,,,,,,,
,03-00,11.7,79,0.9,1440.8411052923216,0,1,75,87,,,,,,,,
,04-00,11.7,69,0.9,1258.456155255319,0,1,85,57,,,,,,,,
,05-00,11.7,69,0.9,1258.456155255319,0,1,85,57,,,,,,,,
,06-00,11.6,71,0.9,1283.8653406023545,0,1,85,57,,,,,,,,
,07-00,11.6,102,0.9,1844.426263963946,0,1,89,49,,,,,,,,
,08-00,11.7,107,0.9,1951.5189653959294,0,1,89,49,,,,,,,,
,09-00,11.7,115,0.9,2097.4269254255314,0,1,89,49,,,,,,,,
,10-00,11.8,115,0.9,2115.3536512838696,0,1,85,64,,,,,,,,
,11-00,11.8,115,0.9,2115.3536512838696,0,1,85,64,,,,,,,,
,12-00,11.7,114,0.9,2079.1884304218315,0,1,85,64,,,,,,,,
,13-00,11.7,112,0.9,2042.7114404144309,0,1,78,86,,,,,,,,
,14-00,11.5,110,0.9,1971.9398444171666,0,1,78,86,,,,,,,,
,15-00,11.8,104,0.9,1913.0154759436737,0,1,78,86,,,,,,,,
,16-00,11.8,89,0.9,1637.0997822979514,0,1,77,88,,,1.0,,,,,
,17-00,11.8,78,0.9,1434.7616069577552,0,1,77,88,,,1.0,,,,,
,18-00,11.7,71,0.9,1294.9331452627196,0,1,77,88,,,1.0,,,,,
,19-00,11.8,61,0.9,1122.05715415927,0,1,72,93,,,,,,,,
,20-00,11.7,58,0.9,1057.832710214616,0,1,72,93,,,,,,,,
,21-00,11.7,53,0.9,966.6402351961146,0,1,72,93,,,,,,,,
,22-00,11.8,50,0.9,919.7189788190739,0,1,73,92,,,,,,,,
,23-00,11.8,45,0.9,827.7470809371664,0,1,73,92,,,,,,,,
,24-00,11.8,45,0.9,827.7470809371664,0,1,73,92,,,,,,,,
2021-11-04,01-00,11.7,79,0.91,1456.8504509066809,0,1,78,88,,,,,,,,
,02-00,11.7,79,0.91,1456.8504509066809,0,1,78,88,,,,,,,,
,03-00,11.7,79,0.91,1456.8504509066809,0,1,78,88,,,,,,,,
,04-00,11.7,79,0.91,1456.8504509066809,0,1,85,67,,,,,,,,
,05-00,11.7,94,0.91,1733.4676251294684,0,1,85,67,,,,,,,,
,06-00,11.6,94,0.91,1718.6516625215243,0,1,85,67,,,,,,,,
,07-00,11.6,105,0.91,1919.7704740931922,0,1,89,43,,,,,,,,
,08-00,11.7,117,0.91,2157.6139589377426,0,1,89,43,,,,,,,,
,09-00,11.7,119,0.91,2194.496248834114,0,1,89,43,,,,,,,,
,10-00,11.8,124,0.91,2306.2464348876506,0,1,85,59,,,,,,,,
,11-00,11.8,122,0.91,2269.0489117443017,0,1,85,59,,,,,,,,
,12-00,11.7,107,0.91,1973.2025094558842,0,1,85,59,,,,,,,,
,13-00,11.7,112,0.91,2065.4082341968133,0,1,80,79,,,,,,,,
,14-00,11.5,116,0.91,2102.605757340163,0,1,80,79,,,,,,,,
,15-00,11.8,120,0.91,2231.8513886009528,0,1,80,79,,,,,,,,
,16-00,11.8,117,0.91,2176.055103885929,0,1,77,90,,,,,,,,
,17-00,11.8,114,0.91,2120.2588191709046,0,1,77,90,,,,,,,,
,18-00,11.7,113,0.91,2083.849379144999,0,1,77,90,,,,,,,,
,19-00,11.8,62,0.91,1153.1232174438253,0,1,76,91,,,,,,,,
,20-00,11.7,61,0.91,1124.909841839336,0,1,76,91,,,,,,,,
,21-00,11.7,58,0.91,1069.5864069947784,0,1,76,91,,,,,,,,
,22-00,11.8,56,0.91,1041.5306480137779,0,1,73,92,,,,,,,,
,23-00,11.8,51,0.91,948.5368401554048,0,1,73,92,,,,,,,,
,24-00,11.8,49,0.91,911.3393170120556,0,1,73,92,,,,,,,,
2021-11-05,01-00,11.6,73,0.95,1393.3655926568588,0,1,78,91,,,,,,,,
,02-00,11.6,73,0.95,1393.3655926568588,0,1,78,91,,,,,,,,
,03-00,11.6,73,0.95,1393.3655926568588,0,1,78,91,,,,,,,,
,04-00,11.8,73,0.95,1417.3891373578392,0,1,84,64,,,,,,,,
,05-00,11.5,73,0.95,1381.3538203063688,0,1,84,64,,,,,,,,
,06-00,11.5,86,0.95,1627.3483362513384,0,1,84,64,,,,,,,,
,07-00,11.7,99,0.95,1905.9227278866786,0,1,90,43,,,,,,,,
,08-00,11.7,113,0.95,2175.4471540524714,0,1,90,43,,,,,,,,
,09-00,11.7,115,0.95,2213.9506435047274,0,1,90,43,,,,,,,,
,10-00,11.7,115,0.95,2213.9506435047274,0,1,84,45,,,,,,,,
,11-00,11.7,112,0.95,2156.1954093263435,0,1,84,45,,,,,,,,
,12-00,11.7,112,0.95,2156.1954093263435,0,1,84,45,,,,,,,,
,13-00,11.7,112,0.95,2156.1954093263435,0,1,76,80,,,,,,,,
,14-00,11.7,112,0.95,2156.1954093263435,0,1,76,80,,,,,,,,
,15-00,11.8,107,0.95,2077.5429821546413,0,1,76,80,,,,,,,,
,16-00,11.7,107,0.95,2059.936685695703,0,1,72,91,,,,,,,,
,17-00,11.7,99,0.95,1905.9227278866786,0,1,72,91,,,,,,,,
,18-00,11.8,101,0.95,1961.0452448375586,0,1,72,91,,,,,,,,
,19-00,11.7,61,0.95,1174.356428293812,0,1,76,93,,,,,,,,
,20-00,11.7,61,0.95,1174.356428293812,0,1,76,93,,,,,,,,
,21-00,11.7,57,0.95,1097.3494493893,0,1,76,93,,,,,,,,
,22-00,11.7,54,0.95,1039.5942152109158,0,1,68,94,,,,,,,,
,23-00,11.7,45,0.95,866.328512675763,0,1,68,94,,,,,,,,
,24-00,11.7,45,0.95,866.328512675763,0,1,68,94,,,,,,,,
2021-11-06,01-00,11.7,64,0.98,1271.0204518134235,0,1,75,86,,,,,,,,
,02-00,11.7,64,0.98,1271.0204518134235,0,1,75,86,,,,,,,,
,03-00,11.7,64,0.98,1271.0204518134235,0,1,75,86,,,,,,,,
,04-00,11.6,64,0.98,1260.1570291483515,0,1,83,47,,,,,,,,
,05-00,11.5,64,0.98,1249.2936064832797,0,1,83,47,,,,,,,,
,06-00,11.4,68,0.98,1315.8320703068457,0,1,83,47,,,,,,,,
,07-00,11.6,101,0.98,1988.6853116247426,0,1,85,34,,,,,,,,
,08-00,11.6,107,0.98,2106.8250331074,0,1,85,34,,,,,,,,
,09-00,11.6,107,0.98,2106.8250331074,0,1,85,34,,,,,,,,
,10-00,11.6,100,0.98,1968.9953580442993,0,1,81,48,,,,,,,,
,11-00,11.7,105,0.98,2085.267928756398,0,1,81,48,,,,,,,,
,12-00,11.6,107,0.98,2106.8250331074,0,1,81,48,,,,,,,,
,13-00,11.6,114,0.98,2244.654708170501,0,1,73,81,,,,,,,,
,14-00,11.6,122,0.98,2402.1743368140455,0,1,73,81,,,,,,,,
,15-00,11.6,117,0.98,2303.7245689118304,0,1,73,81,,,,,,,,
,16-00,11.5,112,0.98,2186.2638113457397,0,1,70,91,,,,,,,,
,17-00,11.6,103,0.98,2028.0652187856283,0,1,70,91,,,,,,,,
,18-00,11.7,104,0.98,2065.4082341968133,0,1,70,91,,,,,,,,
,19-00,11.7,61,0.98,1211.4413681346693,0,1,71,91,,,,,,,,
,20-00,11.7,61,0.98,1211.4413681346693,0,1,71,91,,,,,,,,
,21-00,11.7,57,0.98,1132.0025898963304,0,1,71,91,,,,,,,,
,22-00,11.8,54,0.98,1081.5895190912306,0,1,67,94,,,,,,,,
,23-00,11.8,47,0.98,941.3834703201453,0,1,67,94,,,,,,,,
,24-00,11.8,45,0.98,901.3245992426922,0,1,67,94,,,,,,,,
2021-11-07,01-00,11.7,69,0.88,1230.4904629163118,1,1,72,80,,,,,,,,
,02-00,11.7,67,0.88,1194.8240726868535,1,1,72,80,,,,,,,,
,03-00,11.7,67,0.88,1194.8240726868535,1,1,72,80,,,,,,,,
,04-00,11.6,66,0.88,1166.9311264817643,1,1,85,37,,,,,,,,
,05-00,11.5,66,0.88,1156.8713753914044,1,1,85,37,,,,,,,,
,06-00,11.5,70,0.88,1226.9847920817924,1,1,85,37,,,,,,,,
,07-00,11.6,90,0.88,1591.2697179296788,1,1,87,33,,,,,,,,
,08-00,11.5,103,0.88,1805.4204797774948,1,1,87,33,,,,,,,,
,09-00,11.6,107,0.88,1891.8428868719511,1,1,87,33,,,,,,,,
,10-00,11.6,112,0.88,1980.2467600902667,1,1,81,37,,,,,,,,
,11-00,11.6,117,0.88,2068.650633308582,1,1,81,37,,,,,,,,
,12-00,11.4,117,0.88,2032.984243079124,1,1,81,37,,,,,,,,
,13-00,11.5,115,0.88,2015.7607298486591,1,1,69,71,,,,,,,,
,14-00,11.6,129,0.88,2280.819929032539,1,1,69,71,,,,,,,,
,15-00,11.6,129,0.88,2280.819929032539,1,1,69,71,,,,,,,,
,16-00,11.6,124,0.88,2192.4160558142244,1,1,67,79,,,,,,,,
,17-00,11.6,117,0.88,2068.650633308582,1,1,67,79,,,,,,,,
,18-00,11.6,109,0.88,1927.2044361592775,1,1,67,79,,,,,,,,
,19-00,11.7,63,0.88,1123.491292227937,1,1,69,92,,,,,,,,
,20-00,11.7,63,0.88,1123.491292227937,1,1,69,92,,,,,,,,
,21-00,11.7,58,0.88,1034.325316654291,1,1,69,92,,,,,,,,
,22-00,11.7,52,0.88,927.3261459659162,1,1,64,94,,,,,,,,
,23-00,11.7,45,0.88,802.4937801628121,1,1,64,94,,,,,,,,
,24-00,11.8,45,0.88,809.3527013607849,1,1,64,94,,,,,,,,
2021-11-08,01-00,11.7,67,0.94,1276.289350370048,0,1,69,79,,,,,,,,
,02-00,11.7,67,0.94,1276.289350370048,0,1,69,79,,,,,,,,
,03-00,11.7,67,0.94,1276.289350370048,0,1,69,79,,,,,,,,
,04-00,11.7,66,0.94,1257.2402555884055,0,1,78,34,,,,,,,,
,05-00,11.7,73,0.94,1390.583919059903,0,1,78,34,,,,,,,,
,06-00,11.7,79,0.94,1504.878487749758,0,1,78,34,,,,,,,,
,07-00,11.6,92,0.94,1737.5379445272551,0,1,82,25,,,,,,,,
,08-00,11.5,104,0.94,1947.2407999012344,0,1,82,25,,,,,,,,
,09-00,11.5,94,0.94,1760.0061076030386,0,1,82,25,,,,,,,,
,10-00,11.6,113,0.94,2134.1498666476073,0,1,77,33,,,,,,,,
,11-00,11.6,114,0.94,2153.036148653338,0,1,77,33,,,,,,,,
,12-00,11.6,114,0.94,2153.036148653338,0,1,77,33,,,,,,,,
,13-00,11.5,108,0.94,2022.1346768205126,0,1,68,71,,,,,,,,
,14-00,11.6,108,0.94,2039.7184566189517,0,1,68,71,,,,,,,,
,15-00,11.5,110,0.94,2059.5816152801517,0,1,68,71,,,,,,,,
,16-00,11.4,113,0.94,2097.354179291614,0,1,65,81,,,,,,,,
,17-00,11.5,103,0.94,1928.5173306714148,0,1,65,81,,,,,,,,
,18-00,11.5,103,0.94,1928.5173306714148,0,1,65,81,,,,,,,,
,19-00,11.7,62,0.94,1181.0438764618355,0,1,64,90,,,,,,,,
,20-00,11.8,62,0.94,1191.138268568347,0,1,64,90,,,,,,,,
,21-00,11.8,56,0.94,1075.8668232230232,0,1,64,90,,,,,,,,
,22-00,11.7,52,0.94,990.5529286454105,0,1,64,94,,,,,,,,
,23-00,11.8,45,0.94,864.5358400899293,0,1,64,94,,,,,,,,
,24-00,11.8,45,0.94,864.5358400899293,0,1,64,94,,,,,,,,
2021-11-09,01-00,11.7,67,0.89,1208.401618967386,0,1,69,78,,,,,,,,
,02-00,11.7,67,0.89,1208.401618967386,0,1,69,78,,,,,,,,
,03-00,11.6,67,0.89,1198.0734000018529,0,1,69,78,,,,,,,,
,04-00,11.6,67,0.89,1198.0734000018529,0,1,78,41,,,,,,,,
,05-00,11.6,68,0.89,1215.9550925391939,0,1,78,41,,,,,,,,
,06-00,11.5,71,0.89,1258.6553410981896,0,1,78,41,,,,,,,,
,07-00,11.6,87,0.89,1555.7072507486746,0,1,82,37,,,,,,,,
,08-00,11.5,107,0.89,1896.846781655018,0,1,82,37,,,,,,,,
,09-00,11.6,106,0.89,1895.459408958155,0,1,82,37,,,,,,,,
,10-00,11.6,103,0.89,1841.814331346132,0,1,77,50,,,,,,,,
,11-00,11.5,105,0.89,1861.391701624083,0,1,77,50,,,,,,,,
,12-00,11.6,135,0.89,2414.028492541047,0,1,77,50,,,,1.0,,,,
,13-00,11.6,132,0.89,2360.3834149290233,0,1,71,72,,,,1.0,,,,
,14-00,11.6,102,0.89,1823.9326388087911,0,1,71,72,,,,,,,,
,15-00,11.6,107,0.89,1913.341101495496,0,1,71,72,,,,,,,,
,16-00,11.6,95,0.89,1698.7607910474032,0,1,68,87,,,1.0,,,,,
,17-00,11.6,102,0.89,1823.9326388087911,0,1,68,87,,,,,,,,
,18-00,11.7,107,0.89,1929.8354213359746,0,1,68,87,,,,,,,,
,19-00,11.7,63,0.89,1136.2582387305272,0,1,65,90,,,,,,,,
,20-00,11.7,63,0.89,1136.2582387305272,0,1,65,90,,,,,,,,
,21-00,11.7,58,0.89,1046.0790134344536,0,1,65,90,,,,,,,,
,22-00,11.7,52,0.89,937.8639430791653,0,1,63,94,,,,,,,,
,23-00,11.7,45,0.89,811.6130276646622,0,1,63,94,,,,,,,,
,24-00,11.8,44,0.89,800.3598935678874,0,1,63,94,,,,,,,,
2021-11-10,01-00,11.7,74,0.92,1379.640822057683,0,1,71,82,,,,,,,,
,02-00,11.7,74,0.92,1379.640822057683,0,1,71,82,,,,,,,,
,03-00,11.7,74,0.92,1379.640822057683,0,1,71,82,,,,,,,,
,04-00,11.6,74,0.92,1367.8490201597542,0,1,84,35,,,,,,,,
,05-00,11.6,74,0.92,1367.8490201597542,0,1,84,35,,,,,,,,
,06-00,11.5,84,0.92,1539.3081937026125,0,1,84,35,,,,,,,,
,07-00,11.7,95,0.92,1771.1605148037822,0,1,86,34,,,,,,,,
,08-00,11.6,108,0.92,1996.3201915845061,0,1,86,34,,,,,,,,
,09-00,11.6,103,0.92,1903.8979604926308,0,1,86,34,,,,,,,,
,10-00,11.6,101,0.92,1866.9290680558809,0,1,81,39,,,,,,,,
,11-00,11.6,98,0.92,1811.4757294007554,0,1,81,39,,,,,,,,
,12-00,11.5,108,0.92,1979.1105347605019,0,1,81,39,,,,,,,,
,13-00,11.6,103,0.92,1903.8979604926308,0,1,71,65,,,,,,,,
,14-00,11.7,100,0.92,1864.3794892671392,0,1,71,65,,,,,,,,
,15-00,11.6,103,0.92,1903.8979604926308,0,1,71,65,,,,,,,,
,16-00,11.6,103,0.92,1903.8979604926308,0,1,69,78,,,,,,,,
,17-00,11.6,100,0.92,1848.4446218375058,0,1,69,78,,,,,,,,
,18-00,11.7,99,0.92,1845.7356943744678,0,1,69,78,,,,,,,,
,19-00,11.7,60,0.92,1118.6276935602837,0,1,66,90,,,,,,,,
,20-00,11.8,57,0.92,1071.7791833171607,0,1,66,90,,,,,,,,
,21-00,11.8,48,0.92,902.5508912144511,0,1,66,90,,,,,,,,
,22-00,11.8,45,0.92,846.1414605135479,0,1,67,88,,,,,,,,
,23-00,11.8,45,0.92,846.1414605135479,0,1,67,88,,,,,,,,
,24-00,11.8,45,0.92,846.1414605135479,0,1,67,88,,,,,,,,
2021-11-11,01-00,11.6,69,0.93,1289.2901237316603,0,1,73,72,,,,,,,,
,02-00,11.6,69,0.93,1289.2901237316603,0,1,73,72,,,,,,,,
,03-00,11.6,69,0.93,1289.2901237316603,0,1,73,72,,,,,,,,
,04-00,11.5,71,0.93,1315.2241204733891,0,1,80,44,,,,,,,,
,05-00,11.4,75,0.93,1377.2401996383928,0,1,80,44,,,,,,,,
,06-00,11.6,81,0.93,1513.5144930762967,0,1,80,44,,,,,,,,
,07-00,11.6,89,0.93,1662.9974059727213,0,1,83,38,,,,,,,,
,08-00,11.6,105,0.93,1961.96323176557,0,1,83,38,,,,,,,,
,09-00,11.6,105,0.93,1961.96323176557,0,1,83,38,,,,,,,,
,10-00,11.5,107,0.93,1982.0983224035583,0,1,81,45,,,,,,,,
,11-00,11.5,105,0.93,1945.0497556296598,0,1,81,45,,,,,,,,
,12-00,11.5,105,0.93,1945.0497556296598,0,1,81,45,,,,,,,,
,13-00,11.5,105,0.93,1945.0497556296598,0,1,76,72,,,,,,,,
,14-00,11.5,105,0.93,1945.0497556296598,0,1,76,72,,,,,,,,
,15-00,11.6,105,0.93,1961.96323176557,0,1,76,72,,,,,,,,
,16-00,11.6,105,0.93,1961.96323176557,0,1,77,62,,,,,,,,
,17-00,11.7,94,0.93,1771.5658146927535,0,1,77,62,,,,,,,,
,18-00,11.7,100,0.93,1884.644483715695,0,1,77,62,,,,,,,,
,19-00,11.7,60,0.93,1130.7866902294172,0,1,69,83,,,,,,,,
,20-00,11.7,57,0.93,1074.2473557179462,0,1,69,83,,,,,,,,
,21-00,11.7,48,0.93,904.6293521835337,0,1,69,83,,,,,,,,
,22-00,11.7,45,0.93,848.0900176720628,0,1,74,79,,,,,,,,
,23-00,11.7,45,0.93,848.0900176720628,0,1,74,79,,,,,,,,
,24-00,11.7,45,0.93,848.0900176720628,0,1,74,79,,,,,,,,
2021-11-12,01-00,11.6,87,0.93,1625.626677748615,0,1,77,71,,,,,,,,
,02-00,11.6,87,0.93,1625.626677748615,0,1,77,71,,,,,,,,
,03-00,11.6,87,0.93,1625.626677748615,0,1,77,71,,,,,,,,
,04-00,11.5,87,0.93,1611.6126546645753,0,1,85,58,,,,,,,,
,05-00,11.5,87,0.93,1611.6126546645753,0,1,85,58,,,,,,,,
,06-00,11.6,89,0.93,1662.9974059727213,0,1,85,58,,,,,,,,
,07-00,11.6,105,0.93,1961.96323176557,0,1,86,51,,,,,,,,
,08-00,11.3,108,0.93,1965.8291691680638,0,1,86,51,,,,,,,,
,09-00,11.4,108,0.93,1983.2258874792856,0,1,86,51,,,,,,,,
,10-00,11.4,107,0.93,1964.8626848174404,0,1,82,63,,,,,,,,
,11-00,11.4,109,0.93,2001.5890901411308,0,1,82,63,,,,,,,,
,12-00,11.5,107,0.93,1982.0983224035583,0,1,82,63,,,,,,,,
,13-00,11.5,106,0.93,1963.5740390166093,0,1,80,73,,,,,,,,
,14-00,11.5,102,0.93,1889.4769054688124,0,1,80,73,,,,,,,,
,15-00,11.5,98,0.93,1815.3797719210158,0,1,80,73,,,,,,,,
,16-00,11.6,94,0.93,1756.4242265329865,0,1,78,85,,,,,,,,
,17-00,11.6,91,0.93,1700.3681341968272,0,1,78,85,,,,,,,,
,18-00,11.7,95,0.93,1790.4122595299104,0,1,78,85,,,,,,,,
,19-00,11.7,61,0.93,1149.6331350665741,0,1,75,73,,,,,,,,
,20-00,11.7,60,0.93,1130.7866902294172,0,1,75,73,,,,,,,,
,21-00,11.7,56,0.93,1055.4009108807893,0,1,75,73,,,,,,,,
,22-00,11.8,48,0.93,912.3612269885213,0,1,76,90,,,,,,,,
,23-00,11.8,46,0.93,874.3461758639995,0,1,76,90,,,,,,,,
,24-00,11.8,45,0.93,855.3386503017387,0,1,76,90,,,,,,,,
2021-11-13,01-00,11.6,74,0.89,1323.2452477632403,0,1,79,85,,,,,,,,
,02-00,11.6,74,0.89,1323.2452477632403,0,1,79,85,,,,,,,,
,03-00,11.6,74,0.89,1323.2452477632403,0,1,79,85,,,,,,,,
,04-00,11.6,74,0.89,1323.2452477632403,0,1,84,65,,,,,,,,
,05-00,11.6,80,0.89,1430.5354029872872,0,1,84,65,,,,,,,,
,06-00,11.4,86,0.89,1511.3113244490692,0,1,84,65,,,,,,,,
,07-00,11.5,90,0.89,1595.4786013920714,0,1,85,62,,,,,,,,
,08-00,11.6,90,0.89,1609.3523283606978,0,1,85,62,,,,,,,,
,09-00,11.6,93,0.89,1662.997405972721,0,1,85,62,,,,,,,,
,10-00,11.5,104,0.89,1843.6641616086156,0,1,84,68,1.0,,,,,,,
,11-00,11.5,109,0.89,1932.3018616859529,0,1,84,68,1.0,,,,,,,
,12-00,11.6,38,0.89,679.5043164189614,0,1,84,68,,,,,,,,
,13-00,11.8,98,0.89,1782.619762946658,0,1,81,81,,,,,,,,
,14-00,11.8,88,0.89,1600.7197871357748,0,1,81,81,,,,,,,,
,15-00,11.7,82,0.89,1478.939294855607,0,1,81,81,,,,,,,,
,16-00,11.7,84,0.89,1515.0109849740363,0,1,79,88,,,,,,,,
,17-00,11.7,76,0.89,1370.7242245003183,0,1,79,88,,,,,,,,
,18-00,11.8,79,0.89,1437.0098089059795,0,1,79,88,,,,,,,,
,19-00,11.7,62,0.89,1118.2223936713124,0,1,76,86,,,,,,,,
,20-00,11.7,62,0.89,1118.2223936713124,0,1,76,86,,,,,,,,
,21-00,11.7,52,0.89,937.8639430791653,0,1,76,86,,,,,,,,
,22-00,11.8,51,0.89,927.6898766355057,0,1,78,82,,,,,,,,
,23-00,11.8,46,0.89,836.7398887300641,0,1,78,82,,,,,,,,
,24-00,11.8,44,0.89,800.3598935678874,0,1,78,82,,,,,,,,
2021-11-14,01-00,11.7,57,0.94,1085.798402553623,1,1,79,91,,,,,,,,
,02-00,11.7,57,0.94,1085.798402553623,1,1,79,91,,,,,,,,
,03-00,11.6,57,0.94,1076.518074326669,1,1,79,91,,,,,,,,
,04-00,11.6,58,0.94,1095.4043563324,1,1,83,71,,,,,,,,
,05-00,11.6,58,0.94,1095.4043563324,1,1,83,71,,,,,,,,
,06-00,11.6,66,0.94,1246.4946123782481,1,1,83,71,,,,,,,,
,07-00,11.6,85,0.94,1605.333970487138,1,1,83,70,,,,,,,,
,08-00,11.7,87,0.94,1657.2712460028984,1,1,83,70,,,,,,,,
,09-00,11.7,101,0.94,1923.9585729458934,1,1,83,70,,,,,,,,
,10-00,11.6,100,0.94,1888.6282005731034,1,1,84,69,,,,,,,,
,11-00,11.6,107,0.94,2020.8321746132206,1,1,84,69,,,,,,,,
,12-00,11.6,107,0.94,2020.8321746132206,1,1,84,69,,,,,,,,
,13-00,11.6,105,0.94,1983.0596106017588,1,1,80,83,,,,,,,,
,14-00,11.6,105,0.94,1983.0596106017588,1,1,80,83,,,,,,,,
,15-00,11.6,105,0.94,1983.0596106017588,1,1,80,83,,,,,,,,
,16-00,11.6,114,0.94,2153.036148653338,1,1,78,90,,,,,,,,
,17-00,11.6,105,0.94,1983.0596106017588,1,1,78,90,,,,,,,,
,18-00,11.8,116,0.94,2228.5812766762624,1,1,78,90,,,,,,,,
,19-00,11.7,61,0.94,1161.994781680193,1,1,78,82,,,,,,,,
,20-00,11.7,60,0.94,1142.9456868985505,1,1,78,82,,,,,,,,
,21-00,11.7,55,0.94,1047.700212990338,1,1,78,82,,,,,,,,
,22-00,11.7,50,0.94,952.4547390821253,1,1,76,93,,,,,,,,
,23-00,11.7,44,0.94,838.1601703922704,1,1,76,93,,,,,,,,
,24-00,11.7,44,0.94,838.1601703922704,1,1,76,93,,,,,,,,
2021-11-15,01-00,11.6,82,0.99,1631.0514608779206,0,1,80,89,,,,,,,,
,02-00,11.6,82,0.99,1631.0514608779206,0,1,80,89,,,,,,,,
,03-00,11.6,67,0.99,1332.6883887661058,0,1,80,89,,,,,,,,
,04-00,11.6,67,0.99,1332.6883887661058,0,1,82,67,,,,,,,,
,05-00,11.6,67,0.99,1332.6883887661058,0,1,82,67,,,,,,,,
,06-00,11.5,68,0.99,1340.9190942036735,0,1,82,67,,,,,,,,
,07-00,11.5,100,0.99,1971.9398444171668,0,1,88,53,,,,,,,,
,08-00,11.5,103,0.99,2031.0980397496817,0,1,88,53,,,,,,,,
,09-00,11.5,78,0.99,1538.11307864539,0,1,88,53,,,,,,,,
,10-00,11.5,100,0.99,1971.9398444171668,0,1,86,56,,,,,,,,
,11-00,11.6,108,0.99,2148.2141192050663,0,1,86,56,,,,,,,,
,12-00,11.6,98,0.99,1949.3054044638563,0,1,86,56,,,,,,,,
,13-00,11.6,98,0.99,1949.3054044638563,0,1,81,78,,,,,,,,
,14-00,11.6,91,0.99,1810.0693041450095,0,1,81,78,,,,,,,,
,15-00,11.6,87,0.99,1730.5058182485257,0,1,81,78,,,,,,,,
,16-00,11.7,87,0.99,1745.4239718541164,0,1,80,87,,,,,,,,
,17-00,11.6,84,0.99,1670.8332038261626,0,1,80,87,,,,,,,,
,18-00,11.5,74,0.99,1459.2354848687032,0,1,80,87,,,,,,,,
,19-00,11.7,62,0.99,1243.8653592523588,0,1,77,91,,,,,,,,
,20-00,11.7,62,0.99,1243.8653592523588,0,1,77,91,,,,,,,,
,21-00,11.7,54,0.99,1083.3666032197964,0,1,77,91,,,,,,,,
,22-00,11.7,52,0.99,1043.2419142116557,0,1,75,93,,,,,,,,
,23-00,11.8,48,0.99,971.2232416329418,0,1,75,93,,,,,,,,
,24-00,11.8,46,0.99,930.7556065649027,0,1,75,93,,,,,,,,
2021-11-16,01-00,11.7,44,0.77,686.5780119170726,0,1,77,93,,,,,,,,
,02-00,11.7,44,0.77,686.5780119170726,0,1,77,93,,,,,,,,
,03-00,11.7,44,0.77,686.5780119170726,0,1,77,93,,,,,,,,
,04-00,11.7,44,0.77,686.5780119170726,0,1,86,83,,,,,,,,
,05-00,11.6,62,0.77,959.1820244187231,0,1,86,83,,,,,,,,
,06-00,11.6,70,0.77,1082.9474469243646,0,1,86,83,,,,,,,,
,07-00,11.5,74,0.77,1134.9609326756581,0,1,86,62,,,,,,,,
,08-00,11.5,72,0.77,1104.2863128736133,0,1,86,62,,,,,,,,
,09-00,11.4,72,0.77,1094.6838231964516,0,1,86,62,,,,,,,,
,10-00,11.4,72,0.77,1094.6838231964516,0,1,84,75,,,,,,,,
,11-00,11.4,70,0.77,1064.2759392187725,0,1,84,75,,,,,,,,
,12-00,11.4,68,0.77,1033.868055241093,0,1,84,75,,,,,,,,
,13-00,11.5,66,0.77,1012.262453467479,0,1,80,85,,,,,,,,
,14-00,11.5,68,0.77,1042.9370732695238,0,1,80,85,,,,,,,,
,15-00,11.8,70,0.77,1101.6189546299572,0,1,80,85,,,,,,,,
,16-00,11.5,66,0.77,1012.262453467479,0,1,79,90,,,,,,,,
,17-00,11.5,86,0.77,1319.008651487927,0,1,79,90,,,,,,,,
,18-00,11.6,90,0.77,1392.3610031884689,0,1,79,90,,,,,,,,
,19-00,11.6,62,0.77,959.1820244187231,0,1,78,90,,,,,,,,
,20-00,11.6,61,0.77,943.7113466055179,0,1,78,90,,,,,,,,
,21-00,11.6,59,0.77,912.7699909791073,0,1,78,90,,,,,,,,
,22-00,11.7,56,0.77,873.8265606217287,0,1,77,91,,,,,,,,
,23-00,11.7,52,0.77,811.4103777201767,0,1,77,91,,,,,,,,
,24-00,11.7,47,0.77,733.3901490932366,0,1,77,91,,,,,,,,
2021-11-17,01-00,11.7,72,0.85,1240.2176602516186,0,1,80,90,,,,,,,,
,02-00,11.7,72,0.85,1240.2176602516186,0,1,80,90,,,,,,,,
,03-00,11.7,72,0.85,1240.2176602516186,0,1,80,90,,,,,,,,
,04-00,11.7,72,0.85,1240.2176602516186,0,1,87,56,,,,,,,,
,05-00,11.6,72,0.85,1229.6175093092972,0,1,87,56,,,,,,,,
,06-00,11.5,76,0.85,1286.7405449429189,0,1,87,56,,,,,,,,
,07-00,11.4,78,0.85,1309.1186413767086,0,1,87,52,,,,,,,,
,08-00,11.4,84,0.85,1409.8200753287633,0,1,87,52,,,,,,,,
,09-00,11.5,78,0.85,1320.6021382308904,0,1,87,52,,,,,,,,
,10-00,11.4,90,0.85,1510.5215092808178,0,1,86,61,,,,,,,,
,11-00,11.4,90,0.85,1510.5215092808178,0,1,86,61,,,,,,,,
,12-00,11.5,78,0.85,1320.6021382308904,0,1,86,61,,,,,,,,
,13-00,11.7,78,0.85,1343.5691319392533,0,1,82,84,,,,,,,,
,14-00,11.7,78,0.85,1343.5691319392533,0,1,82,84,,,,,,,,
,15-00,11.7,84,0.85,1446.9206036268886,0,1,82,84,,,,,,,,
,16-00,11.7,84,0.85,1446.9206036268886,0,1,80,88,,,,,,,,
,17-00,11.5,107,0.85,1811.5952409064778,0,1,80,88,,,,1.0,,,,
,18-00,11.6,66,0.85,1127.1493835335223,0,1,80,88,,,,,,,,
,19-00,11.4,62,0.85,1040.5814841712302,0,1,78,91,,,,,,,,
,20-00,11.6,61,0.85,1041.7592787203769,0,1,78,91,,,,,,,,
,21-00,11.6,59,0.85,1007.6032367951184,0,1,78,91,,,,,,,,
,22-00,11.6,56,0.85,956.3691739072311,0,1,78,92,,,,,,,,
,23-00,11.6,51,0.85,870.9790690940856,0,1,78,92,,,,,,,,
,24-00,11.6,46,0.85,785.5889642809399,0,1,78,92,,,,,,,,
2021-11-18,01-00,11.6,82,0.93,1532.1998571883498,0,1,81,89,,,,,,,,
,02-00,11.6,82,0.93,1532.1998571883498,0,1,81,89,,,,,,,,
,03-00,11.6,82,0.93,1532.1998571883498,0,1,81,89,,,,,,,,
,04-00,11.6,82,0.93,1532.1998571883498,0,1,86,63,,,,,,,,
,05-00,11.4,82,0.93,1505.7826182713095,0,1,86,63,,,,,,,,
,06-00,11.3,83,0.93,1510.7761207495307,0,1,86,63,,,,,,,,
,07-00,11.6,84,0.93,1569.5705854124558,0,1,88,53,,,,,,,,
,08-00,11.6,89,0.93,1662.9974059727213,0,1,88,53,,,,,,,,
,09-00,11.5,96,0.93,1778.3312051471175,0,1,88,53,,,,,,,,
,10-00,11.7,84,0.93,1583.101366321184,0,1,80,87,,,,,,,,
,11-00,11.7,79,0.93,1488.869142135399,0,1,80,87,,,,,,,,
,12-00,11.7,79,0.93,1488.869142135399,0,1,80,87,,,,,,,,
,13-00,11.8,81,0.93,1539.6095705431296,0,1,78,90,,,,,,,,
,14-00,11.2,81,0.93,1461.3243381426314,0,1,78,90,,,,,,,,
,15-00,11.6,79,0.93,1476.1437648521908,0,1,78,90,,,,,,,,
,16-00,11.7,81,0.93,1526.562031809713,0,1,79,92,,,,,,,,
,17-00,11.7,81,0.93,1526.562031809713,0,1,79,92,,,,,,,,
,18-00,11.6,81,0.93,1513.5144930762967,0,1,79,92,,,,,,,,
,19-00,11.5,61,0.93,1129.9812866038976,0,1,75,88,,,,,,,,
,20-00,11.5,61,0.93,1129.9812866038976,0,1,75,88,,,,,,,,
,21-00,11.5,57,0.93,1055.884153056101,0,1,75,88,,,,,,,,
,22-00,11.5,52,0.93,963.2627361213554,0,1,75,88,,,,,,,,
,23-00,11.6,45,0.93,840.8413850423872,0,1,75,88,,,,,,,,
,24-00,11.6,45,0.93,840.8413850423872,0,1,75,88,,,,,,,,
2021-11-19,01-00,11.6,70,0.84,1181.3972148265796,0,1,77,75,,,,,,,,
,02-00,11.8,70,0.84,1201.7661323235898,0,1,77,75,,,,,,,,
,03-00,11.6,70,0.84,1181.3972148265796,0,1,77,75,,,,,,,,
,04-00,11.5,74,0.84,1238.139199282536,0,1,85,59,,,,,,,,
,05-00,11.5,75,0.84,1254.8708100836513,0,1,85,59,,,,,,,,
,06-00,11.4,79,0.84,1310.3033641290858,0,1,85,59,,,,,,,,
,07-00,11.4,78,0.84,1293.7172455958062,0,1,86,53,,,,,,,,
,08-00,11.4,86,0.84,1426.4061938620428,0,1,86,53,,,,,,,,
,09-00,11.8,99,0.84,1699.6406728576485,0,1,86,53,,,,,,,,
,10-00,11.6,79,0.84,1333.29114244714,0,1,84,61,,,,,,,,
,11-00,11.7,77,0.84,1310.7398409325929,0,1,84,61,,,,,,,,
,12-00,11.5,67,0.84,1121.0179236747285,0,1,84,61,,,,,,,,
,13-00,11.4,67,0.84,1111.269941729731,0,1,80,84,,,,,,,,
,14-00,11.4,78,0.84,1293.7172455958062,0,1,80,84,,,,,,,,
,15-00,11.5,77,0.84,1288.334031685882,0,1,80,84,,,,,,,,
,16-00,11.5,67,0.84,1121.0179236747285,0,1,78,88,,,,,,,,
,17-00,11.4,67,0.84,1111.269941729731,0,1,78,88,,,,,,,,
,18-00,11.6,79,0.84,1333.29114244714,0,1,78,88,,,,,,,,
,19-00,11.6,61,0.84,1029.5032872060194,0,1,77,88,,,,,,,,
,20-00,11.6,59,0.84,995.749081068117,0,1,77,88,,,,,,,,
,21-00,11.6,57,0.84,961.9948749302148,0,1,77,88,,,,,,,,
,22-00,11.6,52,0.84,877.6093595854591,0,1,77,90,,,,,,,,
,23-00,11.6,50,0.84,843.8551534475569,0,1,77,90,,,,,,,,
,24-00,11.6,47,0.84,793.2238442407036,0,1,77,90,,,,,,,,
2021-11-20,01-00,11.6,70,0.86,1209.5257199414982,0,1,80,81,,,,,,,,
,02-00,11.6,70,0.86,1209.5257199414982,0,1,80,81,,,,,,,,
,03-00,11.6,70,0.86,1209.5257199414982,0,1,80,81,,,,,,,,
,04-00,11.6,70,0.86,1209.5257199414982,0,1,82,70,,,,,,,,
,05-00,11.6,74,0.86,1278.6414753667266,0,1,82,70,,,,,,,,
,06-00,11.5,74,0.86,1267.6187040273585,0,1,82,70,,,,,,,,
,07-00,11.4,84,0.86,1426.406193862043,0,1,84,60,,,,,,,,
,08-00,11.4,78,0.86,1324.5200371576111,0,1,84,60,,,,,,,,
,09-00,11.7,74,0.86,1289.664246706095,0,1,84,60,,,,,,,,
,10-00,11.7,76,0.86,1324.520037157611,0,1,82,60,,,,,,,,
,11-00,11.7,74,0.86,1289.664246706095,0,1,82,60,,,,,,,,
,12-00,11.5,74,0.86,1267.6187040273585,0,1,82,60,,,,,,,,
,13-00,11.5,74,0.86,1267.6187040273585,0,1,80,78,,,,,,,,
,14-00,11.5,74,0.86,1267.6187040273585,0,1,80,78,,,,,,,,
,15-00,11.5,74,0.86,1267.6187040273585,0,1,80,78,,,,,,,,
,16-00,11.5,74,0.86,1267.6187040273585,0,1,78,86,,,,,,,,
,17-00,11.7,74,0.86,1289.664246706095,0,1,78,86,,,,1.0,,,,
,18-00,11.8,67,0.86,1177.6490568790007,0,1,78,86,,,,,,,,
,19-00,11.5,62,0.86,1062.058914185084,0,1,78,86,,,,,,,,
,20-00,11.6,59,0.86,1019.4573925221198,0,1,76,93,,,,,,,,
,21-00,11.6,57,0.86,984.8995148095057,0,1,76,93,,,,,,,,
,22-00,11.6,54,0.86,933.0626982405844,0,1,76,93,,,,,,,,
,23-00,11.6,49,0.86,846.6680039590487,0,1,76,93,,,,,,,,
,24-00,11.7,47,0.86,819.1110756106278,0,1,76,93,,,,,,,,
2021-11-21,01-00,11.6,77,0.87,1345.9489697488532,1,1,80,83,,,,,,,,
,02-00,11.6,77,0.87,1345.9489697488532,1,1,80,83,,,,,,,,
,03-00,11.6,77,0.87,1345.9489697488532,1,1,80,83,,,,,,,,
,04-00,11.6,77,0.87,1345.9489697488532,1,1,88,53,,,,,,,,
,05-00,11.6,77,0.87,1345.9489697488532,1,1,88,53,,,,,,,,
,06-00,11.5,82,0.87,1420.9918030375825,1,1,88,53,,,,,,,,
,07-00,11.5,82,0.87,1420.9918030375825,1,1,88,50,,,,,,,,
,08-00,11.4,82,0.87,1408.6353525763861,1,1,88,50,,,,,,,,
,09-00,11.6,88,0.87,1538.2273939986894,1,1,88,50,,,,,,,,
,10-00,11.6,89,0.87,1555.7072507486746,1,1,84,65,,,,,,,,
,11-00,11.7,93,0.87,1639.6407008326546,1,1,84,65,,,,,,,,
,12-00,11.7,93,0.87,1639.6407008326546,1,1,84,65,,,,,,,,
,13-00,11.7,88,0.87,1551.4879749814368,1,1,80,82,,,,,,,,
,14-00,11.8,86,0.87,1529.1860887831801,1,1,80,82,,,,,,,,
,15-00,11.8,84,0.87,1493.6236216021757,1,1,80,82,,,,,,,,
,16-00,11.8,84,0.87,1493.6236216021757,1,1,80,85,,,,,,,,
,17-00,11.7,86,0.87,1516.2268846409495,1,1,80,85,,,,,,,,
,18-00,11.4,89,0.87,1528.884711942663,1,1,80,85,,,,,,,,
,19-00,11.5,75,0.87,1299.687624729496,1,1,77,90,,,,,,,,
,20-00,11.6,75,0.87,1310.989256248883,1,1,77,90,,,,,,,,
,21-00,11.6,74,0.87,1293.509399498898,1,1,77,90,,,,,,,,
,22-00,11.6,79,0.87,1380.9086832488235,1,1,77,90,,,,,,,,
,23-00,11.6,71,0.87,1241.0698292489426,1,1,77,90,,,,,,,,
,24-00,11.8,70,0.87,1244.6863513351466,1,1,77,90,,,,,,,,
2021-11-22,01-00,11.5,70,0.93,1296.6998370864399,0,1,78,91,,,,,,,,
,02-00,11.5,70,0.93,1296.6998370864399,0,1,78,91,,,,,,,,
,03-00,11.5,70,0.93,1296.6998370864399,0,1,78,91,,,,,,,,
,04-00,11.5,70,0.93,1296.6998370864399,0,1,84,73,,,,,,,,
,05-00,11.4,70,0.93,1285.4241863291668,0,1,84,73,,,,,,,,
,06-00,11.4,71,0.93,1303.787388991012,0,1,84,73,,,,,,,,
,07-00,11.6,72,0.93,1345.3462160678193,0,1,89,56,,,,,,,,
,08-00,11.6,94,0.93,1756.4242265329865,0,1,89,56,,,,,,,,
,09-00,11.6,96,0.93,1793.7949547570925,0,1,89,56,,,,,,,,
,10-00,11.6,84,0.93,1569.5705854124558,0,1,85,60,,,,,,,,
,11-00,11.6,74,0.93,1382.7169442919253,0,1,85,60,,,,,,,,
,12-00,11.6,70,0.93,1307.9754878437132,0,1,85,60,,,,,,,,
,13-00,11.6,68,0.93,1270.6047596196072,0,1,80,82,,,,,,,,
,14-00,11.6,68,0.93,1270.6047596196072,0,1,80,82,,,,,,,,
,15-00,11.6,70,0.93,1307.9754878437132,0,1,80,82,,,,,,,,
,16-00,11.4,76,0.93,1395.603402300238,0,1,79,90,,,,,,,,
,17-00,11.4,76,0.93,1395.603402300238,0,1,79,90,,,,,,,,
,18-00,11.5,84,0.93,1556.039804503728,0,1,79,90,,,,,,,,
,19-00,11.5,63,0.93,1167.029853377796,0,1,77,88,,,,,,,,
,20-00,11.6,60,0.93,1121.1218467231827,0,1,77,88,,,,,,,,
,21-00,11.6,58,0.93,1083.7511184990767,0,1,77,88,,,,,,,,
,22-00,11.6,55,0.93,1027.6950261629177,0,1,77,91,,,,,,,,
,23-00,11.6,50,0.93,934.2682056026523,0,1,77,91,,,,,,,,
,24-00,11.7,46,0.93,866.9364625092197,0,1,77,91,,,,,,,,
2021-11-23,01-00,11.6,70,0.94,1322.0397404011724,0,1,79,90,,,,,,,,
,02-00,11.6,70,0.94,1322.0397404011724,0,1,79,90,,,,,,,,
,03-00,11.5,70,0.94,1310.6428460873692,0,1,79,90,,,,,,,,
,04-00,11.5,70,0.94,1310.6428460873692,0,1,79,88,,,,,,,,
,05-00,11.5,68,0.94,1273.1959076277303,0,1,79,88,,,,,,,,
,06-00,11.4,79,0.94,1466.2918598587387,0,1,79,88,,,,,,,,
,07-00,11.5,87,0.94,1628.9418229943017,0,1,83,59,,,,,,,,
,08-00,11.5,87,0.94,1628.9418229943017,0,1,83,59,,,,,,,,
,09-00,11.6,81,0.94,1529.7888424642138,0,1,83,59,,,,,,,,
,10-00,11.6,80,0.94,1510.9025604584829,0,1,83,67,,,,,,,,
,11-00,11.5,105,0.94,1965.9642691310537,0,1,83,67,,,,,,,,
,12-00,11.5,105,0.94,1965.9642691310537,0,1,83,67,,,,,,,,
,13-00,11.5,105,0.94,1965.9642691310537,0,1,79,90,,,,,,,,
,14-00,11.6,105,0.94,1983.0596106017588,0,1,79,90,,,,,,,,
,15-00,11.6,105,0.94,1983.0596106017588,0,1,79,90,,,,,,,,
,16-00,11.5,107,0.94,2003.411207590693,0,1,77,90,,,,,,,,
,17-00,11.5,107,0.94,2003.411207590693,0,1,77,90,,,,,,,,
,18-00,11.6,95,0.94,1794.1967905444483,0,1,77,90,,,,,,,,
,19-00,11.6,63,0.94,1189.835766361055,0,1,79,90,,,,,,,,
,20-00,11.6,60,0.94,1133.176920343862,0,1,79,90,,,,,,,,
,21-00,11.6,57,0.94,1076.518074326669,0,1,79,90,,,,,,,,
,22-00,11.6,55,0.94,1038.745510315207,0,1,75,93,,,,,,,,
,23-00,11.6,51,0.94,963.2003822922828,0,1,75,93,,,,,,,,
,24-00,11.6,46,0.94,868.7689722636276,0,1,75,93,,,,,,,,
2021-11-24,01-00,11.6,82,0.94,1548.6751244699449,0,1,77,90,,,,,,,,
,02-00,11.6,82,0.94,1548.6751244699449,0,1,77,90,,,,,,,,
,03-00,11.6,82,0.94,1548.6751244699449,0,1,77,90,,,,,,,,
,04-00,11.6,82,0.94,1548.6751244699449,0,1,84,64,,,,,,,,
,05-00,11.5,82,0.94,1535.324476845204,0,1,84,64,,,,,,,,
,06-00,11.5,85,0.94,1591.4948845346628,0,1,84,64,,,,,,,,
,07-00,11.5,74,0.94,1385.5367230066474,0,1,87,42,,,,,,,,
,08-00,11.5,99,0.94,1853.6234537521364,0,1,87,42,,,,,,,,
,09-00,11.6,100,0.94,1888.6282005731034,0,1,87,42,,,,,,,,
,10-00,11.5,95,0.94,1778.7295768328584,0,1,85,55,,,,,,,,
,11-00,11.6,88,0.94,1661.992816504331,0,1,85,55,,,,,,,,
,12-00,11.6,96,0.94,1813.0830725501794,0,1,85,55,,,,,,,,
,13-00,11.6,96,0.94,1813.0830725501794,0,1,78,80,,,,,,,,
,14-00,11.6,88,0.94,1661.992816504331,0,1,78,80,,,,,,,,
,15-00,11.6,87,0.94,1643.1065344986,0,1,78,80,,,,,,,,
,16-00,11.6,84,0.94,1586.4476884814069,0,1,75,91,,,,,,,,
,17-00,11.5,89,0.94,1666.3887614539408,0,1,75,91,,,,,,,,
,18-00,11.6,87,0.94,1643.1065344986,0,1,75,91,,,,,,,,
,19-00,11.6,61,0.94,1152.0632023495932,0,1,76,93,,,,,,,,
,20-00,11.7,61,0.94,1161.994781680193,0,1,76,93,,,,,,,,
,21-00,11.7,56,0.94,1066.7493077719805,0,1,76,93,,,,,,,,
,22-00,11.7,52,0.94,990.5529286454105,0,1,72,92,,,,,,,,
,23-00,11.7,44,0.94,838.1601703922704,0,1,72,92,,,,,,,,
,24-00,11.7,44,0.94,838.1601703922704,0,1,72,92,,,,,,,,
2021-11-25,01-00,11.6,58,0.93,1083.7511184990767,0,1,74,91,,,,,,,,
,02-00,11.6,58,0.93,1083.7511184990767,0,1,74,91,,,,,,,,
,03-00,11.6,58,0.93,1083.7511184990767,0,1,74,91,,,,,,,,
,04-00,11.6,58,0.93,1083.7511184990767,0,1,84,40,,,,,,,,
,05-00,11.5,64,0.93,1185.5541367647452,0,1,84,40,,,,,,,,
,06-00,11.5,66,0.93,1222.6027035386435,0,1,84,40,,,,,,,,
,07-00,11.5,91,0.93,1685.709788212372,0,1,87,30,,,,,,,,
,08-00,11.5,102,0.93,1889.4769054688124,0,1,87,30,,,,,,,,
,09-00,11.6,91,0.93,1700.3681341968272,0,1,87,30,,,,,,,,
,10-00,11.5,91,0.93,1685.709788212372,0,1,83,42,,,,,,,,
,11-00,11.4,89,0.93,1634.325036904226,0,1,83,42,,,,,,,,
,12-00,11.4,87,0.93,1597.5986315805355,0,1,83,42,,,,,,,,
,13-00,11.4,82,0.93,1505.7826182713095,0,1,75,78,,,,,,,,
,14-00,11.4,80,0.93,1469.056212947619,0,1,75,78,,,,,,,,
,15-00,11.5,80,0.93,1481.9426709559314,0,1,75,78,,,,,,,,
,16-00,11.6,76,0.93,1420.0876725160317,0,1,73,89,,,,,,,,
,17-00,11.5,67,0.93,1241.1269869255925,0,1,73,89,,,,,,,,
,18-00,11.5,80,0.93,1481.9426709559314,0,1,73,89,,,,,,,,
,19-00,11.6,62,0.93,1158.492574947289,0,1,73,92,,,,,,,,
,20-00,11.6,61,0.93,1139.807210835236,0,1,73,92,,,,,,,,
,21-00,11.6,59,0.93,1102.4364826111296,0,1,73,92,,,,,,,,
,22-00,11.7,56,0.93,1055.4009108807893,0,1,71,93,,,,,,,,
,23-00,11.7,48,0.93,904.6293521835337,0,1,71,93,,,,,,,,
,24-00,11.7,44,0.93,829.2435728349059,0,1,71,93,,,,,,,,
2021-11-26,01-00,11.5,58,0.94,1085.9612153295345,0,1,74,89,,,,,,,,
,02-00,11.5,58,0.94,1085.9612153295345,0,1,74,89,,,,,,,,
,03-00,11.5,58,0.94,1085.9612153295345,0,1,74,89,,,,,,,,
,04-00,11.5,58,0.94,1085.9612153295345,0,1,84,51,,,,,,,,
,05-00,11.4,60,0.94,1113.6393872344854,0,1,84,51,,,,,,,,
,06-00,11.6,66,0.94,1246.4946123782481,0,1,84,51,,,,,,,,
,07-00,11.6,78,0.94,1473.1299964470206,0,1,87,35,,,,,,,,
,08-00,11.4,91,0.94,1689.019737305636,0,1,87,35,,,,,,,,
,09-00,11.6,96,0.94,1813.0830725501794,0,1,87,35,,,,,,,,
,10-00,11.4,110,0.94,2041.6722099298895,0,1,81,47,,,,,,,,
,11-00,11.4,110,0.94,2041.6722099298895,0,1,81,47,,,,,,,,
,12-00,11.4,110,0.94,2041.6722099298895,0,1,81,47,,,,,,,,
,13-00,11.6,108,0.94,2039.7184566189517,0,1,74,78,,,,,,,,
,14-00,11.6,108,0.94,2039.7184566189517,0,1,74,78,,,,,,,,
,15-00,11.4,110,0.94,2041.6722099298895,0,1,74,78,,,,,,,,
,16-00,11.4,110,0.94,2041.6722099298895,0,1,73,93,,,,,,,,
,17-00,11.4,102,0.94,1893.186958298625,0,1,73,93,,,,,,,,
,18-00,11.7,102,0.94,1943.007667727536,0,1,73,93,,,,,,,,
,19-00,11.6,62,0.94,1170.9494843553243,0,1,72,91,,,,,,,,
,20-00,11.6,61,0.94,1152.0632023495932,0,1,72,91,,,,,,,,
,21-00,11.6,59,0.94,1114.290638338131,0,1,72,91,,,,,,,,
,22-00,11.7,54,0.94,1028.6511182086956,0,1,70,93,,,,,,,,
,23-00,11.7,48,0.94,914.3565495188403,0,1,70,93,,,,,,,,
,24-00,11.7,44,0.94,838.1601703922704,0,1,70,93,,,,,,,,
2021-11-27,01-00,11.6,82,0.93,1532.1998571883498,0,1,73,91,,,,,,,,
,02-00,11.6,82,0.93,1532.1998571883498,0,1,73,91,,,,,,,,
,03-00,11.6,82,0.93,1532.1998571883498,0,1,73,91,,,,,,,,
,04-00,11.6,82,0.93,1532.1998571883498,0,1,81,42,,,,,,,,
,05-00,11.4,84,0.93,1542.509023595,0,1,81,42,,,,,,,,
,06-00,11.4,84,0.93,1542.509023595,0,1,81,42,,,,,,,,
,07-00,11.5,97,0.93,1796.8554885340666,0,1,84,28,,,,,,,,
,08-00,11.4,115,0.93,2111.768306112202,0,1,84,28,,,,,,,,
,09-00,11.4,115,0.93,2111.768306112202,0,1,84,28,,,,,,,,
,10-00,11.4,112,0.93,2056.6786981266664,0,1,81,44,,,,,,,,
,11-00,11.6,112,0.93,2092.760780549941,0,1,81,44,,,,,,,,
,12-00,11.4,106,0.93,1946.4994821555952,0,1,81,44,,,,,,,,
,13-00,11.5,108,0.93,2000.6226057905074,0,1,72,77,,,,,,,,
,14-00,11.5,108,0.93,2000.6226057905074,0,1,72,77,,,,,,,,
,15-00,11.5,108,0.93,2000.6226057905074,0,1,72,77,,,,,,,,
,16-00,11.4,102,0.93,1873.0466715082143,0,1,70,81,,,,,,,,
,17-00,11.5,100,0.93,1852.4283386949144,0,1,70,81,,,,,,,,
,18-00,11.5,104,0.93,1926.5254722427107,0,1,70,81,,,,,,,,
,19-00,11.6,62,0.93,1158.492574947289,0,1,71,93,,,,,,,,
,20-00,11.6,61,0.93,1139.807210835236,0,1,71,93,,,,,,,,
,21-00,11.6,57,0.93,1065.0657543870236,0,1,71,93,,,,,,,,
,22-00,11.7,52,0.93,980.0151315321616,0,1,68,92,,,,,,,,
,23-00,11.7,44,0.93,829.2435728349059,0,1,68,92,,,,,,,,
,24-00,11.7,44,0.93,829.2435728349059,0,1,68,92,,,,,,,,
2021-11-28,01-00,11.6,72,0.95,1374.2783927574499,1,1,69,79,,,,,,,,
,02-00,11.6,72,0.95,1374.2783927574499,1,1,69,79,,,,,,,,
,03-00,11.6,72,0.95,1374.2783927574499,1,1,69,79,,,,,,,,
,04-00,11.5,72,0.95,1362.4311652336787,1,1,81,38,,,,,,,,
,05-00,11.5,72,0.95,1362.4311652336787,1,1,81,38,,,,,,,,
,06-00,11.5,74,0.95,1400.2764753790586,1,1,81,38,,,,,,,,
,07-00,11.4,96,0.95,1800.7785836132102,1,1,85,28,,,,,,,,
,08-00,11.4,104,0.95,1950.8434655809776,1,1,85,28,,,,,,,,
,09-00,11.6,116,0.95,2214.115188331447,1,1,85,28,,,,,,,,
,10-00,11.4,122,0.95,2288.4894500084547,1,1,81,44,,,,,,,,
,11-00,11.5,116,0.95,2195.027988432038,1,1,81,44,,,,,,,,
,12-00,11.5,113,0.95,2138.260023213968,1,1,81,44,,,,,,,,
,13-00,11.5,107,0.95,2024.7240927778282,1,1,73,72,,,,,,,,
,14-00,11.5,107,0.95,2024.7240927778282,1,1,73,72,,,,,,,,
,15-00,11.5,107,0.95,2024.7240927778282,1,1,73,72,,,,,,,,
,16-00,11.5,110,0.95,2081.492057995898,1,1,73,76,,,,,,,,
,17-00,11.5,113,0.95,2138.260023213968,1,1,73,76,,,,,,,,
,18-00,11.5,83,0.95,1570.5803710332686,1,1,73,76,,,,,,,,
,19-00,11.6,82,0.95,1565.15039175154,1,1,68,92,,,,,,,,
,20-00,11.6,60,0.95,1145.2319939645415,1,1,68,92,,,,,,,,
,21-00,11.6,58,0.95,1107.0575941657235,1,1,68,92,,,,,,,,
,22-00,11.6,54,0.95,1030.7087945680873,1,1,71,82,,,,,,,,
,23-00,11.6,48,0.95,916.1855951716332,1,1,71,82,,,,,,,,
,24-00,11.7,44,0.95,847.0767679496349,1,1,71,82,,,,,,,,
2021-11-29,01-00,11.6,72,0.91,1316.4140393781888,0,1,73,59,,,,,,,,
,02-00,11.6,72,0.91,1316.4140393781888,0,1,73,59,,,,,,,,
,03-00,11.5,72,0.91,1305.0656424869976,0,1,73,59,,,,,,,,
,04-00,11.5,72,0.91,1305.0656424869976,0,1,79,47,,,,,,,,
,05-00,11.4,74,0.91,1329.6538357512454,0,1,79,47,,,,,,,,
,06-00,11.4,74,0.91,1329.6538357512454,0,1,79,47,,,,,,,,
,07-00,11.3,93,0.91,1656.3930962434613,0,1,82,36,,,,,,,,
,08-00,11.3,97,0.91,1727.6358100603843,0,1,82,36,,,,,,,,
,09-00,11.4,105,0.91,1886.670983160551,0,1,82,36,,,,,,,,
,10-00,11.4,105,0.91,1886.670983160551,0,1,80,47,,,,,,,,
,11-00,11.5,99,0.91,1794.4652584196217,0,1,80,47,,,,,,,,
,12-00,11.5,99,0.91,1794.4652584196217,0,1,80,47,,,,,,,,
,13-00,11.5,99,0.91,1794.4652584196217,0,1,75,67,,,,,,,,
,14-00,11.5,99,0.91,1794.4652584196217,0,1,75,67,,,,,,,,
,15-00,11.5,103,0.91,1866.9689052244548,0,1,75,67,,,,,,,,
,16-00,11.5,103,0.91,1866.9689052244548,0,1,72,74,,,,,,,,
,17-00,11.5,97,0.91,1758.213435017205,0,1,72,74,,,,,,,,
,18-00,11.6,96,0.91,1755.2187191709183,0,1,72,74,,,,,,,,
,19-00,11.6,62,0.91,1133.5787561312181,0,1,72,80,,,,,,,,
,20-00,11.6,60,0.91,1097.011699481824,0,1,72,80,,,,,,,,
,21-00,11.6,58,0.91,1060.44464283243,0,1,72,80,,,,,,,,
,22-00,11.6,54,0.91,987.3105295336417,0,1,72,89,,,,,,,,
,23-00,11.6,48,0.91,877.6093595854592,0,1,72,89,,,,,,,,
,24-00,11.7,44,0.91,811.4103777201767,0,1,72,89,,,,,,,,
2021-11-30,01-00,11.5,84,0.93,1556.039804503728,0,1,74,51,,,,,,,,
,02-00,11.5,84,0.93,1556.039804503728,0,1,74,51,,,,,,,,
,03-00,11.5,84,0.93,1556.039804503728,0,1,74,51,,,,,,,,
,04-00,11.5,84,0.93,1556.039804503728,0,1,83,35,,,,,,,,
,05-00,11.4,84,0.93,1542.509023595,0,1,83,35,,,,,,,,
,06-00,11.3,84,0.93,1528.978242686272,0,1,83,35,,,,,,,,
,07-00,11.4,101,0.93,1854.683468846369,0,1,85,30,,,,,,,,
,08-00,11.3,111,0.93,2020.435534978288,0,1,85,30,,,,,,,,
,09-00,11.4,112,0.93,2056.6786981266664,0,1,85,30,,,,,,,,
,10-00,11.4,112,0.93,2056.6786981266664,0,1,80,35,,,,,,,,
,11-00,11.4,112,0.93,2056.6786981266664,0,1,80,35,,,,,,,,
,12-00,11.5,116,0.93,2148.8168728861006,0,1,80,35,,,,,,,,
,13-00,11.5,107,0.93,1982.0983224035583,0,1,73,71,,,,,,,,
,14-00,11.4,106,0.93,1946.4994821555952,0,1,73,71,,,,,,,,
,15-00,11.4,112,0.93,2056.6786981266664,0,1,73,71,,,,,,,,
,16-00,11.5,117,0.93,2167.34115627305,0,1,70,74,,,,,,,,
,17-00,11.4,107,0.93,1964.8626848174404,0,1,70,74,,,,,,,,
,18-00,11.6,102,0.93,1905.907139429411,0,1,70,74,,,,,,,,
,19-00,11.6,62,0.93,1158.492574947289,0,1,71,80,,,,,,,,
,20-00,11.8,61,0.93,1159.4590592979125,0,1,71,80,,,,,,,,
,21-00,11.6,57,0.93,1065.0657543870236,0,1,71,80,,,,,,,,
,22-00,11.6,50,0.93,934.2682056026523,0,1,67,88,,,,,,,,
,23-00,11.7,44,0.93,829.2435728349059,0,1,67,88,,,,,,,,
,24-00,11.7,44,0.93,829.2435728349059,0,1,67,88,,,,,,,,
2021-12-01,01-00,11.8,74,0.94,1421.681159258995,0,1,71,76,,,,,,,,
,02-00,11.8,74,0.94,1421.681159258995,0,1,71,76,,,,,,,,
,03-00,11.8,74,0.94,1421.681159258995,0,1,71,76,,,,,,,,
,04-00,11.8,74,0.94,1421.681159258995,0,1,82,40,,,,,,,,
,05-00,11.8,74,0.94,1421.681159258995,0,1,82,40,,,,,,,,
,06-00,11.8,81,0.94,1556.1645121618728,0,1,82,40,,,,,,,,
,07-00,11.8,102,0.94,1959.6145708705062,0,1,85,30,,,,,,,,
,08-00,11.8,112,0.94,2151.7336464460464,0,1,85,30,,,,,,,,
,09-00,11.4,120,0.94,2227.278774468971,0,1,85,30,,,,,,,,
,10-00,11.4,126,0.94,2338.6427131924193,0,1,81,40,,,,,,,,
,11-00,11.4,133,0.94,2468.5673083697757,0,1,81,40,,,,,,,,
,12-00,11.4,126,0.94,2338.6427131924193,0,1,81,40,,,,,,,,
,13-00,11.5,112,0.94,2097.028553739791,0,1,73,76,,,,,,,,
,14-00,11.5,124,0.94,2321.7101844976255,0,1,73,76,,,1.0,,,,,
,15-00,11.4,119,0.94,2208.7181180150624,0,1,73,76,,,1.0,,,,,
,16-00,11.4,112,0.94,2078.7935228377055,0,1,71,87,,,,,,,,
,17-00,11.5,98,0.94,1834.899984522317,0,1,71,87,,,,,,,,
,18-00,11.6,62,0.94,1170.9494843553243,0,1,71,87,,,,,,,,
,19-00,11.6,63,0.94,1189.835766361055,0,1,68,84,,,,,,,,
,20-00,11.6,61,0.94,1152.0632023495932,0,1,68,84,,,,,,,,
,21-00,11.6,54,0.94,1019.8592283094758,0,1,68,84,,,,,,,,
,22-00,11.6,53,0.94,1000.9729463037448,0,1,67,94,,,,,,,,
,23-00,11.6,46,0.94,868.7689722636276,0,1,67,94,,,,,,,,
,24-00,11.6,44,0.94,830.9964082521655,0,1,67,94,,,,,,,,
2021-12-02,01-00,11.6,74,0.95,1412.4527925562677,0,1,69,91,,,,,,,,
,02-00,11.6,74,0.95,1412.4527925562677,0,1,69,91,,,,,,,,
,03-00,11.6,74,0.95,1412.4527925562677,0,1,69,91,,,,,,,,
,04-00,11.5,78,0.95,1475.9670956698187,0,1,78,61,,,,,,,,
,05-00,11.5,78,0.95,1475.9670956698187,0,1,78,61,,,,,,,,
,06-00,11.4,90,0.95,1688.2299221373844,0,1,78,61,,,,,,,,
,07-00,11.2,104,0.95,1916.6181416234165,0,1,84,40,,,,,,,,
,08-00,11.5,121,0.95,2289.641263795488,0,1,84,40,,,,,,,,
,09-00,11.5,117,0.95,2213.950643504728,0,1,84,40,,,,,,,,
,10-00,11.5,113,0.95,2138.260023213968,0,1,81,45,,,,,,,,
,11-00,11.5,115,0.95,2176.1053333593477,0,1,81,45,,,,,,,,
,12-00,11.6,122,0.95,2328.638387727901,0,1,81,45,,1.0,,1.0,,,,
,13-00,11.3,122,0.95,2268.4149811487314,0,1,76,67,,,,,,,,
,14-00,11.3,120,0.95,2231.2278503102275,0,1,76,67,,,,,,,,
,15-00,11.3,118,0.95,2194.0407194717236,0,1,76,67,,,,,,,,
,16-00,11.3,118,0.95,2194.0407194717236,0,1,73,83,,,,,,,,
,17-00,11.3,115,0.95,2138.260023213968,0,1,73,83,,,,,,,,
,18-00,11.3,105,0.95,1952.3243690214495,0,1,73,83,,,,,,,,
,19-00,11.6,63,0.95,1202.4935936627685,0,1,69,95,,,,,,,,
,20-00,11.6,60,0.95,1145.2319939645415,0,1,69,95,,,,,,,,
,21-00,11.6,54,0.95,1030.7087945680873,0,1,69,95,,,,,,,,
,22-00,11.6,51,0.95,973.4471948698603,0,1,70,93,,,,,,,,
,23-00,11.6,46,0.95,878.0111953728151,0,1,70,93,,,,,,,,
,24-00,11.6,44,0.95,839.836795573997,0,1,70,93,,,,,,,,
2021-12-03,01-00,11.6,79,0.94,1492.0162784527517,0,1,73,81,,,,,,,,
,02-00,11.6,79,0.94,1492.0162784527517,0,1,73,81,,,,,,,,
,03-00,11.6,79,0.94,1492.0162784527517,0,1,73,81,,,,,,,,
,04-00,11.6,79,0.94,1492.0162784527517,0,1,80,59,,,,,,,,
,05-00,11.5,86,0.94,1610.2183537644823,0,1,80,59,,,,,,,,
,06-00,11.3,93,0.94,1710.9994620536852,0,1,80,59,,,,,,,,
,07-00,11.3,105,0.94,1931.7735861896447,0,1,86,41,,,,,,,,
,08-00,11.4,119,0.94,2208.7181180150624,0,1,86,41,,,,,,,,
,09-00,11.4,126,0.94,2338.6427131924193,0,1,86,41,,,,,,,,
,10-00,11.4,121,0.94,2245.839430922879,0,1,80,56,,,,,,,,
,11-00,11.5,128,0.94,2396.6040614169037,0,1,80,56,,1.0,,,,,,
,12-00,11.4,124,0.94,2301.521400284603,0,1,80,56,,,,,,,,
,13-00,11.5,126,0.94,2359.1571229572646,0,1,73,79,,,,,,,,
,14-00,11.5,124,0.94,2321.7101844976255,0,1,73,79,,,,,,,,
,15-00,11.5,122,0.94,2284.2632460379864,0,1,73,79,,,,,,,,
,16-00,11.4,126,0.94,2338.6427131924193,0,1,70,85,,,,,,,,
,17-00,11.5,120,0.94,2246.8163075783473,0,1,70,85,,,,,,,,
,18-00,11.7,112,0.94,2133.498615543961,0,1,70,85,,,,,,,,
,19-00,11.6,62,0.94,1170.9494843553243,0,1,72,86,,,,,,,,
,20-00,11.6,62,0.94,1170.9494843553243,0,1,72,86,,,,,,,,
,21-00,11.6,54,0.94,1019.8592283094758,0,1,72,86,,,,,,,,
,22-00,11.7,48,0.94,914.3565495188403,0,1,67,92,,,,,,,,
,23-00,11.7,44,0.94,838.1601703922704,0,1,67,92,,,,,,,,
,24-00,11.7,44,0.94,838.1601703922704,0,1,67,92,,,,,,,,
2021-12-04,01-00,11.6,74,0.94,1397.5848684240966,0,1,71,82,,,,,,,,
,02-00,11.6,74,0.94,1397.5848684240966,0,1,71,82,,,,,,,,
,03-00,11.6,74,0.94,1397.5848684240966,0,1,71,82,,,,,,,,
,04-00,11.6,74,0.94,1397.5848684240966,0,1,71,82,,,,,,,,
,05-00,11.5,78,0.94,1460.430599925926,0,1,71,82,,,,,,,,
,06-00,11.6,96,0.94,1813.0830725501794,0,1,84,31,,,,,,,,
,07-00,11.4,116,0.94,2153.036148653338,0,1,84,31,,,,,,,,
,08-00,11.4,124,0.94,2301.521400284603,0,1,84,31,,,,,,,,
,09-00,11.5,129,0.94,2415.327530646723,0,1,84,31,,,,,,,,
,10-00,11.5,124,0.94,2321.7101844976255,0,1,81,40,,,,,,,,
,11-00,11.4,124,0.94,2301.521400284603,0,1,81,40,,,,,,,,
,12-00,11.5,126,0.94,2359.1571229572646,0,1,81,40,,,,,,,,
,13-00,11.5,131,0.94,2452.7744691063626,0,1,72,76,,,,,,,,
,14-00,11.5,130,0.94,2434.050999876543,0,1,72,76,,,,,,,,
,15-00,11.4,131,0.94,2431.4459954619592,0,1,72,76,,,,,,,,
,16-00,11.4,134,0.94,2487.1279648236837,0,1,69,85,,,,,,,,
,17-00,11.5,122,0.94,2284.2632460379864,0,1,69,85,,,,,,,,
,18-00,11.7,115,0.94,2190.6458998888884,0,1,69,85,,,,,,,,
,19-00,11.7,62,0.94,1181.0438764618355,0,1,68,88,,,,,,,,
,20-00,11.7,50,0.94,952.4547390821253,0,1,68,88,,,,,,,,
,21-00,11.7,55,0.94,1047.700212990338,0,1,68,88,,,,,,,,
,22-00,11.7,50,0.94,952.4547390821253,0,1,68,88,,,,,,,,
,23-00,11.7,44,0.94,838.1601703922704,0,1,68,88,,,,,,,,
,24-00,11.7,44,0.94,838.1601703922704,0,1,71,89,,,,,,,,
2021-12-05,01-00,11.6,74,0.94,1397.5848684240966,1,1,71,89,,,,,,,,
,02-00,11.6,74,0.94,1397.5848684240966,1,1,71,89,,,,,,,,
,03-00,11.6,74,0.94,1397.5848684240966,1,1,71,89,,,,,,,,
,04-00,11.5,74,0.94,1385.5367230066474,1,1,81,48,,,,,,,,
,05-00,11.4,80,0.94,1484.8525163126471,1,1,81,48,,,,,,,,
,06-00,11.3,93,0.94,1710.9994620536852,1,1,81,48,,,,,,,,
,07-00,11.2,104,0.94,1896.4432138168543,1,1,85,32,,,,,,,,
,08-00,11.4,112,0.94,2078.7935228377055,1,1,85,32,,,,,,,,
,09-00,11.4,139,0.94,2579.931247093224,1,1,85,32,,,,,,,,
,10-00,11.3,147,0.94,2704.4830206655024,1,1,82,44,,,,,,,,
,11-00,11.3,151,0.94,2778.0743953774886,1,1,82,44,,,,,,,,
,12-00,11.3,151,0.94,2778.0743953774886,1,1,82,44,,,,,,,,
,13-00,11.4,146,0.94,2709.855842270581,1,1,73,81,,,,,,,,
,14-00,11.5,138,0.94,2583.8387537150993,1,1,73,81,,,,,,,,
,15-00,11.5,138,0.94,2583.8387537150993,1,1,73,81,,,,,,,,
,16-00,11.4,139,0.94,2579.931247093224,1,1,70,87,,,,,,,,
,17-00,11.5,120,0.94,2246.8163075783473,1,1,70,87,,,,,,,,
,18-00,11.6,118,0.94,2228.581276676262,1,1,70,87,,,,,,,,
,19-00,11.7,62,0.94,1181.0438764618355,1,1,70,87,,,,,,,,
,20-00,11.7,58,0.94,1104.8474973352654,1,1,67,90,,,,,,,,
,21-00,11.7,55,0.94,1047.700212990338,1,1,67,90,,,,,,,,
,22-00,11.7,50,0.94,952.4547390821253,1,1,67,90,,,,,,,,
,23-00,11.7,44,0.94,838.1601703922704,1,1,67,90,,,,,,,,
,24-00,11.7,44,0.94,838.1601703922704,1,1,67,90,,,,,,,,
2021-12-06,01-00,11.5,83,0.95,1570.5803710332686,0,1,72,84,,,,,,,,
,02-00,11.5,83,0.95,1570.5803710332686,0,1,72,84,,,,,,,,
,03-00,11.5,83,0.95,1570.5803710332686,0,1,72,84,,,,,,,,
,04-00,11.5,83,0.95,1570.5803710332686,0,1,83,56,,,,,,,,
,05-00,11.4,89,0.95,1669.4718118914136,0,1,83,56,,,,,,,,
,06-00,11.2,99,0.95,1824.4730386607523,0,1,83,56,,,,,,,,
,07-00,11.2,117,0.95,2156.1954093263435,0,1,87,39,,,,,,,,
,08-00,11.3,125,0.95,2324.195677406487,0,1,87,39,,,,,,,,
,09-00,11.2,132,0.95,2432.6307182143364,0,1,87,39,,,,,,,,
,10-00,11.3,128,0.95,2379.9763736642426,0,1,82,55,,,,,,,,
,11-00,11.2,130,0.95,2395.7726770292707,0,1,82,55,,,,,,,,
,12-00,11.4,130,0.95,2438.554331976222,0,1,82,55,,,,,,,,
,13-00,11.4,124,0.95,2326.0056705003967,0,1,73,78,,,,,,,,
,14-00,11.4,122,0.95,2288.4894500084547,0,1,73,78,,,,,,,,
,15-00,11.4,122,0.95,2288.4894500084547,0,1,73,78,,,,,,,,
,16-00,11.3,124,0.95,2305.602111987235,0,1,70,83,,,,,,,,
,17-00,11.4,116,0.95,2175.9407885326286,0,1,70,83,,,,,,,,
,18-00,11.8,109,0.95,2116.3755612603354,0,1,70,83,,,,,,,,
,19-00,11.7,61,0.95,1174.356428293812,0,1,68,90,,,,,,,,
,20-00,11.7,61,0.95,1174.356428293812,0,1,68,90,,,,,,,,
,21-00,11.6,51,0.95,973.4471948698603,0,1,68,90,,,,,,,,
,22-00,11.6,49,0.95,935.2727950710422,0,1,66,92,,,,,,,,
,23-00,11.6,44,0.95,839.836795573997,0,1,66,92,,,,,,,,
,24-00,11.5,44,0.95,832.5968231983592,0,1,66,92,,,,,,,,
2021-12-07,01-00,11.4,69,0.94,1280.6852953196578,0,1,71,89,,,,,,,,
,02-00,11.4,69,0.94,1280.6852953196578,0,1,71,89,,,,,,,,
,03-00,11.4,69,0.94,1280.6852953196578,0,1,71,89,,,,,,,,
,04-00,11.4,69,0.94,1280.6852953196578,0,1,81,52,,,,,,,,
,05-00,11.4,78,0.94,1447.7312034048307,0,1,81,52,,,,,,,,
,06-00,11.4,89,0.94,1651.8984243978198,0,1,81,52,,,,,,,,
,07-00,11.2,134,0.94,2443.494140879408,0,1,84,37,,,,,,,,
,08-00,11.2,144,0.94,2625.84444990026,0,1,84,37,,,,,,,,
,09-00,11.5,149,0.94,2789.7969152431147,0,1,84,37,,,,,,,,
,10-00,11.5,140,0.94,2621.2856921747384,0,1,81,44,,,,,,,,
,11-00,11.5,144,0.94,2696.1795690940166,0,1,81,44,,,,,,,,
,12-00,11.4,139,0.94,2579.931247093224,0,1,81,44,,,,,,,,
,13-00,11.6,141,0.94,2662.965762808076,0,1,73,79,,,,,,,,
,14-00,11.2,136,0.94,2479.9642026835786,0,1,73,79,,,,,,,,
,15-00,11.3,120,0.94,2207.741241359594,0,1,73,79,,,1.0,,,,,
,16-00,11.2,132,0.94,2407.024079075238,0,1,70,89,,,1.0,,,,,
,17-00,11.5,140,0.94,2621.2856921747384,0,1,70,89,,,,,,,,
,18-00,11.7,122,0.94,2323.989563360386,0,1,70,89,,,,,,,,
,19-00,11.7,61,0.94,1161.994781680193,0,1,67,90,,,,,,,,
,20-00,11.6,61,0.94,1152.0632023495932,0,1,67,90,,,,,,,,
,21-00,11.6,51,0.94,963.2003822922828,0,1,67,90,,,,,,,,
,22-00,11.6,49,0.94,925.4278182808206,0,1,67,94,,,,,,,,
,23-00,11.6,44,0.94,830.9964082521655,0,1,67,94,,,,,,,,
,24-00,11.5,44,0.94,823.8326461120607,0,1,67,94,,,,,,,,
2021-12-08,01-00,11.4,84,0.93,1542.509023595,0,1,70,89,,,,,,,,
,02-00,11.4,84,0.93,1542.509023595,0,1,70,89,,,,,,,,
,03-00,11.4,84,0.93,1542.509023595,0,1,70,89,,,,,,,,
,04-00,11.4,84,0.93,1542.509023595,0,1,80,50,,,,,,,,
,05-00,11.3,88,0.93,1601.7867304332374,0,1,80,50,,,,,,,,
,06-00,11.2,100,0.93,1804.1041211637423,0,1,80,50,,,,,,,,
,07-00,11.5,120,0.93,2222.9140064338967,0,1,85,30,,,,,,,,
,08-00,11.4,137,0.93,2515.7587646727975,0,1,85,30,,,,,,,,
,09-00,11.4,137,0.93,2515.7587646727975,0,1,85,30,,,,,,,,
,10-00,11.5,132,0.93,2445.205407077287,0,1,82,36,,,,,,,,
,11-00,11.5,130,0.93,2408.1568403033884,0,1,82,36,,,,,,,,
,12-00,11.5,128,0.93,2371.1082735294904,0,1,82,36,,,,,,,,
,13-00,11.6,128,0.93,2391.72660634279,0,1,74,78,,,,,,,,
,14-00,11.4,128,0.93,2350.48994071619,0,1,74,78,,,,,,,,
,15-00,11.4,130,0.93,2387.2163460398806,0,1,74,78,,,,,,,,
,16-00,11.4,127,0.93,2332.126738054345,0,1,70,87,,,,,,,,
,17-00,11.6,124,0.93,2316.985149894578,0,1,70,87,,,,,,,,
,18-00,11.8,118,0.93,2242.888016346781,0,1,70,87,,,,,,,,
,19-00,11.7,62,0.93,1168.479579903731,0,1,68,92,,,,,,,,
,20-00,11.7,59,0.93,1111.94024539226,0,1,68,92,,,,,,,,
,21-00,11.7,52,0.93,980.0151315321616,0,1,68,92,,,,,,,,
,22-00,11.7,49,0.93,923.4757970206906,0,1,69,92,,,,,,,,
,23-00,11.6,45,0.93,840.8413850423872,0,1,69,92,,,,,,,,
,24-00,11.6,44,0.93,822.1560209303341,0,1,69,92,,,,,,,,
2021-12-09,01-00,11.4,81,0.92,1471.4256584523732,0,1,73,84,,,,,,,,
,02-00,11.4,81,0.92,1471.4256584523732,0,1,73,84,,,,,,,,
,03-00,11.4,81,0.92,1471.4256584523732,0,1,73,84,,,,,,,,
,04-00,11.4,81,0.92,1471.4256584523732,0,1,82,58,,,,,,,,
,05-00,11.3,96,0.92,1728.6144187666607,0,1,82,58,,,,,,,,
,06-00,11.2,111,0.92,1981.022718852058,0,1,82,58,,,,,,,,
,07-00,11.5,122,0.92,2235.661900377604,0,1,87,45,,,,,,,,
,08-00,11.4,135,0.92,2452.376097420622,0,1,87,45,,,,,,,,
,09-00,11.5,132,0.92,2418.912875818391,0,1,87,45,,,,,,,,
,10-00,11.5,130,0.92,2382.2626807302336,0,1,81,51,,,,,,,,
,11-00,11.5,130,0.92,2382.2626807302336,0,1,81,51,,,,,,,,
,12-00,11.5,99,0.92,1814.1846568637934,0,1,81,51,,,,,,,,
,13-00,11.6,136,0.92,2513.8846856990076,0,1,75,70,,,,,,,,
,14-00,11.6,118,0.92,2181.1646537682564,0,1,75,70,,,,,,,,
,15-00,11.6,128,0.92,2366.009115952007,0,1,75,70,,,,,,,,
,16-00,11.6,132,0.92,2439.9469008255073,0,1,71,87,,,,,,,,
,17-00,11.5,124,0.92,2272.312095465761,0,1,71,87,,,,,1.0,,,
,18-00,11.8,107,0.92,2011.9363616655473,0,1,71,87,,,,,1.0,,,
,19-00,11.7,61,0.92,1137.271488452955,0,1,69,90,,,,,,,,
,20-00,11.7,59,0.92,1099.9838986676123,0,1,69,90,,,,,,,,
,21-00,11.8,52,0.92,977.7634654823221,0,1,69,90,,,,,,,,
,22-00,11.8,49,0.92,921.3540347814188,0,1,68,92,,,,,,,,
,23-00,11.8,44,0.92,827.3383169465802,0,1,68,92,,,,,,,,
,24-00,11.8,44,0.92,827.3383169465802,0,1,68,92,,,,,,,,
2021-12-10,01-00,11.7,88,0.94,1676.3203407845408,0,1,71,91,,,,,,,,
,02-00,11.7,88,0.94,1676.3203407845408,0,1,71,91,,,,,,,,
,03-00,11.7,88,0.94,1676.3203407845408,0,1,71,91,,,,,,,,
,04-00,11.6,88,0.94,1661.992816504331,0,1,79,72,,,,,,,,
,05-00,11.6,93,0.94,1756.4242265329863,0,1,79,72,,,,,,,,
,06-00,11.5,103,0.94,1928.5173306714148,0,1,79,72,,,,,,,,
,07-00,11.4,127,0.94,2357.2033696463272,0,1,81,54,,,,,,,,
,08-00,11.4,138,0.94,2561.3705906393157,0,1,81,54,,,,,,,,
,09-00,11.4,141,0.94,2617.0525600010405,0,1,81,54,,,,,,,,
,10-00,11.6,136,0.94,2568.5343527794207,0,1,79,57,,,,,,,,
,11-00,11.5,136,0.94,2546.3918152554606,0,1,79,57,,,,,,,,
,12-00,11.5,132,0.94,2471.497938336182,0,1,79,57,,,,,,,,
,13-00,11.6,130,0.94,2455.2166607450345,0,1,73,86,,,,,,,,
,14-00,11.6,130,0.94,2455.2166607450345,0,1,73,86,,,,,,,,
,15-00,11.2,128,0.94,2334.0839554668974,0,1,73,86,,,,,,,,
,16-00,11.7,122,0.94,2323.989563360386,0,1,70,91,,,,,,,,
,17-00,11.7,118,0.94,2247.793184233816,0,1,70,91,,,,,,,,
,18-00,11.9,112,0.94,2169.9686773481317,0,1,70,91,,,,,,,,
,19-00,11.7,61,0.94,1161.994781680193,0,1,70,91,,,,,,,,
,20-00,11.7,59,0.94,1123.896592116908,0,1,68,94,,,,,,,,
,21-00,11.7,56,0.94,1066.7493077719805,0,1,68,94,,,,,,,,
,22-00,11.8,50,0.94,960.5953778776992,0,1,68,94,,,,,,,,
,23-00,11.8,45,0.94,864.5358400899293,0,1,68,94,,,,,,,,
,24-00,11.8,44,0.94,845.3239325323754,0,1,68,94,,,,,,,,
2021-12-11,01-00,11.7,88,0.92,1640.6539505550827,0,1,69,96,,,,,,,,
,02-00,11.7,88,0.92,1640.6539505550827,0,1,69,96,,,,,,,,
,03-00,11.7,90,0.92,1677.9415403404253,0,1,69,96,,,,,,,,
,04-00,11.6,92,0.92,1700.5690520905052,0,1,82,49,,,,,,,,
,05-00,11.4,95,0.92,1725.7461426293266,0,1,82,49,,,,,,,,
,06-00,11.3,106,0.92,1908.678420721521,0,1,82,49,,,,,,,,
,07-00,11.5,116,0.92,2125.7113151131316,0,1,86,36,,,,,,,,
,08-00,11.2,140,0.92,2498.5872129665595,0,1,86,36,,,,,,,,
,09-00,11.2,140,0.92,2498.5872129665595,0,1,86,36,,,,,,,,
,10-00,11.8,136,0.92,2557.227525107611,0,1,79,44,,,,,,,,
,11-00,11.5,155,0.92,2840.3901193322017,0,1,79,44,,,,,,,,
,12-00,11.6,152,0.92,2809.6358251930087,0,1,79,44,1.0,,,,,,,
,13-00,11.6,147,0.92,2717.2135941011334,0,1,71,76,1.0,,,,,,,
,14-00,11.4,147,0.92,2670.3650838580106,0,1,71,76,,,,,,,,
,15-00,11.4,155,0.92,2815.6910748162695,0,1,71,76,,,,,,,,
,16-00,11.4,155,0.92,2815.6910748162695,0,1,69,81,,,,,,,,
,17-00,11.4,146,0.92,2652.199334988228,0,1,69,81,,,,,,,,
,18-00,11.8,134,0.92,2519.621237973676,0,1,69,81,,,,,,,,
,19-00,11.7,61,0.92,1137.271488452955,0,1,69,94,,,,,,,,
,20-00,11.7,59,0.92,1099.9838986676123,0,1,69,94,,,,,,,,
,21-00,11.7,56,0.92,1044.052513989598,0,1,69,94,,,,,,,,
,22-00,11.8,50,0.92,940.1571783483865,0,1,65,92,,,,,,,,
,23-00,11.8,45,0.92,846.1414605135479,0,1,65,92,,,,,,,,
,24-00,11.8,44,0.92,827.3383169465802,0,1,65,92,,,,,,,,
2021-12-12,01-00,11.4,100,0.97,1915.3017830096642,1,1,68,94,,,,,,,,
,02-00,11.4,100,0.97,1915.3017830096642,1,1,68,94,,,,,,,,
,03-00,11.4,100,0.97,1915.3017830096642,1,1,68,94,,,,,,,,
,04-00,11.4,100,0.97,1915.3017830096642,1,1,82,46,,,,,,,,
,05-00,11.2,106,0.97,1994.6019971833978,1,1,82,46,,,,,,,,
,06-00,11.2,109,0.97,2051.0529971036826,1,1,82,46,,,,,,,,
,07-00,11.2,142,0.97,2672.013996226816,1,1,85,38,,,,,,,,
,08-00,11.3,169,0.97,3208.4665043978566,1,1,85,38,,,,,,,,
,09-00,11.3,171,0.97,3246.436522201381,1,1,85,38,,,,,,,,
,10-00,11.3,167,0.97,3170.4964865943316,1,1,78,44,,,,,,,,
,11-00,11.3,167,0.97,3170.4964865943316,1,1,78,44,,,,,,,,
,12-00,11.4,160,0.97,3064.482852815463,1,1,78,44,,,,,,,,
,13-00,11.4,142,0.97,2719.7285318737236,1,1,68,78,,,,,,,,
,14-00,11.5,152,0.97,2936.796067281485,1,1,68,78,,,,,,,,
,15-00,11.4,136,0.97,2604.8104248931436,1,1,68,78,,,,,,,,
,16-00,11.6,75,0.97,1461.6776765073753,1,1,65,84,,,,,,,,
,17-00,11.5,134,0.97,2589.01758562973,1,1,65,84,,,,,,,,
,18-00,11.4,118,0.97,2260.056103951404,1,1,65,84,,,,,,,,
,19-00,11.7,62,0.97,1218.7367661361495,1,1,67,88,,,,,,,,
,20-00,11.6,60,0.97,1169.3421412059001,1,1,67,88,,,,,,,,
,21-00,11.8,54,0.97,1070.5528913454018,1,1,67,88,,,,,,,,
,22-00,11.7,49,0.97,963.19518613986,1,1,62,93,,,,,,,,
,23-00,11.7,44,0.97,864.9099630643641,1,1,62,93,,,,,,,,
,24-00,11.7,44,0.97,864.9099630643641,1,1,62,93,,,,,,,,
2021-12-13,01-00,11.6,79,0.97,1539.6338192544354,0,1,67,94,,,,,,,,
,02-00,11.6,79,0.97,1539.6338192544354,0,1,67,94,,,,,,,,
,03-00,11.6,79,0.97,1539.6338192544354,0,1,67,94,,,,,,,,
,04-00,11.4,82,0.97,1570.547462067925,0,1,76,44,,,,,,,,
,05-00,11.4,82,0.97,1570.547462067925,0,1,76,44,,,,,,,,
,06-00,11.5,101,0.97,1951.4237026015132,0,1,76,44,,,,,,,,
,07-00,11.2,150,0.97,2822.549996014242,0,1,82,30,,,,,,,,
,08-00,11.5,172,0.97,3323.2166024501016,0,1,82,30,,,,,,,,
,09-00,11.5,171,0.97,3303.895575691671,0,1,82,30,,,,,,,,
,10-00,11.6,176,0.97,3430.0702808706405,0,1,79,40,,,,,,,,
,11-00,11.6,180,0.97,3508.026423617701,0,1,79,40,,,,,,,,
,12-00,11.6,171,0.97,3332.6251024368157,0,1,79,40,,,,,,,,
,13-00,11.6,163,0.97,3176.712816942696,0,1,70,80,,,,,,,,
,14-00,11.5,156,0.97,3014.0801743152088,0,1,70,80,,,,,,,,
,15-00,11.6,146,0.97,2845.3992102676903,0,1,70,80,,,,,,,,
,16-00,11.6,134,0.97,2611.5307820265107,0,1,67,88,,,,,,,,
,17-00,11.7,124,0.97,2437.473532272299,0,1,67,88,,,,,,,,
,18-00,11.8,118,0.97,2339.3563181251375,0,1,67,88,,,,,,,,
,19-00,11.7,62,0.97,1218.7367661361495,0,1,63,91,,,,,,,,
,20-00,11.6,58,0.97,1130.3640698323702,0,1,63,91,,,,,,,,
,21-00,11.6,53,0.97,1032.9188913985452,0,1,63,91,,,,,,,,
,22-00,11.7,49,0.97,963.19518613986,0,1,64,94,,,,,,,,
,23-00,11.7,45,0.97,884.5670076794634,0,1,64,94,,,,,,,,
,24-00,11.6,44,0.97,857.5175702176601,0,1,64,94,,,,,,,,
2021-12-14,01-00,11.6,81,0.96,1562.337541240048,0,1,66,94,,,,,,,,
,02-00,11.6,81,0.96,1562.337541240048,0,1,66,94,,,,,,,,
,03-00,11.6,81,0.96,1562.337541240048,0,1,66,94,,,,,,,,
,04-00,11.4,81,0.96,1535.4006870807373,0,1,77,47,,,,,,,,
,05-00,11.3,90,0.96,1691.0358444456463,0,1,77,47,,,,,,,,
,06-00,11.2,112,0.96,2085.7771516938233,0,1,77,47,,,,,,,,
,07-00,11.2,148,0.96,2756.205521881124,0,1,82,39,,,,,,,,
,08-00,11.8,176,0.96,3453.2381924726824,0,1,82,39,,,,,,,,
,09-00,11.8,187,0.96,3669.065579502225,0,1,82,39,,,,,,,,
,10-00,11.5,188,0.96,3594.906092125356,0,1,77,50,,,,,,,,
,11-00,11.6,183,0.96,3529.725556134924,0,1,77,50,,,,,,,,
,12-00,11.5,190,0.96,3633.1497739564766,0,1,77,50,,,,,,,,
,13-00,11.6,183,0.96,3529.725556134924,0,1,66,75,,,,,,,,
,14-00,11.5,167,0.96,3193.347432898587,0,1,66,75,1.0,,,,,,,
,15-00,11.7,172,0.96,3346.1558833455438,0,1,66,75,,,,,,,,
,16-00,11.3,184,0.96,3457.2288375333214,0,1,65,84,,,,,,,,
,17-00,11.7,134,0.96,2606.888885862226,0,1,65,84,1.0,,,,,,,
,18-00,11.7,125,0.96,2431.799333826703,0,1,65,84,,,,,,,,
,19-00,11.5,61,0.96,1166.4322958491846,0,1,65,92,,,,,,,,
,20-00,11.5,58,0.96,1109.0667731025035,0,1,65,92,,,,,,,,
,21-00,11.5,53,0.96,1013.4575685247014,0,1,65,92,,,,,,,,
,22-00,11.5,49,0.96,936.9702048624598,0,1,62,93,,,,,,,,
,23-00,11.5,44,0.96,841.3610002846577,0,1,62,93,,,,,,,,
,24-00,11.5,44,0.96,841.3610002846577,0,1,62,93,,,,,,,,
2021-12-15,01-00,11.2,90,0.96,1676.0709254682508,0,1,64,94,,,,,,,,
,02-00,11.2,90,0.96,1676.0709254682508,0,1,64,94,,,,,,,,
,03-00,11.2,90,0.96,1676.0709254682508,0,1,64,94,,,,,,,,
,04-00,11.2,90,0.96,1676.0709254682508,0,1,74,45,,,,,,,,
,05-00,11.2,99,0.96,1843.678018015076,0,1,74,45,,,,,,,,
,06-00,11.2,124,0.96,2309.2532750895903,0,1,74,45,,,,,,,,
,07-00,11.2,179,0.96,3333.5188406535212,0,1,80,30,,,,,,,,
,08-00,11.1,189,0.96,3488.3226136307976,0,1,80,30,,,,,,,,
,09-00,11.1,190,0.96,3506.7793470362512,0,1,80,30,,,,,,,,
,10-00,11.2,194,0.96,3612.8639948982295,0,1,77,40,,,,,,,,
,11-00,11.2,189,0.96,3519.748943483327,0,1,77,40,,,,,,,,
,12-00,11.2,191,0.96,3556.9949640492882,0,1,77,40,,,,,,,,
,13-00,11.3,187,0.96,3513.596699014843,0,1,66,77,,,,,,,,
,14-00,11.5,177,0.96,3384.5658420541913,0,1,66,77,,,,,,,,
,15-00,11.5,164,0.96,3135.981910151906,0,1,66,77,,,,,,,,
,16-00,11.6,155,0.96,2989.6582579284873,0,1,62,87,,,,,,,,
,17-00,11.7,144,0.96,2801.432832568362,0,1,62,87,,,,,,,,
,18-00,11.7,129,0.96,2509.616912509158,0,1,62,87,,,,,,,,
,19-00,11.6,62,0.96,1195.863303171395,0,1,63,91,,,,,,,,
,20-00,11.6,59,0.96,1137.9989497921338,0,1,63,91,,,,,,,,
,21-00,11.5,55,0.96,1051.7012503558221,0,1,63,91,,,,,,,,
,22-00,11.5,52,0.96,994.3357276091409,0,1,59,93,,,,,,,,
,23-00,11.5,47,0.96,898.726523031339,0,1,59,93,,,,,,,,
,24-00,11.5,42,0.96,803.1173184535369,0,1,59,93,,,,,,,,
2021-12-16,01-00,11.7,90,0.96,1750.8955203552264,0,1,62,91,,,,,,,,
,02-00,11.4,90,0.96,1706.0007634230412,0,1,62,91,,,,,,,,
,03-00,11.4,90,0.96,1706.0007634230412,0,1,62,91,,,,,,,,
,04-00,11.3,90,0.96,1691.0358444456463,0,1,75,34,,,,,,,,
,05-00,11.3,96,0.96,1803.7715674086894,0,1,75,34,,,,,,,,
,06-00,11.2,149,0.96,2774.828532164104,0,1,75,34,,,,,,,,
,07-00,11.6,158,0.96,3047.5226113077483,0,1,81,24,,,,,,,,
,08-00,11.6,189,0.96,3645.4542628934455,0,1,81,24,,,,,,,,
,09-00,11.7,204,0.96,3968.6965128051797,0,1,81,24,,,,,,,,
,10-00,11.4,201,0.96,3810.068371644792,0,1,76,30,,,,,,,,
,11-00,11.4,209,0.96,3961.7128839490624,0,1,76,30,,,,,,,,
,12-00,11.4,207,0.96,3923.801755872995,0,1,76,30,,,,,,,,
,13-00,11.4,202,0.96,3829.0239356828256,0,1,67,55,,,,,,,,
,14-00,11.8,199,0.96,3904.5136380799077,0,1,67,55,,,,1.0,,,,
,15-00,11.7,207,0.96,4027.0596968170203,0,1,67,55,,,,,1.0,,,
,16-00,11.7,219,0.96,4260.512432864383,0,1,63,84,,,,,1.0,,,
,17-00,11.4,200,0.96,3791.112807606758,0,1,63,84,,,,,,,,
,18-00,11.4,149,0.96,2824.379041667035,0,1,63,84,,,,,,,,
,19-00,11.6,62,0.96,1195.863303171395,0,1,60,91,,,,,,,,
,20-00,11.6,59,0.96,1137.9989497921338,0,1,60,91,,,,,,,,
,21-00,11.6,55,0.96,1060.8464786197858,0,1,60,91,,,,,,,,
,22-00,11.6,52,0.96,1002.9821252405246,0,1,60,93,,,,,,,,
,23-00,11.6,47,0.96,906.5415362750897,0,1,60,93,,,,,,,,
,24-00,11.6,44,0.96,848.6771828958287,0,1,60,93,,,,,,,,
2021-12-17,01-00,11.5,92,0.96,1759.209364231557,0,1,64,92,,,,,,,,
,02-00,11.5,92,0.96,1759.209364231557,0,1,64,92,,,,,,,,
,03-00,11.5,92,0.96,1759.209364231557,0,1,64,92,,,,,,,,
,04-00,11.4,99,0.96,1876.6008397653452,0,1,78,38,,,,,,,,
,05-00,11.3,114,0.96,2141.9787362978186,0,1,78,38,,,,,,,,
,06-00,11.2,144,0.96,2681.7134807492016,0,1,78,38,,,,,,,,
,07-00,11.3,187,0.96,3513.596699014843,0,1,82,26,,,,,,,,
,08-00,11.4,197,0.96,3734.246115492657,0,1,82,26,,,,,,,,
,09-00,11.4,209,0.96,3961.7128839490624,0,1,82,26,,,,,,,,
,10-00,11.4,216,0.96,4094.401832215299,0,1,77,31,,,,,,,,
,11-00,11.8,202,0.96,3963.375652724329,0,1,77,31,,,,,,,,
,12-00,11.4,209,0.96,3961.7128839490624,0,1,77,31,,,,,,,,
,13-00,11.5,212,0.96,4053.8302740988056,0,1,68,71,,,,,,,,
,14-00,11.8,212,0.96,4159.582368205731,0,1,68,71,,,,,,,,
,15-00,11.5,205,0.96,3919.9773876898826,0,1,68,71,,,,,,,,
,16-00,11.6,206,0.96,3973.352265375925,0,1,63,79,,,,,,,,
,17-00,11.7,196,0.96,3813.0613554402707,0,1,63,79,,,,,,,,
,18-00,11.6,148,0.96,2854.641433376878,0,1,63,79,,,,,,,,
,19-00,11.6,62,0.96,1195.863303171395,0,1,61,90,,,,,,,,
,20-00,11.7,62,0.96,1206.1724695780447,0,1,61,90,,,,,,,,
,21-00,11.7,54,0.96,1050.537312213136,0,1,61,90,,,,,,,,
,22-00,11.6,51,0.96,983.6940074474378,0,1,58,93,,,,,,,,
,23-00,11.6,45,0.96,867.9653006889157,0,1,58,93,,,,,,,,
,24-00,11.7,44,0.96,855.9933655069996,0,1,58,93,,,,,,,,
2021-12-18,01-00,11.4,89,0.96,1687.0451993850074,0,1,64,94,,,,,,,,
,02-00,11.4,89,0.96,1687.0451993850074,0,1,64,94,,,,,,,,
,03-00,11.4,89,0.96,1687.0451993850074,0,1,64,94,,,,,,,,
,04-00,11.4,102,0.96,1933.4675318794468,0,1,78,40,,,,,,,,
,05-00,11.4,107,0.96,2028.2453520696156,0,1,78,40,,,,,,,,
,06-00,11.3,169,0.96,3175.3895301257135,0,1,78,40,,,,,,,,
,07-00,11.2,189,0.96,3519.748943483327,0,1,83,34,,,,,,,,
,08-00,11.6,202,0.96,3896.199794203577,0,1,83,34,,,,,,,,
,09-00,11.7,213,0.96,4143.786064840702,0,1,83,34,,,,,,,,
,10-00,11.5,210,0.96,4015.5865922676844,0,1,76,32,,,,,,,,
,11-00,11.5,209,0.96,3996.464751352124,0,1,76,32,,,,,,,,
,12-00,11.5,224,0.96,4283.29236508553,0,1,76,32,,,,,,,,
,13-00,11.4,217,0.96,4113.357396253333,0,1,65,69,,,,,,,,
,14-00,11.5,218,0.96,4168.561319592168,0,1,65,69,,,,,,,,
,15-00,11.4,214,0.96,4056.490704139231,0,1,65,69,,,,,,,,
,16-00,11.6,202,0.96,3896.199794203577,0,1,63,75,,,,,,,,
,17-00,11.8,184,0.96,3610.2035648578044,0,1,63,75,,,,,,,,
,18-00,11.6,149,0.96,2873.929551169965,0,1,63,75,,,,,,,,
,19-00,11.7,61,0.96,1186.7180749074312,0,1,60,91,,,,,,,,
,20-00,11.7,58,0.96,1128.3548908955904,0,1,60,91,,,,,,,,
,21-00,11.7,56,0.96,1089.4461015543632,0,1,60,91,,,,,,,,
,22-00,11.6,47,0.96,906.5415362750897,0,1,60,93,,,,,,,,
,23-00,11.6,44,0.96,848.6771828958287,0,1,60,93,,,,,,,,
,24-00,11.6,44,0.96,848.6771828958287,0,1,60,93,,,,,,,,
2021-12-19,01-00,11.4,117,0.96,2217.8009924499534,1,1,64,91,,,,,,,,
,02-00,11.4,117,0.96,2217.8009924499534,1,1,64,91,,,,,,,,
,03-00,11.4,117,0.96,2217.8009924499534,1,1,64,91,,,,,,,,
,04-00,11.4,117,0.96,2217.8009924499534,1,1,73,32,,,,,,,,
,05-00,11.3,117,0.96,2198.34659777934,1,1,73,32,,,,,,,,
,06-00,11.2,164,0.96,3054.1736864088125,1,1,73,32,,,,,,,,
,07-00,11.7,214,0.96,4163.240459511316,1,1,81,30,,,,,,,,
,08-00,11.4,224,0.96,4246.046344519569,1,1,81,30,,,,,,,,
,09-00,11.6,227,0.96,4378.402739030753,1,1,81,30,,,,,,,,
,10-00,11.6,230,0.96,4436.267092410013,1,1,76,33,,,,,,,,
,11-00,11.4,222,0.96,4208.135216443501,1,1,76,33,,,,,,,,
,12-00,11.3,219,0.96,4114.853888151072,1,1,76,33,,,,,,,,
,13-00,11.4,224,0.96,4246.046344519569,1,1,67,68,,,,,,,,
,14-00,11.4,229,0.96,4340.824164709738,1,1,67,68,,,,,,,,
,15-00,11.4,214,0.96,4056.490704139231,1,1,67,68,,,,,,,,
,16-00,11.5,205,0.96,3919.9773876898826,1,1,63,87,,,,,,,,
,17-00,11.5,199,0.96,3805.24634219652,1,1,63,87,,,,,,,,
,18-00,11.9,184,0.96,3640.7985103227006,1,1,63,87,,,,,,,,
,19-00,11.7,60,0.96,1167.2636802368177,1,1,61,89,,,,,,,,
,20-00,11.7,56,0.96,1089.4461015543632,1,1,61,89,,,,,,,,
,21-00,11.7,55,0.96,1069.9917068837494,1,1,61,89,,,,,,,,
,22-00,11.7,47,0.96,914.3565495188404,1,1,58,93,,,,,,,,
,23-00,11.6,44,0.96,848.6771828958287,1,1,58,93,,,,,,,,
,24-00,11.6,44,0.96,848.6771828958287,1,1,58,93,,,,,,,,
2021-12-20,01-00,11.4,126,0.96,2388.401068792258,0,1,58,88,,,,,,,,
,02-00,11.4,126,0.96,2388.401068792258,0,1,58,88,,,,,,,,
,03-00,11.4,126,0.96,2388.401068792258,0,1,58,88,,,,,,,,
,04-00,11.4,126,0.96,2388.401068792258,0,1,72,35,,,,,,,,
,05-00,11.3,143,0.96,2686.8680639525264,0,1,72,35,,,,,,,,
,06-00,11.2,164,0.96,3054.1736864088125,0,1,72,35,,,,,,,,
,07-00,11.2,204,0.96,3799.094097728035,0,1,78,29,,,,,,,,
,08-00,11.2,234,0.96,4357.784406217453,0,1,78,29,,,,,,,,
,09-00,11.2,234,0.96,4357.784406217453,0,1,78,29,,,,,,,,
,10-00,11.2,225,0.96,4190.177313670627,0,1,73,34,,,,,,,,
,11-00,11.2,233,0.96,4339.161395934471,0,1,73,34,,,,,,,,
,12-00,11.3,233,0.96,4377.9039083981725,0,1,73,34,,,,,,,,
,13-00,11.5,210,0.96,4015.5865922676844,0,1,61,59,,,,,1.0,,,
,14-00,11.4,219,0.96,4151.2685243294,0,1,61,59,,,,,,,,
,15-00,11.4,219,0.96,4151.2685243294,0,1,61,59,,,,,,,,
,16-00,11.4,219,0.96,4151.2685243294,0,1,55,88,,,,,,,,
,17-00,11.6,213,0.96,4108.369089927533,0,1,55,88,,,,,,,,
,18-00,11.4,174,0.96,3298.2681426178797,0,1,55,88,,,,,,,,
,19-00,11.7,60,0.96,1167.2636802368177,0,1,59,93,,,,,,,,
,20-00,11.7,58,0.96,1128.3548908955904,0,1,59,93,,,,,,,,
,21-00,11.7,54,0.96,1050.537312213136,0,1,59,93,,,,,,,,
,22-00,11.7,47,0.96,914.3565495188404,0,1,50,95,,,,,,,,
,23-00,11.6,44,0.96,848.6771828958287,0,1,50,95,,,,,,,,
,24-00,11.6,44,0.96,848.6771828958287,0,1,50,95,,,,,,,,
2021-12-21,01-00,11.3,121,0.95,2249.8214157294797,0,1,58,91,,,,,,,,
,02-00,11.3,121,0.95,2249.8214157294797,0,1,58,91,,,,,,,,
,03-00,11.3,121,0.95,2249.8214157294797,0,1,58,91,,,,,,,,
,04-00,11.3,126,0.95,2342.7892428257387,0,1,72,35,,,,,,,,
,05-00,11.2,143,0.95,2635.349944732198,0,1,72,35,,,,,,,,
,06-00,11.2,167,0.95,3077.646438952986,0,1,72,35,,,,,,,,
,07-00,11.3,206,0.95,3830.2744763658907,0,1,79,23,,,,,,,,
,08-00,11.2,231,0.95,4257.103756875088,0,1,79,23,,,,,,,,
,09-00,11.2,241,0.95,4441.393962800417,0,1,79,23,,,,,,,,
,10-00,11.2,246,0.95,4533.539065763081,0,1,75,34,,,,,,,,
,11-00,11.2,246,0.95,4533.539065763081,0,1,75,34,,,,,,,,
,12-00,11.3,236,0.95,4388.081438943447,0,1,75,34,,,,,,,,
,13-00,11.4,240,0.95,4501.946459033025,0,1,61,65,,,,,,,,
,14-00,11.6,222,0.95,4237.358377668804,0,1,61,65,,,1.0,,,,,
,15-00,11.4,239,0.95,4483.188348787055,0,1,61,65,,,,,,,,
,16-00,11.5,234,0.95,4427.901287009456,0,1,56,82,,,,,,,,
,17-00,11.4,227,0.95,4258.091025835403,0,1,56,82,,,,,,,,
,18-00,11.7,188,0.95,3619.3280085120764,0,1,56,82,,,,,,,,
,19-00,11.7,61,0.95,1174.356428293812,0,1,54,91,,,,,,,,
,20-00,11.7,59,0.95,1135.852938841556,0,1,54,91,,,,,,,,
,21-00,11.6,53,0.95,1011.6215946686783,0,1,54,91,,,,,,,,
,22-00,11.6,47,0.95,897.0983952722241,0,1,53,95,,,,,,,,
,23-00,11.7,44,0.95,847.0767679496349,0,1,53,95,,,,,,,,
,24-00,11.7,44,0.95,847.0767679496349,0,1,53,95,,,,,,,,
2021-12-22,01-00,11.4,112,0.96,2123.0231722597846,0,1,60,93,,,,,,,,
,02-00,11.4,112,0.96,2123.0231722597846,0,1,60,93,,,,,,,,
,03-00,11.5,112,0.96,2141.646182542765,0,1,60,93,,,,,,,,
,04-00,11.5,116,0.96,2218.133546205007,0,1,77,38,,,,,,,,
,05-00,11.5,126,0.96,2409.351955360611,0,1,77,38,,,,,,,,
,06-00,11.5,147,0.96,2810.9106145873793,0,1,77,38,,,,,,,,
,07-00,11.3,196,0.96,3682.7002834594077,0,1,83,32,,,,,,,,
,08-00,11.1,233,0.96,4300.418883470771,0,1,83,32,,,,,,,,
,09-00,11.1,243,0.96,4484.986217525311,0,1,83,32,,,,,,,,
,10-00,11.2,232,0.96,4320.538385651491,0,1,75,34,,,,,,,,
,11-00,11.3,256,0.96,4810.057513089838,0,1,75,34,,,,,,,,
,12-00,11.4,240,0.96,4549.33536912811,0,1,75,34,,,,,,,,
,13-00,11.6,44,0.96,848.6771828958287,0,1,61,67,,,,,,,,
,14-00,11.8,45,0.96,882.9302196663108,0,1,61,67,,,,,,,,
,15-00,11.3,239,0.96,4490.639631361216,0,1,61,67,,,,,,,,
,16-00,11.8,224,0.96,4395.0304267834135,0,1,58,75,,,,,,,,
,17-00,11.4,232,0.96,4397.69085682384,0,1,58,75,,,,,,,,
,18-00,11.3,189,0.96,3551.175273335857,0,1,58,75,,,,,,,,
,19-00,11.6,62,0.96,1195.863303171395,0,1,54,95,,,,,,,,
,20-00,11.6,58,0.96,1118.7108319990468,0,1,54,95,,,,,,,,
,21-00,11.6,52,0.96,1002.9821252405246,0,1,54,95,,,,,,,,
,22-00,11.5,48,0.96,917.8483639468993,0,1,54,92,,,,,,,,
,23-00,11.5,44,0.96,841.3610002846577,0,1,54,92,,,,,,,,
,24-00,11.4,44,0.96,834.0448176734868,0,1,54,92,,,,,,,,
2021-12-23,01-00,11.4,119,0.95,2232.215119270542,0,1,61,93,,,,,,,,
,02-00,11.4,119,0.95,2232.215119270542,0,1,61,93,,,,,,,,
,03-00,11.4,119,0.95,2232.215119270542,0,1,61,93,,,,,,,,
,04-00,11.3,129,0.95,2398.569939083495,0,1,79,36,,,,,,,,
,05-00,11.3,134,0.95,2491.537766179754,0,1,79,36,,,,,,,,
,06-00,11.6,182,0.95,3473.870381692442,0,1,79,36,,,,,,,,
,07-00,11.1,213,0.95,3890.333338118341,0,1,87,20,,,,,,,,
,08-00,11.2,226,0.95,4164.958653912424,0,1,87,20,,,,,,,,
,09-00,11.2,233,0.95,4293.961798060154,0,1,87,20,,,,,,,,
,10-00,11.2,259,0.95,4773.116333466009,0,1,81,31,,,,,,,,
,11-00,11.3,258,0.95,4797.13987816699,0,1,81,31,,,,,,,,
,12-00,11.3,249,0.95,4629.797789393722,0,1,81,31,,,,,,,,
,13-00,11.4,245,0.95,4595.73701026288,0,1,70,68,,,,,,,,
,14-00,11.4,245,0.95,4595.73701026288,0,1,70,68,,,,,,,,
,15-00,11.4,245,0.95,4595.73701026288,0,1,70,68,,,,,,,,
,16-00,11.6,233,0.95,4447.317576562303,0,1,63,84,,,,,,,,
,17-00,11.7,224,0.95,4312.390818652687,0,1,63,84,,,,,,,,
,18-00,11.8,59,0.95,1145.5610836179796,0,1,63,84,,,,,,,,
,19-00,11.8,61,0.95,1184.393662723674,0,1,55,90,,,,,,,,
,20-00,11.6,59,0.95,1126.1447940651324,0,1,55,90,,,,,,,,
,21-00,11.6,54,0.95,1030.7087945680873,0,1,55,90,,,,,,,,
,22-00,11.6,49,0.95,935.2727950710422,0,1,59,93,,,,,,,,
,23-00,11.6,44,0.95,839.836795573997,0,1,59,93,,,,,,,,
,24-00,11.5,130,0.95,2459.9451594496973,0,1,59,93,,,,,,,,
2021-12-24,01-00,11.5,130,0.98,2537.627638169162,0,1,62,93,,,,,,,,
,02-00,11.5,130,0.98,2537.627638169162,0,1,62,93,,,,,,,,
,03-00,11.5,130,0.98,2537.627638169162,0,1,62,93,,,,,,,,
,04-00,11.5,130,0.98,2537.627638169162,0,1,80,43,,,,,,,,
,05-00,11.3,135,0.98,2589.3986368073956,0,1,80,43,,,,,,,,
,06-00,11.2,157,0.98,2984.725377228531,0,1,80,43,,,,,,,,
,07-00,11.3,230,0.98,4411.568047894081,0,1,89,24,,,,,,,,
,08-00,11.2,253,0.98,4809.780384960626,0,1,89,24,,,,,,,,
,09-00,11.3,245,0.98,4699.279007539349,0,1,89,24,,,,,,,,
,10-00,11.5,236,0.98,4606.7701739070935,0,1,83,34,,,,,,,,
,11-00,11.6,229,0.98,4508.999369921446,0,1,83,34,,,,,,,,
,12-00,11.6,235,0.98,4627.139091404103,0,1,83,34,,,,,,,,
,13-00,11.2,134,0.98,2547.472614959383,0,1,74,57,,,,,,,,
,14-00,11.4,227,0.98,4392.557058230205,0,1,74,57,,,,,,,,
,15-00,11.4,219,0.98,4237.753285252929,0,1,74,57,,,,,,,,
,16-00,11.4,226,0.98,4373.206586608046,0,1,70,81,,,,,,,,
,17-00,11.7,213,0.98,4230.11494119155,0,1,70,81,,,,,,,,
,18-00,11.3,51,0.98,978.2172627939051,0,1,70,81,,,,,,,,
,19-00,11.7,62,0.98,1231.3010626942541,0,1,60,87,,,,,,,,
,20-00,11.2,57,0.98,1083.6264108409316,0,1,60,87,,,,,,,,
,21-00,11.6,51,0.98,1004.1876326025928,0,1,60,87,,,,,,,,
,22-00,11.6,47,0.98,925.4278182808208,0,1,67,94,,,,,,,,
,23-00,11.6,44,0.98,866.3579575394917,0,1,67,94,,,,,,,,
,24-00,11.5,44,0.98,858.8893544572549,0,1,67,94,,,,,,,,
2021-12-25,01-00,11.5,109,0.95,2062.569402923208,0,1,65,94,,,,,,,,
,02-00,11.5,109,0.95,2062.569402923208,0,1,65,94,,,,,,,,
,03-00,11.4,109,0.95,2044.6340168108322,0,1,65,94,,,,,,,,
,04-00,11.4,109,0.95,2044.6340168108322,0,1,81,58,,,,,,,,
,05-00,11.4,121,0.95,2269.731339762484,0,1,81,58,,,,,,,,
,06-00,11.5,202,0.95,3822.3763246833764,0,1,81,58,,,,,,,,
,07-00,11.1,234,0.95,4273.887329200432,0,1,84,44,,,,,,,,
,08-00,11.1,240,0.95,4383.474183795313,0,1,84,44,,,,,,,,
,09-00,11.3,274,0.95,5094.63692487502,0,1,84,44,,,,,,,,
,10-00,11.3,289,0.95,5373.540406163798,0,1,83,41,,,,,,,,
,11-00,11.4,259,0.95,4858.350553706473,0,1,83,41,,,,,,,,
,12-00,11.6,254,0.95,4848.148774449893,0,1,83,41,,,,,,,,
,13-00,11.5,244,0.95,4617.127837736356,0,1,75,78,,,,,,,,
,14-00,11.5,242,0.95,4579.282527590976,0,1,75,78,,,,,,,,
,15-00,11.5,224,0.95,4238.674736282556,0,1,75,78,,,,,,,,
,16-00,11.4,220,0.95,4126.784254113607,0,1,67,90,,,,,,,,
,17-00,11.6,51,0.95,973.4471948698603,0,1,67,90,,,,,,,,
,18-00,11.6,61,0.95,1164.3191938639504,0,1,67,90,,,,,,,,
,19-00,11.6,62,0.95,1183.4063937633596,0,1,68,90,,,,,,,,
,20-00,11.7,58,0.95,1116.601194115428,0,1,68,90,,,,,,,,
,21-00,11.7,54,0.95,1039.5942152109158,0,1,68,90,,,,,,,,
,22-00,11.7,48,0.95,924.0837468541472,0,1,66,94,,,,,,,,
,23-00,11.4,135,0.95,2532.3448832060767,0,1,66,94,,,,,,,,
,24-00,11.4,137,0.95,2569.8611036980187,0,1,66,94,,,,,,,,
2021-12-26,01-00,11.4,134,0.95,2513.586772960106,1,1,70,94,,,,,,,,
,02-00,11.4,134,0.95,2513.586772960106,1,1,70,94,,,,,,,,
,03-00,11.4,134,0.95,2513.586772960106,1,1,70,94,,,,,,,,
,04-00,11.3,144,0.95,2677.4734203722733,1,1,75,70,,,,,,,,
,05-00,11.3,169,0.95,3142.3125558535708,1,1,75,70,,,,,,,,
,06-00,11.4,184,0.95,3451.492285258653,1,1,75,70,,,,,,,,
,07-00,11.2,234,0.95,4312.390818652687,1,1,82,50,,,,,,,,
,08-00,11.5,249,0.95,4711.741113099805,1,1,82,50,,,,,,,,
,09-00,11.4,257,0.95,4820.834333214531,1,1,82,50,,,,,,,,
,10-00,11.4,250,0.95,4689.527561492735,1,1,79,52,,,,,,,,
,11-00,11.5,255,0.95,4825.277043535945,1,1,79,52,,,,,,,,
,12-00,11.6,261,0.95,4981.759173745755,1,1,79,52,,,,,,,,
,13-00,11.8,252,0.95,4892.904967317472,1,1,72,80,,,,,,,,
,14-00,11.5,249,0.95,4711.741113099805,1,1,72,80,,,,,,,,
,15-00,11.5,249,0.95,4711.741113099805,1,1,72,80,,,,,,,,
,16-00,11.5,228,0.95,4314.365356573316,1,1,70,91,,,,,,,,
,17-00,11.8,50,0.95,970.8144776423557,1,1,70,91,,,,,,,,
,18-00,11.8,50,0.95,970.8144776423557,1,1,70,91,,,,,,,,
,19-00,11.6,61,0.95,1164.3191938639504,1,1,65,94,,,,,,,,
,20-00,11.6,61,0.95,1164.3191938639504,1,1,65,94,,,,,,,,
,21-00,11.6,58,0.95,1107.0575941657235,1,1,65,94,,,,,,,,
,22-00,11.6,54,0.95,1030.7087945680873,1,1,66,94,,,,,,,,
,23-00,11.6,44,0.95,839.836795573997,1,1,66,94,,,,,,,,
,24-00,11.5,34,0.95,643.3702724714594,1,1,66,94,,,,,,,,
2021-12-27,01-00,11.5,134,0.95,2535.6357797404576,0,1,72,92,,,,,,,,
,02-00,11.5,134,0.95,2535.6357797404576,0,1,72,92,,,,,,,,
,03-00,11.5,144,0.95,2724.8623304673574,0,1,72,92,,,,,,,,
,04-00,11.4,144,0.95,2701.1678754198156,0,1,78,64,,,,,,,,
,05-00,11.3,169,0.95,3142.3125558535708,0,1,78,64,,,,,,,,
,06-00,11.2,179,0.95,3298.79468606338,0,1,78,64,,,,,,,,
,07-00,11.7,224,0.95,4312.390818652687,0,1,84,55,,,,,,,,
,08-00,11.4,270,0.95,5064.689766412153,0,1,84,55,,,,,,,,
,09-00,11.5,254,0.95,4806.354388463255,0,1,84,55,,,,,,,,
,10-00,11.5,222,0.95,4200.829426137177,0,1,80,58,,,,,,,,
,11-00,11.6,261,0.95,4981.759173745755,0,1,80,58,,,,,,,,
,12-00,11.7,259,0.95,4986.20188406717,0,1,80,58,,,,,,,,
,13-00,11.8,247,0.95,4795.823519553237,0,1,72,78,,,,,,,,
,14-00,11.7,239,0.95,4601.166989544608,0,1,72,78,,,,,,,,
,15-00,11.5,236,0.95,4465.746597154835,0,1,72,78,,,,,,,,
,16-00,11.6,227,0.95,4332.794377165848,0,1,71,91,,,,,,,,
,17-00,11.5,64,0.95,1211.0499246521588,0,1,71,91,,,,,,,,
,18-00,11.3,64,0.95,1189.9881868321213,0,1,71,91,,,,,,,,
,19-00,11.5,62,0.95,1173.2046145067789,0,1,68,92,,,,,,,,
,20-00,11.5,58,0.95,1097.513994216019,0,1,68,92,,,,,,,,
,21-00,11.5,51,0.95,965.055408707189,0,1,68,92,,,,,,,,
,22-00,11.4,49,0.95,919.147402052576,0,1,66,94,,,,,,,,
,23-00,11.4,44,0.95,825.3568508227213,0,1,66,94,,,,,,,,
,24-00,11.4,44,0.95,825.3568508227213,0,1,66,94,,,,,,,,
2021-12-28,01-00,11.4,119,0.95,2232.215119270542,0,1,68,94,,,,,,,,
,02-00,11.4,124,0.95,2326.0056705003967,0,1,68,94,,,,,,,,
,03-00,11.4,124,0.95,2326.0056705003967,0,1,68,94,,,,,,,,
,04-00,11.3,133,0.95,2472.944200760502,0,1,80,62,,,,,,,,
,05-00,11.3,146,0.95,2714.660551210777,0,1,80,62,,,,,,,,
,06-00,11.7,204,0.95,3927.355924130126,0,1,80,62,,,,,,,,
,07-00,11.2,242,0.95,4459.82298339295,0,1,85,43,,,,,,,,
,08-00,11.6,267,0.95,5096.2823731422095,0,1,85,43,,,,,,,,
,09-00,11.5,263,0.95,4976.658284117466,0,1,85,43,,,,,,,,
,10-00,11.5,275,0.95,5203.730144989745,0,1,81,42,,,,,,,,
,11-00,11.5,271,0.95,5128.039524698986,0,1,81,42,,,,,,,,
,12-00,11.6,259,0.95,4943.584773946937,0,1,81,42,,,,,,,,
,13-00,11.6,249,0.95,4752.712774952847,0,1,74,68,,,,,,,,
,14-00,11.4,252,0.95,4727.043781984677,0,1,74,68,,,,,,,,
,15-00,11.5,249,0.95,4711.741113099805,0,1,74,68,,,,,,,,
,16-00,11.5,240,0.95,4541.437217445596,0,1,72,78,,,,,,,,
,17-00,11.5,59,0.95,1116.4366492887088,0,1,72,78,,,,,,,,
,18-00,11.5,62,0.95,1173.2046145067789,0,1,72,78,,,,,,,,
,19-00,11.5,66,0.95,1248.895234797539,0,1,68,94,,,,,,,,
,20-00,11.5,59,0.95,1116.4366492887088,0,1,68,94,,,,,,,,
,21-00,11.5,54,0.95,1021.823373925259,0,1,68,94,,,,,,,,
,22-00,11.5,50,0.95,946.1327536344992,0,1,66,94,,,,,,,,
,23-00,11.6,46,0.95,878.0111953728151,0,1,66,94,,,,,,,,
,24-00,11.6,129,0.95,2462.248787023764,0,1,66,94,,,,,,,,
2021-12-29,01-00,11.4,126,0.95,2363.5218909923383,0,1,71,92,,,,,,,,
,02-00,11.5,126,0.95,2384.254539158938,0,1,71,92,,,,,,,,
,03-00,11.5,126,0.95,2384.254539158938,0,1,71,92,,,,,,,,
,04-00,11.5,139,0.95,2630.2490551039073,0,1,78,58,,,,,,,,
,05-00,11.5,144,0.95,2724.8623304673574,0,1,78,58,,,,,,,,
,06-00,11.4,199,0.95,3732.863938948217,0,1,78,58,,,,,,,,
,07-00,11.3,244,0.95,4536.829962297463,0,1,84,43,,,,,,,,
,08-00,11.4,264,0.95,4952.141104936328,0,1,84,43,,,,,,,,
,09-00,11.6,169,0.95,3225.7367830001253,0,1,84,43,,,,,,,,
,10-00,11.5,266,0.95,5033.426249335535,0,1,80,44,,,,,,,,
,11-00,11.6,271,0.95,5172.631172739846,0,1,80,44,,,,,,,,
,12-00,11.6,271,0.95,5172.631172739846,0,1,80,44,,,,,,,,
,13-00,11.3,245,0.95,4555.423527716715,0,1,72,76,,,,,,,,
,14-00,11.3,245,0.95,4555.423527716715,0,1,72,76,,,,,,,,
,15-00,11.3,245,0.95,4555.423527716715,0,1,72,76,,,,,,,,
,16-00,11.3,242,0.95,4499.642831458959,0,1,70,89,,,,,,,,
,17-00,11.6,159,0.95,3034.864784006035,0,1,70,89,,,,1.0,,,,
,18-00,11.3,59,0.95,1097.0203597358618,0,1,70,89,,,,,,,,
,19-00,11.5,61,0.95,1154.281959434089,0,1,71,80,,,,,,,,
,20-00,11.5,61,0.95,1154.281959434089,0,1,71,80,,,,,,,,
,21-00,11.5,51,0.95,965.055408707189,0,1,71,80,,,,,,,,
,22-00,11.5,45,0.95,851.5194782710493,0,1,68,89,,,,,,,,
,23-00,11.5,141,0.95,2668.0943652492874,0,1,68,89,,,,,,,,
,24-00,11.5,144,0.95,2724.8623304673574,0,1,68,89,,,,,,,,
2021-12-30,01-00,11.5,144,0.94,2696.1795690940166,0,1,69,88,,,,,,,,
,02-00,11.5,144,0.94,2696.1795690940166,0,1,69,88,,,,,,,,
,03-00,11.5,144,0.94,2696.1795690940166,0,1,69,88,,,,,,,,
,04-00,11.5,144,0.94,2696.1795690940166,0,1,75,70,,,,,,,,
,05-00,11.5,159,0.94,2977.03160754131,0,1,75,70,,,,,,,,
,06-00,11.6,184,0.94,3475.0758890545103,0,1,75,70,,,,,,,,
,07-00,11.3,242,0.94,4452.278170075181,0,1,81,54,,,,,,,,
,08-00,11.4,270,0.94,5011.377242555183,0,1,81,54,,,,,,,,
,09-00,11.6,267,0.94,5042.637295530186,0,1,81,54,,,,,,,,
,10-00,11.6,267,0.94,5042.637295530186,0,1,76,64,,,,,,,,
,11-00,11.8,253,0.94,4860.612612061158,0,1,76,64,,,,,,,,
,12-00,11.6,244,0.94,4608.252809398373,0,1,76,64,,,,,,,,
,13-00,11.9,242,0.94,4688.682320698641,0,1,71,82,,,,,,,,
,14-00,11.5,246,0.94,4605.973430535612,0,1,71,82,,,,,,,,
,15-00,11.9,235,0.94,4553.059278364382,0,1,71,82,,,,,,,,
,16-00,11.6,226,0.94,4268.2997332952145,0,1,69,88,,,,,,,,
,17-00,11.6,38,0.94,717.6787162177793,0,1,69,88,,,,,,,,
,18-00,11.6,48,0.94,906.5415362750897,0,1,69,88,,,,,,,,
,19-00,11.5,62,0.94,1160.8550922488128,0,1,69,88,,,,,,,,
,20-00,11.5,62,0.94,1160.8550922488128,0,1,69,88,,,,,,,,
,21-00,11.5,54,0.94,1011.0673384102563,0,1,69,88,,,,,,,,
,22-00,11.5,48,0.94,898.726523031339,0,1,65,94,,,,,,,,
,23-00,11.4,109,0.94,2023.1115534759815,0,1,65,94,,,,,,,,
,24-00,11.4,109,0.94,2023.1115534759815,0,1,65,94,,,,,,,,
2021-12-31,01-00,11.4,109,0.95,2044.6340168108322,0,1,68,94,,,,,,,,
,02-00,11.4,112,0.95,2100.908347548745,0,1,68,94,,,,,,,,
,03-00,11.4,122,0.95,2288.4894500084547,0,1,68,94,,,,,,,,
,04-00,11.4,114,0.95,2138.424568040687,0,1,75,66,,,,,,,,
,05-00,11.2,137,0.95,2524.7758211770006,0,1,75,66,,,,,,,,
,06-00,11.2,146,0.95,2690.6370065097963,0,1,75,66,,,,,,,,
,07-00,11.6,222,0.95,4237.358377668804,0,1,81,50,,,,,,,,
,08-00,11.4,246,0.95,4614.495120508851,0,1,81,50,,,,,,,,
,09-00,11.6,259,0.95,4943.584773946937,0,1,81,50,,,,,,,,
,10-00,11.7,257,0.95,4947.698394614913,0,1,78,52,,,,,,,,
,11-00,11.7,254,0.95,4889.943160436528,0,1,78,52,,,,,,,,
,12-00,11.5,249,0.95,4711.741113099805,0,1,78,52,,,,,,,,
,13-00,11.8,249,0.95,4834.656098658931,0,1,72,80,,,,,,,,
,14-00,11.6,258,0.95,4924.497574047528,0,1,72,80,,,,,,,,
,15-00,11.4,260,0.95,4877.108663952444,0,1,72,80,,,,,,,,
,16-00,11.4,252,0.95,4727.043781984677,0,1,69,91,,,,,,,,
,17-00,11.7,44,0.95,847.0767679496349,0,1,69,91,,,,,,,,
,18-00,11.6,53,0.95,1011.6215946686783,0,1,69,91,,,,,,,,
,19-00,11.6,65,0.95,1240.6679934615865,0,1,67,92,,,,,,,,
,20-00,11.6,64,0.95,1221.5807935621776,0,1,67,92,,,,,,,,
,21-00,11.5,62,0.95,1173.2046145067789,0,1,67,92,,,,,,,,
,22-00,11.5,57,0.95,1078.591339143329,0,1,65,94,,,,,,,,
,23-00,11.5,48,0.95,908.2874434891191,0,1,65,94,,,,,,,,
,24-00,11.6,44,0.95,839.836795573997,0,1,65,94,,,,,,,,
